ts_code,trade_date,open,high,low,close,pre_close,avg_price,change,pct_change,vol,turnover_rate
865001.TI,20260821,4510.676,4538.813,4464.832,4485.455,4502.09,183.944,-16.635,-0.3695,22188.57,
865001.TI,20260818,4547.391,4600.78,4545.578,4551.171,4635.617,191.7892,-84.446,-1.8217,34657.38,
865001.TI,20260817,4604.095,4640.786,4599.18,4635.811,4628.849,245.8094,6.962,0.1504,23606.04,
865001.TI,20260814,4582.135,4632.725,4578.512,4628.849,4588.362,224.3496,40.487,0.8824,20093.38,0.631409
865001.TI,20260813,4561.008,4598.687,4552.913,4588.362,4549.293,206.9147,39.069,0.8588,23977.69,0.753469
865001.TI,20260812,4565.224,4582.947,4536.155,4549.293,4519.729,210.9378,29.564,0.6541,25063.68,0.787601
865001.TI,20260811,4531.378,4567.372,4495.539,4519.729,4489.314,164.4296,30.415,0.6775,22082.81,0.69393
865001.TI,20260810,4536.395,4557.875,4459.557,4489.314,4544.543,195.365,-55.229,-1.2153,24262.43,0.762423
865001.TI,20260807,4523.214,4558.697,4487.361,4544.543,4505.231,191.9652,39.312,0.8726,25399.81,0.798164
865001.TI,20260806,4549.316,4579.328,4494.912,4505.231,4522.257,225.7034,-17.026,-0.3765,22072.4,0.693603
865001.TI,20260805,4531.971,4572.361,4517.42,4522.257,4551.298,282.2305,-29.041,-0.6381,28165.36,0.885122
865001.TI,20260804,4303.158,4573.113,4303.158,4551.298,4610.287,317.8567,-58.989,-1.2795,43739.34,1.374548
865001.TI,20260803,4548.739,4628.214,4532.411,4610.287,4566.142,292.2259,44.145,0.9668,33540.09,1.05399
865001.TI,20260730,4553.007,4595.519,4501.696,4546.715,4470.068,227.824,76.647,1.7147,40634.31,1.276583
865001.TI,20260729,4592.034,4601.649,4462.598,4470.068,4587.469,214.2546,-117.401,-2.5592,40769.04,1.281697
865001.TI,20260728,4609.121,4623.182,4550.916,4587.469,4625.835,278.2622,-38.366,-0.8294,73711.7,2.317348
865001.TI,20260727,4676.291,4708.442,4564.399,4625.835,4666.14,196.3482,-40.305,-0.8638,32690.69,1.014316
865001.TI,20260723,4670.773,4759.993,4670.773,4716.629,4724.564,205.0216,-7.935,-0.168,31261.56,0.969973
865001.TI,20260722,4672.702,4740.7,4637.921,4724.564,4677.9,228.0553,46.664,0.9975,25052.74,0.777328
865001.TI,20260721,4833.344,4833.344,4646.501,4677.9,4695.425,196.6895,-17.525,-0.3732,35737.77,1.108859
865001.TI,20250203,2613.052,2670.025,2606.54,2654.585,2659.504,117.6981,-4.919,-0.185,26001.11,0.799487
865001.TI,20250131,2647.99,2664.158,2623.215,2659.504,2662.083,114.4456,-2.579,-0.0969,33112.51,1.01815
865001.TI,20250130,2683.79,2687.718,2649.678,2662.083,2649.093,121.1401,12.99,0.4904,20741.62,0.637767
865001.TI,20250129,2657.263,2674.608,2636.334,2649.093,2660.708,117.9351,-11.615,-0.4365,16523.98,0.508083
865001.TI,20250128,2676.527,2679.426,2640.265,2660.708,2664.572,119.2363,-3.864,-0.145,23262.13,0.715268
865001.TI,20250127,2676.952,2690.034,2628.043,2664.572,2723.356,124.6626,-58.784,-2.1585,28144.99,0.865408
865001.TI,20250124,2747.74,2751.607,2710.633,2723.356,2752.356,129.7192,-29.0,-1.0536,17121.3,0.526449
865001.TI,20250123,2755.305,2756.257,2732.787,2752.356,2752.512,121.5512,-0.156,-0.0057,16904.64,0.519787
865001.TI,20250122,2814.753,2831.829,2749.38,2752.512,2813.793,125.03,-61.281,-2.1779,19792.57,0.608586
865001.TI,20250121,2782.266,2820.412,2769.804,2813.793,2755.313,128.993,58.48,2.1224,19024.15,0.584958
865001.TI,20250117,2740.488,2783.847,2740.488,2755.313,2745.807,124.6474,9.506,0.3462,20918.26,0.643199
865001.TI,20250116,2701.518,2746.484,2701.518,2745.807,2697.045,111.4173,48.762,1.808,19719.36,0.606335
865001.TI,20250115,2719.094,2725.162,2690.476,2697.045,2660.035,121.3569,37.01,1.3913,20258.54,0.622913
865001.TI,20250114,2641.257,2660.169,2619.775,2660.035,2615.403,114.3812,44.632,1.7065,26594.25,0.817725
865001.TI,20250113,2555.285,2615.403,2555.285,2615.403,2593.953,109.9313,21.45,0.8269,17549.04,0.539601
865001.TI,20250110,2618.575,2618.575,2582.106,2593.953,2653.394,110.7624,-59.441,-2.2402,19871.58,0.611015
865001.TI,20250108,2643.376,2665.422,2620.88,2653.394,2669.942,113.0948,-16.548,-0.6198,17465.98,0.537047
865001.TI,20250107,2709.423,2714.069,2639.105,2669.942,2708.72,113.3682,-38.778,-1.4316,19346.29,0.594863
865001.TI,20250106,2747.824,2766.72,2704.842,2708.72,2730.315,107.6024,-21.595,-0.7909,18540.27,0.57008
865001.TI,20250103,2707.292,2738.2,2703.226,2730.315,2704.857,106.4173,25.458,0.9412,15131.7,0.465272
865001.TI,20250102,2765.571,2770.031,2702.963,2704.857,2732.73,113.9927,-27.873,-1.02,15001.63,0.461273
865001.TI,20241231,2757.144,2766.453,2720.737,2732.73,2752.706,111.8458,-19.976,-0.7257,11335.69,0.348552
865001.TI,20241230,2705.893,2761.018,2705.893,2752.706,2757.846,107.1872,-5.14,-0.1864,11527.94,0.354463
865001.TI,20241227,2787.508,2795.08,2738.764,2757.846,2799.48,115.6375,-41.634,-1.4872,10493.71,0.322663
865001.TI,20241226,2783.427,2801.596,2757.443,2799.48,2782.013,85.9976,17.467,0.6279,19435.36,0.597602
865001.TI,20241224,2772.504,2782.288,2757.259,2782.013,2776.965,99.9736,5.048,0.1818,8941.62,0.274939
865001.TI,20241223,2779.165,2794.565,2757.045,2776.965,2798.418,110.9799,-21.453,-0.7666,15444.31,0.474885
865001.TI,20241220,2729.133,2825.576,2729.133,2798.418,2781.509,110.6502,16.909,0.6079,46137.12,1.418633
865001.TI,20241219,2801.709,2835.567,2781.509,2781.509,2792.43,122.9094,-10.921,-0.3911,26790.47,0.823759
865001.TI,20241218,2925.662,2932.059,2779.065,2792.43,2919.015,119.3468,-126.585,-4.3366,24727.53,0.760327
865001.TI,20241217,2936.128,2937.136,2898.747,2919.015,2936.128,123.5536,-17.113,-0.5828,28165.73,0.866045
865001.TI,20241216,2940.014,2963.654,2930.373,2936.128,2937.326,125.2266,-1.198,-0.0408,21692.69,0.667011
865001.TI,20241213,2945.958,2965.681,2918.828,2937.326,2952.537,120.0664,-15.211,-0.5152,18865.42,0.580078
865001.TI,20241212,2989.977,3004.143,2949.669,2952.537,2986.965,122.4397,-34.428,-1.1526,20422.57,0.627957
865001.TI,20241211,2996.379,3012.347,2978.658,2986.965,3008.444,122.1899,-21.479,-0.714,28207.65,0.867334
865001.TI,20241210,3003.293,3025.721,2971.699,3008.444,2999.744,126.2723,8.7,0.29,23380.52,0.718909
865001.TI,20241209,3058.311,3066.44,2999.133,2999.744,3043.045,132.7232,-43.301,-1.4229,54393.42,1.672499
865001.TI,20241206,3065.593,3065.593,3021.402,3043.045,3053.137,124.256,-10.092,-0.3305,14814.47,0.455518
865001.TI,20241205,3053.907,3070.839,3043.27,3053.137,3069.894,134.0039,-16.757,-0.5458,15625.65,0.48046
865001.TI,20241204,3075.914,3079.345,3056.172,3069.894,3064.997,127.1093,4.897,0.1598,17303.24,0.532043
865001.TI,20241203,3088.071,3092.593,3064.292,3064.997,3090.192,131.9508,-25.195,-0.8153,15387.51,0.473138
865001.TI,20241202,3106.086,3106.086,3076.463,3090.192,3109.398,132.4115,-19.206,-0.6177,20732.82,0.637497
865001.TI,20241129,3135.435,3139.532,3100.041,3109.398,3108.783,133.5708,0.615,0.0198,15618.67,0.480246
865001.TI,20241127,3120.03,3155.793,3101.689,3108.783,3119.702,138.5918,-10.919,-0.35,20981.41,0.64514
865001.TI,20241126,3125.753,3136.293,3095.857,3119.702,3144.748,137.5003,-25.046,-0.7964,26454.24,0.81342
865001.TI,20241125,3137.592,3165.089,3128.241,3144.748,3123.778,130.9303,20.97,0.6713,50217.88,1.544109
865001.TI,20241122,3099.022,3128.832,3085.902,3123.778,3088.251,128.9477,35.527,1.1504,18657.85,0.573695
865001.TI,20241121,3076.74,3104.833,3049.293,3088.251,3047.297,128.7854,40.954,1.3439,21931.65,0.674359
865001.TI,20241120,3070.294,3070.294,3033.448,3047.297,3067.195,125.3562,-19.898,-0.6487,25139.83,0.773004
865001.TI,20241119,3024.044,3067.806,3003.886,3067.195,3039.556,125.9784,27.639,0.9093,21825.87,0.671106
865001.TI,20241118,3030.376,3069.375,3028.689,3039.556,3023.924,126.7808,15.632,0.5169,19585.34,0.602214
865001.TI,20241115,3019.407,3031.617,2992.121,3023.924,3012.69,125.3481,11.234,0.3729,24034.44,0.739016
865001.TI,20241114,3039.33,3046.803,3003.468,3012.69,3036.757,124.0137,-24.067,-0.7925,22245.66,0.684014
865001.TI,20241113,3136.29,3136.29,3034.659,3036.757,3087.652,125.792,-50.895,-1.6483,26441.83,0.813038
865001.TI,20241112,3134.577,3156.813,3084.126,3087.652,3151.633,128.3642,-63.981,-2.0301,33908.59,1.042628
865001.TI,20241111,3144.695,3162.413,3127.322,3151.633,3134.239,134.0136,17.394,0.555,17834.85,0.548389
865001.TI,20241108,3088.069,3137.025,3075.061,3134.239,3065.209,135.9867,69.03,2.252,15655.17,0.481368
865001.TI,20241107,3041.637,3081.517,3011.711,3065.209,3095.196,129.5792,-29.987,-0.9688,23622.56,0.726351
865001.TI,20241106,3041.704,3116.785,3041.704,3095.196,2983.277,124.0919,111.919,3.7515,29287.95,0.900558
865001.TI,20241105,2846.163,2983.355,2836.94,2983.277,2833.738,115.3443,149.539,5.2771,16344.33,0.502566
865001.TI,20241104,2845.56,2858.144,2822.738,2833.738,2847.942,117.3543,-14.204,-0.4987,17946.56,0.551815
865001.TI,20241101,2819.821,2871.477,2810.608,2847.942,2796.682,115.5094,51.26,1.8329,24731.74,0.760444
865001.TI,20241031,2806.336,2839.597,2791.433,2796.682,2838.409,121.2269,-41.727,-1.4701,33126.25,1.018555
865001.TI,20241030,2848.664,2883.689,2836.499,2838.409,2861.362,127.4164,-22.953,-0.8022,17037.85,0.523875
865001.TI,20241029,2857.785,2874.099,2834.538,2861.362,2867.699,126.8834,-6.337,-0.221,13770.94,0.423425
865001.TI,20241028,2833.682,2870.132,2833.682,2867.699,2827.843,126.1187,39.856,1.4094,12309.82,0.378588
865001.TI,20241025,2883.099,2883.099,2819.611,2827.843,2856.582,131.6254,-28.739,-1.0061,14273.35,0.438977
865001.TI,20241024,2899.544,2907.117,2855.031,2856.582,2898.887,122.8533,-42.305,-1.4594,11071.6,0.340507
865001.TI,20241023,2900.017,2932.953,2883.024,2898.887,2919.853,127.7084,-20.966,-0.718,11428.07,0.35147
865001.TI,20241022,2929.969,2938.087,2914.014,2919.853,2945.633,138.0479,-25.78,-0.8752,17808.64,0.547704
865001.TI,20241021,2959.115,2981.858,2943.213,2945.633,2961.838,135.9544,-16.205,-0.5471,12006.03,0.369245
865001.TI,20241018,2999.969,3002.708,2961.838,2961.838,2995.324,133.593,-33.486,-1.1179,18963.94,0.583236
865001.TI,20241017,2981.012,3022.688,2981.012,2995.324,3016.014,134.6893,-20.69,-0.686,16350.02,0.502845
865001.TI,20241016,2960.451,3022.65,2959.069,3016.014,2943.401,135.8625,72.613,2.467,15380.14,0.473016
865001.TI,20241015,2937.58,2980.401,2937.58,2943.401,2943.889,131.6605,-0.488,-0.0166,13323.39,0.409761
865001.TI,20241014,2917.024,2948.105,2913.309,2943.889,2916.824,132.3925,27.065,0.9279,10225.35,0.31448
865001.TI,20241011,2861.911,2917.548,2859.512,2916.824,2865.476,130.9061,51.348,1.792,10779.04,0.331509
865001.TI,20241010,2855.539,2884.903,2843.031,2865.476,2882.716,129.2612,-17.24,-0.598,13631.92,0.419249
865001.TI,20241009,2848.246,2921.494,2848.138,2882.716,2852.429,129.4785,30.287,1.0618,13561.08,0.417071
865001.TI,20241008,2857.603,2861.296,2844.5,2852.429,2848.275,130.0834,4.154,0.1458,14977.7,0.460639
865001.TI,20241007,2866.326,2870.421,2839.451,2848.275,2877.013,123.8549,-28.738,-0.9989,10320.92,0.31742
865001.TI,20241004,2878.037,2878.156,2848.543,2877.013,2854.135,124.661,22.878,0.8016,10083.45,0.310116
865001.TI,20241003,2881.014,2894.568,2853.36,2854.135,2891.377,127.609,-37.242,-1.288,12456.12,0.383088
865001.TI,20241002,2884.623,2910.344,2881.652,2891.377,2903.794,128.0355,-12.417,-0.4276,11464.89,0.352603
865001.TI,20241001,2913.489,2918.342,2882.247,2903.794,2924.288,127.7483,-20.494,-0.7008,17087.4,0.525523
865001.TI,20240930,2909.368,2925.475,2883.347,2924.288,2909.571,127.2427,14.717,0.5058,14225.18,0.437495
865001.TI,20240927,2885.431,2922.695,2879.163,2909.571,2873.392,121.4343,36.179,1.2591,11096.63,0.341277
865001.TI,20240926,2909.964,2915.338,2872.066,2873.392,2883.269,127.5549,-9.877,-0.3426,13875.07,0.426728
865001.TI,20240925,2894.351,2899.509,2878.845,2883.269,2892.283,121.6782,-9.014,-0.3117,14668.91,0.451142
865001.TI,20240924,2916.217,2923.459,2892.283,2892.283,2924.676,127.4938,-32.393,-1.1076,18382.95,0.565367
865001.TI,20240923,2935.271,2950.179,2918.789,2924.676,2923.119,125.4524,1.557,0.0533,12556.88,0.386187
865001.TI,20240920,2979.059,2979.059,2921.299,2923.119,2966.185,114.7819,-43.066,-1.4519,43550.2,1.339386
865001.TI,20240919,2929.491,2969.013,2910.543,2966.185,2895.561,130.9513,70.624,2.439,19002.14,0.584411
865001.TI,20240918,2894.485,2945.229,2882.119,2895.561,2899.246,125.2568,-3.685,-0.1271,22222.09,0.68344
865001.TI,20240917,2907.221,2926.869,2892.768,2899.246,2886.259,117.8009,12.987,0.45,14832.78,0.456182
865001.TI,20240916,2848.907,2889.893,2846.924,2886.259,2842.422,119.0083,43.837,1.5422,14088.34,0.433287
865001.TI,20240913,2821.622,2844.326,2808.255,2842.422,2788.025,120.1497,54.397,1.9511,14024.66,0.431328
865001.TI,20240912,2755.749,2788.096,2735.985,2788.025,2739.639,121.3462,48.386,1.7661,17230.81,0.529933
865001.TI,20240911,2741.273,2754.353,2698.78,2739.639,2756.624,118.3662,-16.985,-0.6162,13897.4,0.427414
865001.TI,20240910,2716.544,2759.053,2710.414,2756.624,2709.89,112.7306,46.734,1.7246,12465.89,0.383388
865001.TI,20240909,2686.989,2709.925,2686.336,2709.89,2682.286,117.1844,27.604,1.0291,14511.18,0.446291
865001.TI,20240906,2714.068,2724.092,2678.058,2682.286,2706.943,118.1856,-24.657,-0.9109,18043.55,0.554929
865001.TI,20240905,2718.262,2718.262,2684.58,2706.943,2707.7,116.1105,-0.757,-0.028,14602.39,0.449096
865001.TI,20240904,2702.847,2718.201,2694.649,2707.7,2710.904,120.9993,-3.204,-0.1182,21781.0,0.669874
865001.TI,20240903,2789.164,2792.553,2705.53,2710.904,2808.493,124.0634,-97.589,-3.4748,29288.38,0.900764
865001.TI,20240830,2802.595,2811.927,2768.995,2808.493,2796.114,122.086,12.379,0.4427,17916.38,0.551018
865001.TI,20240829,2771.74,2824.331,2771.74,2796.114,2783.363,115.2275,12.751,0.4581,11191.12,0.344183
865001.TI,20240828,2785.244,2814.216,2778.427,2783.363,2785.468,118.466,-2.105,-0.0756,13450.1,0.413658
865001.TI,20240827,2781.896,2796.816,2769.199,2785.468,2789.809,124.3326,-4.341,-0.1556,18409.35,0.566179
865001.TI,20240826,2811.497,2825.932,2787.112,2789.809,2780.5,116.2457,9.309,0.3348,12145.25,0.373527
865001.TI,20240823,2752.02,2800.231,2744.089,2780.5,2731.46,108.9843,49.04,1.7954,12472.16,0.383581
865001.TI,20240822,2771.373,2777.235,2725.682,2731.46,2774.756,117.6952,-43.296,-1.5604,12707.95,0.390833
865001.TI,20240821,2744.83,2776.616,2733.029,2774.756,2742.592,127.6689,32.164,1.1728,22706.5,0.698338
865001.TI,20240820,2758.606,2769.667,2724.03,2742.592,2766.979,118.578,-24.387,-0.8814,11498.94,0.35365
865001.TI,20240819,2752.184,2768.584,2740.424,2766.979,2755.705,116.7292,11.274,0.4091,11391.2,0.350336
865001.TI,20240816,2733.402,2757.984,2719.04,2755.705,2741.544,122.6331,14.161,0.5165,24230.24,0.745201
865001.TI,20240815,2732.515,2764.504,2708.316,2741.544,2696.213,115.687,45.331,1.6813,12561.67,0.386334
865001.TI,20240814,2686.121,2702.34,2671.43,2696.213,2669.948,113.4671,26.265,0.9837,12592.58,0.387285
865001.TI,20240813,2657.138,2670.938,2626.033,2669.948,2629.498,121.2137,40.45,1.5383,20758.97,0.638442
865001.TI,20240812,2637.765,2640.849,2597.533,2629.498,2644.597,109.5889,-15.099,-0.5709,13074.76,0.402114
865001.TI,20240809,2675.077,2688.007,2625.719,2644.597,2669.356,115.1474,-24.759,-0.9275,13396.07,0.411996
865001.TI,20240808,2614.237,2678.792,2614.237,2669.356,2622.373,111.764,46.983,1.7916,15512.66,0.477092
865001.TI,20240807,2650.115,2685.627,2608.377,2622.373,2648.764,114.3378,-26.391,-0.9964,17492.3,0.537975
865001.TI,20240806,2655.472,2732.193,2641.025,2648.764,2661.906,111.6745,-13.142,-0.4937,22664.38,0.697058
865001.TI,20240805,2715.885,2715.885,2603.658,2661.906,2725.44,109.3541,-63.534,-2.3311,27561.35,0.847667
865001.TI,20240802,2730.893,2742.115,2692.077,2725.44,2763.362,114.1373,-37.922,-1.3723,25241.58,0.77601
865001.TI,20240801,2818.221,2831.434,2724.087,2763.362,2797.509,118.0413,-34.147,-1.2206,24773.56,0.761662
865001.TI,20240731,2775.306,2832.287,2766.166,2797.509,2763.909,124.9397,33.6,1.2157,30030.44,0.923285
865001.TI,20240730,2802.262,2803.656,2743.167,2763.909,2785.611,128.3726,-21.702,-0.7791,33108.28,1.017915
865001.TI,20240729,2827.42,2843.374,2775.84,2785.611,2806.458,128.3967,-20.847,-0.7428,19957.72,0.613607
865001.TI,20240726,2794.603,2819.522,2784.089,2806.458,2756.729,124.182,49.729,1.8039,15012.43,0.462196
865001.TI,20240725,2769.124,2801.768,2754.464,2756.729,2762.211,117.7389,-5.482,-0.1985,20670.39,0.636391
865001.TI,20240724,2793.664,2833.145,2760.279,2762.211,2795.063,99.4721,-32.852,-1.1754,26563.4,0.817822
865001.TI,20240723,2779.5,2822.227,2769.555,2795.063,2786.787,111.4011,8.276,0.297,16044.17,0.493961
865001.TI,20240722,2744.748,2794.377,2733.094,2786.787,2738.626,120.3689,48.161,1.7586,14469.29,0.445474
865001.TI,20240719,2756.709,2760.866,2724.947,2738.626,2756.717,119.9854,-18.091,-0.6563,19856.93,0.611346
865001.TI,20240718,2768.952,2813.206,2740.958,2756.717,2758.861,121.9098,-2.144,-0.0777,16137.89,0.496846
865001.TI,20240717,2773.983,2838.439,2757.255,2758.861,2801.37,120.299,-42.509,-1.5174,21547.67,0.6634
865001.TI,20240716,2757.955,2805.942,2741.931,2801.37,2728.755,124.3936,72.615,2.6611,19039.42,0.586177
865001.TI,20240715,2727.52,2764.918,2724.038,2728.755,2715.426,124.2903,13.329,0.4909,18424.07,0.567232
865001.TI,20240712,2678.466,2741.081,2676.471,2715.426,2653.307,114.3208,62.119,2.3412,14686.56,0.452163
865001.TI,20240711,2649.322,2673.438,2612.488,2653.307,2577.492,117.9997,75.815,2.9414,13775.51,0.424114
865001.TI,20240710,2537.055,2577.492,2523.613,2577.492,2527.875,120.7847,49.617,1.9628,12181.21,0.37503
865001.TI,20240709,2534.85,2536.126,2519.771,2527.875,2542.74,120.1247,-14.865,-0.5846,12771.01,0.393188
865001.TI,20240708,2553.169,2567.077,2534.104,2542.74,2541.325,115.6451,1.415,0.0557,11346.32,0.349326
865001.TI,20240705,2530.455,2542.198,2500.499,2541.325,2537.325,116.3105,4.0,0.1576,15028.22,0.462682
865001.TI,20240703,2533.14,2547.718,2527.723,2537.325,2529.428,116.8838,7.897,0.3122,11672.04,0.359354
865001.TI,20240702,2497.135,2537.654,2493.695,2529.428,2506.781,113.5022,22.647,0.9034,14418.48,0.44391
865001.TI,20240701,2550.401,2556.836,2485.938,2506.781,2542.958,115.4225,-36.177,-1.4226,22298.09,0.686504
865001.TI,20240628,2567.623,2593.129,2533.568,2542.958,2560.792,81.7902,-17.834,-0.6964,63890.5,1.967033
865001.TI,20240627,2560.3,2565.12,2538.014,2560.792,2543.676,114.7776,17.116,0.6729,14441.95,0.444632
865001.TI,20240626,2517.105,2548.082,2516.137,2543.676,2542.543,118.7732,1.133,0.0446,18325.27,0.56419
865001.TI,20240625,2555.157,2555.157,2515.569,2542.543,2557.233,121.5351,-14.69,-0.5744,17116.37,0.526971
865001.TI,20240624,2516.444,2575.205,2509.44,2557.233,2512.444,121.0391,44.789,1.7827,16848.85,0.518735
865001.TI,20240621,2523.365,2525.286,2500.848,2512.444,2524.643,111.373,-12.199,-0.4832,29038.9,0.894037
865001.TI,20240620,2528.571,2548.416,2515.7,2524.643,2538.411,120.0339,-13.768,-0.5424,14724.73,0.453339
865001.TI,20240618,2499.932,2543.268,2499.882,2538.411,2513.867,121.8031,24.544,0.9763,13895.57,0.427811
865001.TI,20240617,2490.211,2519.483,2468.703,2513.867,2490.211,123.5847,23.656,0.95,15780.74,0.48585
865001.TI,20240614,2513.473,2518.108,2469.78,2490.211,2531.961,119.7741,-41.75,-1.6489,13033.45,0.401268
865001.TI,20240613,2532.961,2543.492,2502.542,2531.961,2538.701,122.1176,-6.74,-0.2655,12187.42,0.375221
865001.TI,20240612,2578.17,2589.201,2533.626,2538.701,2511.529,116.807,27.172,1.0819,12602.99,0.388015
865001.TI,20240611,2491.982,2517.626,2474.578,2511.529,2511.151,116.8222,0.378,0.0151,12133.79,0.37357
865001.TI,20240610,2478.161,2512.08,2478.161,2511.151,2503.35,123.5492,7.801,0.3116,18919.18,0.582475
865001.TI,20240607,2522.004,2524.625,2496.431,2503.35,2537.473,113.6488,-34.123,-1.3448,14984.4,0.461333
865001.TI,20240606,2568.435,2572.126,2532.706,2537.473,2575.321,121.7993,-37.848,-1.4696,17459.81,0.537545
865001.TI,20240605,2562.842,2577.776,2545.496,2575.321,2549.733,122.1016,25.588,1.0036,14901.89,0.458793
865001.TI,20240604,2560.418,2563.638,2528.051,2549.733,2571.521,117.6459,-21.788,-0.8473,19733.8,0.607556
865001.TI,20240603,2627.147,2631.42,2563.301,2571.521,2612.02,127.3518,-40.499,-1.5505,31537.23,0.970954
865001.TI,20240531,2573.478,2612.65,2573.478,2612.02,2568.774,123.8634,43.246,1.6835,39411.5,1.213384
865001.TI,20240530,2533.662,2569.223,2530.594,2568.774,2512.08,126.8486,56.694,2.2569,22371.13,0.688753
865001.TI,20240529,2520.57,2534.2,2507.054,2512.08,2549.773,123.139,-37.693,-1.4783,28644.14,0.881883
865001.TI,20240528,2658.646,2658.646,2539.759,2549.773,2649.346,120.7275,-99.573,-3.7584,29669.94,0.913465
865001.TI,20240524,2671.906,2671.906,2634.93,2649.346,2654.177,131.5212,-4.831,-0.182,19462.8,0.599212
865001.TI,20240523,2715.324,2715.324,2646.341,2654.177,2701.511,121.5436,-47.334,-1.7521,14191.53,0.436923
865001.TI,20240522,2742.522,2757.069,2697.127,2701.511,2753.964,129.5553,-52.453,-1.9046,18322.83,0.564115
865001.TI,20240521,2732.356,2755.89,2719.415,2753.964,2736.469,130.8642,17.495,0.6393,14033.93,0.43207
865001.TI,20240520,2740.364,2754.093,2724.099,2736.469,2736.603,132.4684,-0.134,-0.0049,16724.76,0.514915
865001.TI,20240517,2759.368,2763.458,2725.809,2736.603,2757.604,134.4972,-21.001,-0.7616,28508.01,0.877692
865001.TI,20240516,2761.959,2777.396,2748.374,2757.604,2766.923,131.6624,-9.319,-0.3368,23084.55,0.710717
865001.TI,20240515,2771.151,2775.093,2757.06,2766.923,2737.697,132.6268,29.226,1.0675,21800.02,0.671169
865001.TI,20240514,2741.259,2744.411,2726.662,2737.697,2724.272,126.7545,13.425,0.4928,15902.57,0.489601
865001.TI,20240513,2764.569,2770.507,2724.144,2724.272,2743.506,126.3151,-19.234,-0.7011,20431.32,0.629031
865001.TI,20240510,2729.63,2748.865,2717.064,2743.506,2719.932,122.3284,23.574,0.8667,13362.38,0.411395
865001.TI,20240509,2682.255,2721.164,2660.171,2719.932,2656.455,120.2064,63.477,2.3895,17655.03,0.543555
865001.TI,20240508,2620.545,2656.518,2620.545,2656.455,2640.131,122.7108,16.324,0.6183,18984.56,0.584488
865001.TI,20240507,2560.143,2653.415,2529.902,2640.131,2516.8,121.2068,123.331,4.9003,25884.62,0.79696
865001.TI,20240506,2495.354,2516.83,2491.081,2516.8,2483.591,115.7629,33.209,1.3371,17795.81,0.547916
865001.TI,20240503,2518.674,2518.674,2467.034,2483.591,2458.281,121.7028,25.31,1.0296,18569.38,0.571232
865001.TI,20240502,2425.072,2462.978,2421.83,2458.281,2410.593,124.5864,47.688,1.9783,33783.42,1.039248
865001.TI,20240501,2401.317,2442.116,2382.05,2410.593,2390.87,119.0915,19.723,0.8249,22404.15,0.689198
865001.TI,20240430,2403.697,2411.014,2390.578,2390.87,2417.701,116.2666,-26.831,-1.1098,19520.74,0.600498
865001.TI,20240429,2396.135,2418.172,2391.902,2417.701,2394.781,117.8701,22.92,0.9571,17920.14,0.551343
865001.TI,20240426,2376.72,2400.242,2374.91,2394.781,2368.103,116.3857,26.678,1.1266,15876.43,0.488465
865001.TI,20240425,2311.96,2373.26,2311.96,2368.103,2375.724,112.0697,-7.621,-0.3208,14664.11,0.451166
865001.TI,20240424,2354.173,2378.855,2354.173,2375.724,2375.346,113.6137,0.378,0.0159,15201.25,0.467692
865001.TI,20240423,2358.675,2388.922,2345.44,2375.346,2347.029,112.6926,28.317,1.2065,13554.49,0.417027
865001.TI,20240422,2349.372,2362.628,2333.58,2347.029,2335.807,108.5794,11.222,0.4804,16166.53,0.497436
865001.TI,20240419,2306.824,2336.216,2303.218,2335.807,2311.404,113.9996,24.403,1.0558,29277.02,0.900838
865001.TI,20240418,2317.782,2330.45,2310.77,2311.404,2309.323,109.371,2.081,0.0901,17175.75,0.528489
865001.TI,20240417,2319.243,2319.758,2290.968,2309.323,2308.466,112.493,0.857,0.0371,19458.94,0.598741
865001.TI,20240416,2329.882,2329.882,2302.504,2308.466,2335.579,109.8457,-27.113,-1.1609,17273.86,0.531508
865001.TI,20240415,2375.406,2375.406,2321.687,2335.579,2351.362,106.1881,-15.783,-0.6712,15307.43,0.471002
865001.TI,20240412,2378.465,2387.032,2337.541,2351.362,2387.463,108.5795,-36.101,-1.5121,12758.78,0.392581
865001.TI,20240411,2383.802,2398.353,2369.261,2387.463,2381.483,111.2163,5.98,0.2511,13516.99,0.415911
865001.TI,20240410,2403.405,2403.405,2364.139,2381.483,2442.981,108.0303,-61.498,-2.5173,16080.62,0.494792
865001.TI,20240409,2423.712,2443.958,2410.678,2442.981,2423.33,110.4996,19.651,0.8109,11964.81,0.368151
865001.TI,20240408,2423.097,2434.887,2413.227,2423.33,2412.096,107.8995,11.234,0.4657,12022.88,0.369928
865001.TI,20240405,2424.632,2428.415,2398.358,2412.096,2433.144,106.6373,-21.048,-0.8651,12202.25,0.375447
865001.TI,20240404,2471.455,2471.455,2425.179,2433.144,2427.298,111.4527,5.846,0.2408,16076.58,0.494655
865001.TI,20240403,2415.216,2440.763,2414.474,2427.298,2430.657,112.265,-3.359,-0.1382,16647.6,0.512225
865001.TI,20240402,2458.001,2464.816,2425.906,2430.657,2482.78,110.0778,-52.123,-2.0994,17939.69,0.551981
865001.TI,20240401,2505.01,2505.01,2462.637,2482.78,2499.521,105.9591,-16.741,-0.6698,12530.77,0.385555
865001.TI,20240328,2498.557,2520.925,2495.516,2499.521,2501.716,111.3856,-2.195,-0.0877,18049.48,0.556434
865001.TI,20240327,2464.27,2501.843,2460.84,2501.716,2452.784,113.6201,48.932,1.995,14544.24,0.448374
865001.TI,20240326,2452.385,2459.367,2445.117,2452.784,2443.752,112.7707,9.032,0.3696,13264.55,0.408923
865001.TI,20240325,2465.107,2471.105,2443.752,2443.752,2461.452,113.424,-17.7,-0.7191,14021.29,0.432252
865001.TI,20240322,2470.67,2482.795,2460.682,2461.452,2470.67,112.8613,-9.218,-0.3731,12185.05,0.375907
865001.TI,20240321,2476.436,2491.852,2468.852,2470.67,2463.28,111.1955,7.39,0.3,17414.52,0.537235
865001.TI,20240320,2424.31,2468.264,2418.787,2463.28,2433.676,110.1933,29.604,1.2164,15116.09,0.466329
865001.TI,20240319,2424.237,2438.822,2406.851,2433.676,2424.237,108.0259,9.439,0.3894,13367.63,0.412389
865001.TI,20240318,2455.442,2469.255,2424.237,2424.237,2458.826,104.2571,-34.589,-1.4067,13044.93,0.402434
865001.TI,20240315,2432.524,2461.833,2431.833,2458.826,2441.212,90.867,17.614,0.7215,34592.08,1.067196
865001.TI,20240314,2462.428,2470.305,2419.578,2441.212,2465.029,109.1727,-23.817,-0.9662,19505.84,0.601772
865001.TI,20240313,2474.43,2483.572,2457.009,2465.029,2464.58,107.4392,0.449,0.0182,13840.36,0.426987
865001.TI,20240312,2454.555,2467.029,2437.093,2464.58,2453.776,110.0177,10.804,0.4403,15985.11,0.493155
865001.TI,20240311,2459.979,2464.855,2426.449,2453.776,2465.47,107.5889,-11.694,-0.4743,16337.41,0.504024
865001.TI,20240308,2469.049,2474.972,2452.512,2465.47,2434.46,107.6683,31.01,1.2738,13028.81,0.40195
865001.TI,20240307,2430.947,2456.023,2427.053,2434.46,2428.235,107.6108,6.225,0.2564,15302.36,0.472091
865001.TI,20240306,2421.59,2434.007,2390.269,2428.235,2378.832,107.6534,49.403,2.0768,16979.32,0.523827
865001.TI,20240305,2394.683,2412.441,2370.107,2378.832,2390.954,101.3079,-12.122,-0.507,16854.25,0.519969
865001.TI,20240304,2400.962,2411.285,2381.504,2390.954,2389.47,107.3764,1.484,0.0621,16382.03,0.505403
865001.TI,20240301,2351.545,2393.834,2325.55,2389.47,2361.221,103.4288,28.249,1.1964,17504.92,0.53986
865001.TI,20240229,2369.898,2379.942,2354.751,2361.221,2345.82,112.7139,15.401,0.6565,28333.66,0.873864
865001.TI,20240228,2334.264,2366.762,2325.15,2345.82,2340.101,107.949,5.719,0.2444,21817.15,0.672882
865001.TI,20240227,2328.945,2380.12,2326.395,2340.101,2274.317,106.4812,65.784,2.8925,27346.72,0.843424
865001.TI,20240226,2268.088,2288.257,2255.864,2274.317,2274.97,102.2211,-0.653,-0.0287,20322.38,0.626781
865001.TI,20240223,2270.642,2288.694,2251.046,2274.97,2262.314,97.0868,12.656,0.5594,13414.14,0.414047
865001.TI,20240222,2287.184,2290.244,2251.406,2262.314,2285.27,72.2671,-22.956,-1.0045,35039.64,1.081549
865001.TI,20240221,2283.348,2291.08,2271.886,2285.27,2288.749,95.7664,-3.479,-0.152,18394.5,0.567773
865001.TI,20240220,2276.864,2307.79,2276.864,2288.749,2310.478,108.382,-21.729,-0.9405,19521.43,0.602557
865001.TI,20240216,2330.817,2333.913,2310.416,2310.478,2339.64,108.8201,-29.162,-1.2464,16491.55,0.509036
865001.TI,20240215,2297.854,2340.498,2292.359,2339.64,2282.452,101.3024,57.188,2.5056,15005.7,0.463173
865001.TI,20240214,2270.36,2286.887,2254.064,2282.452,2243.321,104.7523,39.131,1.7443,14941.1,0.461179
865001.TI,20240213,2262.158,2300.711,2232.807,2243.321,2353.495,101.1753,-110.174,-4.6813,21178.4,0.653702
865001.TI,20240212,2331.426,2367.539,2323.31,2353.495,2330.378,107.1505,23.117,0.992,18125.12,0.559458
865001.TI,20240209,2292.011,2339.312,2291.468,2330.378,2295.855,110.319,34.523,1.5037,20869.58,0.64417
865001.TI,20240208,2259.406,2296.877,2250.191,2295.855,2258.981,108.8752,36.874,1.6323,25224.3,0.778584
865001.TI,20240207,2267.323,2274.233,2256.261,2258.981,2258.932,113.3022,0.049,0.0022,41826.96,1.29105
865001.TI,20240206,2216.612,2259.048,2216.428,2258.932,2217.954,110.2237,40.978,1.8476,38850.56,1.199179
865001.TI,20240205,2251.507,2251.507,2217.954,2217.954,2264.085,101.2153,-46.131,-2.0375,25512.69,0.787486
865001.TI,20240202,2269.413,2281.579,2247.606,2264.085,2291.182,102.6693,-27.097,-1.1827,21732.03,0.671874
865001.TI,20240201,2250.89,2291.458,2250.89,2291.182,2241.566,98.3393,49.616,2.2135,16505.66,0.510294
865001.TI,20240131,2283.379,2289.517,2241.566,2241.566,2271.313,86.8673,-29.747,-1.3097,25057.51,0.774685
865001.TI,20240130,2280.424,2280.424,2254.599,2271.313,2281.312,96.9391,-9.999,-0.4383,14116.04,0.436415
865001.TI,20240129,2228.074,2281.345,2228.074,2281.312,2237.766,97.6487,43.546,1.946,18503.06,0.572046
865001.TI,20240126,2260.881,2262.007,2236.779,2237.766,2244.335,91.9777,-6.569,-0.2927,15985.71,0.494219
865001.TI,20240125,2235.495,2244.401,2224.569,2244.335,2212.792,97.184,31.543,1.4255,17565.18,0.54305
865001.TI,20240124,2277.444,2277.444,2211.134,2212.792,2258.152,86.1812,-45.36,-2.0087,18015.28,0.556965
865001.TI,20240123,2294.554,2294.554,2240.568,2258.152,2271.941,85.4401,-13.789,-0.6069,17730.49,0.548161
865001.TI,20240122,2244.767,2278.734,2241.626,2271.941,2234.875,95.1559,37.066,1.6585,13738.61,0.424747
865001.TI,20240119,2252.649,2253.144,2213.791,2234.875,2239.116,92.8455,-4.241,-0.1894,18756.5,0.579881
865001.TI,20240118,2250.3,2261.943,2215.746,2239.116,2248.876,96.1454,-9.76,-0.434,18180.2,0.562064
865001.TI,20240117,2256.469,2272.27,2237.95,2248.876,2278.63,97.2248,-29.754,-1.3058,18199.06,0.562647
865001.TI,20240116,2289.469,2292.433,2274.968,2278.63,2294.583,96.9262,-15.953,-0.6952,22739.95,0.703035
865001.TI,20240112,2309.743,2316.711,2280.128,2294.583,2291.19,99.7014,3.393,0.1481,16146.16,0.499179
865001.TI,20240111,2310.888,2321.822,2275.295,2291.19,2322.872,91.3795,-31.682,-1.3639,16789.41,0.519066
865001.TI,20240110,2292.327,2328.293,2290.359,2322.872,2298.214,93.1956,24.658,1.0729,13680.28,0.422943
865001.TI,20240109,2276.256,2312.708,2269.186,2298.214,2313.095,86.7617,-14.881,-0.6433,20375.55,0.629936
865001.TI,20240108,2287.878,2313.095,2282.704,2313.095,2285.033,93.8561,28.062,1.2281,15501.01,0.479234
865001.TI,20240105,2303.76,2313.311,2282.102,2285.033,2309.339,94.6899,-24.306,-1.0525,17407.2,0.538166
865001.TI,20240104,2352.193,2353.173,2309.339,2309.339,2339.347,99.7723,-30.008,-1.2828,18713.73,0.578559
865001.TI,20240103,2366.099,2396.368,2334.605,2339.347,2411.251,97.1535,-71.904,-2.982,18158.16,0.561383
865001.TI,20240102,2451.407,2451.407,2402.451,2411.251,2444.33,96.7399,-33.079,-1.3533,20505.73,0.633961
865001.TI,20231229,2477.818,2481.099,2438.706,2444.33,2480.339,97.2544,-36.009,-1.4518,12977.26,0.401209
865001.TI,20231228,2481.0,2489.748,2468.138,2480.339,2484.078,98.6828,-3.739,-0.1505,12234.2,0.378236
865001.TI,20231227,2481.21,2498.357,2475.184,2484.078,2478.006,99.8076,6.072,0.245,16064.13,0.496643
865001.TI,20231226,2444.302,2484.23,2444.302,2478.006,2449.435,91.6089,28.571,1.1664,9935.87,0.30718
865001.TI,20231222,2442.12,2460.542,2430.293,2449.435,2430.562,97.1154,18.873,0.7765,14498.01,0.448225
865001.TI,20231221,2425.371,2434.549,2407.035,2430.562,2409.378,98.8189,21.184,0.8792,15213.17,0.470335
865001.TI,20231220,2427.76,2475.265,2406.974,2409.378,2432.243,96.556,-22.865,-0.9401,21233.02,0.656446
865001.TI,20231219,2406.693,2432.734,2390.912,2432.243,2390.584,99.5646,41.659,1.7426,21097.77,0.652265
865001.TI,20231218,2405.951,2405.951,2379.519,2390.584,2393.003,94.7452,-2.419,-0.1011,16209.32,0.501132
865001.TI,20231215,2446.26,2446.26,2391.519,2393.003,2425.028,97.0327,-32.025,-1.3206,47541.18,1.469796
865001.TI,20231214,2435.174,2460.992,2408.662,2425.028,2417.274,96.3687,7.754,0.3208,23206.19,0.717449
865001.TI,20231213,2334.359,2419.041,2327.813,2417.274,2334.818,95.1785,82.456,3.5316,24658.34,0.762344
865001.TI,20231212,2320.5,2347.781,2303.977,2334.818,2314.006,97.3908,20.812,0.8994,18496.09,0.57183
865001.TI,20231211,2317.061,2322.271,2302.523,2314.006,2323.845,96.9388,-9.839,-0.4234,17236.31,0.532883
865001.TI,20231208,2323.188,2343.582,2313.349,2323.845,2319.789,99.4028,4.056,0.1748,25042.87,0.774232
865001.TI,20231207,2306.829,2324.832,2302.378,2319.789,2308.749,92.0795,11.04,0.4782,13550.5,0.418931
865001.TI,20231206,2318.018,2330.893,2304.345,2308.749,2283.442,89.0756,25.307,1.1083,16788.2,0.519029
865001.TI,20231205,2305.45,2305.45,2282.83,2283.442,2307.0,94.7948,-23.558,-1.0212,14830.39,0.4585
865001.TI,20231204,2274.61,2308.407,2265.4,2307.0,2269.279,91.4679,37.721,1.6622,16546.57,0.511558
865001.TI,20231201,2226.904,2273.682,2215.885,2269.279,2229.01,92.9195,40.269,1.8066,17584.27,0.54364
865001.TI,20231130,2222.151,2230.699,2205.018,2229.01,2204.761,97.1037,24.249,1.0998,30706.63,0.949335
865001.TI,20231129,2207.969,2215.352,2197.133,2204.761,2190.069,91.7681,14.692,0.6708,15940.52,0.492822
865001.TI,20231128,2231.136,2233.241,2188.608,2190.069,2235.898,93.3243,-45.829,-2.0497,16494.99,0.509964
865001.TI,20231127,2252.307,2252.307,2228.027,2235.898,2251.718,92.9239,-15.82,-0.7026,13828.8,0.427535
865001.TI,20231124,2230.942,2252.368,2230.942,2251.718,2226.992,96.4084,24.726,1.1103,9420.76,0.291255
865001.TI,20231122,2220.472,2234.333,2212.195,2226.992,2203.354,93.6838,23.638,1.0728,20460.89,0.632575
865001.TI,20231121,2191.493,2210.297,2189.638,2203.354,2195.771,92.7467,7.583,0.3453,16890.21,0.522182
865001.TI,20231120,2239.284,2239.284,2191.499,2195.771,2242.006,89.0536,-46.235,-2.0622,16083.02,0.497227
865001.TI,20231117,2263.145,2265.355,2238.876,2242.006,2246.25,89.1882,-4.244,-0.1889,18442.95,0.570187
865001.TI,20231116,2262.643,2269.399,2243.742,2246.25,2255.358,87.6337,-9.108,-0.4038,20112.28,0.621797
865001.TI,20231115,2293.892,2293.892,2249.764,2255.358,2283.429,90.5154,-28.071,-1.2293,17369.97,0.537015
865001.TI,20231114,2218.906,2283.429,2211.775,2283.429,2171.924,88.1197,111.505,5.1339,22108.63,0.683517
865001.TI,20231113,2157.542,2186.172,2157.542,2171.924,2169.242,89.2554,2.682,0.1236,16914.93,0.522947
865001.TI,20231110,2161.751,2182.402,2158.81,2169.242,2161.721,85.5458,7.521,0.3479,20473.99,0.63298
865001.TI,20231109,2195.279,2197.602,2151.785,2161.721,2181.104,87.1255,-19.383,-0.8887,21062.96,0.651307
865001.TI,20231108,2223.064,2226.234,2157.382,2181.104,2182.345,80.4015,-1.241,-0.0569,20208.97,0.6249
865001.TI,20231107,2181.175,2201.865,2157.65,2182.345,2262.815,75.9419,-80.47,-3.5562,33840.2,1.046404
865001.TI,20231106,2297.698,2298.739,2249.458,2262.815,2299.133,84.7845,-36.318,-1.5796,23979.97,0.741507
865001.TI,20231103,2273.422,2314.296,2270.081,2299.133,2243.161,90.1346,55.972,2.4952,24025.55,0.742967
865001.TI,20231102,2226.747,2244.763,2221.668,2243.161,2214.371,87.1892,28.79,1.3001,22859.62,0.706914
865001.TI,20231101,2181.276,2219.927,2169.994,2214.371,2183.656,88.3144,30.715,1.4066,26986.42,0.834531
865001.TI,20231031,2159.822,2203.852,2159.822,2183.656,2163.084,89.837,20.572,0.951,39223.03,1.212977
865001.TI,20231030,2167.1,2171.825,2148.395,2163.084,2155.143,84.1872,7.941,0.3685,21161.29,0.654415
865001.TI,20231027,2182.58,2182.58,2148.757,2155.143,2180.623,82.3446,-25.48,-1.1685,16215.33,0.501848
865001.TI,20231026,2151.729,2195.869,2151.729,2180.623,2154.162,82.1472,26.461,1.2284,15951.64,0.493687
865001.TI,20231025,2150.029,2162.283,2141.844,2154.162,2160.256,82.6645,-6.094,-0.2821,18268.88,0.565403
865001.TI,20231024,2171.115,2176.087,2157.512,2160.256,2152.393,82.4135,7.863,0.3653,16914.61,0.52349
865001.TI,20231023,2150.88,2174.754,2143.294,2152.393,2152.109,83.7073,0.284,0.0132,25111.96,0.777189
865001.TI,20231020,2178.673,2180.232,2147.656,2152.109,2169.095,84.2795,-16.986,-0.7831,36481.26,1.129057
865001.TI,20231019,2186.509,2199.82,2167.019,2169.095,2174.478,86.7923,-5.383,-0.2476,26171.14,0.80997
865001.TI,20231018,2247.298,2247.298,2174.327,2174.478,2254.799,82.5697,-80.321,-3.5622,18130.31,0.561114
865001.TI,20231017,2223.36,2279.882,2223.36,2254.799,2235.516,84.4024,19.283,0.8626,19745.96,0.611117
865001.TI,20231016,2229.182,2255.534,2227.577,2235.516,2218.604,82.9416,16.912,0.7623,15512.83,0.480106
865001.TI,20231013,2276.384,2276.384,2195.139,2218.604,2272.199,76.7607,-53.595,-2.3587,24266.71,0.75103
865001.TI,20231012,2309.776,2313.813,2258.651,2272.199,2310.416,83.844,-38.217,-1.6541,16007.49,0.495415
865001.TI,20231011,2307.583,2321.093,2297.309,2310.416,2296.976,85.0,13.44,0.5851,16252.97,0.503013
865001.TI,20231010,2285.56,2311.378,2285.511,2296.976,2278.692,85.6759,18.284,0.8024,20223.48,0.625896
865001.TI,20231009,2278.668,2286.246,2270.796,2278.692,2287.808,83.2361,-9.116,-0.3985,14068.41,0.435403
865001.TI,20231006,2240.76,2295.506,2240.76,2287.808,2254.028,84.4689,33.78,1.4987,16606.44,0.513952
865001.TI,20231005,2229.633,2257.737,2229.633,2254.028,2232.576,82.7566,21.452,0.9609,15957.21,0.493859
865001.TI,20231004,2213.162,2233.852,2195.998,2232.576,2211.323,84.3279,21.253,0.9611,20901.12,0.646868
865001.TI,20231003,2225.468,2237.06,2202.353,2211.323,2238.962,83.1831,-27.639,-1.2345,17515.04,0.542072
865001.TI,20231002,2262.89,2271.997,2226.995,2238.962,2264.295,86.337,-25.333,-1.1188,24267.91,0.751067
865001.TI,20230929,2277.538,2280.235,2253.45,2264.295,2265.383,85.8177,-1.088,-0.048,22734.49,0.703609
865001.TI,20230928,2282.58,2294.758,2259.056,2265.383,2280.94,84.446,-15.557,-0.682,19486.76,0.603095
865001.TI,20230927,2259.428,2291.945,2259.428,2280.94,2252.902,80.6716,28.038,1.2445,20619.6,0.638155
865001.TI,20230926,2296.145,2302.202,2252.902,2252.902,2305.109,83.5325,-52.207,-2.2648,17530.66,0.542556
865001.TI,20230925,2295.333,2306.367,2292.311,2305.109,2297.411,85.5545,7.698,0.3351,20515.03,0.634919
865001.TI,20230922,2303.283,2312.408,2294.958,2297.411,2307.487,85.8144,-10.076,-0.4367,20774.87,0.642961
865001.TI,20230921,2337.31,2339.016,2307.487,2307.487,2346.319,87.4177,-38.832,-1.655,24554.18,0.759927
865001.TI,20230920,2382.933,2390.994,2345.605,2346.319,2375.557,90.2789,-29.238,-1.2308,20562.83,0.636398
865001.TI,20230919,2402.272,2414.738,2375.01,2375.557,2408.329,89.584,-32.772,-1.3608,20797.19,0.643652
865001.TI,20230918,2418.915,2430.338,2407.781,2408.329,2413.165,90.8332,-4.836,-0.2004,22694.2,0.702362
865001.TI,20230915,2441.962,2441.962,2397.698,2413.165,2433.866,84.721,-20.701,-0.8505,53386.12,1.652245
865001.TI,20230914,2418.269,2440.264,2415.757,2433.866,2405.105,90.0276,28.761,1.1958,24071.62,0.744992
865001.TI,20230913,2397.522,2414.255,2397.353,2405.105,2408.34,88.8691,-3.235,-0.1343,22876.64,0.708008
865001.TI,20230912,2420.878,2423.086,2405.026,2408.34,2418.786,90.5556,-10.446,-0.4319,20833.2,0.644766
865001.TI,20230911,2420.119,2433.025,2413.524,2418.786,2416.954,90.5293,1.832,0.0758,20872.59,0.645985
865001.TI,20230908,2432.999,2432.999,2411.689,2416.954,2422.505,90.5092,-5.551,-0.2291,20192.66,0.624942
865001.TI,20230907,2438.479,2445.669,2415.772,2422.505,2445.968,88.3199,-23.463,-0.9593,24106.38,0.746068
865001.TI,20230906,2464.663,2477.107,2439.699,2445.968,2455.602,91.5877,-9.634,-0.3923,19455.55,0.602129
865001.TI,20230905,2502.892,2502.892,2427.865,2455.602,2510.997,92.7398,-55.395,-2.2061,32879.21,1.017578
865001.TI,20230901,2525.529,2531.974,2507.45,2510.997,2518.224,94.4413,-7.227,-0.287,16765.38,0.518871
865001.TI,20230831,2510.571,2528.22,2502.69,2518.224,2505.18,97.1189,13.044,0.5207,26653.43,0.824896
865001.TI,20230830,2497.563,2525.165,2497.563,2505.18,2503.516,91.9845,1.664,0.0665,16842.39,0.521255
865001.TI,20230829,2498.305,2503.597,2476.11,2503.516,2494.243,92.3231,9.273,0.3718,15757.69,0.487684
865001.TI,20230828,2497.553,2510.06,2493.149,2494.243,2487.739,91.0924,6.504,0.2614,12557.99,0.388657
865001.TI,20230825,2478.511,2499.319,2467.445,2487.739,2474.697,92.9826,13.042,0.527,13153.83,0.407097
865001.TI,20230824,2494.126,2508.527,2474.112,2474.697,2502.865,90.9506,-28.168,-1.1254,12896.48,0.399133
865001.TI,20230823,2494.733,2510.063,2489.558,2502.865,2489.283,90.3857,13.582,0.5456,15100.79,0.467354
865001.TI,20230822,2507.813,2516.391,2488.59,2489.283,2498.567,88.6438,-9.284,-0.3716,12647.92,0.39144
865001.TI,20230821,2509.622,2509.622,2474.727,2498.567,2493.84,86.8776,4.727,0.1895,12868.8,0.398276
865001.TI,20230818,2457.501,2501.572,2456.801,2493.84,2473.61,87.9035,20.23,0.8178,20202.51,0.625247
865001.TI,20230817,2510.134,2516.786,2473.568,2473.61,2509.872,88.7874,-36.262,-1.4448,22107.42,0.68435
865001.TI,20230816,2529.947,2531.424,2508.673,2509.872,2528.008,90.431,-18.136,-0.7174,18120.23,0.560924
865001.TI,20230815,2531.209,2536.846,2520.716,2528.008,2531.109,91.3644,-3.101,-0.1225,18475.46,0.57192
865001.TI,20230814,2515.311,2532.054,2498.833,2531.109,2518.138,91.2491,12.971,0.5151,16530.75,0.51172
865001.TI,20230811,2493.098,2526.576,2492.025,2518.138,2493.722,91.76,24.416,0.9791,22290.18,0.690007
865001.TI,20230810,2494.539,2517.72,2484.785,2493.722,2494.458,93.1808,-0.736,-0.0295,25446.89,0.787725
865001.TI,20230809,2499.305,2511.307,2470.239,2494.458,2502.932,93.2517,-8.474,-0.3386,42586.74,1.3183
865001.TI,20230808,2475.59,2506.597,2459.175,2502.932,2436.938,88.1115,65.994,2.7081,34319.04,1.062368
865001.TI,20230807,2407.221,2438.834,2403.581,2436.938,2397.04,94.1632,39.898,1.6645,21529.57,0.666462
865001.TI,20230804,2398.891,2414.432,2384.035,2397.04,2398.935,96.5216,-1.895,-0.079,24167.09,0.748174
865001.TI,20230803,2432.395,2432.395,2396.531,2398.935,2439.533,98.8218,-40.598,-1.6642,24021.67,0.743672
865001.TI,20230802,2436.067,2452.757,2429.336,2439.533,2440.064,104.1923,-0.531,-0.0218,25528.89,0.790336
865001.TI,20230801,2474.296,2474.296,2429.261,2440.064,2429.365,91.3486,10.699,0.4404,21084.47,0.653003
865001.TI,20230731,2426.756,2448.117,2418.477,2429.365,2420.487,92.9377,8.878,0.3668,15478.61,0.479428
865001.TI,20230728,2437.77,2444.312,2409.728,2420.487,2427.44,100.9108,-6.953,-0.2864,16277.74,0.619461
865001.TI,20230727,2460.343,2460.974,2412.277,2427.44,2454.544,98.4835,-27.104,-1.1042,16557.59,0.630271
865001.TI,20230726,2459.206,2479.412,2447.846,2454.544,2461.248,100.5289,-6.704,-0.2724,14959.04,0.569422
865001.TI,20230725,2442.964,2463.528,2442.964,2461.248,2455.739,100.4718,5.509,0.2243,16139.02,0.614338
865001.TI,20230724,2470.623,2479.313,2448.557,2455.739,2470.277,93.3766,-14.538,-0.5885,19979.5,0.760527
865001.TI,20230721,2486.317,2492.825,2470.277,2470.277,2475.986,97.0539,-5.709,-0.2306,18825.29,0.716592
865001.TI,20230720,2440.927,2481.651,2434.051,2475.986,2433.683,99.1149,42.303,1.7382,16861.25,0.64183
865001.TI,20230719,2425.404,2436.206,2415.386,2433.683,2425.264,94.6021,8.419,0.3471,17049.17,0.648983
865001.TI,20230718,2414.934,2436.857,2406.491,2425.264,2416.959,94.2114,8.305,0.3436,14848.53,0.565215
865001.TI,20230717,2414.229,2434.695,2412.347,2416.959,2411.565,88.6442,5.394,0.2237,13242.39,0.504077
865001.TI,20230714,2432.754,2432.754,2404.232,2411.565,2425.731,95.7194,-14.166,-0.584,12519.92,0.476576
865001.TI,20230713,2411.648,2428.596,2399.2,2425.731,2405.614,97.4794,20.117,0.8363,18370.26,0.699271
865001.TI,20230712,2412.769,2421.319,2404.189,2405.614,2386.991,96.2369,18.623,0.7802,18289.85,0.69621
865001.TI,20230711,2370.349,2388.03,2361.608,2386.991,2361.023,96.2191,25.968,1.0999,16943.98,0.644979
865001.TI,20230710,2344.904,2374.888,2342.657,2361.023,2346.034,94.9455,14.989,0.6389,16284.94,0.619893
865001.TI,20230707,2347.287,2369.055,2342.61,2346.034,2347.565,90.2199,-1.531,-0.0652,16595.24,0.631704
865001.TI,20230706,2360.781,2361.598,2326.401,2347.565,2379.157,90.3605,-31.592,-1.3279,20133.57,0.766392
865001.TI,20230705,2389.803,2400.252,2378.018,2379.157,2399.373,89.1388,-20.216,-0.8426,17513.7,0.666666
865001.TI,20230703,2389.693,2399.988,2378.736,2399.373,2382.297,95.0045,17.076,0.7168,10080.45,0.383716
865001.TI,20230630,2385.155,2388.745,2369.384,2382.297,2367.947,93.9439,14.35,0.606,19128.91,0.728149
865001.TI,20230629,2334.232,2376.509,2334.232,2367.947,2342.584,92.1338,25.363,1.0827,14665.54,0.558249
865001.TI,20230628,2362.605,2362.605,2337.721,2342.584,2356.157,93.7536,-13.573,-0.5761,17189.25,0.654315
865001.TI,20230627,2338.881,2360.207,2336.485,2356.157,2336.336,99.9823,19.821,0.8484,19760.28,0.752183
865001.TI,20230626,2348.384,2364.473,2335.336,2336.336,2334.175,98.9334,2.161,0.0926,19406.76,0.738726
865001.TI,20230623,2378.423,2399.245,2333.36,2334.175,2392.805,88.9444,-58.63,-2.4503,33997.2,1.294117
865001.TI,20230622,2396.515,2399.102,2380.191,2392.805,2394.946,95.368,-2.141,-0.0894,17631.61,0.671154
865001.TI,20230621,2394.708,2405.752,2378.133,2394.946,2400.127,92.0398,-5.181,-0.2159,20146.42,0.766881
865001.TI,20230620,2408.624,2417.557,2392.755,2400.127,2411.475,101.5403,-11.348,-0.4706,24937.52,0.949256
865001.TI,20230616,2421.339,2425.119,2401.266,2411.475,2407.055,96.2677,4.42,0.1836,49255.7,1.874937
865001.TI,20230615,2373.085,2407.373,2369.03,2407.055,2372.349,102.2833,34.706,1.4629,21091.59,0.80286
865001.TI,20230614,2400.668,2403.797,2369.038,2372.349,2394.937,99.3405,-22.588,-0.9432,22475.51,0.855539
865001.TI,20230613,2386.655,2413.305,2384.658,2394.937,2381.066,95.6092,13.871,0.5826,20275.38,0.77179
865001.TI,20230612,2419.704,2419.704,2381.029,2381.066,2416.789,95.3751,-35.723,-1.4781,27318.53,1.03989
865001.TI,20230609,2417.957,2425.052,2408.217,2416.789,2416.563,97.0096,0.226,0.0094,22995.67,0.875339
865001.TI,20230608,2400.481,2423.346,2385.39,2416.563,2407.885,97.6025,8.678,0.3604,25265.95,0.961758
865001.TI,20230607,2364.424,2411.95,2360.988,2407.885,2357.762,92.2506,50.123,2.1259,25936.67,0.987289
865001.TI,20230606,2314.219,2364.087,2313.454,2357.762,2319.214,91.9387,38.548,1.6621,21679.41,0.825235
865001.TI,20230605,2322.146,2322.953,2297.091,2319.214,2323.835,96.1281,-4.621,-0.1989,27888.55,1.061588
865001.TI,20230602,2252.385,2327.93,2252.385,2323.835,2237.714,93.8295,86.121,3.8486,28906.82,1.100349
865001.TI,20230601,2241.456,2245.705,2216.525,2237.714,2242.364,91.6436,-4.65,-0.2074,27338.73,1.040659
865001.TI,20230531,2235.034,2251.429,2224.81,2242.364,2240.555,93.113,1.809,0.0807,67158.19,2.556402
865001.TI,20230530,2241.826,2255.874,2234.998,2240.555,2239.106,92.2593,1.449,0.0647,42277.15,1.609296
865001.TI,20230526,2214.731,2240.83,2198.976,2239.106,2217.878,91.7227,21.228,0.9571,52949.9,2.015558
865001.TI,20230525,2230.952,2234.939,2209.919,2217.878,2237.466,97.893,-19.588,-0.8755,208615.36,7.941024
865001.TI,20230524,2239.039,2246.219,2230.441,2237.466,2244.303,92.0986,-6.837,-0.3046,60323.41,2.296234
865001.TI,20230523,2246.583,2274.798,2236.933,2244.303,2239.39,101.9763,4.913,0.2194,124015.41,4.720694
865001.TI,20230522,2221.452,2240.693,2205.333,2239.39,2213.04,84.2017,26.35,1.1907,14264.65,0.544431
865001.TI,20230519,2248.007,2250.874,2203.593,2213.04,2272.005,90.8119,-58.965,-2.5953,25547.98,0.975076
865001.TI,20230518,2237.39,2272.036,2236.022,2272.005,2250.811,86.8224,21.194,0.9416,18936.22,0.722728
865001.TI,20230517,2230.602,2253.651,2214.061,2250.811,2223.367,92.4415,27.444,1.2343,25084.9,0.957402
865001.TI,20230516,2219.714,2228.738,2214.886,2223.367,2237.002,91.6547,-13.635,-0.6095,20400.93,0.778631
865001.TI,20230515,2238.72,2251.006,2221.942,2237.002,2239.5,87.6085,-2.498,-0.1115,20116.08,0.767759
865001.TI,20230512,2231.482,2246.419,2225.502,2239.5,2228.512,92.5603,10.988,0.4931,15899.62,0.606832
865001.TI,20230511,2236.623,2240.015,2220.76,2228.512,2255.666,93.8962,-27.154,-1.2038,16240.65,0.619848
865001.TI,20230510,2267.379,2267.379,2231.847,2255.666,2244.936,94.4794,10.73,0.478,16896.22,0.644869
865001.TI,20230509,2234.87,2250.846,2221.733,2244.936,2239.401,94.8705,5.535,0.2472,18256.45,0.696784
865001.TI,20230508,2262.963,2267.429,2222.496,2239.401,2259.975,96.4023,-20.574,-0.9104,18996.2,0.725018
865001.TI,20230505,2250.127,2262.706,2233.59,2259.975,2213.914,100.1962,46.061,2.0805,33243.63,1.268817
865001.TI,20230504,2216.137,2216.137,2177.671,2213.914,2218.99,94.5224,-5.076,-0.2288,31946.92,1.219325
865001.TI,20230503,2205.283,2244.97,2197.509,2218.99,2188.189,90.5444,30.801,1.4076,31939.56,1.219044
865001.TI,20230502,2183.537,2189.698,2133.829,2188.189,2185.957,87.186,2.232,0.1021,27846.03,1.062805
865001.TI,20230501,2179.295,2201.645,2172.991,2185.957,2174.23,84.9592,11.727,0.5394,15801.73,0.603107
865001.TI,20230428,2177.819,2197.249,2170.399,2174.23,2186.513,92.5277,-12.283,-0.5618,23347.16,0.891185
865001.TI,20230427,2181.087,2194.721,2173.781,2186.513,2174.973,89.1516,11.54,0.5306,16746.66,0.639237
865001.TI,20230426,2214.609,2220.246,2169.129,2174.973,2232.205,83.9803,-57.232,-2.5639,14244.27,0.543718
865001.TI,20230425,2245.139,2245.39,2226.965,2232.205,2252.81,88.6688,-20.605,-0.9146,13578.96,0.518323
865001.TI,20230424,2251.424,2267.847,2249.731,2252.81,2253.557,90.1954,-0.747,-0.0331,13437.89,0.513051
865001.TI,20230421,2262.152,2262.447,2239.799,2253.557,2257.501,86.9534,-3.944,-0.1747,14306.43,0.546211
865001.TI,20230420,2233.57,2257.983,2222.145,2257.501,2238.479,83.8554,19.022,0.8498,12873.54,0.491504
865001.TI,20230419,2231.385,2243.57,2225.747,2238.479,2233.46,90.8976,5.019,0.2247,14458.29,0.552009
865001.TI,20230418,2261.828,2268.651,2226.105,2233.46,2259.714,90.0849,-26.254,-1.1618,14204.6,0.542323
865001.TI,20230417,2256.413,2263.681,2240.504,2259.714,2254.571,93.12,5.143,0.2281,17229.65,0.657818
865001.TI,20230414,2280.278,2293.24,2240.71,2254.571,2279.49,94.0127,-24.919,-1.0932,20663.53,0.788921
865001.TI,20230413,2272.83,2281.25,2248.121,2279.49,2268.277,92.5348,11.213,0.4943,17538.78,0.66962
865001.TI,20230412,2285.604,2290.104,2264.777,2268.277,2272.167,90.4719,-3.89,-0.1712,14983.84,0.572074
865001.TI,20230411,2252.548,2276.335,2251.948,2272.167,2250.798,86.5788,21.369,0.9494,18643.01,0.711779
865001.TI,20230410,2230.508,2253.612,2228.139,2250.798,2237.288,88.1774,13.51,0.6039,13308.0,0.508091
865001.TI,20230406,2228.198,2242.057,2227.478,2237.288,2227.982,87.7733,9.306,0.4177,16277.53,0.621535
865001.TI,20230405,2221.933,2241.074,2208.289,2227.982,2227.874,85.408,0.108,0.0048,25852.67,0.987148
865001.TI,20230404,2281.434,2283.096,2215.785,2227.874,2281.434,92.8847,-53.56,-2.3476,28327.04,1.081629
865001.TI,20230403,2283.248,2289.636,2259.802,2281.434,2281.979,93.207,-0.545,-0.0239,20456.26,0.781094
865001.TI,20230331,2282.515,2283.699,2263.648,2281.979,2267.241,91.1609,14.738,0.65,26550.78,1.01512
865001.TI,20230330,2287.909,2287.909,2252.071,2267.241,2264.077,88.2113,3.164,0.1397,12714.29,0.486107
865001.TI,20230329,2257.999,2266.732,2251.289,2264.077,2251.264,89.5588,12.813,0.5691,18618.18,0.711832
865001.TI,20230328,2241.554,2258.265,2227.489,2251.264,2238.059,89.6186,13.205,0.59,16541.2,0.632422
865001.TI,20230327,2241.242,2250.395,2231.32,2238.059,2230.795,88.5122,7.264,0.3256,17880.83,0.683641
865001.TI,20230324,2160.169,2233.029,2155.659,2230.795,2177.26,84.2956,53.535,2.4588,21258.99,0.812798
865001.TI,20230323,2192.464,2212.385,2166.7,2177.26,2188.861,84.7892,-11.601,-0.53,16693.85,0.638733
865001.TI,20230322,2233.265,2243.529,2188.861,2188.861,2235.052,85.3777,-46.191,-2.0667,23354.33,0.893573
865001.TI,20230321,2246.057,2264.505,2220.93,2235.052,2237.069,87.3714,-2.017,-0.0902,23622.13,0.90382
865001.TI,20230320,2220.167,2247.391,2219.199,2237.069,2203.657,87.4614,33.412,1.5162,27372.42,1.047312
865001.TI,20230317,2225.738,2231.319,2191.421,2203.657,2233.591,82.1456,-29.934,-1.3402,48901.47,1.871047
865001.TI,20230316,2242.734,2247.58,2194.605,2233.591,2278.617,79.5396,-45.026,-1.976,24463.62,0.936016
865001.TI,20230315,2282.599,2287.779,2243.906,2278.617,2318.305,81.4749,-39.688,-1.7119,17840.94,0.682622
865001.TI,20230314,2299.475,2335.923,2297.32,2318.305,2259.801,84.4201,58.504,2.5889,20331.77,0.777925
865001.TI,20230313,2257.815,2315.92,2257.815,2259.801,2288.254,83.8688,-28.453,-1.2434,22547.69,0.862756
865001.TI,20230310,2345.413,2356.578,2278.66,2288.254,2349.443,82.0086,-61.189,-2.6044,18660.02,0.714
865001.TI,20230309,2371.401,2381.116,2348.672,2349.443,2366.777,90.3518,-17.334,-0.7324,22474.38,0.859995
865001.TI,20230308,2387.644,2387.644,2341.952,2366.777,2384.646,84.8164,-17.869,-0.7493,14607.06,0.558948
865001.TI,20230307,2364.617,2392.068,2363.588,2384.646,2353.693,85.1049,30.953,1.3151,22114.5,0.846224
865001.TI,20230306,2373.617,2378.942,2335.443,2353.693,2374.03,83.1296,-20.337,-0.8566,14726.81,0.563533
865001.TI,20230303,2373.051,2384.004,2349.685,2374.03,2363.807,81.7935,10.223,0.4325,18935.85,0.724621
865001.TI,20230302,2315.42,2366.642,2315.42,2363.807,2330.623,87.0323,33.184,1.4238,22034.38,0.843193
865001.TI,20230301,2342.302,2352.791,2320.931,2330.623,2339.564,84.1494,-8.941,-0.3822,19880.4,0.760766
865001.TI,20230228,2368.271,2378.137,2339.525,2339.564,2364.7,87.2273,-25.136,-1.063,27701.29,1.06005
865001.TI,20230227,2397.365,2420.21,2360.744,2364.7,2387.437,88.7986,-22.737,-0.9524,18810.26,0.719815
865001.TI,20230224,2380.396,2393.965,2358.325,2387.437,2394.822,87.4477,-7.385,-0.3084,16450.02,0.630116
865001.TI,20230223,2405.548,2415.934,2380.701,2394.822,2390.894,93.2428,3.928,0.1643,18719.08,0.717042
865001.TI,20230222,2401.375,2406.915,2381.522,2390.894,2391.17,92.027,-0.276,-0.0115,19672.6,0.753567
865001.TI,20230221,2432.743,2438.754,2387.179,2391.17,2448.622,89.1318,-57.452,-2.3463,21920.52,0.838
865001.TI,20230217,2418.427,2457.404,2409.967,2448.622,2409.541,91.3209,39.081,1.6219,15800.21,0.604026
865001.TI,20230216,2408.754,2433.465,2395.941,2409.541,2423.697,93.0322,-14.156,-0.5841,14248.37,0.544701
865001.TI,20230215,2397.206,2425.067,2390.783,2423.697,2406.866,88.9906,16.831,0.6993,14390.94,0.550151
865001.TI,20230214,2406.31,2417.773,2385.473,2406.866,2406.999,94.616,-0.133,-0.0055,16682.58,0.637758
865001.TI,20230213,2383.239,2408.536,2373.892,2406.999,2376.917,93.9994,30.082,1.2656,16436.3,0.628343
865001.TI,20230210,2364.872,2389.707,2356.771,2376.917,2360.622,89.6728,16.295,0.6903,16249.43,0.6212
865001.TI,20230209,2422.122,2436.765,2347.392,2360.622,2401.777,93.3142,-41.155,-1.7135,22056.17,0.843185
865001.TI,20230208,2447.476,2451.856,2400.307,2401.777,2459.455,94.034,-57.678,-2.3452,18676.57,0.713987
865001.TI,20230207,2470.999,2472.332,2427.928,2459.455,2456.127,98.1578,3.328,0.1355,37708.68,1.441565
865001.TI,20230206,2452.902,2462.729,2444.757,2456.127,2458.237,92.8033,-2.11,-0.0858,26541.59,1.014659
865001.TI,20230203,2427.871,2461.879,2426.549,2458.237,2439.444,91.7602,18.793,0.7704,18520.95,0.709607
865001.TI,20230202,2422.435,2448.712,2415.145,2439.444,2415.728,92.6052,23.716,0.9817,25066.02,0.960373
865001.TI,20230201,2373.315,2435.804,2362.05,2415.728,2379.497,91.8897,36.231,1.5226,29217.25,1.119422
865001.TI,20230131,2325.979,2381.206,2319.44,2379.497,2313.86,86.1479,65.637,2.8367,57755.39,2.212825
865001.TI,20230130,2327.051,2339.611,2308.436,2313.86,2334.35,91.716,-20.49,-0.8778,27588.76,1.057028
865001.TI,20230127,2345.003,2361.107,2330.963,2334.35,2351.379,88.4265,-17.029,-0.7242,26077.35,0.999121
865001.TI,20230126,2359.134,2367.27,2332.861,2351.379,2350.868,93.5533,0.511,0.0217,34716.67,1.330125
865001.TI,20230125,2338.868,2350.868,2317.49,2350.868,2349.647,93.1416,1.221,0.052,35371.05,1.355197
865001.TI,20230124,2310.383,2352.041,2303.78,2349.647,2309.695,93.9779,39.952,1.7298,56786.36,2.175698
865001.TI,20230123,2286.469,2311.698,2269.764,2309.695,2309.524,96.9559,0.171,0.0074,123720.3,4.740187
865001.TI,20230120,2313.173,2313.173,2285.354,2309.524,2295.523,90.4624,14.001,0.6099,18091.46,0.693151
865001.TI,20230119,2304.867,2313.93,2291.49,2295.523,2316.394,86.5423,-20.871,-0.901,13987.11,0.535898
865001.TI,20230118,2370.182,2376.144,2310.719,2316.394,2362.263,89.463,-45.869,-1.9417,12684.98,0.486009
865001.TI,20230117,2377.985,2393.545,2355.772,2362.263,2370.667,85.3919,-8.404,-0.3545,13045.42,0.499819
865001.TI,20230113,2357.661,2375.458,2339.111,2370.667,2359.594,93.411,11.073,0.4693,14081.69,0.539522
865001.TI,20230112,2345.078,2360.781,2334.167,2359.594,2336.281,90.3872,23.313,0.9979,11055.02,0.423559
865001.TI,20230111,2324.242,2342.193,2320.782,2336.281,2314.441,95.3944,21.84,0.9436,13832.63,0.52998
865001.TI,20230110,2287.442,2314.633,2279.493,2314.441,2290.857,85.2702,23.584,1.0295,8958.01,0.343215
865001.TI,20230109,2302.701,2323.169,2285.652,2290.857,2293.91,89.8316,-3.053,-0.1331,18594.73,0.712434
865001.TI,20230106,2267.019,2298.792,2265.896,2293.91,2244.998,86.6688,48.912,2.1787,10532.17,0.403527
865001.TI,20230105,2298.571,2300.198,2241.11,2244.998,2308.447,89.0726,-63.449,-2.7486,18938.62,0.725609
865001.TI,20230104,2305.618,2330.935,2295.949,2308.447,2301.906,88.1754,6.541,0.2842,14168.96,0.542866
865001.TI,20230103,2305.36,2316.639,2282.042,2301.906,2284.474,74.2863,17.432,0.7631,17894.73,0.685614
865001.TI,20221230,2310.786,2321.78,2274.4,2284.474,2316.435,87.0803,-31.961,-1.3797,10232.72,0.392054
865001.TI,20221229,2289.251,2326.607,2286.689,2316.435,2284.497,89.442,31.938,1.398,9856.23,0.377629
865001.TI,20221228,2319.929,2330.017,2280.96,2284.497,2319.715,87.4632,-35.218,-1.5182,8359.48,0.320283
865001.TI,20221227,2309.147,2322.23,2300.98,2319.715,2311.676,89.1736,8.039,0.3478,7584.65,0.290596
865001.TI,20221223,2284.027,2322.387,2280.265,2311.676,2285.809,83.4626,25.867,1.1316,5892.44,0.225761
865001.TI,20221222,2298.497,2298.497,2255.043,2285.809,2309.641,86.431,-23.832,-1.0318,11229.84,0.430257
865001.TI,20221221,2277.236,2323.166,2277.083,2309.641,2263.673,86.7843,45.968,2.0307,11431.15,0.43797
865001.TI,20221220,2258.199,2280.274,2252.329,2263.673,2269.32,85.5989,-5.647,-0.2488,12872.53,0.493195
865001.TI,20221219,2287.266,2303.4,2253.28,2269.32,2288.856,88.0494,-19.536,-0.8535,13315.01,0.510148
865001.TI,20221216,2248.05,2290.155,2240.532,2288.856,2269.456,87.5632,19.4,0.8548,27474.56,1.052653
865001.TI,20221215,2324.046,2331.009,2263.761,2269.456,2337.516,94.9188,-68.06,-2.9116,15201.17,0.582414
865001.TI,20221214,2353.639,2381.547,2330.141,2337.516,2348.02,91.5684,-10.504,-0.4474,12684.91,0.486006
865001.TI,20221213,2375.614,2387.511,2336.986,2348.02,2335.812,88.7314,12.208,0.5226,10844.88,0.415508
865001.TI,20221212,2348.464,2348.464,2319.44,2335.812,2339.414,100.0843,-3.602,-0.154,11036.9,0.422865
865001.TI,20221209,2347.429,2360.64,2337.292,2339.414,2354.858,101.829,-15.444,-0.6558,13729.16,0.526015
865001.TI,20221208,2351.511,2359.753,2341.061,2354.858,2341.938,93.2198,12.92,0.5517,7278.95,0.278884
865001.TI,20221207,2335.019,2360.258,2335.019,2341.938,2342.69,88.0116,-0.752,-0.0321,7223.49,0.276759
865001.TI,20221206,2339.385,2346.505,2327.607,2342.69,2337.007,86.3304,5.683,0.2432,11001.59,0.421512
865001.TI,20221205,2350.257,2350.257,2324.844,2337.007,2362.884,92.3988,-25.877,-1.0951,10561.24,0.404641
865001.TI,20221202,2344.359,2377.567,2329.32,2362.884,2361.728,93.8893,1.156,0.0489,10843.21,0.415444
865001.TI,20221201,2380.191,2390.132,2349.513,2361.728,2373.665,98.3233,-11.937,-0.5029,11307.23,0.433222
865001.TI,20221130,2303.944,2373.837,2296.637,2373.665,2313.422,98.0775,60.243,2.6041,30157.12,1.155432
865001.TI,20221129,2330.71,2337.904,2310.271,2313.422,2337.716,92.9121,-24.294,-1.0392,11234.53,0.430437
865001.TI,20221128,2379.318,2379.318,2329.414,2337.716,2381.242,96.8348,-43.526,-1.8279,15202.09,0.582449
865001.TI,20221125,2375.859,2391.772,2366.063,2381.242,2369.548,100.5306,11.694,0.4935,6827.46,0.261585
865001.TI,20221123,2365.862,2378.311,2351.857,2369.548,2358.019,91.2124,11.529,0.4889,9082.41,0.347981
865001.TI,20221122,2385.744,2385.744,2342.607,2358.019,2357.659,88.5036,0.36,0.0153,8229.64,0.315308
865001.TI,20221121,2353.966,2364.087,2339.916,2357.659,2353.966,82.3439,3.693,0.1569,9927.88,0.380374
865001.TI,20221118,2331.735,2354.069,2316.338,2353.966,2292.291,85.3959,61.675,2.6905,10993.51,0.421202
865001.TI,20221117,2299.498,2299.498,2267.799,2292.291,2312.02,86.8302,-19.729,-0.8533,9381.45,0.359438
865001.TI,20221116,2314.111,2315.408,2285.289,2312.02,2292.035,89.1463,19.985,0.8719,13788.87,0.528303
865001.TI,20221115,2278.734,2300.443,2255.815,2292.035,2248.716,87.8944,43.319,1.9264,14478.84,0.554738
865001.TI,20221114,2260.002,2275.375,2248.066,2248.716,2264.511,89.4109,-15.795,-0.6975,14549.0,0.557427
865001.TI,20221111,2323.1,2324.745,2258.428,2264.511,2320.683,85.2737,-56.172,-2.4205,11674.44,0.447291
865001.TI,20221110,2302.797,2321.035,2270.7,2320.683,2227.529,84.8521,93.154,4.1819,13722.41,0.525757
865001.TI,20221109,2258.344,2271.31,2215.152,2227.529,2276.365,84.7282,-48.836,-2.1454,13249.38,0.507633
865001.TI,20221108,2254.701,2283.086,2249.353,2276.365,2258.136,87.7166,18.229,0.8073,13445.65,0.515153
865001.TI,20221107,2270.566,2270.566,2236.815,2258.136,2267.478,83.88,-9.342,-0.412,13532.68,0.518488
865001.TI,20221104,2206.387,2267.478,2202.692,2267.478,2196.484,85.2995,70.994,3.2322,15425.92,0.591025
865001.TI,20221103,2163.872,2207.827,2156.776,2196.484,2179.575,89.2233,16.909,0.7758,15438.81,0.591519
865001.TI,20221102,2201.242,2234.53,2176.553,2179.575,2208.118,88.4336,-28.543,-1.2926,21185.88,0.811713
865001.TI,20221101,2181.799,2218.481,2180.288,2208.118,2171.902,88.028,36.216,1.6675,23997.37,0.919432
865001.TI,20221031,2187.304,2196.241,2171.902,2171.902,2192.271,85.482,-20.369,-0.9291,20877.52,0.799925
865001.TI,20221028,2140.699,2196.211,2140.699,2192.271,2142.163,83.927,50.108,2.3391,13563.39,0.519821
865001.TI,20221027,2142.721,2171.615,2133.847,2142.163,2116.513,85.7032,25.65,1.2119,14048.16,0.538459
865001.TI,20221026,2122.17,2141.578,2107.365,2116.513,2114.241,85.3509,2.272,0.1075,9557.13,0.36632
865001.TI,20221025,2080.082,2125.151,2080.082,2114.241,2071.01,60.2474,43.231,2.0874,6438.01,0.246766
865001.TI,20221024,2046.302,2081.575,2046.247,2071.01,2031.742,78.8697,39.268,1.9327,10871.98,0.416718
865001.TI,20221021,1984.237,2044.774,1975.105,2031.742,1968.532,64.8543,63.21,3.211,23539.67,0.902264
865001.TI,20221020,2020.284,2026.512,1964.658,1968.532,2021.919,75.5921,-53.387,-2.6404,12114.7,0.464351
865001.TI,20221019,2008.464,2021.992,1990.548,2021.919,2025.454,74.9367,-3.535,-0.1745,10885.99,0.417255
865001.TI,20221018,2016.2,2043.355,2006.463,2025.454,1986.622,79.2778,38.832,1.9547,15641.48,0.59953
865001.TI,20221017,1956.919,1988.942,1937.183,1986.622,1913.232,76.8065,73.39,3.8359,16555.84,0.634577
865001.TI,20221014,1957.48,1969.3,1910.002,1913.232,1937.775,74.2679,-24.543,-1.2666,12800.64,0.490642
865001.TI,20221013,1849.925,1940.644,1843.387,1937.775,1874.222,74.3255,63.553,3.3909,13826.25,0.529953
865001.TI,20221012,1911.534,1911.534,1874.176,1874.222,1902.917,76.5622,-28.695,-1.5079,11747.49,0.450276
865001.TI,20221011,1878.959,1921.35,1877.463,1902.917,1885.715,71.4787,17.202,0.9122,11416.59,0.437592
865001.TI,20221010,1872.099,1903.497,1864.717,1885.715,1870.094,73.5896,15.621,0.8353,9775.16,0.374677
865001.TI,20221007,1905.542,1905.542,1860.835,1870.094,1914.163,77.8665,-44.069,-2.3023,13166.07,0.504649
865001.TI,20221006,1942.805,1942.805,1911.51,1914.163,1940.814,80.3082,-26.651,-1.3732,12765.32,0.489289
865001.TI,20221005,1949.542,1954.559,1924.951,1940.814,1968.476,76.3868,-27.662,-1.4052,11802.24,0.452374
865001.TI,20221004,1955.231,1980.568,1950.426,1968.476,1931.56,76.8769,36.916,1.9112,12051.85,0.461942
865001.TI,20221003,1886.347,1936.863,1882.069,1931.56,1856.268,75.1787,75.292,4.0561,14741.77,0.565045
865001.TI,20220930,1872.428,1892.784,1854.799,1856.268,1861.834,79.9673,-5.566,-0.299,25184.33,0.965303
865001.TI,20220929,1889.864,1890.496,1847.278,1861.834,1909.38,75.7717,-47.546,-2.4901,12845.98,0.49238
865001.TI,20220928,1876.705,1921.988,1867.336,1909.38,1867.998,72.2484,41.382,2.2153,11218.48,0.429999
865001.TI,20220927,1911.924,1915.373,1858.817,1867.998,1895.966,75.4571,-27.968,-1.4751,12538.86,0.480608
865001.TI,20220926,1919.776,1934.218,1887.02,1895.966,1927.152,77.193,-31.186,-1.6182,12491.53,0.478853
865001.TI,20220923,1956.289,1960.483,1902.146,1927.152,1974.066,74.961,-46.914,-2.3765,11441.52,0.438601
865001.TI,20220922,2015.298,2019.39,1972.746,1974.066,2017.645,75.7443,-43.579,-2.1599,11826.52,0.45336
865001.TI,20220921,2052.564,2067.383,2017.394,2017.645,2041.852,80.3025,-24.207,-1.1855,12264.43,0.470147
865001.TI,20220920,2082.657,2098.09,2028.121,2041.852,2093.668,87.5167,-51.816,-2.4749,17989.65,0.689619
865001.TI,20220919,2074.602,2096.255,2066.246,2093.668,2085.233,84.5102,8.435,0.4045,15906.61,0.609767
865001.TI,20220916,2090.788,2143.951,2082.544,2085.233,2105.554,81.0404,-20.321,-0.9651,45359.51,1.73882
865001.TI,20220915,2118.465,2123.78,2098.044,2105.554,2116.863,85.3937,-11.309,-0.5342,14732.09,0.564743
865001.TI,20220914,2100.345,2126.399,2089.754,2116.863,2095.94,83.7442,20.923,0.9983,13568.41,0.520134
865001.TI,20220913,2096.452,2113.531,2089.332,2095.94,2123.751,81.6997,-27.811,-1.3095,13988.01,0.536219
865001.TI,20220912,2136.655,2147.68,2117.103,2123.751,2130.786,87.5813,-7.035,-0.3302,13470.38,0.516376
865001.TI,20220909,2121.98,2134.237,2110.869,2130.786,2105.985,85.1135,24.801,1.1776,10194.78,0.390809
865001.TI,20220908,2100.5,2115.695,2091.801,2105.985,2108.567,87.7621,-2.582,-0.1225,11897.18,0.456069
865001.TI,20220907,2082.306,2113.515,2075.344,2108.567,2076.975,82.5443,31.592,1.5211,13097.4,0.502078
865001.TI,20220906,2073.748,2097.929,2058.184,2076.975,2073.306,75.05,3.669,0.177,15419.06,0.591077
865001.TI,20220902,2093.731,2113.3,2066.996,2073.306,2081.888,82.961,-8.582,-0.4122,9801.04,0.375715
865001.TI,20220901,2086.648,2096.0,2069.429,2081.888,2089.63,85.8339,-7.742,-0.3705,19671.74,0.7541
865001.TI,20220831,2108.385,2114.949,2083.166,2089.63,2102.283,83.4958,-12.653,-0.6019,16046.15,0.615116
865001.TI,20220830,2157.397,2160.343,2098.947,2102.283,2141.634,80.1254,-39.351,-1.8374,8586.78,0.329167
865001.TI,20220829,2138.368,2150.902,2129.583,2141.634,2141.612,80.4487,0.022,0.001,11925.85,0.457168
865001.TI,20220826,2188.17,2198.216,2141.266,2141.612,2187.007,82.0887,-45.395,-2.0757,8233.99,0.315643
865001.TI,20220825,2163.516,2187.347,2162.058,2187.007,2158.791,82.8902,28.216,1.307,6937.7,0.265951
865001.TI,20220824,2140.894,2162.093,2136.977,2158.791,2149.778,78.3448,9.013,0.4193,6812.63,0.261157
865001.TI,20220823,2180.54,2182.96,2139.654,2149.778,2173.309,79.6055,-23.531,-1.0827,10124.15,0.388101
865001.TI,20220822,2194.663,2197.202,2167.597,2173.309,2217.227,85.2617,-43.918,-1.9808,12255.67,0.469811
865001.TI,20220819,2218.282,2224.386,2209.484,2217.227,2229.52,82.3243,-12.293,-0.5514,13193.72,0.505771
865001.TI,20220818,2210.829,2231.609,2206.951,2229.52,2206.208,84.4837,23.312,1.0567,7685.59,0.294621
865001.TI,20220817,2218.281,2222.376,2194.16,2206.208,2231.53,85.0002,-25.322,-1.1347,8166.15,0.313043
865001.TI,20220816,2212.89,2237.652,2212.183,2231.53,2210.128,89.1427,21.402,0.9684,9718.7,0.372559
865001.TI,20220815,2181.314,2210.569,2180.811,2210.128,2186.513,81.285,23.615,1.08,7144.6,0.273883
865001.TI,20220812,2142.898,2186.942,2136.106,2186.513,2128.497,85.1257,58.016,2.7257,10184.98,0.390433
865001.TI,20220811,2132.243,2149.126,2127.683,2128.497,2121.58,83.742,6.917,0.326,9949.23,0.381459
865001.TI,20220810,2105.055,2125.0,2105.055,2121.58,2099.041,85.1862,22.539,1.0738,9217.11,0.353389
865001.TI,20220809,2109.111,2112.52,2091.921,2099.041,2096.504,83.6153,2.537,0.121,10672.05,0.409172
865001.TI,20220808,2086.351,2104.082,2084.56,2096.504,2075.175,92.2302,21.329,1.0278,17245.1,0.661186
865001.TI,20220805,2081.486,2082.425,2054.736,2075.175,2086.404,86.3561,-11.229,-0.5382,9838.82,0.377242
865001.TI,20220804,2058.731,2093.027,2052.261,2086.404,2054.663,86.785,31.741,1.5448,12635.1,0.484457
865001.TI,20220803,2059.858,2060.771,2023.157,2054.663,2053.196,86.1571,1.467,0.0714,17208.08,0.6598
865001.TI,20220802,2058.38,2092.987,2053.196,2053.196,2062.051,88.5452,-8.855,-0.4294,24830.9,0.952078
865001.TI,20220801,2074.179,2081.395,2059.543,2062.051,2086.51,80.8255,-24.459,-1.1722,14627.94,0.560911
865001.TI,20220729,2067.936,2099.012,2056.232,2086.51,2065.983,83.0725,20.527,0.9936,11398.13,0.437275
865001.TI,20220728,2044.322,2067.65,2033.403,2065.983,2029.074,81.7901,36.909,1.819,13316.95,0.510987
865001.TI,20220727,2011.336,2031.132,2009.032,2029.074,2009.695,83.1834,19.379,0.9643,24848.13,0.953452
865001.TI,20220726,1985.664,2011.687,1981.725,2009.695,1986.607,79.5338,23.088,1.1622,12248.95,0.470006
865001.TI,20220725,1972.435,1987.55,1965.602,1986.607,1967.02,76.4339,19.587,0.9958,10915.04,0.418823
865001.TI,20220722,1971.423,1981.124,1953.655,1967.02,1961.383,79.4516,5.637,0.2874,14348.38,0.550564
865001.TI,20220721,1956.457,1961.936,1937.018,1961.383,1966.793,74.8995,-5.41,-0.2751,11422.93,0.438311
865001.TI,20220720,1961.708,1976.139,1945.684,1966.793,1954.125,72.3366,12.668,0.6483,13333.47,0.511621
865001.TI,20220719,1919.654,1956.878,1916.433,1954.125,1903.954,72.9088,50.171,2.6351,11313.23,0.434102
865001.TI,20220718,1924.847,1930.618,1901.402,1903.954,1917.702,70.0139,-13.748,-0.7169,9503.61,0.364665
865001.TI,20220715,1899.896,1920.933,1881.088,1917.702,1873.931,65.7766,43.771,2.3358,10813.8,0.414938
865001.TI,20220714,1865.252,1873.931,1842.917,1873.931,1885.181,64.2498,-11.25,-0.5968,7666.68,0.294179
865001.TI,20220713,1865.53,1894.412,1852.229,1885.181,1879.982,67.8215,5.199,0.2765,8876.07,0.340585
865001.TI,20220712,1895.347,1914.121,1875.748,1879.982,1898.841,69.7046,-18.859,-0.9932,8518.77,0.326875
865001.TI,20220711,1897.358,1908.5,1893.071,1898.841,1909.304,68.324,-10.463,-0.548,7642.07,0.293235
865001.TI,20220708,1912.936,1912.936,1886.707,1909.304,1915.094,70.8433,-5.79,-0.3023,9209.07,0.353363
865001.TI,20220707,1914.869,1927.209,1914.869,1915.094,1912.095,68.764,2.999,0.1568,8583.77,0.329369
865001.TI,20220706,1900.952,1913.23,1880.813,1912.095,1902.749,69.7752,9.346,0.4912,11636.36,0.446501
865001.TI,20220705,1906.951,1907.124,1855.16,1902.749,1924.441,68.6851,-21.692,-1.1272,12621.77,0.484312
865001.TI,20220701,1896.627,1927.889,1893.677,1924.441,1898.912,68.4942,25.529,1.3444,10324.7,0.396171
865001.TI,20220630,1859.569,1898.912,1855.682,1898.912,1872.888,67.5366,26.024,1.3895,14307.16,0.548982
865001.TI,20220629,1909.163,1909.163,1864.29,1872.888,1906.804,68.2072,-33.916,-1.7787,10243.6,0.393059
865001.TI,20220628,1933.301,1945.946,1905.717,1906.804,1930.493,70.4177,-23.689,-1.2271,10800.47,0.414427
865001.TI,20220627,1921.332,1942.789,1913.75,1930.493,1908.444,72.907,22.049,1.1553,12442.34,0.477427
865001.TI,20220624,1885.32,1912.689,1876.177,1908.444,1858.331,67.823,50.113,2.6967,40226.47,1.543536
865001.TI,20220623,1837.773,1858.547,1830.267,1858.331,1841.7,71.7002,16.631,0.903,26875.76,1.031254
865001.TI,20220622,1819.934,1851.789,1813.941,1841.7,1835.395,68.2868,6.305,0.3435,14748.23,0.565907
865001.TI,20220621,1826.254,1852.914,1810.595,1835.395,1814.697,66.2956,20.698,1.1406,17771.13,0.681899
865001.TI,20220617,1814.936,1831.821,1796.125,1814.697,1806.056,58.1863,8.641,0.4784,27376.02,1.05045
865001.TI,20220616,1831.377,1837.941,1797.499,1806.056,1866.165,65.7806,-60.109,-3.221,18668.1,0.716317
865001.TI,20220615,1859.4,1885.474,1841.63,1866.165,1847.792,66.6028,18.373,0.9943,11537.29,0.442699
865001.TI,20220614,1849.631,1851.691,1816.965,1847.792,1849.658,67.1988,-1.866,-0.1009,15428.76,0.592019
865001.TI,20220613,1910.909,1921.56,1843.026,1849.658,1943.434,67.2487,-93.776,-4.8253,13600.38,0.521862
865001.TI,20220610,1936.693,1954.661,1912.95,1943.434,1957.824,71.5755,-14.39,-0.735,12163.92,0.466744
865001.TI,20220609,1971.974,1977.449,1955.855,1957.824,1978.658,73.1745,-20.834,-1.0529,8693.57,0.333582
865001.TI,20220608,2003.656,2005.482,1976.161,1978.658,2012.844,66.0623,-34.186,-1.6984,8353.98,0.320552
865001.TI,20220607,2007.431,2016.188,1992.024,2012.844,2009.758,73.875,3.086,0.1536,8356.46,0.320647
865001.TI,20220606,2012.661,2023.825,2004.831,2009.758,2004.453,76.0165,5.305,0.2647,10823.12,0.415296
865001.TI,20220603,2008.009,2009.415,1997.115,2004.453,2015.857,76.3875,-11.404,-0.5657,8612.85,0.330485
865001.TI,20220602,1982.127,2016.829,1976.004,2015.857,1981.55,75.5972,34.307,1.7313,9574.41,0.367381
865001.TI,20220601,1988.354,1991.929,1954.095,1981.55,1985.921,73.6702,-4.371,-0.2201,11728.15,0.450023
865001.TI,20220531,1992.561,1992.561,1959.106,1985.921,2006.168,76.7505,-20.247,-1.0092,21251.29,0.815437
865001.TI,20220527,1973.901,2006.994,1973.901,2006.168,1973.85,77.5305,32.318,1.6373,12304.96,0.472156
865001.TI,20220526,1970.467,1988.017,1962.207,1973.85,1964.127,72.1844,9.723,0.495,12470.59,0.478511
865001.TI,20220525,1973.399,1979.946,1956.833,1964.127,1977.039,76.0667,-12.912,-0.6531,28928.04,1.110002
865001.TI,20220524,1951.386,1986.167,1921.485,1977.039,1955.273,70.2305,21.766,1.1132,14969.83,0.57441
865001.TI,20220523,1935.128,1958.773,1924.027,1955.273,1922.842,71.7918,32.431,1.6866,11231.5,0.430966
865001.TI,20220520,1944.969,1949.398,1896.332,1922.842,1934.779,71.8167,-11.937,-0.617,11309.13,0.433944
865001.TI,20220519,1901.493,1951.27,1888.584,1934.779,1914.781,72.1823,19.998,1.0444,14740.59,0.565614
865001.TI,20220518,1918.088,1975.225,1903.028,1914.781,1916.068,65.7532,-1.287,-0.0672,14442.33,0.554169
865001.TI,20220517,1910.053,1921.402,1900.883,1916.068,1895.978,72.6663,20.09,1.0596,10028.36,0.3848
865001.TI,20220516,1889.453,1905.143,1887.562,1895.978,1901.006,74.7262,-5.028,-0.2645,13709.38,0.526045
865001.TI,20220513,1905.896,1915.462,1887.829,1901.006,1898.261,74.8653,2.745,0.1446,11837.2,0.454207
865001.TI,20220512,1859.283,1898.615,1859.052,1898.261,1866.153,72.3547,32.108,1.7205,13640.77,0.523412
865001.TI,20220511,1869.903,1888.723,1860.73,1866.153,1871.856,71.6475,-5.703,-0.3047,12930.36,0.496153
865001.TI,20220510,1895.855,1900.715,1851.884,1871.856,1886.817,74.2077,-14.961,-0.7929,20706.16,0.794519
865001.TI,20220509,1865.454,1892.827,1856.258,1886.817,1875.707,75.0054,11.11,0.5923,18562.06,0.712248
865001.TI,20220506,1872.808,1876.048,1842.227,1875.707,1872.953,73.6221,2.754,0.147,15412.89,0.591486
865001.TI,20220505,1907.151,1920.087,1855.875,1872.953,1913.784,77.9087,-40.831,-2.1335,19324.52,0.741599
865001.TI,20220504,1854.85,1913.784,1854.85,1913.784,1851.129,80.5469,62.655,3.3847,26426.88,1.014159
865001.TI,20220503,1844.108,1866.923,1827.986,1851.129,1843.116,71.8497,8.013,0.4348,21872.66,0.839386
865001.TI,20220502,1842.424,1866.346,1823.001,1843.116,1848.176,69.2155,-5.06,-0.2738,19228.18,0.738047
865001.TI,20220429,1885.78,1887.736,1842.313,1848.176,1888.682,73.5444,-40.506,-2.1447,16921.74,0.649995
865001.TI,20220428,1884.605,1900.202,1853.887,1888.682,1867.657,70.7302,21.025,1.1257,15232.08,0.585092
865001.TI,20220427,1880.394,1891.085,1866.406,1867.657,1879.751,73.4157,-12.094,-0.6434,20399.52,0.783583
865001.TI,20220426,1903.245,1906.649,1877.414,1879.751,1912.686,72.9865,-32.935,-1.7219,14814.43,0.569049
865001.TI,20220425,1926.875,1929.651,1875.056,1912.686,1927.723,70.7423,-15.037,-0.78,13734.02,0.527549
865001.TI,20220422,1957.745,1962.108,1927.723,1927.723,1959.437,67.819,-31.714,-1.6185,16789.52,0.644916
865001.TI,20220421,2005.059,2006.103,1955.251,1959.437,1998.407,76.3828,-38.97,-1.9501,14090.94,0.541259
865001.TI,20220420,1986.305,2016.314,1978.582,1998.407,1969.687,78.2759,28.72,1.4581,11467.56,0.44049
865001.TI,20220419,1939.458,1982.533,1936.919,1969.687,1932.352,74.6854,37.335,1.9321,14863.05,0.570917
865001.TI,20220418,1939.163,1964.11,1924.844,1932.352,1944.988,74.2826,-12.636,-0.6497,16894.23,0.648938
865001.TI,20220414,1971.731,1978.28,1944.988,1944.988,1965.864,80.1864,-20.876,-1.0619,39170.69,1.504618
865001.TI,20220413,1970.339,1972.14,1956.989,1965.864,1960.747,75.5542,5.117,0.261,14302.72,0.549394
865001.TI,20220412,1964.662,1980.849,1956.84,1960.747,1955.786,78.2567,4.961,0.2537,14371.64,0.552041
865001.TI,20220411,1967.201,1971.753,1951.541,1955.786,1968.343,80.2789,-12.557,-0.6379,12893.37,0.495258
865001.TI,20220408,1993.67,2000.691,1967.27,1968.343,1987.203,81.8968,-18.86,-0.9491,17023.97,0.65429
865001.TI,20220407,1998.654,2001.495,1979.537,1987.203,2002.008,77.5264,-14.805,-0.7395,15136.65,0.581754
865001.TI,20220406,1998.539,2004.982,1978.546,2002.008,2001.497,75.1316,0.511,0.0255,16703.12,0.641958
865001.TI,20220405,2019.884,2023.654,2000.817,2001.497,2009.922,78.2369,-8.425,-0.4192,17010.1,0.653796
865001.TI,20220404,2036.778,2036.778,1994.692,2009.922,2035.374,77.1621,-25.452,-1.2505,12700.55,0.489993
865001.TI,20220401,2001.841,2037.747,2001.841,2035.374,2013.981,71.0883,21.393,1.0622,16386.29,0.63219
865001.TI,20220331,2022.868,2039.018,2011.813,2013.981,2027.362,76.1507,-13.381,-0.66,18475.9,0.712808
865001.TI,20220330,2047.72,2050.235,2025.182,2027.362,2046.371,75.4375,-19.009,-0.9289,10407.17,0.401513
865001.TI,20220329,2018.463,2047.965,2017.252,2046.371,2002.921,73.5432,43.45,2.1693,15264.97,0.588929
865001.TI,20220328,2006.401,2008.562,1990.069,2002.921,2011.193,76.9092,-8.272,-0.4113,11075.3,0.427292
865001.TI,20220325,2013.848,2019.777,2005.535,2011.193,2002.294,74.0819,8.899,0.4444,11072.77,0.427194
865001.TI,20220324,2008.324,2013.801,1996.689,2002.294,2003.315,76.9049,-1.021,-0.051,13915.55,0.53687
865001.TI,20220323,2042.953,2042.953,2000.391,2003.315,2036.907,79.0887,-33.592,-1.6492,22150.68,0.854587
865001.TI,20220322,2041.798,2059.558,2035.683,2036.907,2043.48,79.2983,-6.573,-0.3217,20983.29,0.809548
865001.TI,20220321,2051.477,2060.767,2034.158,2043.48,2050.294,77.6922,-6.814,-0.3323,20976.12,0.809271
865001.TI,20220318,2032.759,2053.655,2018.521,2050.294,2045.839,78.7693,4.455,0.2178,55770.27,1.709393
865001.TI,20220317,2037.776,2051.355,2036.541,2045.839,2032.373,68.2574,13.466,0.6626,25471.01,0.780702
865001.TI,20220316,2029.514,2054.011,2011.135,2032.373,2025.358,67.2083,7.015,0.3464,25972.58,0.796075
865001.TI,20220315,2027.889,2030.806,2009.281,2025.358,2018.871,70.0259,6.487,0.3213,16679.73,0.511244
865001.TI,20220314,2051.62,2057.065,2011.725,2018.871,2042.739,72.8119,-23.868,-1.1684,16927.6,0.518841
865001.TI,20220311,2045.249,2055.82,2035.43,2042.739,2038.642,75.1592,4.097,0.201,18009.81,0.552032
865001.TI,20220310,2030.973,2041.429,2018.321,2038.642,2051.125,75.1176,-12.483,-0.6086,21521.49,0.659691
865001.TI,20220309,2074.313,2081.049,2045.647,2051.125,2049.953,71.4081,1.172,0.0572,19097.25,0.585382
865001.TI,20220308,2087.24,2095.218,2049.586,2049.953,2080.393,69.7668,-30.44,-1.4632,23582.67,0.722872
865001.TI,20220307,2084.766,2091.844,2075.682,2080.393,2084.206,72.0225,-3.813,-0.1829,19460.2,0.596511
865001.TI,20220304,2080.678,2088.505,2057.943,2084.206,2094.221,74.4136,-10.015,-0.4782,23606.03,0.723611
865001.TI,20220303,2081.424,2094.456,2061.793,2094.221,2069.417,71.0081,24.804,1.1986,19950.27,0.611549
865001.TI,20220302,2023.055,2072.938,2023.055,2069.417,2018.542,69.0871,50.875,2.5204,20882.07,0.640112
865001.TI,20220301,2062.318,2071.321,2014.991,2018.542,2053.321,66.3246,-34.779,-1.6938,21630.05,0.66304
865001.TI,20220228,2035.086,2056.813,2022.514,2053.321,2047.575,66.2162,5.746,0.2806,35463.59,1.087089
865001.TI,20220225,2027.242,2048.844,2016.133,2047.575,2019.922,71.8708,27.653,1.369,22534.64,0.694005
865001.TI,20220224,1977.356,2019.922,1971.777,2019.922,2011.54,77.914,8.382,0.4167,37868.24,1.164587
865001.TI,20220223,2039.892,2044.428,2006.289,2011.54,2031.667,70.3809,-20.127,-0.9907,17176.78,0.528249
865001.TI,20220222,2032.685,2045.843,2019.191,2031.667,2044.12,76.8922,-12.453,-0.6092,22359.35,0.687632
865001.TI,20220218,2045.355,2062.035,2044.12,2044.12,2049.402,79.0497,-5.282,-0.2577,17837.33,0.548563
865001.TI,20220217,2059.01,2063.789,2044.496,2049.402,2070.579,71.7371,-21.177,-1.0228,14511.04,0.446268
865001.TI,20220216,2054.059,2072.558,2039.989,2070.579,2054.741,54.3804,15.838,0.7708,21288.08,0.654686
865001.TI,20220215,2027.069,2060.009,2027.069,2054.741,2015.806,73.7163,38.935,1.9315,18015.61,0.554046
865001.TI,20220214,2021.756,2033.637,2005.621,2015.806,2013.644,63.4053,2.162,0.1074,27189.21,0.836168
865001.TI,20220211,2019.644,2031.429,1999.422,2013.644,2018.73,75.0822,-5.086,-0.2519,19453.5,0.598266
865001.TI,20220210,2047.543,2061.25,2012.164,2018.73,2057.552,72.7084,-38.822,-1.8868,23357.61,0.718332
865001.TI,20220209,2072.446,2080.086,2052.176,2057.552,2066.279,81.8701,-8.727,-0.4224,24919.22,0.766357
865001.TI,20220208,2021.873,2071.905,2021.172,2066.279,2023.097,73.2038,43.182,2.1345,25802.85,0.793532
865001.TI,20220207,2010.031,2033.237,2006.077,2023.097,2009.287,74.6322,13.81,0.6873,19524.32,0.600582
865001.TI,20220204,2012.751,2018.194,1971.389,2009.287,2018.859,79.8581,-9.572,-0.4741,32226.36,0.991306
865001.TI,20220203,2055.43,2055.43,2014.436,2018.859,2062.206,84.5212,-43.347,-2.102,43232.08,1.32985
865001.TI,20220202,2073.132,2080.289,2054.858,2062.206,2071.942,81.0421,-9.736,-0.4699,20356.36,0.626176
865001.TI,20220201,2056.434,2073.879,2046.424,2071.942,2066.541,75.9097,5.401,0.2614,24016.54,0.738766
865001.TI,20220131,2053.384,2075.673,2045.11,2066.541,2057.905,89.2536,8.636,0.4197,36396.33,1.119578
865001.TI,20220128,2031.517,2057.905,2009.081,2057.905,2036.709,74.4584,21.196,1.0407,20900.72,0.642921
865001.TI,20220127,2075.027,2091.623,2032.249,2036.709,2063.057,73.5424,-26.348,-1.2771,21090.89,0.648771
865001.TI,20220126,2100.007,2115.126,2048.754,2063.057,2080.621,73.233,-17.564,-0.8442,23999.2,0.738233
865001.TI,20220125,2056.62,2096.489,2053.037,2080.621,2076.31,79.8727,4.311,0.2076,29433.28,0.905389
865001.TI,20220124,2011.814,2086.848,2011.814,2076.31,2043.538,73.7025,32.772,1.6037,26887.31,0.827073
865001.TI,20220121,2035.554,2081.318,2026.425,2043.538,2055.628,91.3823,-12.09,-0.5881,51981.19,1.598979
865001.TI,20220120,2078.745,2092.746,2052.914,2055.628,2073.398,72.8095,-17.77,-0.857,24289.38,0.747159
865001.TI,20220119,2082.35,2096.911,2070.552,2073.398,2081.938,79.204,-8.54,-0.4102,25758.14,0.792339
865001.TI,20220118,2113.247,2113.247,2079.751,2081.938,2119.278,87.0572,-37.34,-1.7619,22603.68,0.695306
865001.TI,20220114,2114.368,2121.683,2101.707,2119.278,2130.744,96.3982,-11.466,-0.5381,21757.95,0.66929
865001.TI,20220113,2132.074,2145.972,2127.959,2130.744,2129.286,92.43,1.458,0.0685,16601.28,0.510667
865001.TI,20220112,2140.494,2147.879,2118.24,2129.286,2136.677,79.928,-7.391,-0.3459,14025.52,0.431435
865001.TI,20220111,2135.472,2137.347,2106.841,2136.677,2132.123,94.6855,4.554,0.2136,13735.39,0.422511
865001.TI,20220110,2133.103,2136.431,2110.178,2132.123,2140.532,90.0705,-8.409,-0.3928,15744.54,0.484313
865001.TI,20220107,2178.651,2181.523,2139.2,2140.532,2190.086,84.2775,-49.554,-2.2627,13652.09,0.419948
865001.TI,20220106,2181.256,2199.435,2176.868,2190.086,2178.644,82.9704,11.442,0.5252,13483.67,0.414767
865001.TI,20220105,2208.329,2213.155,2173.851,2178.644,2200.36,85.6767,-21.716,-0.9869,18612.47,0.572533
865001.TI,20220104,2207.65,2226.557,2199.223,2200.36,2207.559,94.1913,-7.199,-0.3261,14924.52,0.459089
865001.TI,20220103,2224.578,2228.851,2198.568,2207.559,2220.097,82.6372,-12.538,-0.5648,14294.54,0.43971
865001.TI,20211231,2209.412,2229.004,2199.781,2220.097,2208.616,89.7544,11.481,0.5198,7798.76,0.239896
865001.TI,20211230,2207.898,2221.936,2203.972,2208.616,2211.95,93.0775,-3.334,-0.1507,7223.59,0.222203
865001.TI,20211229,2199.542,2214.363,2199.121,2211.95,2194.516,95.7155,17.434,0.7944,10762.37,0.331058
865001.TI,20211228,2189.29,2204.935,2176.024,2194.516,2189.42,75.9662,5.096,0.2328,8745.69,0.269024
865001.TI,20211227,2170.999,2190.249,2168.678,2189.42,2168.235,96.8074,21.185,0.9771,11984.74,0.368659
865001.TI,20211223,2175.925,2177.647,2161.449,2168.235,2158.35,93.5062,9.885,0.458,8843.23,0.272024
865001.TI,20211222,2126.238,2158.35,2126.238,2158.35,2132.828,92.9644,25.522,1.1966,9058.74,0.278653
865001.TI,20211221,2126.694,2138.815,2117.486,2132.828,2110.759,90.8973,22.069,1.0455,12894.62,0.396648
865001.TI,20211220,2088.284,2117.579,2084.694,2110.759,2133.11,88.035,-22.351,-1.0478,17117.47,0.526546
865001.TI,20211217,2119.875,2137.834,2102.625,2133.11,2119.472,87.5448,13.638,0.6435,31701.24,0.975153
865001.TI,20211216,2130.567,2153.995,2107.887,2119.472,2117.16,99.3429,2.312,0.1092,23073.34,0.709753
865001.TI,20211215,2097.299,2122.266,2086.581,2117.16,2090.702,99.0569,26.458,1.2655,26371.7,0.811213
865001.TI,20211214,2119.279,2124.412,2084.974,2090.702,2119.535,95.1448,-28.833,-1.3603,18812.4,0.578683
865001.TI,20211213,2097.841,2134.996,2090.955,2119.535,2106.515,106.4764,13.02,0.6181,21625.52,0.665217
865001.TI,20211210,2119.693,2130.074,2097.65,2106.515,2110.183,104.9789,-3.668,-0.1738,13017.12,0.400416
865001.TI,20211209,2133.519,2135.628,2105.876,2110.183,2141.601,97.2945,-31.418,-1.467,12230.07,0.376206
865001.TI,20211208,2126.343,2148.369,2123.903,2141.601,2129.086,100.5219,12.515,0.5878,12551.47,0.386092
865001.TI,20211207,2116.319,2141.141,2116.319,2129.086,2110.243,100.0473,18.843,0.8929,15482.52,0.476254
865001.TI,20211206,2100.035,2112.871,2091.193,2110.243,2084.453,99.1134,25.79,1.2373,14612.9,0.449503
865001.TI,20211203,2120.521,2120.521,2070.959,2084.453,2102.982,101.9339,-18.529,-0.8811,22503.61,0.692227
865001.TI,20211202,2069.164,2107.301,2068.667,2102.982,2062.644,100.7586,40.338,1.9556,21374.76,0.657503
865001.TI,20211201,2112.625,2123.78,2062.595,2062.644,2089.533,94.2981,-26.889,-1.2868,17051.26,0.524509
865001.TI,20211130,2115.016,2119.377,2082.45,2089.533,2129.952,100.7894,-40.419,-1.8976,29904.37,0.91988
865001.TI,20211129,2135.786,2142.455,2104.934,2129.952,2119.773,101.4795,10.179,0.4802,17797.74,0.547471
865001.TI,20211126,2141.511,2149.633,2092.699,2119.773,2184.552,95.2529,-64.779,-2.9653,14677.63,0.451495
865001.TI,20211124,2197.854,2206.596,2180.132,2184.552,2213.386,108.4711,-28.834,-1.3027,14206.98,0.437017
865001.TI,20211123,2214.42,2221.5,2192.783,2213.386,2212.563,95.4557,0.823,0.0372,9825.88,0.302251
865001.TI,20211122,2192.814,2229.752,2192.814,2212.563,2191.031,95.9813,21.532,0.9827,11117.67,0.341988
865001.TI,20211119,2175.96,2201.369,2174.672,2191.031,2184.241,97.1812,6.79,0.3109,11260.6,0.346384
865001.TI,20211118,2182.545,2185.18,2156.946,2184.241,2177.008,87.0235,7.233,0.3322,9333.37,0.287101
865001.TI,20211117,2175.796,2182.711,2169.031,2177.008,2177.183,85.8496,-0.175,-0.008,9797.48,0.301378
865001.TI,20211116,2164.462,2180.203,2159.585,2177.183,2163.699,90.0542,13.484,0.6232,12437.04,0.382572
865001.TI,20211115,2192.295,2192.732,2156.984,2163.699,2185.456,91.4983,-21.757,-0.9955,10892.98,0.335076
865001.TI,20211112,2175.432,2189.486,2166.388,2185.456,2164.669,91.4316,20.787,0.9603,11573.82,0.356019
865001.TI,20211111,2167.936,2178.854,2156.634,2164.669,2162.118,80.6564,2.551,0.118,10744.84,0.330519
865001.TI,20211110,2168.813,2168.813,2144.56,2162.118,2160.636,75.9957,1.482,0.0686,13546.98,0.416715
865001.TI,20211109,2153.424,2170.182,2140.084,2160.636,2130.791,75.3661,29.845,1.4007,10931.83,0.336271
865001.TI,20211108,2160.995,2160.995,2117.282,2130.791,2099.619,80.2024,31.172,1.4847,13736.35,0.42254
865001.TI,20211105,2083.15,2111.524,2066.651,2099.619,2066.338,76.7989,33.281,1.6106,16439.59,0.505694
865001.TI,20211104,2056.971,2070.32,2046.472,2066.338,2042.762,79.6754,23.576,1.1541,13297.0,0.409046
865001.TI,20211103,2048.035,2048.232,2015.783,2042.762,2020.953,85.8856,21.809,1.0791,15217.25,0.468117
865001.TI,20211102,2025.569,2028.809,2013.336,2020.953,2031.972,105.757,-11.019,-0.5423,15147.45,0.46597
865001.TI,20211101,2043.821,2043.821,2020.093,2031.972,2036.631,90.5396,-4.659,-0.2288,12192.55,0.375071
865001.TI,20211029,2026.527,2040.737,2023.597,2036.631,2032.104,97.3468,4.527,0.2228,11482.91,0.35345
865001.TI,20211028,2000.362,2032.237,2000.354,2032.104,1996.665,89.3061,35.439,1.7749,9237.04,0.284326
865001.TI,20211027,2012.304,2018.023,1994.912,1996.665,2014.828,89.8818,-18.163,-0.9015,8698.97,0.267764
865001.TI,20211026,2024.198,2031.248,2013.22,2014.828,2014.539,77.1633,0.289,0.0143,12764.53,0.392906
865001.TI,20211025,2002.572,2021.062,1995.535,2014.539,2001.113,72.9034,13.426,0.6709,11929.04,0.367248
865001.TI,20211022,1995.558,2006.997,1994.035,2001.113,1997.48,88.5432,3.633,0.1819,8857.4,0.272684
865001.TI,20211021,1990.997,1999.031,1983.69,1997.48,1989.128,86.2714,8.352,0.4199,9781.75,0.301141
865001.TI,20211020,1983.034,1997.982,1982.726,1989.128,1981.119,86.7989,8.009,0.4043,10150.81,0.312503
865001.TI,20211019,1980.926,1985.082,1972.111,1981.119,1976.022,90.4161,5.097,0.2579,8697.5,0.267762
865001.TI,20211018,1976.842,1984.629,1970.086,1976.022,1985.081,88.6211,-9.059,-0.4564,9650.24,0.297093
865001.TI,20211015,2001.641,2007.564,1981.502,1985.081,1983.167,77.5893,1.914,0.0965,18657.9,0.574403
865001.TI,20211014,1977.767,1984.133,1969.84,1983.167,1955.199,92.6641,27.968,1.4304,10337.08,0.318238
865001.TI,20211013,1967.284,1967.349,1944.62,1955.199,1959.245,88.519,-4.046,-0.2065,8546.58,0.263115
865001.TI,20211012,1960.235,1966.086,1949.786,1959.245,1953.885,88.5536,5.36,0.2743,8838.09,0.27209
865001.TI,20211011,1993.047,1994.53,1948.985,1953.885,1990.01,81.1025,-36.125,-1.8153,9709.6,0.29892
865001.TI,20211008,2000.781,2004.877,1985.856,1990.01,1996.856,88.7542,-6.846,-0.3428,10209.46,0.314309
865001.TI,20211007,1991.686,2011.707,1989.191,1996.856,1983.063,91.6579,13.793,0.6955,11616.18,0.357616
865001.TI,20211006,1950.022,1985.486,1948.353,1983.063,1960.053,88.9963,23.01,1.1739,10598.0,0.326271
865001.TI,20211005,1953.218,1963.925,1944.51,1960.053,1947.078,99.4324,12.975,0.6664,14611.77,0.449839
865001.TI,20211004,1937.44,1949.618,1928.159,1947.078,1939.986,100.7126,7.092,0.3656,13876.12,0.427191
865001.TI,20211001,1938.589,1951.086,1925.948,1939.986,1936.775,100.7433,3.211,0.1658,19645.24,0.604799
865001.TI,20210930,1970.072,1976.984,1936.483,1936.775,1969.771,109.0355,-32.996,-1.6751,17639.18,0.543041
865001.TI,20210929,1969.263,1977.097,1961.891,1969.771,1966.24,111.8582,3.531,0.1796,14146.47,0.435514
865001.TI,20210928,1993.733,1993.733,1961.823,1966.24,1999.772,95.6499,-33.532,-1.6768,16244.73,0.500111
865001.TI,20210927,1969.884,2018.443,1969.448,1999.772,1970.686,85.2441,29.086,1.4759,11664.95,0.359118
865001.TI,20210924,1959.136,1977.555,1954.14,1970.686,1962.923,88.3256,7.763,0.3955,8650.97,0.266329
865001.TI,20210923,1954.218,1977.987,1953.395,1962.923,1945.109,78.2962,17.814,0.9158,12646.36,0.389332
865001.TI,20210922,1950.067,1963.062,1944.244,1945.109,1940.798,69.8084,4.311,0.2221,16565.22,0.509978
865001.TI,20210921,1961.098,1963.196,1938.912,1940.798,1949.07,90.9673,-8.272,-0.4244,11467.17,0.353029
865001.TI,20210920,1951.193,1959.967,1934.428,1949.07,1979.125,92.2886,-30.055,-1.5186,12699.48,0.390967
865001.TI,20210917,1998.292,2005.48,1969.136,1979.125,1992.429,76.164,-13.304,-0.6677,41236.26,1.269502
865001.TI,20210916,1994.206,2002.095,1976.026,1992.429,1992.838,82.1332,-0.409,-0.0205,9041.12,0.27834
865001.TI,20210915,1999.923,2004.256,1981.019,1992.838,1992.9,93.1529,-0.062,-0.0031,11536.45,0.355162
865001.TI,20210914,2014.926,2018.036,1987.487,1992.9,1998.905,94.1807,-6.005,-0.3004,9520.4,0.293096
865001.TI,20210913,2039.572,2049.967,1990.552,1998.905,2019.711,91.196,-20.806,-1.0301,15008.93,0.462066
865001.TI,20210910,2058.623,2061.804,2017.444,2019.711,2046.972,89.0294,-27.261,-1.3318,12213.49,0.376005
865001.TI,20210909,2074.513,2074.513,2046.972,2046.972,2070.675,111.9528,-23.703,-1.1447,14443.47,0.444657
865001.TI,20210908,2065.737,2074.185,2059.334,2070.675,2071.026,103.6897,-0.351,-0.0169,11463.38,0.352912
865001.TI,20210907,2078.079,2087.108,2056.169,2071.026,2081.128,100.9223,-10.102,-0.4854,12322.04,0.379347
865001.TI,20210903,2086.728,2088.421,2064.715,2081.128,2086.417,103.667,-5.289,-0.2535,9090.33,0.279855
865001.TI,20210902,2086.073,2097.498,2081.867,2086.417,2078.02,105.941,8.397,0.4041,12937.87,0.398306
865001.TI,20210901,2062.982,2083.686,2055.741,2078.02,2056.712,99.2956,21.308,1.036,12111.71,0.372872
865001.TI,20210831,2059.903,2068.087,2054.521,2056.712,2057.169,94.5337,-0.457,-0.0222,18358.8,0.565195
865001.TI,20210830,2045.35,2063.52,2040.74,2057.169,2040.46,99.5867,16.709,0.8189,9553.85,0.294125
865001.TI,20210827,2026.816,2058.055,2026.816,2040.46,2019.985,100.6941,20.475,1.0136,11747.48,0.361659
865001.TI,20210826,2036.398,2040.625,2018.125,2019.985,2039.86,110.1588,-19.875,-0.9743,13026.9,0.401047
865001.TI,20210825,2042.016,2052.854,2036.856,2039.86,2042.833,97.0196,-2.973,-0.1455,7998.72,0.246249
865001.TI,20210824,2044.138,2050.107,2036.42,2042.833,2039.42,87.3707,3.413,0.1674,9374.37,0.2886
865001.TI,20210823,2017.526,2044.623,2017.526,2039.42,2012.637,106.1123,26.783,1.3307,11331.97,0.348867
865001.TI,20210820,1993.988,2014.699,1993.191,2012.637,1998.51,80.313,14.127,0.7069,10074.79,0.310163
865001.TI,20210819,1990.565,2000.989,1983.725,1998.51,1999.658,94.5015,-1.148,-0.0574,12809.46,0.394353
865001.TI,20210818,2013.968,2021.415,1995.33,1999.658,2016.356,94.2072,-16.698,-0.8281,9928.23,0.305651
865001.TI,20210817,2036.195,2036.195,2005.482,2016.356,2042.414,94.4351,-26.058,-1.2758,11513.24,0.354447
865001.TI,20210816,2044.847,2050.308,2030.997,2042.414,2050.086,96.761,-7.672,-0.3742,11170.19,0.343886
865001.TI,20210813,2043.934,2051.075,2037.029,2050.086,2039.465,95.9097,10.621,0.5208,9347.69,0.287778
865001.TI,20210812,2050.127,2053.365,2029.335,2039.465,2048.562,96.7661,-9.097,-0.4441,13291.5,0.409193
865001.TI,20210811,2036.663,2049.309,2033.123,2048.562,2038.226,89.4262,10.336,0.5071,11786.3,0.362854
865001.TI,20210810,2017.298,2038.226,2015.069,2038.226,2016.888,92.5054,21.338,1.058,11192.34,0.344568
865001.TI,20210809,2034.732,2038.747,2011.66,2016.888,2038.819,94.0236,-21.931,-1.0757,9685.32,0.298173
865001.TI,20210806,2056.806,2063.808,2038.819,2038.819,2050.831,104.1639,-12.012,-0.5857,11802.35,0.363348
865001.TI,20210805,2013.118,2051.519,2013.118,2050.831,2023.708,84.1993,27.123,1.3403,13592.74,0.418531
865001.TI,20210804,2029.981,2035.961,2020.388,2023.708,2036.854,93.9603,-13.146,-0.6454,15746.58,0.484849
865001.TI,20210803,2013.594,2038.804,1992.989,2036.854,2007.335,96.5567,29.519,1.4706,20536.97,0.632349
865001.TI,20210802,2015.888,2038.864,2003.744,2007.335,2008.416,83.9362,-1.081,-0.0538,12883.76,0.396701
865001.TI,20210730,1998.865,2015.869,1996.614,2008.416,1998.752,95.6059,9.664,0.4835,10925.9,0.336706
865001.TI,20210729,1989.472,2000.629,1985.013,1998.752,1977.91,86.242,20.842,1.0537,8928.28,0.275146
865001.TI,20210728,1982.718,1982.718,1962.073,1977.91,1978.364,92.7831,-0.454,-0.0229,11176.86,0.344441
865001.TI,20210727,1964.504,1985.129,1963.3,1978.364,1979.123,92.3315,-0.759,-0.0384,7652.12,0.235826
865001.TI,20210726,1980.169,1983.083,1966.993,1979.123,1969.315,94.5341,9.808,0.498,8473.83,0.261339
865001.TI,20210723,1954.896,1973.777,1950.669,1969.315,1945.833,88.1275,23.482,1.2068,7771.53,0.239679
865001.TI,20210722,1966.014,1966.014,1942.325,1945.833,1965.494,80.4111,-19.661,-1.0003,8307.28,0.256202
865001.TI,20210721,1972.279,1985.004,1963.252,1965.494,1959.696,75.5709,5.798,0.2959,12746.31,0.393105
865001.TI,20210720,1931.77,1982.3,1931.551,1959.696,1927.865,85.811,31.831,1.6511,19465.25,0.600322
865001.TI,20210719,1943.001,1943.001,1911.04,1927.865,1954.313,79.3867,-26.448,-1.3533,18003.89,0.555252
865001.TI,20210716,1933.42,1963.048,1933.42,1954.313,1929.348,83.5423,24.965,1.294,17583.14,0.542276
865001.TI,20210715,1921.096,1929.348,1908.129,1929.348,1927.636,87.8309,1.712,0.0888,15610.85,0.481449
865001.TI,20210714,1955.988,1957.909,1913.55,1927.636,1950.718,88.2583,-23.082,-1.1833,49218.3,1.517926
865001.TI,20210713,1914.25,1960.708,1914.25,1950.718,1924.128,94.5795,26.59,1.3819,28637.62,0.883204
865001.TI,20210712,1914.322,1924.289,1887.659,1924.128,1900.373,81.8894,23.755,1.25,12249.45,0.377781
865001.TI,20210709,1892.216,1904.26,1891.506,1900.373,1881.329,72.6099,19.044,1.0123,13972.9,0.430934
865001.TI,20210708,1887.6,1902.289,1872.545,1881.329,1907.626,83.3734,-26.297,-1.3785,14206.24,0.43813
865001.TI,20210707,1907.935,1910.375,1890.979,1907.626,1903.342,98.0752,4.284,0.2251,19793.53,0.610446
865001.TI,20210706,1946.347,1946.347,1888.683,1903.342,1942.408,73.9765,-39.066,-2.0112,19492.18,0.601152
865001.TI,20210702,1952.075,1955.159,1934.593,1942.408,1946.229,67.6693,-3.821,-0.1963,12264.51,0.378246
865001.TI,20210701,1938.71,1950.461,1932.06,1946.229,1918.482,60.5804,27.747,1.4463,14825.06,0.457215
865001.TI,20210630,1903.641,1934.988,1901.113,1918.482,1897.532,56.9095,20.95,1.1041,23055.79,0.711056
865001.TI,20210629,1920.121,1922.993,1895.639,1897.532,1913.884,73.0256,-16.352,-0.8544,14746.17,0.454782
865001.TI,20210628,1919.184,1926.846,1912.033,1913.884,1913.267,83.2778,0.617,0.0322,15706.09,0.484387
865001.TI,20210625,1922.238,1931.546,1913.119,1913.267,1914.977,74.865,-1.71,-0.0893,15000.29,0.462619
865001.TI,20210624,1894.251,1917.453,1880.502,1914.977,1883.488,65.6125,31.489,1.6718,16766.66,0.517095
865001.TI,20210623,1909.451,1910.428,1881.254,1883.488,1905.581,78.0242,-22.093,-1.1594,24638.68,0.759874
865001.TI,20210622,1918.032,1925.021,1894.954,1905.581,1918.849,81.0753,-13.268,-0.6915,16126.81,0.497362
865001.TI,20210621,1914.372,1925.292,1910.509,1918.849,1894.122,77.8152,24.727,1.3055,14068.76,0.43389
865001.TI,20210618,1949.732,1953.865,1892.668,1894.122,1969.615,83.2946,-75.493,-3.8329,36484.88,1.125219
865001.TI,20210617,1988.159,1991.723,1966.055,1969.615,1988.327,80.8501,-18.712,-0.9411,18527.12,0.571389
865001.TI,20210616,2011.308,2011.308,1988.078,1988.327,2010.836,86.1866,-22.509,-1.1194,16046.16,0.494875
865001.TI,20210615,2022.165,2022.165,2002.846,2010.836,2013.358,76.0626,-2.522,-0.1253,15237.12,0.469923
865001.TI,20210611,2034.952,2034.952,2014.999,2021.117,2024.747,74.3891,-3.63,-0.1793,15124.29,0.466443
865001.TI,20210610,2051.824,2051.824,2020.294,2024.747,2042.87,80.0762,-18.123,-0.8871,14003.68,0.431883
865001.TI,20210609,2055.108,2057.512,2040.733,2042.87,2051.402,78.1398,-8.532,-0.4159,13035.31,0.402018
865001.TI,20210608,2047.074,2054.502,2036.163,2051.402,2044.169,76.779,7.233,0.3538,10593.9,0.326723
865001.TI,20210607,2035.983,2044.974,2030.708,2044.169,2031.644,75.6759,12.525,0.6165,13013.43,0.401343
865001.TI,20210604,2023.525,2034.675,2015.617,2031.644,2018.377,63.2752,13.267,0.6573,16378.3,0.505118
865001.TI,20210603,1988.768,2018.377,1985.765,2018.377,2004.079,75.2695,14.298,0.7134,15155.96,0.46742
865001.TI,20210602,2005.09,2005.09,1991.516,2004.079,2000.869,65.866,3.21,0.1604,13382.0,0.41271
865001.TI,20210601,1983.806,2007.47,1983.806,2000.869,1995.419,74.791,5.45,0.2731,13992.8,0.431547
865001.TI,20210528,2002.283,2003.252,1992.366,1995.419,1998.858,80.737,-3.439,-0.172,9829.4,0.303145
865001.TI,20210527,1998.762,2006.904,1995.98,1998.858,1992.959,80.9933,5.899,0.296,15112.57,0.466082
865001.TI,20210526,1973.911,1993.469,1970.804,1992.959,1973.406,81.2827,19.553,0.9908,19849.95,0.612186
865001.TI,20210525,1981.27,1988.701,1972.348,1973.406,1975.157,82.4782,-1.751,-0.0887,16475.46,0.508114
865001.TI,20210524,1979.339,1984.455,1970.652,1975.157,1976.892,83.6114,-1.735,-0.0878,10094.09,0.311309
865001.TI,20210521,1967.225,1977.505,1956.517,1976.892,1954.767,81.0494,22.125,1.1318,12065.64,0.372113
865001.TI,20210520,1946.891,1954.767,1935.888,1954.767,1944.73,74.0545,10.037,0.5161,16780.3,0.517516
865001.TI,20210519,1938.667,1947.542,1916.509,1944.73,1947.546,81.2979,-2.816,-0.1446,18590.88,0.573355
865001.TI,20210518,1963.369,1963.369,1947.546,1947.546,1964.461,67.2625,-16.915,-0.8611,13344.08,0.411541
865001.TI,20210517,1954.219,1966.785,1944.531,1964.461,1955.056,70.8387,9.405,0.4811,9466.03,0.29196
865001.TI,20210514,1951.77,1962.641,1942.659,1955.056,1940.179,75.8908,14.877,0.7668,9903.74,0.30546
865001.TI,20210513,1898.349,1947.405,1897.877,1940.179,1893.151,72.571,47.028,2.4841,11357.96,0.350312
865001.TI,20210512,1938.914,1938.914,1891.532,1893.151,1950.206,75.5397,-57.055,-2.9256,16344.89,0.504124
865001.TI,20210511,1945.618,1959.696,1935.576,1950.206,1964.966,79.4919,-14.76,-0.7512,15244.49,0.470184
865001.TI,20210510,1988.557,1993.782,1961.511,1964.966,1981.895,75.536,-16.929,-0.8542,12908.51,0.398136
865001.TI,20210507,1964.429,1986.833,1958.312,1981.895,1971.23,79.374,10.665,0.541,13837.17,0.426852
865001.TI,20210506,1959.487,1971.23,1951.485,1971.23,1959.086,84.0777,12.144,0.6199,13361.65,0.412183
865001.TI,20210430,1945.888,1960.171,1942.89,1956.272,1948.445,74.5333,7.827,0.4017,14273.92,0.440325
865001.TI,20210429,1947.81,1952.956,1939.232,1948.445,1938.975,68.54,9.47,0.4884,11350.78,0.350152
865001.TI,20210428,1939.941,1942.61,1930.379,1938.975,1940.04,76.8375,-1.065,-0.0549,8189.14,0.252621
865001.TI,20210427,1947.615,1952.76,1930.664,1940.04,1949.857,75.8902,-9.817,-0.5035,9703.25,0.299357
865001.TI,20210426,1968.937,1972.084,1949.578,1949.857,1959.035,68.9587,-9.178,-0.4685,10378.85,0.3202
865001.TI,20210423,1949.004,1970.559,1945.434,1959.035,1939.847,65.8645,19.188,0.9892,10239.38,0.315897
865001.TI,20210422,1948.113,1955.938,1939.421,1939.847,1941.203,62.6744,-1.356,-0.0699,12055.92,0.371939
865001.TI,20210421,1917.494,1946.396,1917.494,1941.203,1932.667,72.5897,8.536,0.4417,10450.92,0.322423
865001.TI,20210420,1937.758,1946.224,1921.338,1932.667,1942.419,63.8666,-9.752,-0.5021,12095.27,0.373153
865001.TI,20210419,1957.052,1958.706,1918.344,1942.419,1960.619,61.7373,-18.2,-0.9283,12574.66,0.387995
865001.TI,20210416,1961.49,1968.294,1942.192,1960.619,1949.235,75.1984,11.384,0.584,13963.51,0.430849
865001.TI,20210415,1940.457,1949.911,1928.539,1949.235,1933.754,78.8163,15.481,0.8006,11104.9,0.342645
865001.TI,20210414,1926.806,1941.117,1921.905,1933.754,1927.054,63.1718,6.7,0.3477,10238.97,0.315927
865001.TI,20210413,1939.699,1939.699,1920.204,1927.054,1940.966,68.0658,-13.912,-0.7168,9790.93,0.302102
865001.TI,20210412,1925.238,1947.767,1919.428,1940.966,1923.865,58.7101,17.101,0.8889,12952.4,0.39965
865001.TI,20210409,1902.348,1923.865,1902.348,1923.865,1907.404,72.3179,16.461,0.863,13903.51,0.429002
865001.TI,20210408,1937.411,1937.411,1903.594,1907.404,1929.143,47.7129,-21.739,-1.1269,19967.62,0.616713
865001.TI,20210407,1962.046,1962.904,1924.069,1929.143,1958.017,66.0057,-28.874,-1.4747,13322.09,0.411462
865001.TI,20210406,1966.903,1971.681,1954.994,1958.017,1959.866,68.8618,-1.849,-0.0943,14822.42,0.4578
865001.TI,20210401,1941.394,1944.552,1921.959,1939.5,1934.485,63.7789,5.015,0.2592,16148.15,0.498746
865001.TI,20210331,1923.333,1941.279,1916.744,1934.485,1912.754,59.819,21.731,1.1361,25925.81,0.800736
865001.TI,20210330,1890.404,1921.878,1890.404,1912.754,1894.38,59.7691,18.374,0.9699,18858.13,0.582446
865001.TI,20210329,1910.415,1913.163,1891.215,1894.38,1908.814,63.0732,-14.434,-0.7562,17329.61,0.535236
865001.TI,20210326,1890.397,1909.715,1888.967,1908.814,1878.212,64.1804,30.602,1.6293,16552.93,0.510687
865001.TI,20210325,1863.623,1886.877,1845.131,1878.212,1866.023,63.8735,12.189,0.6532,21775.15,0.671801
865001.TI,20210324,1857.276,1900.118,1857.276,1866.023,1855.69,68.062,10.333,0.5568,20428.63,0.630259
865001.TI,20210323,1894.662,1894.662,1851.958,1855.69,1883.537,63.1545,-27.847,-1.4784,21490.36,0.663015
865001.TI,20210322,1925.24,1937.147,1876.343,1883.537,1931.383,70.2535,-47.846,-2.4773,20552.02,0.634065
865001.TI,20210319,1894.675,1931.461,1883.213,1931.383,1900.54,61.6044,30.843,1.6229,51574.5,1.593468
865001.TI,20210318,1911.09,1937.679,1900.374,1900.54,1913.032,71.6826,-12.492,-0.653,22718.98,0.701935
865001.TI,20210317,1923.285,1928.638,1908.346,1913.032,1921.238,65.4579,-8.206,-0.4271,18106.59,0.559429
865001.TI,20210316,1927.992,1944.117,1906.493,1921.238,1940.89,54.5317,-19.652,-1.0125,21786.72,0.673132
865001.TI,20210315,1942.465,1942.54,1922.427,1940.89,1944.016,60.9057,-3.126,-0.1608,20657.94,0.638257
865001.TI,20210312,1916.019,1944.825,1907.12,1944.016,1906.588,51.7427,37.428,1.9631,18267.26,0.564393
865001.TI,20210311,1916.91,1916.91,1897.06,1906.588,1902.032,55.629,4.556,0.2395,14577.64,0.450425
865001.TI,20210310,1878.655,1906.488,1866.816,1902.032,1868.092,64.5102,33.94,1.8168,21722.26,0.671182
865001.TI,20210309,1845.905,1888.017,1844.528,1868.092,1839.551,59.1812,28.541,1.5515,22601.54,0.698351
865001.TI,20210308,1824.049,1862.952,1820.911,1839.551,1827.051,46.3358,12.5,0.6842,25920.15,0.800897
865001.TI,20210305,1796.699,1828.758,1783.56,1827.051,1781.266,51.8556,45.785,2.5704,30121.07,0.93073
865001.TI,20210304,1786.946,1812.693,1773.641,1781.266,1792.084,44.3422,-10.818,-0.6037,35166.34,1.086628
865001.TI,20210303,1844.711,1847.599,1790.244,1792.084,1837.646,39.8747,-45.562,-2.4794,45034.55,1.391552
865001.TI,20210302,1790.228,1864.276,1790.228,1837.646,1857.128,49.7961,-19.482,-1.049,28550.65,0.882205
865001.TI,20210301,1834.315,1868.484,1834.315,1857.128,1815.238,43.9311,41.89,2.3077,36189.5,1.118274
865001.TI,20210226,1840.75,1854.172,1811.833,1815.238,1839.252,46.3306,-24.014,-1.3056,49742.09,1.53756
865001.TI,20210225,1888.255,1895.178,1839.252,1839.252,1881.895,50.7257,-42.643,-2.266,32132.42,0.993107
865001.TI,20210224,1856.578,1890.672,1837.192,1881.895,1850.555,51.3759,31.34,1.6935,43345.53,1.339673
865001.TI,20210223,1833.889,1854.23,1817.132,1850.555,1837.544,39.5634,13.011,0.7081,52555.51,1.624325
865001.TI,20210222,1820.959,1843.552,1816.05,1837.544,1813.842,35.5884,23.702,1.3067,63319.68,1.960609
865001.TI,20210219,1786.917,1822.569,1786.917,1813.842,1784.508,71.7683,29.334,1.6438,16519.64,0.511508
865001.TI,20210218,1809.082,1809.082,1781.508,1784.508,1809.401,74.8736,-24.893,-1.3758,16904.45,0.523424
865001.TI,20210210,1876.868,1886.577,1852.087,1855.899,1872.262,74.4626,-16.363,-0.874,16976.64,0.525659
865001.TI,20210209,1877.673,1882.107,1852.393,1872.262,1874.593,75.3587,-2.331,-0.1243,17760.7,0.549936
865001.TI,20210208,1880.802,1880.802,1857.357,1874.593,1845.6,79.7993,28.993,1.5709,17898.56,0.554205
865001.TI,20210205,1844.659,1851.813,1826.272,1845.6,1838.124,77.9248,7.476,0.4067,17733.41,0.549091
865001.TI,20210204,1802.589,1838.178,1800.636,1838.124,1801.526,83.6598,36.598,2.0315,33778.94,1.045919
865001.TI,20210203,1780.221,1813.361,1780.221,1801.526,1813.293,82.5897,-11.767,-0.6489,31781.38,0.984068
865001.TI,20210202,1810.951,1816.147,1791.304,1813.293,1791.305,75.7567,21.988,1.2275,18890.32,0.584913
865001.TI,20210201,1773.829,1795.074,1759.323,1791.305,1759.393,68.8678,31.912,1.8138,19008.9,0.588891
865001.TI,20210128,1749.786,1773.736,1744.399,1759.393,1735.765,71.5674,23.628,1.3612,22722.52,0.703938
865001.TI,20210127,1773.028,1773.028,1717.363,1735.765,1806.35,63.608,-70.585,-3.9076,40553.79,1.256347
865001.TI,20210126,1805.449,1827.163,1797.046,1806.35,1790.831,67.4736,15.519,0.8666,25545.18,0.791384
865001.TI,20210125,1820.352,1824.435,1773.794,1790.831,1820.837,75.3938,-30.006,-1.6479,19545.18,0.605505
865001.TI,20210122,1803.179,1824.741,1776.58,1820.837,1808.252,71.71,12.585,0.696,21248.19,0.658264
865001.TI,20210121,1824.019,1827.348,1797.677,1808.252,1824.073,69.085,-15.821,-0.8673,21401.17,0.663003
865001.TI,20210120,1813.024,1829.41,1807.036,1824.073,1809.308,62.3831,14.765,0.8161,17029.17,0.52756
865001.TI,20210119,1801.55,1823.279,1792.758,1809.308,1789.425,63.1735,19.883,1.1111,26374.27,0.817069
865001.TI,20210115,1770.129,1793.726,1758.432,1789.425,1785.539,63.3153,3.886,0.2176,21826.33,0.676175
865001.TI,20210114,1765.836,1794.62,1761.18,1785.539,1753.184,62.7834,32.355,1.8455,19931.6,0.617476
865001.TI,20210113,1780.198,1781.238,1747.14,1753.184,1771.574,72.0901,-18.39,-1.0381,19697.32,0.610218
865001.TI,20210112,1758.932,1775.834,1747.949,1771.574,1750.149,72.5926,21.425,1.2242,21884.58,0.677979
865001.TI,20210111,1744.241,1755.529,1737.593,1750.149,1769.26,67.6397,-19.111,-1.0802,24023.94,0.744256
865001.TI,20210108,1794.75,1794.75,1730.536,1769.26,1784.259,70.3826,-14.999,-0.8406,28845.99,0.893642
865001.TI,20210107,1773.413,1789.401,1763.616,1784.259,1758.06,67.7888,26.199,1.4902,29247.65,0.906085
865001.TI,20210106,1674.652,1776.614,1673.672,1758.06,1641.826,49.9257,116.234,7.0796,29627.45,0.917852
865001.TI,20210105,1630.904,1651.2,1629.08,1641.826,1630.469,68.1681,11.357,0.6965,17075.93,0.529008
865001.TI,20210104,1660.476,1675.89,1619.919,1630.469,1664.753,60.765,-34.284,-2.0594,16504.78,0.511314
865001.TI,20201231,1660.706,1671.229,1649.42,1664.753,1655.407,51.3614,9.346,0.5646,13224.26,0.409685
865001.TI,20201230,1644.595,1664.229,1638.11,1655.407,1650.336,52.6698,5.071,0.3073,10815.8,0.335071
865001.TI,20201229,1686.162,1686.162,1639.053,1650.336,1677.619,55.3689,-27.283,-1.6263,11763.17,0.36442
865001.TI,20201228,1682.567,1689.898,1667.211,1677.619,1666.457,48.6508,11.162,0.6698,11813.21,0.365971
865001.TI,20201224,1663.327,1668.849,1648.792,1666.457,1655.64,51.7056,10.817,0.6533,6571.63,0.203588
865001.TI,20201223,1654.729,1673.935,1648.36,1655.64,1640.389,57.1094,15.251,0.9297,13221.58,0.409601
865001.TI,20201222,1658.008,1660.688,1634.745,1640.389,1652.506,62.0214,-12.117,-0.7332,20446.71,0.633434
865001.TI,20201221,1658.522,1674.211,1635.864,1652.506,1680.684,56.3857,-28.178,-1.6766,22224.98,0.688525
865001.TI,20201218,1722.617,1729.539,1670.295,1680.684,1711.576,51.4854,-30.892,-1.8049,49520.62,1.534137
865001.TI,20201217,1707.511,1718.816,1700.173,1711.576,1697.286,58.4215,14.29,0.8419,20695.34,0.641137
865001.TI,20201216,1709.499,1720.496,1695.105,1697.286,1698.3,44.7695,-1.014,-0.0597,29505.38,0.91407
865001.TI,20201215,1685.409,1701.495,1672.374,1698.3,1667.835,45.463,30.465,1.8266,28301.94,0.876788
865001.TI,20201214,1677.817,1694.078,1667.529,1667.835,1652.718,34.9978,15.117,0.9147,34965.44,1.083221
865001.TI,20201211,1650.592,1663.505,1646.24,1652.718,1654.571,53.0586,-1.853,-0.112,17583.78,0.544741
865001.TI,20201210,1644.777,1662.621,1637.363,1654.571,1649.549,60.025,5.022,0.3044,14293.35,0.442805
865001.TI,20201209,1650.341,1655.709,1638.102,1649.549,1641.006,67.4607,8.543,0.5206,18816.15,0.58292
865001.TI,20201208,1647.541,1648.83,1631.796,1641.006,1649.666,59.5939,-8.66,-0.525,16509.17,0.51145
865001.TI,20201207,1665.158,1665.158,1634.936,1649.666,1654.678,64.0323,-5.012,-0.3029,15856.93,0.491244
865001.TI,20201204,1641.623,1658.013,1639.132,1654.678,1628.372,68.2576,26.306,1.6155,14863.63,0.460472
865001.TI,20201203,1620.802,1649.009,1620.802,1628.372,1633.185,76.162,-4.813,-0.2947,18261.84,0.565748
865001.TI,20201202,1623.869,1637.422,1613.176,1633.185,1633.384,64.1232,-0.199,-0.0122,13124.31,0.406588
865001.TI,20201201,1632.647,1642.363,1623.349,1633.384,1608.555,63.0941,24.829,1.5436,18903.44,0.585624
865001.TI,20201130,1641.397,1649.118,1601.688,1608.555,1638.098,67.3534,-29.543,-1.8035,24478.93,0.758352
865001.TI,20201127,1643.56,1656.325,1631.7,1638.098,1639.063,59.6468,-0.965,-0.0589,9208.62,0.285281
865001.TI,20201125,1652.772,1652.772,1619.136,1639.063,1652.818,63.5166,-13.755,-0.8322,16339.94,0.506208
865001.TI,20201124,1630.996,1658.975,1615.522,1652.818,1607.673,68.0775,45.145,2.8081,19114.25,0.592155
865001.TI,20201123,1601.872,1613.757,1588.125,1607.673,1589.499,52.4043,18.174,1.1434,12986.68,0.402324
865001.TI,20201120,1564.636,1595.008,1564.46,1589.499,1572.005,47.8248,17.494,1.1128,16988.5,0.5263
865001.TI,20201119,1561.841,1572.288,1553.213,1572.005,1566.819,68.3662,5.186,0.331,12043.11,0.373093
865001.TI,20201118,1605.384,1615.913,1564.357,1566.819,1595.89,57.037,-29.071,-1.8216,13134.98,0.406919
865001.TI,20201117,1566.303,1610.1,1566.303,1595.89,1612.787,55.6919,-16.897,-1.0477,15685.73,0.48594
865001.TI,20201116,1575.892,1614.474,1575.892,1612.787,1561.958,56.3371,50.829,3.2542,21074.05,0.652869
865001.TI,20201113,1555.764,1579.152,1547.446,1561.958,1538.819,64.9881,23.139,1.5037,10771.92,0.333712
865001.TI,20201112,1580.114,1582.511,1518.777,1538.819,1593.283,55.7497,-54.464,-3.4184,11267.19,0.349055
865001.TI,20201111,1602.567,1607.595,1571.572,1593.283,1595.196,66.7353,-1.913,-0.1199,15315.05,0.474457
865001.TI,20201110,1519.786,1596.02,1512.702,1595.196,1492.364,62.2356,102.832,6.8905,18559.55,0.574971
865001.TI,20201109,1534.268,1583.283,1487.473,1492.364,1469.969,58.9562,22.395,1.5235,20900.68,0.647498
865001.TI,20201106,1493.171,1493.171,1469.969,1469.969,1486.311,53.7276,-16.342,-1.0995,10802.92,0.334693
865001.TI,20201105,1458.89,1507.349,1458.89,1486.311,1452.188,63.3089,34.123,2.3498,17321.23,0.536642
865001.TI,20201104,1490.104,1490.104,1437.538,1452.188,1507.943,51.2858,-55.755,-3.6974,21148.22,0.655168
865001.TI,20201103,1475.445,1512.134,1475.445,1507.943,1475.42,53.1231,32.523,2.2043,20373.56,0.63117
865001.TI,20201102,1455.238,1479.52,1450.119,1475.42,1433.065,55.258,42.355,2.9556,19828.36,0.614282
865001.TI,20201030,1437.682,1453.465,1424.176,1433.065,1435.36,52.3195,-2.295,-0.1599,17016.39,0.527167
865001.TI,20201029,1443.697,1450.223,1416.818,1435.36,1456.992,47.1609,-21.632,-1.4847,28240.35,0.874927
865001.TI,20201028,1501.547,1520.414,1455.466,1456.992,1533.74,54.9244,-76.748,-5.004,18172.6,0.563046
865001.TI,20201027,1552.494,1561.987,1533.631,1533.74,1555.578,60.7683,-21.838,-1.4039,12604.85,0.390539
865001.TI,20201026,1566.304,1569.014,1543.675,1555.578,1586.059,45.4385,-30.481,-1.9218,13037.52,0.403945
865001.TI,20201023,1578.526,1593.4,1559.848,1586.059,1567.234,63.6397,18.825,1.2012,12238.08,0.379176
865001.TI,20201022,1563.561,1573.557,1557.047,1567.234,1560.269,66.7667,6.965,0.4464,19326.82,0.599054
865001.TI,20201021,1570.326,1580.473,1559.286,1560.269,1566.537,57.8125,-6.268,-0.4001,16426.91,0.509168
865001.TI,20201020,1564.922,1584.087,1559.518,1566.537,1560.477,51.4364,6.06,0.3883,17597.96,0.545466
865001.TI,20201019,1577.744,1600.164,1557.025,1560.477,1569.407,39.9269,-8.93,-0.569,26014.76,0.806353
865001.TI,20201016,1536.221,1590.429,1526.312,1569.407,1537.219,46.8299,32.188,2.0939,40524.91,1.25611
865001.TI,20201015,1493.776,1537.219,1482.61,1537.219,1501.266,48.8488,35.953,2.3948,12986.49,0.402529
865001.TI,20201014,1506.772,1518.085,1500.652,1501.266,1506.594,58.5788,-5.328,-0.3536,14153.02,0.438687
865001.TI,20201013,1513.649,1522.914,1498.827,1506.594,1526.677,47.8455,-20.083,-1.3155,18446.39,0.571764
865001.TI,20201012,1474.144,1533.209,1473.581,1526.677,1474.55,50.7311,52.127,3.5351,18464.05,0.572312
865001.TI,20201009,1493.243,1496.096,1466.099,1474.55,1483.727,54.5662,-9.177,-0.6185,14285.86,0.442804
865001.TI,20200930,1400.468,1406.614,1374.086,1380.525,1393.943,52.3348,-13.418,-0.9626,16700.2,0.517639
865001.TI,20200929,1414.395,1414.395,1381.514,1393.943,1407.514,51.8219,-13.571,-0.9642,16800.08,0.521373
865001.TI,20200928,1375.852,1413.111,1362.999,1407.514,1344.667,46.2319,62.847,4.6738,18676.04,0.579591
865001.TI,20200925,1318.217,1349.161,1316.48,1344.667,1324.656,43.5405,20.011,1.5107,19939.03,0.618787
865001.TI,20200924,1309.125,1336.357,1299.776,1324.656,1304.516,44.3759,20.14,1.5439,23157.51,0.718669
865001.TI,20200923,1327.834,1340.584,1304.341,1304.516,1332.666,40.7564,-28.15,-2.1123,23694.71,0.73534
865001.TI,20200922,1345.899,1349.151,1316.776,1332.666,1334.788,36.2059,-2.122,-0.159,32105.2,0.996351
865001.TI,20200921,1354.976,1359.1,1323.658,1334.788,1378.075,37.723,-43.287,-3.1411,40410.6,1.2541
865001.TI,20200918,1396.687,1397.205,1364.18,1378.075,1389.453,39.9433,-11.378,-0.8189,58455.24,1.814097
865001.TI,20200917,1303.948,1401.343,1303.948,1389.453,1418.15,22.5469,-28.697,-2.0236,82852.89,2.571252
865001.TI,20200916,1432.783,1436.175,1416.67,1418.15,1430.708,40.4913,-12.558,-0.8777,34861.34,1.081885
865001.TI,20200915,1465.663,1465.663,1429.013,1430.708,1451.497,44.5686,-20.789,-1.4322,20011.91,0.621048
865001.TI,20200914,1439.973,1454.462,1428.153,1451.497,1459.341,53.4794,-7.844,-0.5375,22174.3,0.688156
865001.TI,20200911,1446.599,1466.724,1444.308,1459.341,1432.617,36.8598,26.724,1.8654,26756.15,0.830349
865001.TI,20200910,1455.753,1457.435,1430.654,1432.617,1451.784,60.0517,-19.167,-1.3202,13435.17,0.417221
865001.TI,20200909,1427.867,1463.733,1427.867,1451.784,1422.896,62.5946,28.888,2.0302,12646.83,0.392739
865001.TI,20200908,1434.313,1438.376,1413.558,1422.896,1442.688,60.6578,-19.792,-1.3719,12662.39,0.393223
865001.TI,20200904,1471.513,1471.513,1428.896,1442.688,1448.904,62.8871,-6.216,-0.429,12998.42,0.403658
865001.TI,20200903,1488.316,1491.486,1444.787,1448.904,1489.071,61.0098,-40.167,-2.6975,14505.35,0.450455
865001.TI,20200902,1464.974,1494.913,1461.606,1489.071,1469.265,54.6499,19.806,1.348,16243.69,0.504438
865001.TI,20200901,1443.281,1469.265,1433.764,1469.265,1448.641,48.5422,20.624,1.4237,13314.01,0.413458
865001.TI,20200831,1457.847,1459.233,1441.228,1448.641,1461.165,53.769,-12.524,-0.8571,16016.73,0.49739
865001.TI,20200828,1466.427,1467.756,1451.716,1461.165,1460.097,53.9217,1.068,0.0731,9174.24,0.2849
865001.TI,20200827,1450.452,1467.29,1449.615,1460.097,1447.101,57.8663,12.996,0.8981,9847.05,0.305794
865001.TI,20200826,1460.284,1464.09,1445.887,1447.101,1461.769,57.2995,-14.668,-1.0034,9058.47,0.281305
865001.TI,20200825,1475.38,1475.38,1449.585,1461.769,1467.393,61.466,-5.624,-0.3833,10085.83,0.313209
865001.TI,20200824,1468.076,1468.076,1452.341,1467.393,1456.672,56.0279,10.721,0.736,10886.26,0.338066
865001.TI,20200820,1445.779,1461.784,1434.146,1456.672,1463.235,55.738,-6.563,-0.4485,10001.85,0.310601
865001.TI,20200819,1472.989,1483.448,1461.354,1463.235,1472.381,51.3742,-9.146,-0.6212,10608.54,0.329442
865001.TI,20200818,1496.685,1496.685,1468.565,1472.381,1493.279,47.2111,-20.898,-1.3995,10290.77,0.319573
865001.TI,20200817,1504.549,1510.22,1491.102,1493.279,1500.893,45.6173,-7.614,-0.5073,10762.45,0.334221
865001.TI,20200814,1493.975,1505.607,1472.099,1500.893,1498.831,43.1126,2.062,0.1376,10198.82,0.316718
865001.TI,20200813,1503.976,1515.973,1493.195,1498.831,1512.054,44.8317,-13.223,-0.8745,12292.64,0.38174
865001.TI,20200812,1530.307,1538.179,1509.101,1512.054,1511.065,48.9907,0.989,0.0655,19032.38,0.591039
865001.TI,20200811,1512.758,1530.437,1505.273,1511.065,1500.647,46.0779,10.418,0.6942,21252.79,0.659992
865001.TI,20200810,1500.867,1519.755,1491.294,1500.647,1490.411,50.8658,10.236,0.6868,18084.78,0.561612
865001.TI,20200807,1422.586,1490.506,1422.586,1490.411,1442.426,52.788,47.985,3.3267,15342.38,0.476448
865001.TI,20200806,1416.316,1444.749,1416.316,1442.426,1418.432,47.5221,23.994,1.6916,14428.6,0.448071
865001.TI,20200805,1388.448,1419.18,1388.448,1418.432,1381.289,46.0474,37.143,2.689,19391.94,0.602206
865001.TI,20200804,1399.554,1399.554,1363.048,1381.289,1348.866,33.4395,32.423,2.4037,22864.99,0.710067
865001.TI,20200803,1326.669,1348.866,1318.515,1348.866,1323.811,49.0694,25.055,1.8926,15817.17,0.491198
865001.TI,20200731,1329.063,1339.325,1302.571,1323.811,1334.104,54.1035,-10.293,-0.7715,21704.31,0.674022
865001.TI,20200730,1349.995,1361.436,1329.517,1334.104,1365.279,55.3772,-31.175,-2.2834,19901.15,0.618093
865001.TI,20200729,1367.677,1376.04,1361.555,1365.279,1359.864,59.1759,5.415,0.3982,17581.49,0.546048
865001.TI,20200728,1360.701,1386.446,1357.172,1359.864,1356.319,39.0389,3.545,0.2614,20365.56,0.632517
865001.TI,20200727,1348.401,1357.07,1341.967,1356.319,1346.98,54.7813,9.339,0.6933,14864.0,0.461648
865001.TI,20200724,1354.027,1357.844,1341.919,1346.98,1359.903,60.8849,-12.923,-0.9503,13743.08,0.426835
865001.TI,20200723,1354.691,1366.897,1351.902,1359.903,1357.757,58.0881,2.146,0.1581,13124.47,0.407599
865001.TI,20200722,1364.107,1375.265,1354.932,1357.757,1368.57,58.8201,-10.813,-0.7901,11861.19,0.368366
865001.TI,20200721,1355.466,1376.211,1349.84,1368.57,1344.458,58.1847,24.112,1.7934,14158.54,0.439713
865001.TI,20200720,1354.01,1354.01,1336.44,1344.458,1354.127,56.794,-9.669,-0.714,11595.49,0.360114
865001.TI,20200717,1335.351,1355.606,1333.44,1354.127,1334.302,58.2302,19.825,1.4858,15300.78,0.475187
865001.TI,20200716,1321.124,1341.508,1316.35,1334.302,1322.017,64.3799,12.285,0.9293,22072.68,0.685498
865001.TI,20200715,1318.611,1331.499,1303.8,1322.017,1287.386,60.2739,34.631,2.69,25549.49,0.793475
865001.TI,20200714,1239.814,1287.581,1239.814,1287.386,1238.456,62.6741,48.93,3.9509,29838.28,0.92667
865001.TI,20200713,1263.215,1269.038,1238.456,1238.456,1251.926,50.744,-13.47,-1.0759,15600.13,0.484484
865001.TI,20200710,1231.769,1252.679,1229.005,1251.926,1225.777,54.966,26.149,2.1333,17896.23,0.555793
865001.TI,20200709,1269.25,1270.813,1216.541,1225.777,1266.532,51.8833,-40.755,-3.2178,19300.73,0.599411
865001.TI,20200708,1271.708,1281.979,1251.003,1266.532,1274.387,49.3502,-7.855,-0.6164,15366.82,0.477238
865001.TI,20200707,1293.983,1302.71,1271.422,1274.387,1309.425,46.61,-35.038,-2.6758,17880.89,0.555316
865001.TI,20200706,1333.493,1338.201,1304.859,1309.425,1310.478,52.198,-1.053,-0.0804,17579.17,0.545946
865001.TI,20200702,1320.612,1333.01,1303.584,1310.478,1298.364,47.7385,12.114,0.933,20792.06,0.645727
865001.TI,20200701,1294.57,1315.674,1293.905,1298.364,1294.747,39.0753,3.617,0.2794,19504.48,0.605739
865001.TI,20200630,1251.754,1301.772,1247.543,1294.747,1237.9,37.1051,56.847,4.5922,27580.66,0.856556
865001.TI,20200629,1212.041,1251.478,1204.579,1237.9,1195.991,48.9651,41.909,3.5041,16270.5,0.505786
865001.TI,20200624,1237.49,1240.56,1209.938,1218.804,1252.711,51.1145,-33.907,-2.7067,27625.61,0.858772
865001.TI,20200623,1267.048,1267.048,1243.039,1252.711,1247.897,52.9382,4.814,0.3858,18446.06,0.573416
865001.TI,20200622,1245.571,1252.661,1237.141,1247.897,1252.771,51.2555,-4.874,-0.3891,18040.95,0.560822
865001.TI,20200619,1272.371,1277.732,1248.666,1252.771,1251.808,51.8877,0.963,0.0769,32987.62,1.025456
865001.TI,20200618,1244.016,1263.631,1244.016,1251.808,1257.818,51.3237,-6.01,-0.4778,14872.51,0.462328
865001.TI,20200617,1294.21,1294.21,1257.681,1257.818,1282.163,51.1517,-24.345,-1.8987,14643.92,0.455222
865001.TI,20200616,1315.214,1327.599,1276.187,1282.163,1265.635,44.7111,16.528,1.3059,25572.33,0.794944
865001.TI,20200615,1185.848,1279.627,1176.51,1265.635,1217.558,49.2328,48.077,3.9486,22568.24,0.701558
865001.TI,20200612,1217.187,1234.048,1181.399,1217.558,1183.969,51.7103,33.589,2.837,22918.06,0.712433
865001.TI,20200611,1230.57,1237.859,1182.391,1183.969,1281.854,49.7107,-97.885,-7.6362,29923.11,0.930192
865001.TI,20200610,1299.392,1299.392,1265.543,1281.854,1299.628,47.3978,-17.774,-1.3676,20001.26,0.621761
865001.TI,20200609,1305.427,1315.405,1286.118,1299.628,1327.764,47.1753,-28.136,-2.1191,20661.1,0.642273
865001.TI,20200608,1313.919,1333.771,1313.919,1327.764,1306.976,45.0795,20.788,1.5905,17757.37,0.552007
865001.TI,20200605,1297.791,1324.279,1291.914,1306.976,1256.578,45.1747,50.398,4.0107,23839.87,0.741088
865001.TI,20200604,1239.217,1258.412,1229.199,1256.578,1248.712,49.6536,7.866,0.6299,16968.65,0.527489
865001.TI,20200603,1238.642,1264.816,1236.352,1248.712,1219.242,48.2722,29.47,2.4171,17112.25,0.531953
865001.TI,20200602,1205.659,1223.81,1196.079,1219.242,1196.838,51.2456,22.404,1.8719,17911.48,0.556798
865001.TI,20200601,1209.356,1217.513,1196.838,1196.838,1205.056,45.7198,-8.218,-0.682,14804.18,0.460204
865001.TI,20200529,1183.812,1207.747,1176.402,1205.056,1199.443,51.9538,5.613,0.468,23395.16,0.727264
865001.TI,20200528,1242.029,1242.029,1194.583,1199.443,1228.798,49.0557,-29.355,-2.3889,21079.35,0.655274
865001.TI,20200527,1210.793,1233.358,1191.449,1228.798,1185.925,56.8668,42.873,3.6152,31359.09,0.974831
865001.TI,20200526,1182.999,1191.638,1176.164,1185.925,1147.655,48.3559,38.27,3.3346,23565.07,0.732546
865001.TI,20200522,1145.267,1147.655,1127.987,1147.655,1141.394,41.9987,6.261,0.5485,12964.68,0.403021
865001.TI,20200521,1142.096,1152.792,1136.297,1141.394,1141.783,46.6616,-0.389,-0.0341,13455.78,0.418287
865001.TI,20200520,1122.348,1151.132,1121.609,1141.783,1104.92,44.215,36.863,3.3363,13640.32,0.424024
865001.TI,20200519,1131.278,1136.917,1104.754,1104.92,1138.609,46.7745,-33.689,-2.9588,16936.32,0.526484
865001.TI,20200518,1092.266,1141.335,1086.824,1138.609,1059.536,42.474,79.073,7.463,19559.86,0.608039
865001.TI,20200515,1046.792,1063.633,1042.417,1059.536,1051.995,42.909,7.541,0.7168,17778.7,0.55267
865001.TI,20200514,1024.873,1052.245,991.663,1051.995,1040.936,42.5002,11.059,1.0624,26270.1,0.816634
865001.TI,20200513,1064.26,1065.35,1019.263,1040.936,1073.552,39.4198,-32.616,-3.0381,23763.3,0.738708
865001.TI,20200512,1121.039,1123.226,1073.232,1073.552,1118.92,44.1946,-45.368,-4.0546,19285.21,0.599502
865001.TI,20200511,1131.379,1133.667,1096.974,1118.92,1146.01,44.5794,-27.09,-2.3639,22073.09,0.686166
865001.TI,20200508,1140.146,1153.591,1126.763,1146.01,1117.735,44.0232,28.275,2.5297,22126.74,0.687834
865001.TI,20200507,1121.837,1131.531,1112.482,1117.735,1105.7,47.8963,12.035,1.0885,23639.11,0.734847
865001.TI,20200506,1140.571,1149.52,1105.581,1105.7,1134.788,49.3839,-29.088,-2.5633,25648.7,0.797318
865001.TI,20200430,1258.836,1258.836,1169.086,1169.086,1243.044,39.7612,-73.958,-5.9497,27929.02,0.868302
865001.TI,20200429,1221.444,1252.174,1214.229,1243.044,1194.577,44.618,48.467,4.0573,34120.41,1.060792
865001.TI,20200428,1182.094,1203.621,1175.399,1194.577,1150.619,42.4966,43.958,3.8204,22881.94,0.711392
865001.TI,20200427,1107.767,1158.947,1098.635,1150.619,1101.027,42.4613,49.592,4.5042,22311.78,0.693666
865001.TI,20200424,1090.977,1105.43,1081.201,1101.027,1085.872,51.3734,15.155,1.3957,19991.88,0.621609
865001.TI,20200423,1084.536,1100.529,1076.665,1085.872,1079.42,48.0214,6.452,0.5977,20827.49,0.647591
865001.TI,20200422,1092.991,1101.976,1073.051,1079.42,1069.846,47.0012,9.574,0.8949,17787.75,0.553076
865001.TI,20200421,1074.372,1080.064,1062.686,1069.846,1103.992,40.7357,-34.146,-3.093,18193.54,0.565693
865001.TI,20200420,1108.03,1116.427,1090.267,1103.992,1126.698,42.8577,-22.706,-2.0153,20773.11,0.6459
865001.TI,20200417,1099.077,1132.62,1090.315,1126.698,1071.187,43.8105,55.511,5.1822,33754.08,1.049518
865001.TI,20200416,1088.473,1096.971,1048.658,1071.187,1087.179,45.8548,-15.992,-1.471,24108.05,0.749594
865001.TI,20200415,1122.792,1129.02,1085.222,1087.179,1153.668,39.9013,-66.489,-5.7633,24305.4,0.75573
865001.TI,20200414,1168.832,1176.375,1143.661,1153.668,1132.572,42.5576,21.096,1.8627,22513.41,0.700011
865001.TI,20200413,1153.241,1159.795,1122.015,1132.572,1161.697,42.0502,-29.125,-2.5071,15017.94,0.466954
865001.TI,20200409,1143.861,1162.63,1126.09,1161.697,1099.4,45.6932,62.297,5.6665,24099.06,0.749314
865001.TI,20200408,1039.465,1110.721,1039.465,1099.4,1054.925,46.1006,44.475,4.2159,22331.19,0.694346
865001.TI,20200407,1101.832,1124.289,1048.366,1054.925,1081.511,39.0342,-26.586,-2.4582,27857.66,0.866181
865001.TI,20200403,1026.882,1044.124,984.578,1011.937,1031.437,43.2781,-19.5,-1.8906,28492.55,0.885921
865001.TI,20200402,1008.237,1033.473,1000.804,1031.437,1014.208,45.8301,17.229,1.6988,30669.89,0.953622
865001.TI,20200401,1066.496,1066.496,1007.13,1014.208,1093.435,43.2201,-79.227,-7.2457,29662.66,0.922304
865001.TI,20200331,1056.784,1095.771,1038.983,1093.435,1067.881,38.7112,25.554,2.393,36839.35,1.145449
865001.TI,20200330,1042.063,1069.3,1023.71,1067.881,1032.94,45.7395,34.941,3.3827,22479.08,0.699772
865001.TI,20200327,1070.809,1070.809,1023.398,1032.94,1102.773,39.1312,-69.833,-6.3325,21422.37,0.666876
865001.TI,20200326,1040.783,1106.932,1035.149,1102.773,1022.876,45.7818,79.897,7.811,24772.75,0.771174
865001.TI,20200325,1035.119,1053.347,981.082,1022.876,1014.182,44.4513,8.694,0.8572,27888.12,0.868155
865001.TI,20200324,972.424,1014.319,944.286,1014.182,906.132,45.101,108.05,11.9243,29984.57,0.933417
865001.TI,20200323,940.477,956.953,865.986,906.132,937.442,38.8149,-31.31,-3.3399,27440.29,0.854214
865001.TI,20200320,933.177,989.373,920.498,937.442,943.026,39.3103,-5.584,-0.5921,35584.86,1.107766
865001.TI,20200319,923.126,954.251,905.354,943.026,922.985,36.5954,20.041,2.1713,31353.06,0.976029
865001.TI,20200318,979.89,1004.749,900.884,922.985,1046.774,44.7035,-123.789,-11.8258,36013.79,1.121118
865001.TI,20200317,947.238,1047.393,940.964,1046.774,942.662,46.2911,104.112,11.0445,32213.0,1.002799
865001.TI,20200316,993.797,1010.085,926.034,942.662,1089.806,46.8189,-147.144,-13.5019,27115.62,0.844116
865001.TI,20200313,1054.999,1089.806,1000.285,1089.806,1018.276,46.737,71.53,7.0246,21402.06,0.665616
865001.TI,20200312,1071.881,1072.433,1015.943,1018.276,1124.321,50.246,-106.045,-9.4319,26662.22,0.82921
865001.TI,20200311,1194.363,1194.363,1117.801,1124.321,1210.016,54.0514,-85.695,-7.0821,26894.28,0.836572
865001.TI,20200310,1229.641,1235.065,1169.162,1210.016,1216.331,59.0373,-6.315,-0.5192,37746.89,1.174153
865001.TI,20200309,1260.465,1264.702,1213.226,1216.331,1334.282,56.323,-117.951,-8.84,29794.97,0.926801
865001.TI,20200306,1299.192,1335.646,1289.421,1334.282,1339.142,60.6388,-4.86,-0.3629,24324.11,0.756636
865001.TI,20200305,1384.618,1385.231,1326.079,1339.142,1407.172,60.3698,-68.03,-4.8345,23383.09,0.727364
865001.TI,20200304,1386.269,1409.349,1360.514,1407.172,1364.489,61.8917,42.683,3.1281,22311.33,0.694025
865001.TI,20200303,1386.354,1419.297,1360.274,1364.489,1375.82,49.1747,-11.331,-0.8236,30750.3,0.956531
865001.TI,20200302,1330.107,1376.658,1316.839,1375.82,1320.214,57.2327,55.606,4.2119,32535.19,1.012053
865001.TI,20200228,1313.713,1327.002,1295.77,1320.214,1348.995,60.7914,-28.781,-2.1335,40039.65,1.24549
865001.TI,20200227,1382.776,1385.229,1348.899,1348.995,1414.032,57.9949,-65.037,-4.5994,27671.27,0.860801
865001.TI,20200226,1420.918,1426.33,1404.872,1414.032,1411.249,62.6776,2.783,0.1972,20605.65,0.641007
865001.TI,20200225,1453.818,1460.551,1405.335,1411.249,1450.845,62.6315,-39.596,-2.7292,21933.26,0.682306
865001.TI,20200224,1437.931,1455.352,1437.931,1450.845,1476.519,67.8714,-25.674,-1.7388,17618.64,0.548086
865001.TI,20200221,1476.87,1481.095,1463.008,1476.519,1476.701,68.9511,-0.182,-0.0123,14548.68,0.452748
865001.TI,20200220,1476.081,1482.788,1463.687,1476.701,1477.474,69.9852,-0.773,-0.0523,18237.31,0.567531
865001.TI,20200219,1473.53,1489.857,1469.889,1477.474,1469.262,67.9188,8.212,0.5589,15604.38,0.485597
865001.TI,20200218,1459.142,1470.524,1457.458,1469.262,1462.056,71.4094,7.206,0.4929,17578.26,0.547022
865001.TI,20200214,1458.318,1469.889,1454.448,1462.056,1456.187,66.6193,5.869,0.403,23449.83,0.7298
865001.TI,20200213,1431.496,1456.636,1431.496,1456.187,1463.675,73.6533,-7.488,-0.5116,26832.57,0.835076
865001.TI,20200212,1447.076,1466.199,1442.678,1463.675,1438.276,71.3801,25.399,1.7659,19780.0,0.615588
865001.TI,20200211,1423.459,1444.343,1419.508,1438.276,1419.681,63.3318,18.595,1.3098,31890.98,0.992503
865001.TI,20200210,1412.568,1419.735,1409.477,1419.681,1410.417,60.4215,9.264,0.6568,27206.13,0.846702
865001.TI,20200207,1405.219,1415.452,1402.848,1410.417,1407.622,68.7003,2.795,0.1986,40387.46,1.256928
865001.TI,20200206,1431.413,1431.528,1403.381,1407.622,1428.937,74.0584,-21.315,-1.4917,65055.37,2.024636
865001.TI,20200205,1416.16,1430.972,1412.839,1428.937,1405.497,65.7086,23.44,1.6677,36390.01,1.13252
865001.TI,20200204,1415.726,1426.281,1404.483,1405.497,1404.056,67.0389,1.441,0.1026,19750.73,0.614677
865001.TI,20200203,1376.903,1410.392,1376.903,1404.056,1378.17,67.1553,25.886,1.8783,16914.39,0.526405
865001.TI,20200123,1433.67,1451.979,1422.66,1450.839,1431.802,57.8128,19.037,1.3296,38042.41,1.183946
865001.TI,20200122,1440.369,1443.711,1428.62,1431.802,1434.419,54.6985,-2.617,-0.1824,26565.07,0.826751
865001.TI,20200121,1428.008,1438.721,1422.75,1434.419,1429.834,55.0815,4.585,0.3207,36851.97,1.146897
865001.TI,20200117,1421.149,1432.41,1416.967,1429.834,1416.065,55.7519,13.769,0.9723,34869.04,1.085185
865001.TI,20200116,1397.335,1417.31,1396.587,1416.065,1389.495,56.1376,26.57,1.9122,29175.75,0.908
865001.TI,20200115,1364.154,1391.235,1363.241,1389.495,1363.839,51.5667,25.656,1.8812,31981.27,0.995313
865001.TI,20200114,1356.894,1370.378,1349.015,1363.839,1341.572,51.9414,22.267,1.6598,44560.99,1.386816
865001.TI,20200113,1326.849,1341.572,1324.503,1341.572,1325.114,56.4497,16.458,1.242,30112.92,0.937166
865001.TI,20200110,1324.673,1330.63,1316.373,1325.114,1325.81,52.6856,-0.696,-0.0525,31905.32,0.992949
865001.TI,20200109,1317.96,1331.779,1316.026,1325.81,1315.819,51.231,9.991,0.7593,25133.32,0.782193
865001.TI,20200108,1313.452,1323.214,1312.709,1315.819,1312.45,48.0491,3.369,0.2567,33180.86,1.032646
865001.TI,20200107,1319.858,1323.185,1311.239,1312.45,1321.423,51.0823,-8.973,-0.679,20959.51,0.652296
865001.TI,20200106,1322.809,1328.027,1314.889,1321.423,1329.337,52.424,-7.914,-0.5953,21283.4,0.662376
865001.TI,20200103,1309.615,1330.664,1309.281,1329.337,1320.746,51.1172,8.591,0.6505,28610.53,0.890409
865001.TI,20200102,1342.622,1343.126,1308.663,1320.746,1335.805,52.0331,-15.059,-1.1273,26149.74,0.813825
865001.TI,20191231,1340.778,1346.317,1335.755,1335.805,1342.452,48.8555,-6.647,-0.4951,23183.36,0.721507
865001.TI,20191230,1337.623,1345.394,1334.825,1342.452,1339.869,49.6023,2.583,0.1928,19422.11,0.604875
865001.TI,20191227,1345.774,1348.28,1336.84,1339.869,1342.729,45.0099,-2.86,-0.213,17706.44,0.551443
865001.TI,20191226,1334.68,1343.876,1332.899,1342.729,1332.519,47.635,10.21,0.7662,26524.4,0.826066
865001.TI,20191224,1338.68,1340.41,1331.341,1332.519,1337.444,48.2785,-4.925,-0.3682,6921.33,0.215555
865001.TI,20191223,1339.522,1341.163,1333.099,1337.444,1340.161,48.9489,-2.717,-0.2027,20670.36,0.64375
865001.TI,20191220,1330.479,1344.646,1330.479,1340.161,1331.526,52.4658,8.635,0.6485,55411.22,1.725706
865001.TI,20191219,1333.018,1334.754,1326.238,1331.526,1333.325,50.6669,-1.799,-0.1349,23480.84,0.731278
865001.TI,20191218,1331.269,1333.871,1320.789,1333.325,1327.734,50.2449,5.591,0.4211,29993.72,0.934113
865001.TI,20191217,1310.062,1328.258,1308.701,1327.734,1309.159,52.7818,18.575,1.4188,28173.16,0.877414
865001.TI,20191216,1310.642,1315.12,1301.316,1309.159,1310.718,45.3352,-1.559,-0.1189,33482.84,1.042777
865001.TI,20191213,1309.928,1313.921,1302.899,1310.718,1311.397,50.5492,-0.679,-0.0518,22849.15,0.711605
865001.TI,20191212,1313.311,1328.688,1306.166,1311.397,1312.628,50.1359,-1.231,-0.0938,23474.43,0.731079
865001.TI,20191211,1304.707,1315.216,1300.584,1312.628,1303.646,50.0647,8.982,0.689,19639.65,0.61165
865001.TI,20191210,1302.363,1310.62,1295.192,1303.646,1299.711,51.5538,3.935,0.3028,22543.84,0.702452
865001.TI,20191209,1308.898,1309.305,1294.127,1299.711,1308.018,52.5687,-8.307,-0.6351,24680.78,0.769038
865001.TI,20191206,1308.754,1315.028,1301.231,1308.018,1303.95,51.5038,4.068,0.312,27052.64,0.842944
865001.TI,20191205,1305.933,1307.339,1299.461,1303.95,1305.892,54.8777,-1.942,-0.1487,26427.66,0.82347
865001.TI,20191204,1303.606,1311.215,1303.23,1305.892,1298.398,52.4643,7.494,0.5772,28557.25,0.889827
865001.TI,20191203,1290.055,1298.854,1287.684,1298.398,1303.127,48.3787,-4.729,-0.3629,29736.57,0.926573
865001.TI,20191202,1320.485,1322.934,1298.432,1303.127,1317.05,48.5204,-13.923,-1.0571,34907.99,1.087712
865001.TI,20191129,1315.088,1323.018,1307.181,1317.05,1314.878,52.6739,2.172,0.1652,17322.94,0.539772
865001.TI,20191127,1313.009,1318.114,1307.032,1314.878,1307.44,50.0679,7.438,0.5689,29531.15,0.920173
865001.TI,20191126,1303.402,1308.337,1301.766,1307.44,1303.394,47.0727,4.046,0.3104,145741.39,4.541213
865001.TI,20191125,1287.74,1304.89,1283.161,1303.394,1287.404,50.4895,15.99,1.242,38796.85,1.208886
865001.TI,20191122,1291.667,1292.194,1275.374,1287.404,1285.911,53.9767,1.493,0.1161,25581.03,0.797089
865001.TI,20191121,1307.786,1310.243,1283.897,1285.911,1304.936,50.2628,-19.025,-1.4579,24214.76,0.756309
865001.TI,20191120,1297.271,1310.546,1297.191,1304.936,1307.471,50.5929,-2.535,-0.1939,36755.18,1.147989
865001.TI,20191119,1301.341,1307.784,1296.857,1307.471,1297.895,48.0305,9.576,0.7378,32483.96,1.014584
865001.TI,20191118,1293.185,1298.537,1292.664,1297.895,1298.065,44.9524,-0.17,-0.0131,27612.75,0.86244
865001.TI,20191115,1297.884,1300.85,1288.648,1298.065,1292.165,47.0117,5.9,0.4566,30627.18,0.956594
865001.TI,20191114,1290.873,1306.121,1290.873,1292.165,1291.773,46.8374,0.392,0.0303,29597.58,0.924436
865001.TI,20191113,1289.25,1293.658,1283.845,1291.773,1291.24,41.8955,0.533,0.0413,36974.52,1.154843
865001.TI,20191112,1290.713,1300.604,1283.256,1291.24,1289.36,45.3247,1.88,0.1458,30641.27,0.957034
865001.TI,20191111,1296.35,1300.906,1287.581,1289.36,1296.699,44.7559,-7.339,-0.566,31698.73,0.990062
865001.TI,20191108,1303.261,1308.763,1294.504,1296.699,1303.924,45.1434,-7.225,-0.5541,39024.79,1.21888
865001.TI,20191107,1324.602,1331.146,1299.202,1303.924,1326.565,44.477,-22.641,-1.7067,31591.64,0.986717
865001.TI,20191106,1326.288,1331.142,1320.485,1326.565,1326.562,41.7737,0.003,0.0002,66424.75,2.074677
865001.TI,20191105,1282.912,1329.431,1282.912,1326.562,1280.527,39.187,46.035,3.595,65303.7,2.039662
865001.TI,20191104,1291.182,1291.182,1271.622,1280.527,1279.453,47.2513,1.074,0.0839,45133.87,1.409691
865001.TI,20191101,1275.945,1284.233,1273.492,1279.453,1271.209,61.6612,8.244,0.6485,50084.38,1.564313
865001.TI,20191031,1299.395,1299.443,1259.12,1271.209,1282.131,55.9694,-10.922,-0.8519,50956.18,1.597859
865001.TI,20191030,1274.853,1285.755,1273.877,1282.131,1279.698,55.2639,2.433,0.1901,26732.4,0.83827
865001.TI,20191029,1269.382,1283.268,1267.906,1279.698,1272.991,50.2777,6.707,0.5269,30357.52,0.951946
865001.TI,20191028,1285.771,1291.34,1272.009,1272.991,1281.233,49.6938,-8.242,-0.6433,29194.88,0.915488
865001.TI,20191025,1271.16,1283.46,1267.986,1281.233,1271.223,51.0444,10.01,0.7874,24509.34,0.76856
865001.TI,20191024,1275.056,1278.262,1268.93,1271.223,1274.356,51.3853,-3.133,-0.2458,28675.57,0.899144
865001.TI,20191023,1272.481,1281.179,1268.216,1274.356,1272.685,52.8783,1.671,0.1313,23466.19,0.7358
865001.TI,20191022,1269.872,1277.42,1263.248,1272.685,1266.191,51.1831,6.494,0.5129,30110.77,0.944146
865001.TI,20191021,1260.734,1267.502,1259.308,1266.191,1255.764,54.3244,10.427,0.8303,25019.75,0.784513
865001.TI,20191017,1242.349,1262.191,1242.009,1255.764,1238.485,48.3714,17.279,1.3952,25740.19,0.807103
865001.TI,20191016,1226.683,1238.598,1226.085,1238.485,1231.896,50.9632,6.589,0.5349,29075.18,0.911674
865001.TI,20191015,1235.847,1243.061,1230.825,1231.896,1235.308,49.5937,-3.412,-0.2762,16853.72,0.528461
865001.TI,20191014,1243.884,1248.904,1231.55,1235.308,1241.152,46.4662,-5.844,-0.4709,18951.73,0.594246
865001.TI,20191011,1235.463,1260.825,1235.342,1241.152,1224.016,45.9563,17.136,1.4,23572.01,0.739118
865001.TI,20191010,1207.849,1225.979,1200.516,1224.016,1207.152,48.0214,16.864,1.397,23048.76,0.722711
865001.TI,20191009,1202.681,1211.667,1199.285,1207.152,1194.6,46.1051,12.552,1.0507,31487.35,0.98731
865001.TI,20191008,1192.73,1200.406,1190.763,1194.6,1198.777,49.8887,-4.177,-0.3484,21130.47,0.662562
865001.TI,20190930,1207.325,1219.403,1207.325,1208.922,1210.365,50.7908,-1.443,-0.1192,22276.35,0.698492
865001.TI,20190927,1207.627,1213.524,1205.719,1210.365,1204.527,58.1026,5.838,0.4847,19135.93,0.60085
865001.TI,20190926,1203.108,1214.404,1198.58,1204.527,1206.967,55.9771,-2.44,-0.2022,18801.18,0.59034
865001.TI,20190925,1182.825,1209.619,1182.018,1206.967,1183.411,51.7621,23.556,1.9905,22211.92,0.697434
865001.TI,20190924,1189.829,1195.799,1180.857,1183.411,1192.194,53.356,-8.783,-0.7367,24456.21,0.767902
865001.TI,20190923,1185.157,1197.159,1185.157,1192.194,1193.432,52.2621,-1.238,-0.1037,16886.86,0.530232
865001.TI,20190920,1192.879,1201.019,1186.29,1193.432,1195.0,52.1281,-1.568,-0.1312,43352.66,1.361233
865001.TI,20190919,1199.96,1200.41,1191.96,1195.0,1193.759,47.7338,1.241,0.104,18437.05,0.578906
865001.TI,20190918,1187.09,1194.551,1183.604,1193.759,1186.353,46.4862,7.406,0.6243,24150.61,0.758307
865001.TI,20190917,1181.463,1188.308,1177.003,1186.353,1181.597,51.3946,4.756,0.4025,19409.76,0.609448
865001.TI,20190916,1179.395,1187.173,1174.417,1181.597,1178.31,46.6797,3.287,0.279,17897.39,0.561961
865001.TI,20190912,1178.308,1180.705,1169.193,1174.143,1174.654,49.3877,-0.511,-0.0435,25149.55,0.789672
865001.TI,20190911,1143.399,1175.164,1141.373,1174.654,1142.335,50.0579,32.319,2.8292,28272.04,0.887716
865001.TI,20190910,1121.548,1143.368,1120.274,1142.335,1123.453,47.3076,18.882,1.6807,21995.87,0.69065
865001.TI,20190909,1118.399,1123.723,1111.613,1123.453,1112.044,49.32,11.409,1.0259,20305.63,0.637578
865001.TI,20190906,1125.955,1125.955,1112.044,1112.044,1117.332,52.9185,-5.288,-0.4733,19170.09,0.601923
865001.TI,20190905,1117.835,1127.978,1112.749,1117.332,1108.266,50.6099,9.066,0.818,16286.03,0.511366
865001.TI,20190904,1113.343,1116.329,1108.266,1108.266,1104.448,54.5551,3.818,0.3457,20048.53,0.629505
865001.TI,20190903,1099.017,1108.008,1091.968,1104.448,1099.017,49.809,5.431,0.4942,29332.6,0.921016
865001.TI,20190830,1105.446,1106.005,1095.738,1099.017,1101.52,51.572,-2.503,-0.2272,21391.1,0.671661
865001.TI,20190829,1098.549,1107.394,1097.144,1101.52,1090.821,52.4503,10.699,0.9808,23066.92,0.72428
865001.TI,20190828,1087.397,1102.706,1086.696,1090.821,1086.853,44.906,3.968,0.3651,17651.64,0.554245
865001.TI,20190827,1109.191,1116.062,1085.481,1086.853,1104.177,48.2918,-17.324,-1.569,20605.61,0.646997
865001.TI,20190826,1103.329,1104.177,1093.256,1104.177,1092.82,48.6874,11.357,1.0392,14236.83,0.447023
865001.TI,20190823,1125.385,1125.385,1092.538,1092.82,1128.853,53.2083,-36.033,-3.192,22165.54,0.695977
865001.TI,20190822,1141.266,1142.511,1127.16,1128.853,1135.502,48.778,-6.649,-0.5856,18720.87,0.587818
865001.TI,20190821,1142.675,1149.275,1134.241,1135.502,1134.328,44.4658,1.174,0.1035,17339.04,0.54443
865001.TI,20190820,1123.596,1139.79,1118.839,1134.328,1129.914,45.9828,4.414,0.3906,15330.57,0.481366
865001.TI,20190819,1136.617,1139.603,1129.577,1129.914,1133.266,47.1806,-3.352,-0.2958,18318.98,0.575199
865001.TI,20190816,1120.795,1133.574,1120.579,1133.266,1118.075,45.1516,15.191,1.3587,26847.24,0.842978
865001.TI,20190815,1108.571,1121.591,1106.658,1118.075,1108.463,49.2642,9.612,0.8671,22790.29,0.715594
865001.TI,20190814,1122.152,1126.921,1106.517,1108.463,1131.652,43.6245,-23.189,-2.0491,26864.28,0.843513
865001.TI,20190813,1125.308,1134.066,1121.926,1131.652,1120.74,45.9598,10.912,0.9736,21062.67,0.661348
865001.TI,20190812,1116.892,1123.796,1108.378,1120.74,1115.297,50.746,5.443,0.488,23050.75,0.723772
865001.TI,20190809,1119.559,1122.79,1113.128,1115.297,1119.315,46.8981,-4.018,-0.359,29329.27,0.920912
865001.TI,20190808,1112.911,1124.928,1084.288,1119.315,1073.163,43.9319,46.152,4.3006,40267.49,1.264362
865001.TI,20190807,1044.002,1075.843,1044.002,1073.163,1052.814,42.8518,20.349,1.9328,37110.76,1.165243
865001.TI,20190806,1054.542,1068.574,1031.292,1052.814,1064.284,43.0752,-11.47,-1.0777,38892.41,1.221185
865001.TI,20190805,1081.117,1083.728,1054.972,1064.284,1092.304,48.0937,-28.02,-2.5652,28760.36,0.903051
865001.TI,20190802,1089.699,1094.088,1083.05,1092.304,1096.924,55.4088,-4.62,-0.4212,21821.14,0.685165
865001.TI,20190801,1117.829,1118.162,1095.537,1096.924,1116.666,56.4533,-19.742,-1.7679,39655.57,1.247443
865001.TI,20190731,1128.893,1137.259,1116.666,1116.666,1125.128,49.2266,-8.462,-0.7521,37767.23,1.188042
865001.TI,20190730,1109.226,1125.755,1106.843,1125.128,1113.742,49.163,11.386,1.0223,21495.6,0.676216
865001.TI,20190729,1124.001,1124.789,1111.649,1113.742,1122.692,50.7211,-8.95,-0.7972,17387.54,0.546983
865001.TI,20190726,1116.738,1127.707,1114.719,1122.692,1118.085,48.9146,4.607,0.412,17998.83,0.566213
865001.TI,20190725,1123.875,1124.706,1116.092,1118.085,1120.638,49.7545,-2.553,-0.2278,20528.47,0.645648
865001.TI,20190724,1110.5,1123.271,1104.075,1120.638,1111.493,50.9447,9.145,0.8228,17273.28,0.543268
865001.TI,20190723,1103.518,1112.039,1098.782,1111.493,1101.345,50.0181,10.148,0.9214,18268.57,0.574571
865001.TI,20190722,1099.611,1105.492,1095.784,1101.345,1099.321,50.7635,2.024,0.1841,19033.82,0.598639
865001.TI,20190719,1099.035,1105.879,1097.702,1099.321,1103.019,50.6361,-3.698,-0.3353,20736.75,0.652198
865001.TI,20190718,1101.96,1106.717,1096.151,1103.019,1104.655,47.3244,-1.636,-0.1481,23215.33,0.730153
865001.TI,20190717,1108.392,1109.704,1101.237,1104.655,1107.827,45.2391,-3.172,-0.2863,24657.2,0.775502
865001.TI,20190716,1102.644,1113.234,1102.644,1107.827,1106.27,55.6013,1.557,0.1407,15547.31,0.488984
865001.TI,20190715,1115.564,1117.919,1097.034,1106.27,1107.929,48.9212,-1.659,-0.1497,20070.12,0.631232
865001.TI,20190712,1103.856,1111.498,1103.376,1107.929,1104.278,50.774,3.651,0.3306,24806.03,0.780183
865001.TI,20190711,1108.258,1114.741,1098.031,1104.278,1110.202,53.0493,-5.924,-0.5336,15827.27,0.497789
865001.TI,20190710,1115.884,1116.594,1106.318,1110.202,1114.233,54.1034,-4.031,-0.3618,15971.53,0.502326
865001.TI,20190709,1116.574,1117.301,1107.314,1114.233,1119.925,61.0365,-5.692,-0.5082,17710.26,0.557011
865001.TI,20190708,1111.808,1121.071,1110.701,1119.925,1119.957,62.196,-0.032,-0.0029,23171.51,0.728775
865001.TI,20190705,1108.584,1119.957,1103.276,1119.957,1114.41,56.0401,5.547,0.4978,14748.64,0.463864
865001.TI,20190703,1113.031,1117.113,1101.455,1114.41,1112.0,54.2037,2.41,0.2167,11667.09,0.366945
865001.TI,20190702,1107.293,1112.059,1104.633,1112.0,1107.04,58.8649,4.96,0.448,21889.81,0.688464
865001.TI,20190701,1104.855,1107.92,1094.71,1107.04,1100.936,51.1057,6.104,0.5544,22237.59,0.699402
865001.TI,20190628,1080.221,1103.318,1079.893,1100.936,1079.355,56.7774,21.581,1.9994,57022.87,1.792039
865001.TI,20190627,1055.517,1079.384,1054.046,1079.355,1057.944,44.4898,21.411,2.0238,18184.95,0.571493
865001.TI,20190626,1064.814,1068.25,1049.378,1057.944,1065.84,44.501,-7.896,-0.7408,23253.53,0.730781
865001.TI,20190625,1082.687,1083.531,1059.439,1065.84,1079.362,44.0394,-13.522,-1.2528,26666.93,0.838053
865001.TI,20190624,1085.349,1089.073,1079.362,1079.362,1082.985,55.6428,-3.623,-0.3345,18361.65,0.577046
865001.TI,20190621,1080.061,1089.817,1077.678,1082.985,1087.66,54.5239,-4.675,-0.4298,37425.54,1.17616
865001.TI,20190620,1091.076,1095.742,1080.982,1087.66,1085.474,59.9755,2.186,0.2014,20257.56,0.636628
865001.TI,20190619,1080.793,1086.975,1077.784,1085.474,1082.364,60.1576,3.11,0.2873,17029.23,0.535172
865001.TI,20190618,1084.262,1090.683,1080.068,1082.364,1079.628,57.4848,2.736,0.2534,21429.59,0.673461
865001.TI,20190617,1084.301,1089.622,1077.113,1079.628,1084.887,50.5569,-5.259,-0.4848,18585.72,0.584087
865001.TI,20190614,1082.12,1087.821,1078.231,1084.887,1082.427,50.0804,2.46,0.2273,17016.87,0.534784
865001.TI,20190613,1087.822,1088.846,1076.664,1082.427,1081.68,49.2635,0.747,0.0691,15218.16,0.478256
865001.TI,20190612,1070.8,1082.871,1069.4,1081.68,1072.055,50.5129,9.625,0.8978,12955.22,0.40714
865001.TI,20190611,1077.066,1083.516,1068.511,1072.055,1074.596,46.6844,-2.541,-0.2365,24029.58,0.75517
865001.TI,20190610,1071.739,1081.567,1071.434,1074.596,1072.959,43.6814,1.637,0.1526,15935.41,0.500797
865001.TI,20190606,1066.807,1078.202,1066.807,1068.926,1070.334,50.0345,-1.408,-0.1315,21049.11,0.661504
865001.TI,20190605,1061.34,1075.293,1059.638,1070.334,1059.501,52.0446,10.833,1.0225,28725.19,0.902737
865001.TI,20190604,1048.527,1059.53,1042.398,1059.501,1041.836,48.7656,17.665,1.6956,23354.39,0.733951
865001.TI,20190603,1040.235,1049.822,1032.561,1041.836,1038.122,47.1558,3.714,0.3578,34723.33,1.091239
865001.TI,20190531,1033.146,1042.054,1033.146,1038.122,1042.511,45.3022,-4.389,-0.421,29950.44,0.941243
865001.TI,20190530,1050.126,1056.859,1039.299,1042.511,1047.083,41.9168,-4.572,-0.4366,16038.68,0.504042
865001.TI,20190529,1051.94,1055.358,1046.471,1047.083,1054.655,50.4819,-7.572,-0.718,26008.94,0.817375
865001.TI,20190528,1067.324,1069.943,1053.027,1054.655,1063.804,49.9982,-9.149,-0.86,25716.23,0.808176
865001.TI,20190524,1062.278,1064.604,1058.641,1063.804,1057.107,49.3516,6.697,0.6335,21597.66,0.678743
865001.TI,20190523,1071.511,1073.43,1053.832,1057.107,1078.605,47.5632,-21.498,-1.9931,24217.61,0.761079
865001.TI,20190522,1086.13,1087.277,1074.585,1078.605,1088.447,44.9656,-9.842,-0.9042,19545.88,0.614262
865001.TI,20190521,1082.982,1091.294,1082.982,1088.447,1079.092,44.5058,9.355,0.8669,19129.62,0.60118
865001.TI,20190520,1078.997,1085.003,1075.755,1079.092,1082.29,50.3371,-3.198,-0.2955,17404.74,0.546973
865001.TI,20190517,1079.056,1088.88,1078.422,1082.29,1084.031,50.0726,-1.741,-0.1606,22805.94,0.716715
865001.TI,20190516,1083.87,1090.075,1079.604,1084.031,1082.805,55.4276,1.226,0.1132,20255.79,0.636572
865001.TI,20190515,1068.09,1084.425,1065.753,1082.805,1072.864,48.162,9.941,0.9266,18871.35,0.593064
865001.TI,20190514,1079.748,1083.878,1067.161,1072.864,1081.297,52.19,-8.433,-0.7799,31370.22,0.985862
865001.TI,20190513,1058.478,1084.088,1058.478,1081.297,1083.246,49.2798,-1.949,-0.1799,29698.89,0.933337
865001.TI,20190510,1069.928,1084.822,1068.149,1083.246,1073.287,52.4263,9.959,0.9279,27748.44,0.872041
865001.TI,20190509,1060.288,1074.528,1051.955,1073.287,1054.838,46.5171,18.449,1.749,24431.02,0.767786
865001.TI,20190508,1047.803,1058.495,1046.286,1054.838,1045.95,40.5976,8.888,0.8498,20988.76,0.659607
865001.TI,20190507,1055.404,1059.487,1039.191,1045.95,1062.045,42.6093,-16.095,-1.5155,43010.73,1.351684
865001.TI,20190506,1051.139,1070.964,1050.522,1062.045,1066.053,51.6965,-4.008,-0.376,31197.11,0.980426
865001.TI,20190430,1052.633,1061.41,1047.877,1058.638,1052.466,48.604,6.172,0.5864,43770.19,1.378445
865001.TI,20190429,1054.035,1054.987,1045.181,1052.466,1040.613,46.6739,11.853,1.139,20482.48,0.645086
865001.TI,20190426,1036.458,1043.344,1036.304,1040.613,1034.954,44.53,5.659,0.5468,39057.06,1.230083
865001.TI,20190425,1041.536,1047.361,1033.411,1034.954,1048.859,47.1274,-13.905,-1.3257,24981.33,0.786857
865001.TI,20190424,1046.867,1053.341,1041.992,1048.859,1043.833,44.2847,5.026,0.4815,41156.08,1.296326
865001.TI,20190423,1042.502,1053.305,1040.887,1043.833,1041.73,42.6892,2.103,0.2019,67886.49,2.138275
865001.TI,20190422,1053.728,1055.445,1038.489,1041.73,1055.347,38.2884,-13.617,-1.2903,69513.88,2.189534
865001.TI,20190418,1039.121,1058.983,1039.121,1055.347,1039.121,37.2947,16.226,1.5615,274909.44,8.659041
865001.TI,20190417,1035.646,1045.504,1033.801,1039.121,1033.366,40.9596,5.755,0.5569,54653.33,1.721459
865001.TI,20190416,1030.154,1042.742,1028.925,1033.366,1031.574,41.3385,1.792,0.1737,37338.15,1.176069
865001.TI,20190415,1037.85,1040.196,1028.806,1031.574,1040.123,46.386,-8.549,-0.8219,33665.88,1.060401
865001.TI,20190412,1036.733,1042.096,1033.635,1040.123,1036.8,56.266,3.323,0.3205,17529.8,0.55215
865001.TI,20190411,1032.883,1038.845,1029.283,1036.8,1030.453,53.2115,6.347,0.6159,15406.54,0.485272
865001.TI,20190410,1021.676,1032.489,1020.483,1030.453,1020.557,42.7287,9.896,0.9697,23601.06,0.743381
865001.TI,20190409,1036.219,1036.943,1020.539,1020.557,1039.843,51.2187,-19.286,-1.8547,15594.49,0.491192
865001.TI,20190408,1039.436,1042.59,1032.319,1039.843,1042.966,57.6379,-3.123,-0.2994,21811.14,0.687003
865001.TI,20190404,1007.493,1029.775,1007.493,1028.045,1015.465,39.9201,12.58,1.2388,20037.64,0.631141
865001.TI,20190403,1027.402,1028.227,1014.432,1015.465,1023.484,46.0483,-8.019,-0.7835,17871.09,0.5629
865001.TI,20190402,1021.849,1026.776,1011.85,1023.484,1020.355,39.2647,3.129,0.3067,22689.2,0.71466
865001.TI,20190401,1029.798,1032.41,1017.176,1020.355,1021.638,48.08,-1.283,-0.1256,27462.95,0.865022
865001.TI,20190329,1025.385,1032.563,1017.968,1021.638,1025.195,47.2486,-3.557,-0.347,43411.07,1.365178
865001.TI,20190328,1019.361,1029.424,1012.922,1025.195,1019.897,43.6889,5.298,0.5195,25565.24,0.803968
865001.TI,20190327,1025.668,1026.449,1010.602,1019.897,1025.033,41.911,-5.136,-0.5011,19555.5,0.614976
865001.TI,20190326,1027.176,1027.176,1016.495,1025.033,1021.585,44.5275,3.448,0.3375,16688.69,0.524821
865001.TI,20190325,1009.978,1023.429,1008.594,1021.585,1017.441,42.1714,4.144,0.4073,13903.17,0.437223
865001.TI,20190322,1046.115,1046.178,1016.861,1017.441,1051.255,32.8168,-33.814,-3.2165,22396.3,0.70436
865001.TI,20190321,1036.413,1052.946,1035.647,1051.255,1038.106,39.5616,13.149,1.2666,14143.29,0.444804
865001.TI,20190320,1049.502,1049.502,1021.236,1038.106,1046.543,40.0362,-8.437,-0.8062,16431.3,0.516762
865001.TI,20190319,1045.426,1057.757,1042.874,1046.543,1035.648,42.3968,10.895,1.052,24224.59,0.76186
865001.TI,20190318,1030.755,1043.677,1030.542,1035.648,1027.674,40.1635,7.974,0.7759,17293.2,0.5435
865001.TI,20190315,1042.382,1043.916,1024.915,1027.674,1039.86,28.9707,-12.186,-1.1719,35677.15,1.122342
865001.TI,20190314,1047.195,1055.129,1039.213,1039.86,1046.067,35.2416,-6.207,-0.5934,16389.5,0.515586
865001.TI,20190313,1046.021,1069.771,1045.143,1046.067,1066.075,34.5862,-20.008,-1.8768,17956.9,0.564893
865001.TI,20190312,1073.629,1075.234,1062.633,1066.075,1072.72,41.5193,-6.645,-0.6195,16687.77,0.524969
865001.TI,20190311,1039.244,1090.162,1037.676,1072.72,1044.055,33.363,28.665,2.7455,24197.79,0.761221
865001.TI,20190308,1040.155,1046.537,1035.629,1044.055,1042.565,47.0444,1.49,0.1429,15867.79,0.49918
865001.TI,20190307,1052.325,1054.674,1040.335,1042.565,1050.941,45.3239,-8.376,-0.797,16645.41,0.523643
865001.TI,20190306,1060.267,1070.492,1048.908,1050.941,1065.19,47.6557,-14.249,-1.3377,15804.07,0.497175
865001.TI,20190305,1089.658,1090.453,1062.973,1065.19,1081.104,44.4785,-15.914,-1.472,15981.21,0.502748
865001.TI,20190304,1089.689,1090.338,1078.299,1081.104,1084.11,45.7277,-3.006,-0.2773,14671.44,0.461544
865001.TI,20190301,1088.663,1090.146,1077.971,1084.11,1085.495,48.6649,-1.385,-0.1276,16190.99,0.509347
865001.TI,20190228,1088.536,1090.495,1084.65,1085.495,1088.121,55.0265,-2.626,-0.2413,18557.08,0.583859
865001.TI,20190227,1095.074,1102.599,1086.049,1088.121,1104.997,47.1237,-16.876,-1.5272,17078.04,0.537372
865001.TI,20190226,1103.667,1106.287,1093.94,1104.997,1101.878,46.0709,3.119,0.2831,14674.17,0.461733
865001.TI,20190225,1109.79,1113.558,1101.209,1101.878,1106.79,51.8781,-4.912,-0.4438,13050.01,0.410628
865001.TI,20190222,1096.173,1107.156,1096.173,1106.79,1096.711,47.3103,10.079,0.919,13068.67,0.411215
865001.TI,20190221,1083.227,1096.711,1076.737,1096.711,1082.938,51.0175,13.773,1.2718,17766.81,0.559045
865001.TI,20190220,1077.601,1091.72,1074.446,1082.938,1076.206,44.066,6.732,0.6255,16754.56,0.527194
865001.TI,20190219,1060.743,1078.497,1058.309,1076.206,1065.332,45.9353,10.874,1.0207,21199.67,0.667062
865001.TI,20190215,1055.067,1067.469,1054.676,1065.332,1049.721,44.5639,15.611,1.4872,19491.48,0.613313
865001.TI,20190214,1047.162,1055.661,1043.004,1049.721,1052.658,50.7567,-2.937,-0.279,19321.78,0.607645
865001.TI,20190213,1043.449,1056.789,1043.449,1052.658,1048.694,55.0863,3.964,0.378,15901.67,0.500087
865001.TI,20190212,1044.465,1055.279,1043.721,1048.694,1039.35,54.7701,9.344,0.899,17547.15,0.551835
865001.TI,20190211,1036.307,1039.35,1030.81,1039.35,1034.771,50.0298,4.579,0.4425,12643.51,0.397622
865001.TI,20190201,1024.278,1025.956,1007.381,1014.372,1022.06,49.2743,-7.688,-0.7522,22470.37,0.706664
865001.TI,20190131,998.88,1022.06,992.494,1022.06,1004.118,45.0162,17.942,1.7868,45488.3,1.430548
865001.TI,20190130,990.466,1005.232,990.175,1004.118,990.466,53.2314,13.652,1.3783,22877.75,0.719475
865001.TI,20190129,991.554,994.76,986.708,990.466,991.078,50.6514,-0.612,-0.0618,15913.7,0.500465
865001.TI,20190128,992.132,998.125,983.732,991.078,936.686,46.5033,54.392,5.8069,11080.09,0.348454
