ts_code,trade_date,open,low,high,close,pre_close,change,pct_change,vol,amount
CI005001.CI,20260821,3653.2517,3614.4965,3748.5808,3699.8987,3641.9513,57.9474,1.5911,19048908.52,19755218.29
CI005001.CI,20260820,3636.1025,3584.2442,3730.7548,3641.9477,3646.2831,-4.3354,-0.1189,18820504.09,19659362.17
CI005001.CI,20260819,3614.4776,3570.151,3713.7722,3646.2867,3615.4075,30.8792,0.8541,23846367.76,24034626.88
CI005001.CI,20260818,3574.0329,3541.2865,3648.0106,3615.4003,3549.9604,65.4399,1.8434,20577828.23,19415023.28
CI005001.CI,20260817,3516.0722,3486.4862,3577.4746,3549.9604,3514.0921,35.8683,1.0207,14195725.22,14898029.44
CI005001.CI,20260814,3491.395,3450.7572,3554.5834,3514.085,3505.1784,8.9066,0.2541,13951031.17,14211883.86
CI005001.CI,20260813,3543.6244,3474.2228,3576.0724,3505.1819,3556.0008,-50.8189,-1.4291,16400577.49,17476399.77
CI005001.CI,20260812,3601.4205,3527.4123,3634.7571,3555.9937,3608.6547,-52.661,-1.4593,17347116.21,17056733.66
CI005001.CI,20260811,3627.8526,3556.1675,3691.4478,3608.6584,3602.926,5.7324,0.1591,20072436.84,20643344.59
CI005001.CI,20260810,3549.1222,3527.1312,3656.43,3602.9296,3548.1706,54.759,1.5433,16175214.48,18765233.63
CI005001.CI,20260807,3531.1045,3495.5817,3599.2526,3548.1741,3519.2494,28.9247,0.8219,16848481.64,20203582.9
CI005001.CI,20260806,3448.3495,3424.8984,3540.4472,3519.2565,3449.3517,69.9048,2.0266,18357386.35,19976900.28
CI005001.CI,20260805,3422.7082,3377.4673,3494.3216,3449.3482,3451.0013,-1.6531,-0.0479,18363098.78,19452315.57
CI005001.CI,20260804,3471.1527,3405.1628,3508.4003,3450.9979,3479.758,-28.7601,-0.8265,16534120.57,15986360.65
CI005001.CI,20260803,3443.9253,3399.9682,3540.0214,3479.7545,3475.5491,4.2054,0.121,17026726.92,16491726.92
CI005001.CI,20260731,3425.5602,3398.8975,3513.8693,3475.5561,3491.8841,-16.328,-0.4676,18586801.9,17883538.77
CI005001.CI,20260730,3462.7432,3411.612,3542.0455,3491.8806,3445.1404,46.7402,1.3567,21038950.3,19742702.32
CI005001.CI,20260729,3424.4368,3373.1195,3501.7121,3445.1404,3413.8863,31.2541,0.9155,18371936.01,17814742.78
CI005001.CI,20260728,3373.7927,3326.7638,3446.7943,3413.8761,3424.595,-10.7189,-0.313,17315862.25,16583105.61
CI005001.CI,20260727,3319.1503,3278.0553,3446.2533,3424.595,3818.4803,-393.8853,-10.3152,21740077.97,21011734.18
CI005001.CI,20260724,3533.6878,3385.3308,3583.4106,3416.9956,3508.0179,-91.0223,-2.5947,26332788.81,25215018.95
CI005001.CI,20260723,3453.7374,3414.8025,3541.1284,3508.0179,3460.2253,47.7926,1.3812,22805905.73,19863816.36
CI005001.CI,20260722,3379.0372,3339.279,3492.2131,3460.2184,3361.8802,98.3382,2.9251,25739113.21,23410641.96
CI005001.CI,20260721,3379.9446,3279.5537,3436.3442,3361.8768,3422.28,-60.4032,-1.765,29384361.28,26908519.03
CI005001.CI,20260720,3323.3184,3276.1069,3485.7432,3422.2903,3286.4257,135.8646,4.1341,35246200.42,29062957.69
CI005001.CI,20260717,3280.2367,3224.8686,3367.6456,3286.4192,3276.7593,9.6599,0.2948,25319645.32,21467252.68
CI005001.CI,20260716,3319.1594,3236.9072,3366.4109,3276.7658,3332.9258,-56.16,-1.685,21705134.71,18294323.81
CI005001.CI,20260715,3313.3049,3257.5068,3403.0678,3332.9225,3360.9596,-28.0371,-0.8342,26753930.08,22843077.83
CI005001.CI,20260714,3276.7071,3222.8655,3393.3967,3360.9595,3242.7453,118.2142,3.6455,33952151.17,28987323.66
CI005001.CI,20260713,3286.6733,3183.2964,3353.1091,3242.7453,3263.8723,-21.127,-0.6473,27201138.76,24474582.14
CI005001.CI,20260710,3238.1297,3165.4204,3328.3715,3263.8723,3279.2125,-15.3402,-0.4678,24248144.27,24127420.73
CI005001.CI,20260709,3302.5105,3209.8737,3362.6458,3279.2126,3284.3986,-5.186,-0.1579,26179971.31,24157352.21
CI005001.CI,20260708,3313.9553,3233.6424,3386.5787,3284.3921,3290.8322,-6.4401,-0.1957,21783820.53,22185609.91
CI005001.CI,20260707,3385.333,3238.7746,3420.6495,3290.8289,3397.3212,-106.4923,-3.1346,20859628.57,23371391.19
CI005001.CI,20260706,3339.265,3286.2134,3482.0197,3397.3246,3330.9977,66.3269,1.9912,23290452.09,28033562.01
CI005001.CI,20260703,3327.2927,3252.1909,3424.7283,3331.0044,3308.983,22.0214,0.6655,22220800.64,26758924.62
CI005001.CI,20260702,3246.4383,3213.9171,3378.8201,3308.9863,3295.4092,13.5771,0.412,19158583.56,26931034.95
CI005001.CI,20260701,3212.2006,3167.224,3344.0618,3295.396,3205.7383,89.6577,2.7968,21061255.15,29040283.06
CI005001.CI,20260630,3250.339,3145.8291,3297.3602,3205.7383,3262.4229,-56.6846,-1.7375,22362641.08,25908077.06
CI005001.CI,20260629,3251.6736,3141.4596,3322.6759,3262.4197,3266.4341,-4.0144,-0.1229,20708305.77,23575266.55
CI005001.CI,20260626,3364.4993,3224.4624,3399.08,3281.8977,3306.0773,-24.1796,-0.7314,22803746.52,25668002.83
CI005001.CI,20260625,3336.586,3233.4914,3395.4289,3306.0773,3375.4461,-69.3688,-2.0551,23627720.2,25631420.81
CI005001.CI,20260624,3360.6362,3305.6276,3458.5647,3375.4393,3364.1124,11.3269,0.3367,20807723.58,22778404.62
CI005001.CI,20260623,3418.0462,3338.1567,3515.7068,3364.1057,3417.2472,-53.1415,-1.5551,21952569.04,24708790.22
CI005001.CI,20260622,3336.432,3272.7582,3452.5725,3417.2438,3328.561,88.6828,2.6643,21905644.72,24337742.5
CI005001.CI,20260618,3396.0685,3290.2242,3431.1687,3328.5578,3402.3894,-73.8316,-2.17,20440867.91,21830813.23
CI005001.CI,20260617,3400.0896,3337.146,3469.2235,3402.3927,3420.9205,-18.5278,-0.5416,20462274.1,23521236.68
CI005001.CI,20260616,3461.6989,3385.4523,3521.2953,3420.9069,3469.8172,-48.9103,-1.4096,21486259.51,24318870.88
CI005001.CI,20260615,3456.8811,3398.8053,3554.772,3469.8137,3471.1675,-1.3538,-0.039,27152498.56,29592823.61
CI005001.CI,20260612,3389.5781,3346.8585,3540.3643,3471.1675,3421.4066,49.7609,1.4544,29555332.21,29993119.04
CI005001.CI,20260611,3469.0252,3357.8103,3504.7348,3421.4067,3419.625,1.7817,0.0521,20559369.67,21120269.84
CI005001.CI,20260610,3417.1454,3353.8159,3481.8717,3419.625,3431.1089,-11.4839,-0.3347,18596126.97,17999863.55
CI005001.CI,20260609,3479.0798,3374.0988,3532.485,3431.1226,3514.0942,-82.9716,-2.3611,24284591.9,23119795.94
CI005001.CI,20260608,3494.8531,3433.0138,3608.5066,3514.1047,3515.7501,-1.6454,-0.0468,27517231.05,25501805.81
CI005001.CI,20260605,3476.9951,3443.654,3597.5679,3515.7536,3485.5271,30.2265,0.8672,27930732.56,22866065.23
CI005001.CI,20260604,3514.157,3433.0497,3558.0303,3485.5097,3543.8626,-58.3529,-1.6466,20864206.95,19166838.6
CI005001.CI,20260603,3507.0329,3435.1291,3579.4976,3543.852,3496.6267,47.2253,1.3506,25720089.97,22529273.24
CI005001.CI,20260602,3519.7404,3444.9128,3585.4832,3496.6196,3496.7036,-0.084,-0.0024,19437980.89,19995914.58
CI005001.CI,20260601,3442.7346,3404.8414,3546.044,3496.7001,3434.191,62.5091,1.8202,20182566.65,20144928.4
CI005001.CI,20260529,3447.3049,3388.9667,3499.4666,3434.1875,3453.5794,-19.3919,-0.5615,17248183.54,16870409.76
CI005001.CI,20260528,3438.5981,3396.5087,3523.8738,3453.5794,3449.5744,4.005,0.1161,18872255.45,16697341.96
CI005001.CI,20260527,3509.7754,3395.2494,3542.5961,3449.5709,3522.9576,-73.3867,-2.0831,23120016.1,20478009.76
CI005001.CI,20260526,3474.5903,3424.8465,3559.1132,3522.9646,3479.0417,43.9229,1.2625,22248394.7,18943615.97
CI005001.CI,20260525,3510.0647,3451.9495,3579.6873,3479.0417,3541.6546,-62.6129,-1.7679,18647364.23,18677631.05
CI005001.CI,20260522,3561.7496,3493.9514,3598.6222,3541.6652,3565.5509,-23.8857,-0.6699,17791119.8,16925693.19
CI005001.CI,20260521,3643.7302,3548.0419,3683.2704,3565.5367,3691.7306,-126.1939,-3.4183,24144814.61,21589589.82
CI005001.CI,20260520,3665.6182,3638.085,3745.536,3691.738,3671.9169,19.8211,0.5398,24936793.32,19989198.39
CI005001.CI,20260519,3668.9124,3614.3095,3707.5416,3671.9132,3686.7265,-14.8133,-0.4018,17392686.44,16451364.7
CI005001.CI,20260518,3712.8615,3629.5976,3754.9987,3686.7155,3702.2389,-15.5234,-0.4193,20547649.39,19894259.17
CI005001.CI,20260515,3699.1068,3641.0988,3772.9922,3702.224,3697.8348,4.3892,0.1187,20285685.69,20484307.34
CI005001.CI,20260514,3709.3152,3659.8114,3774.9507,3697.8385,3715.6177,-17.7792,-0.4785,19380209.93,19673093.18
CI005001.CI,20260513,3727.9017,3671.4887,3781.0082,3715.6251,3728.3987,-12.7736,-0.3426,17339954.33,18214225.25
CI005001.CI,20260512,3738.9662,3691.1917,3789.3249,3728.3949,3739.7863,-11.3914,-0.3046,18282779.41,18699315.98
CI005001.CI,20260511,3739.9041,3695.9106,3790.1239,3739.7825,3727.7643,12.0182,0.3224,20638721.34,20551565.92
CI005001.CI,20260508,3761.643,3683.2052,3796.4061,3727.7643,3753.5777,-25.8134,-0.6877,21487790.2,21492943.54
CI005001.CI,20260507,3861.3627,3725.8835,3886.9153,3753.5589,3918.0455,-164.4866,-4.1982,25778232.25,26897762.41
CI005001.CI,20260506,3928.9902,3853.2235,3969.8345,3918.0455,3971.6026,-53.5571,-1.3485,24558611.65,25559095.54
CI005001.CI,20260430,3958.975,3911.6018,4026.6312,3971.6025,3959.0287,12.5738,0.3176,22818819.01,23767185.37
CI005001.CI,20260429,3892.3704,3849.2534,3993.7168,3959.0247,3891.4536,67.5711,1.7364,27718349.86,27239128.15
CI005001.CI,20260428,3809.1093,3780.5376,3915.4789,3891.4536,3822.293,69.1606,1.8094,22860871.83,24229475.13
CI005001.CI,20260427,3785.331,3750.6251,3865.7143,3822.3006,3810.7198,11.5808,0.3039,23387037.3,21464532.43
CI005001.CI,20260424,3808.5507,3752.0029,3878.8972,3810.716,3833.6257,-22.9097,-0.5976,25689526.65,21953912.69
CI005001.CI,20260423,3794.7162,3752.2652,3883.6175,3833.6334,3787.6025,46.0309,1.2153,29855090.79,25203828.05
CI005001.CI,20260422,3818.2957,3753.311,3847.3405,3787.5987,3811.0749,-23.4762,-0.616,18778482.89,17604359.92
CI005001.CI,20260421,3777.2177,3735.373,3845.8804,3811.0864,3780.277,30.8094,0.815,18644946.85,17570902.85
CI005001.CI,20260420,3768.8261,3714.4079,3830.2456,3780.2807,3771.0981,9.1826,0.2435,19936528.28,18577886.25
CI005001.CI,20260417,3825.8999,3734.5748,3864.1036,3771.1058,3824.3018,-53.196,-1.391,20905783.93,19258426.82
CI005001.CI,20260416,3798.6861,3764.7987,3856.6623,3824.317,3816.6685,7.6485,0.2004,17928890.27,17404737.15
CI005001.CI,20260415,3843.7774,3764.6406,3879.5272,3816.6685,3859.6105,-42.942,-1.1126,23342176.69,22415131.55
CI005001.CI,20260414,3858.2882,3805.265,3908.4852,3859.6104,3884.2874,-24.677,-0.6353,24755408.86,22974689.41
CI005001.CI,20260413,3928.9109,3803.9021,3963.6062,3884.2912,3882.8624,1.4288,0.0368,32068716.39,28869627.44
CI005001.CI,20260410,3862.7302,3834.5181,3921.9653,3882.8662,3882.5401,0.3261,0.0084,22627249.75,21527829.94
CI005001.CI,20260409,3854.0085,3814.2427,3939.2381,3882.5324,3853.8482,28.6842,0.7443,28875714.18,26422323.09
CI005001.CI,20260408,3787.417,3751.9611,3895.323,3853.8482,3944.1374,-90.2892,-2.2892,38731051.62,35366021.51
CI005001.CI,20260407,3825.2155,3773.5467,3982.2322,3944.1335,3834.4864,109.6471,2.8595,28074243.33,25570212.37
CI005001.CI,20260403,3890.2571,3783.375,3916.9805,3834.4864,3883.8895,-49.4031,-1.272,27237193.69,23746802.56
CI005001.CI,20260402,3848.6948,3815.2291,3924.8985,3883.8972,3823.8437,60.0535,1.5705,31074342.88,26576543.84
CI005001.CI,20260401,3812.3492,3780.63,3910.8024,3823.8475,3820.5313,3.3162,0.0868,23427597.56,22435256.52
CI005001.CI,20260331,3899.9824,3806.3387,3947.0491,3820.5236,3907.5685,-87.0449,-2.2276,23477784.25,21487169.86
CI005001.CI,20260330,3921.5543,3844.2734,3987.7863,3907.5685,3880.9953,26.5732,0.6847,27803345.0,26021080.94
CI005001.CI,20260327,3832.3867,3789.244,3914.1399,3881.0031,3846.7172,34.2859,0.8913,28014445.45,24855478.71
CI005001.CI,20260326,3829.7561,3783.0593,3914.7198,3846.7096,3830.7964,15.9132,0.4154,29630562.78,26286432.69
CI005001.CI,20260325,3775.1299,3719.5168,3867.3347,3830.8003,3840.7208,-9.9205,-0.2583,31352706.67,29521615.48
CI005001.CI,20260324,3812.1845,3748.8051,3872.1175,3840.7247,3863.1153,-22.3906,-0.5796,31370063.1,28805574.25
CI005001.CI,20260323,3860.9043,3759.71,3959.9006,3863.1269,3871.5825,-8.4556,-0.2184,38425192.07,36521549.9
CI005001.CI,20260320,3856.3898,3799.1901,3964.2037,3871.5786,3960.4673,-88.8887,-2.2444,35390502.52,32773387.99
CI005001.CI,20260319,3991.9611,3870.1408,4063.3076,3960.4792,3921.6896,38.7896,0.9891,47754562.22,46353536.82
CI005001.CI,20260318,3938.8339,3829.6247,3976.6549,3921.6739,3976.788,-55.1141,-1.3859,31223487.47,28555532.72
CI005001.CI,20260317,3994.5627,3923.8563,4061.4037,3976.784,4033.814,-57.03,-1.4138,36035114.37,32492307.39
CI005001.CI,20260316,4092.0098,3989.8853,4173.1068,4033.8059,4077.0717,-43.2658,-1.0612,37233666.73,35182445.38
CI005001.CI,20260313,4160.5686,4027.6754,4220.8936,4077.0636,4143.315,-66.2514,-1.599,41853177.09,40118825.24
CI005001.CI,20260312,4197.692,4052.7032,4252.9609,4143.3067,4125.4395,17.8672,0.4331,49565653.29,49071449.64
CI005001.CI,20260311,4031.4145,3975.6083,4160.247,4125.4354,4078.4355,46.9999,1.1524,48805451.13,45711624.32
CI005001.CI,20260310,4049.3132,3994.0832,4167.8616,4078.4477,4281.5568,-203.1091,-4.7438,55711652.39,52524305.78
CI005001.CI,20260309,4570.8031,4251.2529,4586.5922,4281.5612,4270.5473,11.0139,0.2579,85375765.84,85116921.12
CI005001.CI,20260306,4259.5019,4157.0665,4380.8206,4270.5386,4354.1292,-83.5906,-1.9198,58277762.28,54424121.25
CI005001.CI,20260305,4352.3484,4194.7142,4509.7969,4354.1335,4430.66,-76.5265,-1.7272,81969517.1,77993508.44
CI005001.CI,20260304,4621.3679,4160.827,4650.2559,4430.6822,4544.9892,-114.307,-2.515,100111186.03,99048458.43
CI005001.CI,20260303,4406.7529,4316.5813,4613.1352,4544.9937,4285.6071,259.3866,6.0525,75102865.78,78700677.05
CI005001.CI,20260302,4223.0245,4068.5678,4302.8435,4285.6114,3984.2911,301.3203,7.5627,62494667.05,60928681.83
CI005001.CI,20260227,3947.3618,3913.4495,4029.4173,3984.2951,3952.3169,31.9782,0.8091,25759286.27,22733533.2
CI005001.CI,20260226,3982.5657,3916.2757,4051.009,3952.309,3998.0061,-45.6971,-1.143,30987969.59,25288927.57
CI005001.CI,20260225,3999.5096,3934.3233,4101.2514,3998.0061,3995.8963,2.1098,0.0528,44149759.41,36563608.35
CI005001.CI,20260224,3896.627,3871.3848,4036.5986,3995.8883,3796.6662,199.2221,5.2473,28199276.7,25345495.51
CI005001.CI,20260213,3862.3863,3768.7859,3887.0583,3796.6586,3923.2945,-126.6359,-3.2278,21343029.91,17972077.12
CI005001.CI,20260212,3923.7642,3872.1569,3992.6653,3923.2906,3917.9191,5.3715,0.1371,23749522.73,20129197.74
CI005001.CI,20260211,3831.276,3793.0886,3965.5562,3917.9152,3832.4066,85.5086,2.2312,27565380.06,24770260.62
CI005001.CI,20260210,3841.9112,3783.7277,3893.0212,3832.4027,3833.8443,-1.4416,-0.0376,22223171.22,19001174.79
CI005001.CI,20260209,3833.9035,3781.7155,3878.926,3833.8367,3822.5753,11.2614,0.2946,27013115.91,21313469.62
CI005001.CI,20260206,3658.215,3632.6267,3861.4166,3822.5677,3734.1141,88.4536,2.3688,32928318.98,25704739.19
CI005001.CI,20260205,3784.5569,3684.3775,3836.4844,3734.1104,3784.1865,-50.0761,-1.3233,28463141.68,22141068.1
CI005001.CI,20260204,3768.7047,3704.5021,3834.418,3784.1827,3719.0693,65.1134,1.7508,33174735.5,25064876.69
CI005001.CI,20260203,3694.7365,3637.1292,3760.2766,3719.0693,3702.8877,16.1816,0.437,31326822.74,23857802.91
CI005001.CI,20260202,3789.4658,3678.8563,3864.2457,3702.8951,3915.5614,-212.6663,-5.4313,30322959.2,28167459.39
CI005001.CI,20260130,3929.8656,3799.9232,4044.484,3915.5615,3933.9842,-18.4227,-0.4683,57555051.6,45264068.04
CI005001.CI,20260129,3912.8951,3806.7383,3993.2694,3933.996,3866.4641,67.5319,1.7466,55186777.94,43732949.43
CI005001.CI,20260128,3778.6234,3746.727,3965.9864,3866.468,3744.3206,122.1474,3.2622,47410920.53,40945027.68
CI005001.CI,20260127,3750.9098,3696.1134,3854.9513,3744.3206,3763.3292,-19.0086,-0.5051,33834607.35,27639310.42
CI005001.CI,20260126,3682.1252,3648.7709,3836.4592,3763.333,3662.08,101.253,2.7649,44374931.73,34998964.27
CI005001.CI,20260123,3685.8758,3607.537,3748.9067,3662.08,3667.4895,-5.4095,-0.1475,38272606.87,28850222.44
CI005001.CI,20260122,3579.6895,3562.5141,3723.9727,3667.4895,3565.8936,101.5959,2.8491,36226320.96,28340215.06
CI005001.CI,20260121,3534.9887,3488.9457,3604.3764,3565.89,3536.1791,29.7109,0.8402,24987602.22,20555103.72
CI005001.CI,20260120,3483.5727,3449.7732,3567.5143,3536.1756,3476.9903,59.1853,1.7022,24139184.77,19850394.24
CI005001.CI,20260119,3382.2664,3364.9771,3501.7122,3476.9973,3398.2827,78.7146,2.3163,19556754.59,16581568.0
CI005001.CI,20260116,3438.2319,3362.0302,3476.0973,3398.2758,3454.6628,-56.387,-1.6322,25590770.17,18590229.1
CI005001.CI,20260115,3430.6732,3402.1863,3511.932,3454.649,3448.2559,6.3931,0.1854,22633916.23,18059337.18
CI005001.CI,20260114,3436.7612,3390.7469,3524.9053,3448.2559,3429.7694,18.4865,0.539,35959427.4,28258347.21
CI005001.CI,20260113,3379.0756,3358.9094,3478.355,3429.7591,3378.9367,50.8224,1.5041,30668858.71,23841746.39
CI005001.CI,20260112,3406.6614,3347.1695,3432.8589,3378.9334,3412.0093,-33.0759,-0.9694,28406890.93,20962942.87
CI005001.CI,20260109,3470.4225,3357.785,3511.3347,3412.0161,3386.1291,25.887,0.7645,34744852.77,25637395.95
CI005001.CI,20260108,3382.5394,3341.6047,3434.5319,3386.1325,3392.4594,-6.3269,-0.1865,18733741.82,16274907.51
CI005001.CI,20260107,3423.5411,3363.2442,3465.2607,3392.4526,3450.918,-58.4654,-1.6942,23310397.77,19091295.15
CI005001.CI,20260106,3352.2265,3328.9992,3484.4767,3450.9146,3355.3411,95.5735,2.8484,28073474.72,21384769.87
CI005001.CI,20260105,3428.4943,3302.428,3451.3889,3355.3411,3406.3305,-50.9894,-1.4969,28403330.77,21805575.94
CI005001.CI,20251231,3405.5775,3366.5696,3447.7133,3406.3373,3411.2803,-4.943,-0.1449,17222340.57,13876136.43
CI005001.CI,20251230,3321.9014,3297.7032,3457.1091,3411.2872,3322.7134,88.5738,2.6657,26591792.24,20295852.36
CI005001.CI,20251229,3274.5782,3248.4155,3367.0743,3322.7034,3277.8074,44.896,1.3697,20378932.82,16920095.8
CI005001.CI,20251226,3257.7057,3232.0458,3307.9918,3277.8074,3258.0376,19.7698,0.6068,16562198.92,12702596.69
CI005001.CI,20251225,3245.5778,3217.0114,3295.0928,3258.0343,3244.5952,13.4391,0.4142,12960148.19,10570566.25
CI005001.CI,20251224,3214.8533,3178.058,3260.6962,3244.5985,3219.2564,25.3421,0.7872,15094196.94,10955103.38
CI005001.CI,20251223,3208.7381,3181.7575,3255.885,3219.2596,3204.0946,15.165,0.4733,17163814.44,11080389.37
CI005001.CI,20251222,3180.7383,3153.5196,3227.5948,3204.1074,3163.5505,40.5569,1.282,15882089.57,11400069.8
CI005001.CI,20251219,3159.0058,3125.3916,3198.7389,3163.5505,3156.7981,6.7524,0.2139,13148696.42,10186078.69
CI005001.CI,20251218,3125.6882,3109.2834,3199.0656,3156.795,3116.1295,40.6655,1.305,13887166.13,9424091.79
CI005001.CI,20251217,3084.9917,3059.0832,3139.4873,3116.1295,3094.5973,21.5322,0.6958,10846770.46,8273105.55
CI005001.CI,20251216,3117.959,3048.7078,3144.0483,3094.6004,3125.7201,-31.1197,-0.9956,13828503.19,9805277.43
CI005001.CI,20251215,3098.3458,3077.647,3156.5604,3125.7201,3104.3683,21.3518,0.6878,11235595.25,8625369.11
CI005001.CI,20251212,3111.2945,3075.5342,3133.9303,3104.359,3116.1661,-11.8071,-0.3789,13408293.31,10046079.09
CI005001.CI,20251211,3145.035,3093.8175,3172.5601,3116.1692,3138.7146,-22.5454,-0.7183,13504594.13,9223130.14
CI005001.CI,20251210,3142.9315,3108.1313,3165.4966,3138.7083,3149.4163,-10.708,-0.34,13808754.59,8404451.86
CI005001.CI,20251209,3181.9008,3133.7367,3208.4931,3149.4132,3188.898,-39.4848,-1.2382,13776775.39,9312546.82
CI005001.CI,20251208,3218.1313,3158.2707,3236.231,3188.9044,3214.6992,-25.7948,-0.8024,12431168.54,9471208.55
CI005001.CI,20251205,3200.6653,3169.4667,3241.4904,3214.6895,3202.2616,12.4279,0.3881,12236441.61,8954620.86
CI005001.CI,20251204,3215.048,3178.3167,3248.5042,3202.2616,3214.8058,-12.5442,-0.3902,12753969.12,9924568.67
CI005001.CI,20251203,3208.688,3180.8277,3251.8652,3214.8058,3219.084,-4.2782,-0.1329,13042248.61,9781300.47
CI005001.CI,20251202,3197.8427,3175.7943,3261.692,3219.0808,3196.342,22.7388,0.7114,15179229.51,11719458.74
CI005001.CI,20251201,3163.1754,3145.6144,3221.7265,3196.342,3155.9334,40.4086,1.2804,15261176.35,12424134.01
CI005001.CI,20251128,3143.8629,3114.6595,3186.5976,3155.9334,3143.7388,12.1946,0.3879,12876744.24,9995343.26
CI005001.CI,20251127,3111.0814,3083.6443,3169.859,3143.7294,3110.8755,32.8539,1.0561,13080279.0,10226190.53
CI005001.CI,20251126,3131.7185,3093.8345,3168.9924,3110.8787,3135.6313,-24.7526,-0.7894,15458702.64,10989727.54
CI005001.CI,20251125,3143.7235,3106.7082,3167.9067,3135.6376,3134.9071,0.7305,0.0233,13544030.54,10064411.06
CI005001.CI,20251124,3188.6026,3105.9406,3215.2867,3134.8977,3175.5767,-40.679,-1.281,17389743.99,13224384.79
CI005001.CI,20251121,3241.277,3159.6699,3269.9353,3175.5703,3258.4054,-82.8351,-2.5422,21834170.52,16019867.67
CI005001.CI,20251120,3292.6712,3242.6021,3346.3777,3258.4087,3310.301,-51.8923,-1.5676,17996023.16,13746572.2
CI005001.CI,20251119,3251.9075,3221.7426,3345.3529,3310.301,3253.0218,57.2792,1.7608,20592374.08,15966288.38
CI005001.CI,20251118,3297.7235,3224.1367,3327.9531,3253.0153,3301.2799,-48.2646,-1.462,19897074.25,15569382.58
CI005001.CI,20251117,3279.7411,3232.187,3352.719,3301.2666,3271.6583,29.6083,0.905,22787726.49,16734106.06
CI005001.CI,20251114,3268.0125,3247.4237,3339.8857,3271.6649,3276.4485,-4.7836,-0.146,22553433.13,16004889.5
CI005001.CI,20251113,3248.7966,3216.658,3300.7354,3276.4518,3278.3631,-1.9113,-0.0583,23767057.64,16769783.71
CI005001.CI,20251112,3259.3761,3229.211,3325.7201,3278.3664,3248.9793,29.3871,0.9045,22238017.3,17050194.62
CI005001.CI,20251111,3255.0423,3214.9454,3281.4889,3248.9858,3257.563,-8.5772,-0.2633,16562050.68,12820552.21
CI005001.CI,20251110,3202.7751,3184.006,3287.2478,3257.5695,3197.9657,59.6038,1.8638,21911836.81,17960389.99
CI005001.CI,20251107,3151.9281,3138.4115,3232.7266,3197.9593,3151.8075,46.1518,1.4643,23451164.92,17472701.73
CI005001.CI,20251106,3095.7883,3079.2846,3176.4179,3151.8044,3102.811,48.9934,1.579,21029395.19,14192679.56
CI005001.CI,20251105,3084.6825,3062.8513,3128.4948,3102.7986,3103.0841,-0.2855,-0.0092,20565565.88,12536488.94
CI005001.CI,20251104,3123.9452,3081.4197,3156.9107,3103.081,3129.0521,-25.9711,-0.83,20897316.0,12690881.52
CI005001.CI,20251103,3064.6881,3040.8637,3148.4105,3129.0522,3058.4598,70.5924,2.3081,22052769.83,15791702.16
CI005001.CI,20251031,3065.2644,3029.5276,3096.2055,3058.4476,3063.4256,-4.978,-0.1625,15326496.68,12276059.87
CI005001.CI,20251030,3072.9804,3038.7854,3113.0104,3063.4379,3069.857,-6.4191,-0.2091,17539710.48,13272604.35
CI005001.CI,20251029,3049.4583,3021.7733,3095.5737,3069.8723,3053.0591,16.8132,0.5507,15783505.21,11665785.51
CI005001.CI,20251028,3067.0701,3033.968,3100.1703,3053.0591,3067.7012,-14.6421,-0.4773,16220352.69,11699898.1
CI005001.CI,20251027,3043.5301,3016.4396,3099.4584,3067.7013,3046.6973,21.004,0.6894,22158876.86,14986496.75
CI005001.CI,20251024,3086.0852,3023.6322,3109.5016,3046.6942,3084.6727,-37.9785,-1.2312,24341503.72,15702118.73
CI005001.CI,20251023,3036.4422,3008.4949,3106.3195,3084.6758,3029.0354,55.6404,1.8369,30786166.07,19685704.31
CI005001.CI,20251022,2984.3022,2965.5478,3051.9295,3029.0293,2982.9136,46.1157,1.546,28530491.02,18410129.29
CI005001.CI,20251021,2950.4437,2932.8717,2998.3641,2982.9136,2948.8077,34.1059,1.1566,22690712.02,14187092.86
CI005001.CI,20251020,2918.6805,2895.7735,2963.5071,2948.8165,2908.5189,40.2976,1.3855,16246188.97,11406060.42
CI005001.CI,20251017,2940.5627,2897.071,2971.4151,2908.5276,2941.0112,-32.4836,-1.1045,14690414.63,10437108.51
CI005001.CI,20251016,2944.7929,2915.0825,2976.2625,2941.0024,2946.3825,-5.3801,-0.1826,13007758.73,9564913.77
CI005001.CI,20251015,2952.3688,2916.9743,2974.2013,2946.3795,2950.0937,-3.7142,-0.1259,14237797.69,10154516.22
CI005001.CI,20251014,2960.5799,2912.7098,2998.4462,2950.0996,2951.4691,-1.3695,-0.0464,17923134.07,13299800.63
CI005001.CI,20251013,2924.7772,2892.5835,2981.9918,2951.4662,2992.7875,-41.3213,-1.3807,17748119.21,13612085.45
CI005001.CI,20251010,2952.1469,2936.3967,3026.9187,2992.7905,2963.329,29.4615,0.9942,18628631.69,14218327.98
CI005001.CI,20251009,2916.8158,2879.4284,2975.7483,2963.3438,2912.0536,51.2902,1.7613,17135579.0,12728420.91
CI005001.CI,20250930,2912.0267,2881.2769,2934.6949,2912.0536,2921.4079,-9.3543,-0.3202,11915321.3,9810752.41
CI005001.CI,20250929,2924.6513,2878.0636,2949.0916,2921.4049,2926.2889,-4.884,-0.1669,14231260.27,10708703.53
CI005001.CI,20250926,2899.0827,2878.2171,2962.9958,2926.2831,2895.5096,30.7735,1.0628,14592441.83,11778848.8
CI005001.CI,20250925,2898.9406,2871.2235,2923.0224,2895.5125,2898.4544,-2.9419,-0.1015,11360302.66,8938582.55
CI005001.CI,20250924,2882.8642,2862.3758,2925.3154,2898.4573,2878.0776,20.3797,0.7081,13186349.35,9507790.51
CI005001.CI,20250923,2891.796,2835.9685,2912.1528,2878.0776,2894.7019,-16.6243,-0.5743,13923363.2,9912325.23
CI005001.CI,20250922,2922.5493,2876.5362,2936.6106,2894.7135,2925.2976,-30.5841,-1.0455,12108183.99,8662828.3
CI005001.CI,20250919,2914.2774,2895.6122,2952.2007,2925.2918,2918.0113,7.2805,0.2495,13879560.21,9603003.06
CI005001.CI,20250918,2971.1202,2899.0429,2984.1821,2918.0055,2977.8178,-59.8123,-2.0086,19579353.7,13817703.31
CI005001.CI,20250917,2977.5624,2947.9752,3002.6986,2977.8148,2975.1223,2.6925,0.0905,14225808.32,10498966.78
CI005001.CI,20250916,2988.8278,2944.2995,3016.9712,2975.1164,2985.1015,-9.9851,-0.3345,14694422.75,11242506.83
CI005001.CI,20250915,2982.2675,2955.31,3013.7778,2985.0985,2982.6259,2.4726,0.0829,15184912.84,10740987.36
CI005001.CI,20250912,2991.4275,2961.3115,3012.427,2982.6199,2994.7065,-12.0866,-0.4036,15120496.02,10841143.06
CI005001.CI,20250911,2984.0499,2951.8794,3009.8703,2994.7006,2986.3418,8.3588,0.2799,16270178.61,12351491.21
CI005001.CI,20250910,2999.8728,2962.4502,3022.2241,2986.3448,2994.2016,-7.8568,-0.2624,15609863.92,11130494.63
CI005001.CI,20250909,3020.2281,2975.1222,3047.8107,2994.1986,3020.6839,-26.4853,-0.8768,12330921.97,10013645.18
CI005001.CI,20250908,2975.5341,2958.2215,3044.3624,3020.6839,2980.1479,40.536,1.3602,15685649.56,12654606.16
CI005001.CI,20250905,2961.27,2938.6235,3001.0456,2980.1478,2967.79,12.3578,0.4164,13390329.59,9995888.65
CI005001.CI,20250904,2981.8432,2912.052,3012.8357,2967.787,2995.1567,-27.3697,-0.9138,19331746.26,15292060.07
CI005001.CI,20250903,3030.8926,2971.5386,3057.9115,2995.1597,3026.5725,-31.4128,-1.0379,15069270.66,11860573.37
CI005001.CI,20250902,3015.9903,2972.4843,3066.3168,3026.5695,3012.72,13.8495,0.4597,21991153.7,17938499.45
CI005001.CI,20250901,3010.8907,2970.6179,3050.2994,3012.72,3007.4029,5.3171,0.1768,19025786.76,14014765.35
CI005001.CI,20250829,3016.2991,2988.5327,3063.3892,3007.4119,3004.8698,2.5421,0.0846,18647711.53,15136482.75
CI005001.CI,20250828,2992.0526,2948.0066,3030.1012,3004.8578,2992.4928,12.365,0.4132,18518116.4,14454778.95
CI005001.CI,20250827,3047.5357,2983.1952,3074.7346,2992.4928,3052.7697,-60.2769,-1.9745,21226010.27,16553814.4
CI005001.CI,20250826,3029.6957,3008.0606,3087.8376,3052.7666,3029.3588,23.4078,0.7727,19591798.31,15035614.49
CI005001.CI,20250825,3014.092,2988.3756,3054.4176,3029.3557,3012.6866,16.6691,0.5533,20458508.81,15900115.67
CI005001.CI,20250822,3013.8039,2975.3299,3037.3063,3012.6896,3015.7023,-3.0127,-0.0999,18837638.98,14566366.83
CI005001.CI,20250821,2984.6952,2965.4167,3047.8244,3015.6992,2980.971,34.7282,1.165,24105825.18,17854680.94
CI005001.CI,20250820,2913.4545,2897.9472,2996.5676,2980.968,2915.6944,65.2736,2.2387,18848923.45,15022737.84
CI005001.CI,20250819,2935.4755,2902.643,2952.067,2915.6857,2934.8738,-19.1881,-0.6538,13991849.05,11378519.11
CI005001.CI,20250818,2946.8972,2915.0855,2967.9334,2934.8708,2936.5036,-1.6328,-0.0556,18196243.17,15147607.09
CI005001.CI,20250815,2914.5302,2894.2142,2958.0808,2936.5036,2911.2197,25.2839,0.8685,14334396.56,12121627.34
CI005001.CI,20250814,2935.7633,2895.3093,2959.1578,2911.2197,2933.8899,-22.6702,-0.7727,13337762.09,10542674.34
CI005001.CI,20250813,2932.7874,2911.5668,2962.479,2933.8929,2936.4858,-2.5929,-0.0883,14332953.23,11329494.97
CI005001.CI,20250812,2916.4479,2897.7681,2964.1598,2936.4858,2915.3408,21.145,0.7253,13960096.19,11983611.72
CI005001.CI,20250811,2924.6829,2886.3155,2954.3877,2915.3496,2924.5062,-9.1566,-0.3131,14868534.33,11715034.01
CI005001.CI,20250808,2910.4273,2891.2652,2953.954,2924.5033,2911.1498,13.3535,0.4587,13874151.33,10714260.74
CI005001.CI,20250807,2912.629,2883.3709,2934.064,2911.1498,2910.0789,1.0709,0.0368,11694787.2,9362717.75
CI005001.CI,20250806,2895.4453,2878.5034,2921.2984,2910.0789,2897.0105,13.0684,0.4511,10280321.48,8029393.19
CI005001.CI,20250805,2879.8874,2865.6883,2915.6218,2897.0105,2877.3353,19.6752,0.6838,11266121.03,8690666.48
CI005001.CI,20250804,2870.7925,2845.7306,2899.954,2877.344,2886.1149,-8.7709,-0.3039,11394381.76,8417528.89
CI005001.CI,20250801,2923.1103,2869.9682,2951.6715,2886.1206,2937.8056,-51.685,-1.7593,15310006.16,11171969.97
CI005001.CI,20250731,2988.6914,2912.2261,2999.0727,2937.7968,2991.1894,-53.3926,-1.785,17780254.47,12428655.77
CI005001.CI,20250730,2942.9894,2930.638,3018.8834,2991.1834,2938.9207,52.2627,1.7783,19918161.82,14791854.14
CI005001.CI,20250729,2932.662,2903.8189,2959.9645,2938.9089,2934.4574,4.4515,0.1517,12836233.01,9841895.73
CI005001.CI,20250728,2954.0422,2909.0726,2973.7048,2934.4486,2964.4457,-29.9971,-1.0119,15501990.54,11341870.27
CI005001.CI,20250725,2987.4228,2949.3006,3028.7324,2964.4576,2980.8973,-16.4397,-0.5515,19098392.88,12964869.24
CI005001.CI,20250724,2977.5402,2944.3844,3008.5349,2980.8973,2983.4063,-2.509,-0.0841,21138276.59,12468777.68
CI005001.CI,20250723,3019.2912,2971.8973,3042.0248,2983.4003,3010.5464,-27.1461,-0.9017,19801034.1,13675822.03
CI005001.CI,20250722,2958.317,2929.0546,3024.1302,3010.5614,2951.9647,58.5967,1.985,22380392.81,15387324.08
CI005001.CI,20250721,2922.5886,2921.3481,2970.9072,2967.368,2913.559,53.809,1.8468,186775.47,1273832.49
CI005001.CI,20250718,2894.1518,2892.81,2914.4028,2913.559,2882.2764,31.2826,1.0853,128829.06,910020.2
CI005001.CI,20250717,2887.3914,2873.0156,2892.1203,2882.2764,2880.9678,1.3086,0.0454,115229.18,853073.26
CI005001.CI,20250716,2870.8884,2870.8884,2889.6012,2880.9678,2869.338,11.6298,0.4053,101580.54,782618.17
CI005001.CI,20250715,2887.5676,2857.5994,2889.4111,2869.338,2893.4302,-24.0922,-0.8327,156590.57,1042606.95
CI005001.CI,20250714,2879.1647,2878.8554,2900.9206,2893.4302,2866.9442,26.486,0.9238,148050.43,1011540.2
CI005001.CI,20250711,2882.2456,2866.8178,2897.7401,2866.9442,2874.5993,-7.6551,-0.2663,166822.86,1280687.4
CI005001.CI,20250710,2838.0695,2838.0695,2883.2487,2874.5993,2830.1843,44.415,1.5693,167429.76,1331225.24
CI005001.CI,20250709,2833.345,2830.0131,2851.6477,2830.1843,2827.3568,2.8275,0.1,133056.77,964777.35
CI005001.CI,20250708,2813.2154,2804.036,2830.98,2827.3568,2804.5848,22.772,0.812,127656.14,879666.68
CI005001.CI,20250707,2813.5689,2792.5679,2813.5689,2804.5848,2818.8229,-14.2381,-0.5051,111680.87,742619.61
CI005001.CI,20250704,2826.2827,2814.9365,2830.042,2818.8229,2826.8917,-8.0688,-0.2854,115200.61,767016.84
CI005001.CI,20250703,2833.6122,2821.019,2837.4514,2826.8917,2829.6634,-2.7717,-0.098,119672.44,817101.71
CI005001.CI,20250702,2821.5527,2817.0369,2831.5306,2829.6634,2817.2203,12.4431,0.4417,150042.33,961083.12
CI005001.CI,20250701,2805.6094,2794.2015,2817.9102,2817.2203,2806.7367,10.4836,0.3735,137171.89,905724.14
CI005001.CI,20250630,2808.0108,2792.8931,2811.0729,2806.7367,2807.0951,-0.3584,-0.0128,157793.36,1045260.75
CI005001.CI,20250627,2818.9847,2803.1337,2821.9636,2807.0951,2823.663,-16.5679,-0.5868,160936.01,1076608.29
CI005001.CI,20250626,2812.1464,2808.2262,2831.896,2823.663,2815.9911,7.6719,0.2724,224181.15,1441135.64
CI005001.CI,20250625,2807.0185,2796.5739,2818.3487,2815.9911,2820.3064,-4.3153,-0.153,222241.07,1417005.58
CI005001.CI,20250624,2803.6428,2772.143,2824.8641,2820.3064,2868.6883,-48.3819,-1.6866,312146.66,1859071.61
CI005001.CI,20250623,2880.623,2850.7063,2887.6765,2868.6883,2848.2982,20.3901,0.7159,308643.34,2076947.36
CI005001.CI,20250620,2871.8193,2845.7965,2876.5442,2848.2982,2884.8986,-36.6004,-1.2687,285031.84,1855733.08
CI005001.CI,20250619,2853.5241,2829.9445,2895.3043,2884.8986,2859.4863,25.4123,0.8887,364299.84,2237347.26
CI005001.CI,20250618,2885.4471,2854.4443,2894.9209,2859.4863,2869.3603,-9.874,-0.3441,256118.25,1606242.24
CI005001.CI,20250617,2838.6184,2824.8166,2874.4723,2869.3603,2850.6747,18.6856,0.6555,338857.19,2069870.68
CI005001.CI,20250616,2876.5447,2846.283,2880.671,2850.6747,2857.2523,-6.5776,-0.2302,360930.92,2101970.07
CI005001.CI,20250613,2851.0515,2832.8861,2867.539,2857.2523,2806.3109,50.9414,1.8152,331679.68,2091410.0
CI005001.CI,20250612,2812.8669,2793.5818,2819.4503,2806.3109,2799.7009,6.61,0.2361,123137.57,914844.53
CI005001.CI,20250611,2779.8342,2779.6523,2802.7652,2799.7009,2779.6324,20.0685,0.722,106727.45,767099.24
CI005001.CI,20250610,2787.0807,2759.9842,2796.9784,2779.6324,2783.3657,-3.7333,-0.1341,117310.16,851944.02
CI005001.CI,20250609,2772.0914,2768.4965,2784.4676,2783.3657,2765.7883,17.5774,0.6355,105772.29,758365.65
CI005001.CI,20250606,2745.5684,2742.8888,2771.5533,2765.7883,2741.3342,24.4541,0.8921,104843.07,699819.46
CI005001.CI,20250605,2744.2109,2736.6195,2750.1326,2741.3342,2746.8172,-5.483,-0.1996,79009.48,529323.2
CI005001.CI,20250604,2738.32,2734.9226,2750.2096,2746.8172,2735.656,11.1612,0.408,80563.86,547146.01
CI005001.CI,20250603,2738.7455,2730.0729,2742.006,2735.656,2735.1352,0.5208,0.019,87428.07,584905.61
CI005001.CI,20250530,2736.8042,2727.5889,2745.4515,2735.1352,2740.8213,-5.6861,-0.2075,92049.03,628926.27
CI005001.CI,20250529,2744.7654,2738.5544,2751.8641,2740.8213,2744.3938,-3.5725,-0.1302,93159.81,639435.08
CI005001.CI,20250528,2732.3408,2729.8374,2750.8097,2744.3938,2730.4177,13.9761,0.5119,109177.62,770597.88
CI005001.CI,20250527,2731.3259,2719.8774,2735.1467,2730.4177,2731.3431,-0.9254,-0.0339,86985.72,575951.7
CI005001.CI,20250526,2729.0508,2723.7901,2745.809,2731.3431,2725.1577,6.1854,0.227,105275.92,636808.23
CI005001.CI,20250523,2747.3782,2725.1577,2763.1982,2725.1577,2748.8567,-23.699,-0.8621,99143.05,674281.36
CI005001.CI,20250522,2750.4785,2742.51,2756.7165,2748.8567,2755.8292,-6.9725,-0.253,103099.03,685603.63
CI005001.CI,20250521,2746.1518,2746.1518,2763.5584,2755.8292,2741.1595,14.6697,0.5352,115525.25,762333.9
CI005001.CI,20250520,2738.2848,2728.9459,2745.1001,2741.1595,2734.9366,6.2229,0.2275,96522.03,623867.92
CI005001.CI,20250519,2733.9272,2726.6094,2742.7762,2734.9366,2729.9959,4.9407,0.181,108154.99,691338.03
CI005001.CI,20250516,2748.3703,2728.3621,2756.1891,2729.9959,2755.9115,-25.9156,-0.9404,114883.38,764850.39
CI005001.CI,20250515,2769.7871,2753.2073,2780.2138,2755.9115,2775.9913,-20.0798,-0.7233,121176.22,820375.77
CI005001.CI,20250514,2750.033,2742.887,2777.9496,2775.9913,2744.5108,31.4805,1.147,134657.1,986787.18
CI005001.CI,20250513,2744.2208,2738.2651,2754.0659,2744.5108,2729.0872,15.4236,0.5652,109327.26,806696.24
CI005001.CI,20250512,2724.491,2718.4551,2730.5738,2729.0872,2713.4815,15.6057,0.5751,93104.95,691314.23
CI005001.CI,20250509,2726.1775,2711.9349,2732.015,2713.4815,2718.2871,-4.8056,-0.1768,95835.41,716352.0
CI005001.CI,20250508,2715.5417,2708.8685,2728.6105,2718.2871,2724.653,-6.3659,-0.2336,98632.0,703940.89
CI005001.CI,20250507,2725.6811,2706.4438,2727.6634,2724.653,2699.0588,25.5942,0.9483,129693.23,888035.32
CI005001.CI,20250506,2684.7549,2667.6285,2700.085,2699.0588,2683.8009,15.2579,0.5685,114946.56,831719.67
CI005001.CI,20250430,2675.0161,2674.9261,2688.4599,2683.8009,2674.343,9.4579,0.3537,138183.95,841682.4
CI005001.CI,20250429,2679.1853,2672.1492,2693.5669,2674.343,2690.5507,-16.2077,-0.6024,147793.38,789643.13
CI005001.CI,20250428,2689.3748,2673.4311,2695.2958,2690.5507,2690.5454,0.0053,0.0002,116946.68,724129.66
CI005001.CI,20250425,2694.5388,2688.1874,2701.3865,2690.5454,2689.8075,0.7379,0.0274,133223.88,822840.83
CI005001.CI,20250424,2682.3814,2674.5516,2694.9228,2689.8075,2687.3272,2.4803,0.0923,129055.7,763635.77
CI005001.CI,20250423,2687.1025,2675.5687,2692.4488,2687.3272,2676.2695,11.0577,0.4132,129991.73,781787.28
CI005001.CI,20250422,2661.2967,2659.0651,2686.2573,2676.2695,2662.3785,13.891,0.5218,101861.23,695892.27
CI005001.CI,20250421,2652.334,2651.3631,2667.5845,2662.3785,2655.6536,6.7249,0.2532,96706.15,625970.01
CI005001.CI,20250418,2649.4946,2643.5561,2661.5735,2655.6536,2649.433,6.2206,0.2348,103772.9,674460.64
CI005001.CI,20250417,2641.1168,2629.0812,2651.3488,2649.433,2645.551,3.882,0.1467,104996.97,655701.56
CI005001.CI,20250416,2623.8889,2605.9911,2645.7502,2645.551,2632.5865,12.9645,0.4925,124918.22,805654.72
CI005001.CI,20250415,2627.4195,2614.959,2632.8975,2632.5865,2631.597,0.9895,0.0376,105924.84,652658.57
CI005001.CI,20250414,2607.4316,2606.0551,2634.5377,2631.597,2597.4239,34.1731,1.3157,128556.48,840422.74
CI005001.CI,20250411,2592.6306,2585.28,2604.7766,2597.4239,2605.2889,-7.865,-0.3019,116865.9,738171.64
CI005001.CI,20250410,2613.4082,2591.6534,2623.6685,2605.2889,2580.6742,24.6147,0.9538,173603.11,1100821.97
CI005001.CI,20250409,2553.9047,2510.727,2580.6878,2580.6742,2584.0126,-3.3384,-0.1292,199134.9,1288430.35
CI005001.CI,20250408,2522.5818,2514.428,2586.223,2584.0126,2519.7649,64.2477,2.5497,226234.68,1456116.86
CI005001.CI,20250407,2607.184,2499.9084,2622.8266,2519.7649,2757.0614,-237.2965,-8.6069,251591.88,1556146.2
CI005001.CI,20250403,2742.3295,2741.4017,2768.9481,2757.0614,2767.2501,-10.1887,-0.3682,107206.37,792761.03
CI005001.CI,20250402,2777.953,2761.2264,2778.007,2767.2501,2780.5857,-13.3356,-0.4796,109213.51,812537.17
CI005001.CI,20250401,2767.5525,2767.5525,2785.4742,2780.5857,2753.9076,26.6781,0.9687,133242.53,925000.57
CI005001.CI,20250331,2759.5687,2743.7955,2770.9702,2753.9076,2765.902,-11.9944,-0.4337,140230.45,912270.12
CI005001.CI,20250328,2806.423,2763.2475,2806.423,2765.902,2813.5653,-47.6633,-1.6941,142997.97,925702.6
CI005001.CI,20250327,2806.2459,2804.7693,2823.0057,2813.5653,2805.8864,7.6789,0.2737,156432.38,978670.49
CI005001.CI,20250326,2808.1604,2802.6643,2819.9661,2805.8864,2811.6349,-5.7485,-0.2045,167231.6,1003568.43
CI005001.CI,20250325,2784.7689,2777.394,2813.2322,2811.6349,2785.9089,25.726,0.9234,202943.16,1104786.88
CI005001.CI,20250324,2794.9506,2761.5888,2795.907,2785.9089,2794.5251,-8.6162,-0.3083,238824.16,1342839.29
CI005001.CI,20250321,2798.3138,2786.275,2836.136,2794.5251,2791.318,3.2071,0.1149,267700.94,1598980.48
CI005001.CI,20250320,2767.1913,2767.1913,2798.0357,2791.318,2769.2948,22.0232,0.7953,166289.35,1023524.07
CI005001.CI,20250319,2767.5115,2762.5519,2776.4304,2769.2948,2777.6955,-8.4007,-0.3024,127774.3,769878.91
CI005001.CI,20250318,2782.7745,2768.518,2786.2762,2777.6955,2782.8771,-5.1816,-0.1862,110817.72,784110.27
CI005001.CI,20250317,2774.0847,2774.0846,2792.3623,2782.8771,2765.5359,17.3412,0.627,156448.36,1080835.88
CI005001.CI,20250314,2745.7731,2743.3675,2765.9153,2765.5359,2750.1913,15.3446,0.5579,154331.64,1047591.13
CI005001.CI,20250313,2734.5127,2733.7991,2755.2177,2750.1913,2728.8635,21.3278,0.7816,132786.42,1021847.42
CI005001.CI,20250312,2743.5448,2727.7477,2747.1522,2728.8635,2743.722,-14.8585,-0.5415,95633.96,780278.58
CI005001.CI,20250311,2709.1983,2705.8401,2743.722,2743.722,2727.94,15.782,0.5785,99505.36,762876.76
CI005001.CI,20250310,2727.7325,2715.0013,2743.8431,2727.94,2728.9926,-1.0526,-0.0386,108431.72,825316.76
CI005001.CI,20250307,2713.3915,2710.1348,2738.5707,2728.9926,2721.3787,7.6139,0.2798,120739.19,942813.27
CI005001.CI,20250306,2709.3727,2693.7644,2722.914,2721.3787,2715.0561,6.3226,0.2329,126753.54,972147.43
CI005001.CI,20250305,2723.7336,2705.4039,2726.0477,2715.0561,2727.045,-11.9889,-0.4396,101673.63,762110.04
CI005001.CI,20250304,2737.9715,2713.0395,2737.9715,2727.045,2751.9851,-24.9401,-0.9063,123131.68,983910.15
CI005001.CI,20250303,2766.8174,2745.0343,2787.1462,2751.9851,2764.454,-12.4689,-0.451,143452.39,1009153.12
CI005001.CI,20250228,2776.7282,2764.3138,2796.0849,2764.454,2776.7156,-12.2616,-0.4416,179075.79,1288539.37
CI005001.CI,20250227,2748.8927,2736.2385,2776.7156,2776.7156,2747.1269,29.5887,1.0771,138361.51,1044071.77
CI005001.CI,20250226,2731.26,2731.2537,2751.026,2747.1269,2735.4224,11.7045,0.4279,126479.31,949647.92
CI005001.CI,20250225,2750.2393,2731.1172,2761.8191,2735.4224,2756.398,-20.9756,-0.761,117160.39,874521.13
CI005001.CI,20250224,2757.4483,2748.4747,2765.249,2756.398,2769.3691,-12.9711,-0.4684,135654.0,1106481.46
CI005001.CI,20250221,2781.5181,2760.555,2782.8882,2769.3691,2780.7444,-11.3753,-0.4091,118769.37,924489.05
CI005001.CI,20250220,2777.575,2764.8476,2782.4382,2780.7444,2779.9219,0.8225,0.0296,121924.11,886326.1
CI005001.CI,20250219,2789.037,2769.7887,2789.1988,2779.9219,2790.9327,-11.0108,-0.3945,151683.13,1079853.14
CI005001.CI,20250218,2798.5208,2783.9668,2816.3218,2790.9327,2799.2083,-8.2756,-0.2956,139919.84,1006292.5
CI005001.CI,20250217,2803.5573,2784.5496,2804.4678,2799.2083,2804.4877,-5.2794,-0.1882,128231.53,955188.17
CI005001.CI,20250214,2814.1285,2792.6829,2816.4106,2804.4877,2813.2086,-8.7209,-0.31,122559.47,887798.1
CI005001.CI,20250213,2824.7985,2812.9636,2835.5591,2813.2086,2834.5309,-21.3223,-0.7522,122549.95,890858.5
CI005001.CI,20250212,2828.4566,2815.6991,2836.6636,2834.5309,2827.948,6.5829,0.2328,119937.49,904557.53
CI005001.CI,20250211,2822.2748,2813.4013,2833.9501,2827.948,2815.872,12.076,0.4289,115558.8,837448.25
CI005001.CI,20250210,2808.131,2798.8886,2818.3925,2815.872,2809.5393,6.3327,0.2254,112894.01,784129.0
CI005001.CI,20250207,2784.0513,2775.8697,2819.5588,2809.5393,2788.43,21.1093,0.757,134521.62,926334.35
CI005001.CI,20250206,2768.319,2761.7561,2789.1084,2788.43,2773.3206,15.1094,0.5448,103296.29,676885.12
CI005001.CI,20250205,2804.2528,2762.7585,2805.1636,2773.3206,2801.1655,-27.8449,-0.994,113887.41,789934.8
CI005001.CI,20250127,2773.0005,2772.9524,2815.0207,2801.1655,2771.9708,29.1947,1.0532,129233.17,864948.23
CI005001.CI,20250124,2767.7668,2748.862,2776.3188,2771.9708,2770.3842,1.5866,0.0573,130201.0,851894.58
CI005001.CI,20250123,2784.7394,2770.2316,2809.6416,2770.3842,2765.835,4.5492,0.1645,109967.75,799669.1
CI005001.CI,20250122,2788.0775,2759.8284,2791.6319,2765.835,2795.866,-30.031,-1.0741,106856.58,770981.88
CI005001.CI,20250121,2839.6326,2788.2476,2841.0194,2795.866,2837.9321,-42.0661,-1.4823,123481.3,898331.15
CI005001.CI,20250120,2880.265,2830.1629,2880.7432,2837.9321,2872.969,-35.0369,-1.2195,132858.62,1026531.72
CI005001.CI,20250117,2870.9642,2858.9632,2889.6435,2872.969,2882.2196,-9.2506,-0.321,126139.27,896493.36
CI005001.CI,20250116,2871.6035,2863.1066,2897.2503,2882.2196,2851.6885,30.5311,1.0706,139695.7,1003653.53
CI005001.CI,20250115,2862.4181,2846.3791,2886.399,2851.6885,2870.3489,-18.6604,-0.6501,122376.34,826573.29
CI005001.CI,20250114,2818.6464,2808.7291,2870.3489,2870.3489,2824.5437,45.8052,1.6217,147013.65,1008610.7
CI005001.CI,20250113,2816.547,2809.134,2851.8169,2824.5437,2798.6023,25.9414,0.9269,126191.92,927983.91
CI005001.CI,20250110,2841.171,2798.6005,2855.1618,2798.6023,2835.6472,-37.0449,-1.3064,102624.17,746577.56
CI005001.CI,20250109,2865.6928,2831.2677,2866.0564,2835.6472,2883.3124,-47.6652,-1.6531,106102.56,770024.82
CI005001.CI,20250108,2875.9247,2850.0934,2902.0882,2883.3124,2878.5333,4.7791,0.166,132728.08,997129.83
CI005001.CI,20250107,2864.0016,2841.9493,2880.075,2878.5333,2870.2659,8.2674,0.288,108044.73,803252.78
CI005001.CI,20250106,2872.7746,2836.98,2887.3208,2870.2659,2867.7435,2.5224,0.088,125817.1,913822.29
CI005001.CI,20250103,2873.0969,2860.6002,2917.0714,2867.7435,2863.117,4.6265,0.1616,151527.68,1123697.09
CI005001.CI,20250102,2923.8669,2848.459,2942.6708,2863.117,2927.6538,-64.5368,-2.2044,149246.57,1087655.36
CI005001.CI,20241231,2956.1698,2926.3806,2972.8966,2927.6538,2952.1742,-24.5204,-0.8306,139128.4,1052894.23
CI005001.CI,20241230,2933.0537,2932.6901,2954.6097,2952.1742,2937.4705,14.7037,0.5006,123711.15,995573.41
CI005001.CI,20241227,2929.5969,2915.87,2940.6449,2937.4705,2927.9541,9.5164,0.325,131424.21,883894.94
CI005001.CI,20241226,2940.9141,2916.9631,2941.4026,2927.9541,2943.0589,-15.1048,-0.5132,104712.79,863962.6
CI005001.CI,20241225,2931.2694,2919.9432,2949.3039,2943.0589,2931.5639,11.495,0.3921,122257.16,991195.71
CI005001.CI,20241224,2882.6747,2882.6747,2934.5077,2931.5639,2890.6755,40.8884,1.4145,135244.54,1099663.38
CI005001.CI,20241223,2872.0964,2872.0964,2911.6533,2890.6755,2865.5837,25.0918,0.8756,162841.52,1273469.25
CI005001.CI,20241220,2883.8014,2862.3123,2887.587,2865.5837,2887.4034,-21.8197,-0.7557,104473.94,771975.43
CI005001.CI,20241219,2901.3096,2878.8907,2911.6118,2887.4034,2916.426,-29.0226,-0.9951,117296.1,888539.82
CI005001.CI,20241218,2913.8224,2913.0621,2933.8545,2916.426,2906.5938,9.8322,0.3383,125467.78,997104.15
CI005001.CI,20241217,2921.6324,2898.9322,2946.1783,2906.5938,2928.1411,-21.5473,-0.7359,139268.22,1069819.54
CI005001.CI,20241216,2902.8186,2902.8186,2943.2229,2928.1411,2905.2422,22.8989,0.7882,151346.82,1231005.75
CI005001.CI,20241213,2957.6734,2904.5782,2958.1697,2905.2422,2967.9751,-62.7329,-2.1137,173773.94,1283317.9
CI005001.CI,20241212,2957.1934,2950.0335,2972.6884,2967.9751,2954.2878,13.6873,0.4633,135363.09,1023811.32
CI005001.CI,20241211,2926.9232,2926.4354,2955.4272,2954.2878,2933.0645,21.2233,0.7236,134597.78,998825.81
CI005001.CI,20241210,2989.2976,2929.1197,2995.4734,2933.0645,2943.7291,-10.6646,-0.3623,181200.12,1326566.65
CI005001.CI,20241209,2920.9103,2913.5882,2957.9587,2943.7291,2924.7056,19.0235,0.6504,166953.64,1160028.14
CI005001.CI,20241206,2906.828,2905.7473,2929.6151,2924.7056,2908.0359,16.6697,0.5732,155278.04,1109947.25
CI005001.CI,20241205,2917.6066,2900.2521,2919.4945,2908.0359,2935.387,-27.3511,-0.9318,125013.25,923808.52
CI005001.CI,20241204,2900.4221,2894.0826,2953.1474,2935.387,2903.2913,32.0957,1.1055,201665.51,1477079.95
CI005001.CI,20241203,2886.6263,2868.1805,2905.3371,2903.2913,2887.7658,15.5255,0.5376,147870.63,1060877.75
CI005001.CI,20241202,2866.7036,2852.3324,2889.1644,2887.7658,2867.7065,20.0593,0.6995,165026.25,1069350.09
CI005001.CI,20241129,2858.4005,2853.1717,2884.6763,2867.7065,2860.4712,7.2353,0.2529,145409.59,975743.81
CI005001.CI,20241128,2856.5208,2848.8819,2877.8825,2860.4712,2862.4177,-1.9465,-0.068,148979.89,955968.91
CI005001.CI,20241127,2841.6013,2810.0811,2862.7646,2862.4177,2851.8144,10.6033,0.3718,135024.29,906499.68
CI005001.CI,20241126,2852.0491,2829.269,2861.368,2851.8144,2868.5596,-16.7452,-0.5837,137153.07,966605.89
CI005001.CI,20241125,2854.3748,2847.7215,2893.4821,2868.5596,2846.8417,21.7179,0.7629,203389.47,1415592.9
CI005001.CI,20241122,2913.1399,2846.6029,2928.7295,2846.8417,2910.9728,-64.1311,-2.2031,188564.09,1281067.58
CI005001.CI,20241121,2930.5433,2897.1354,2941.5598,2910.9728,2930.1432,-19.1704,-0.6542,147726.13,1055161.56
CI005001.CI,20241120,2891.9585,2890.7692,2930.6918,2930.1432,2899.4817,30.6615,1.0575,161741.19,1130670.74
CI005001.CI,20241119,2892.6809,2854.7454,2901.447,2899.4817,2885.8695,13.6122,0.4717,175369.95,1199974.75
CI005001.CI,20241118,2899.4212,2874.9617,2936.5596,2885.8695,2895.0058,-9.1363,-0.3156,213217.84,1506975.09
CI005001.CI,20241115,2904.999,2882.7899,2927.4627,2895.0058,2904.5681,-9.5623,-0.3292,195789.18,1426107.36
CI005001.CI,20241114,2926.2227,2902.0307,2948.3002,2904.5681,2917.7682,-13.2001,-0.4524,155835.07,1191476.51
CI005001.CI,20241113,2883.0334,2882.2785,2919.5857,2917.7682,2888.9021,28.8661,0.9992,154796.79,1197633.3
CI005001.CI,20241112,2903.5104,2877.7749,2929.0994,2888.9021,2909.863,-20.9609,-0.7203,177125.57,1351939.19
CI005001.CI,20241111,2916.2374,2871.1671,2916.2374,2909.863,2936.2107,-26.3477,-0.8973,184484.37,1384451.14
CI005001.CI,20241108,2971.9996,2924.1609,2978.6018,2936.2107,2957.6013,-21.3906,-0.7232,206912.6,1508510.59
CI005001.CI,20241107,2902.7931,2885.2892,2957.6013,2957.6013,2909.4033,48.198,1.6566,221781.76,1559771.92
CI005001.CI,20241106,2891.8072,2888.2804,2937.567,2909.4033,2895.9555,13.4478,0.4644,208797.37,1501103.62
CI005001.CI,20241105,2862.2257,2854.6584,2896.8452,2895.9555,2858.7401,37.2154,1.3018,176813.31,1295135.35
CI005001.CI,20241104,2860.4843,2829.8493,2865.0184,2858.7401,2847.5529,11.1872,0.3929,148756.53,1087471.75
CI005001.CI,20241101,2819.3096,2818.5413,2871.6753,2847.5529,2814.1129,33.44,1.1883,195586.45,1433933.06
CI005001.CI,20241031,2819.3695,2799.1621,2828.6605,2814.1129,2828.012,-13.8991,-0.4915,172328.93,1171283.73
CI005001.CI,20241030,2844.2729,2809.3419,2861.8841,2828.012,2850.8723,-22.8603,-0.8019,164346.97,1166792.16
CI005001.CI,20241029,2902.0069,2849.9856,2905.3696,2850.8723,2914.3497,-63.4774,-2.1781,186100.59,1303217.75
CI005001.CI,20241028,2882.3348,2860.5908,2914.3497,2914.3497,2895.5785,18.7712,0.6483,191934.78,1317579.63
CI005001.CI,20241025,2881.0098,2879.4679,2905.3047,2895.5785,2889.3596,6.2189,0.2152,131838.63,943041.24
CI005001.CI,20241024,2901.3443,2882.7324,2901.3443,2889.3596,2907.9385,-18.5789,-0.6389,120399.86,805639.87
CI005001.CI,20241023,2898.4485,2882.9274,2917.2203,2907.9385,2889.9766,17.9619,0.6215,155178.17,1076991.83
CI005001.CI,20241022,2861.4674,2855.3437,2890.3956,2889.9766,2860.0097,29.9669,1.0478,144731.76,998431.75
CI005001.CI,20241021,2868.4514,2847.0652,2879.9735,2860.0097,2858.9229,1.0868,0.038,168011.95,1248955.96
CI005001.CI,20241018,2807.9375,2792.7428,2888.9503,2858.9229,2804.5844,54.3385,1.9375,163140.33,1170626.14
CI005001.CI,20241017,2843.1323,2804.3222,2872.5345,2804.5844,2834.0896,-29.5052,-1.0411,132771.83,957389.89
CI005001.CI,20241016,2814.1305,2807.2657,2858.0312,2834.0896,2835.5281,-1.4385,-0.0507,117972.49,832720.61
CI005001.CI,20241015,2894.7796,2835.5281,2900.0276,2835.5281,2926.3198,-90.7917,-3.1026,139328.91,1042168.14
CI005001.CI,20241014,2917.9346,2889.3783,2947.2981,2926.3198,2905.7492,20.5706,0.7079,140612.12,1045103.52
CI005001.CI,20241011,2949.4132,2882.1897,2961.9377,2905.7492,2952.032,-46.2828,-1.5678,161602.73,1241569.9
CI005001.CI,20241010,2892.7472,2888.6774,3019.9071,2952.032,2886.0338,65.9982,2.2868,224120.65,1692639.35
CI005001.CI,20241009,3067.9909,2884.2112,3067.9909,2886.0338,3133.2533,-247.2195,-7.8902,277319.04,2091526.67
CI005001.CI,20241008,3322.6165,3017.9389,3322.6165,3133.2533,3027.4197,105.8336,3.4958,424457.69,3370227.49
CI005001.CI,20240930,2887.3447,2883.9548,3057.938,3027.4197,2816.9727,210.447,7.4707,344710.42,2625478.98
CI005001.CI,20240927,2785.8362,2763.2709,2816.9727,2816.9727,2772.6665,44.3062,1.598,149274.7,1056994.87
CI005001.CI,20240926,2719.4846,2712.9309,2772.8278,2772.6665,2729.9403,42.7262,1.5651,150946.29,1160725.09
CI005001.CI,20240925,2752.8081,2723.0885,2799.4864,2729.9403,2711.1567,18.7836,0.6928,145450.58,1041305.55
CI005001.CI,20240924,2618.8224,2616.7804,2711.315,2711.1567,2599.092,112.0647,4.3117,123332.53,844392.63
CI005001.CI,20240923,2578.423,2569.6119,2612.5643,2599.092,2580.3618,18.7302,0.7259,61706.75,424816.02
CI005001.CI,20240920,2581.4102,2564.4142,2597.173,2580.3618,2578.7529,1.6089,0.0624,78071.5,553564.42
CI005001.CI,20240919,2561.1885,2521.4082,2582.6814,2578.7529,2554.5414,24.2115,0.9478,86451.02,587386.16
CI005001.CI,20240918,2544.8317,2526.467,2563.8285,2554.5414,2536.1322,18.4092,0.7259,73000.87,478292.98
CI005001.CI,20240913,2540.9641,2535.6751,2559.0226,2536.1322,2531.1543,4.9779,0.1967,72878.75,530700.18
CI005001.CI,20240912,2520.7335,2515.2181,2539.8121,2531.1543,2520.1116,11.0427,0.4382,68631.35,498635.0
CI005001.CI,20240911,2537.1863,2488.0461,2537.1863,2520.1116,2566.6523,-46.5407,-1.8133,93139.21,688054.11
CI005001.CI,20240910,2561.5414,2542.4797,2578.2683,2566.6523,2558.2539,8.3984,0.3283,75200.35,505983.46
CI005001.CI,20240909,2604.1784,2549.6193,2605.1527,2558.2539,2620.4478,-62.1939,-2.3734,88212.58,633699.0
CI005001.CI,20240906,2635.436,2619.8909,2657.0674,2620.4478,2637.7826,-17.3348,-0.6572,66769.92,457954.75
CI005001.CI,20240905,2655.0184,2623.2256,2668.6433,2637.7826,2658.1687,-20.3861,-0.7669,84248.31,589635.69
CI005001.CI,20240904,2683.2394,2650.0682,2683.2394,2658.1687,2725.0579,-66.8892,-2.4546,103863.5,726808.1
CI005001.CI,20240903,2769.1674,2716.2354,2774.0691,2725.0579,2774.8194,-49.7615,-1.7933,86113.91,667833.71
CI005001.CI,20240902,2761.4548,2743.9843,2790.4565,2774.8194,2779.6734,-4.854,-0.1746,104502.4,778866.81
CI005001.CI,20240830,2764.183,2752.5285,2806.1653,2779.6734,2764.5088,15.1646,0.5485,97872.69,773041.98
CI005001.CI,20240829,2796.8755,2753.1387,2797.4383,2764.5088,2803.1608,-38.652,-1.3789,81815.07,649439.4
CI005001.CI,20240828,2790.9666,2790.6048,2818.9725,2803.1608,2801.6133,1.5475,0.0552,77435.0,615372.88
CI005001.CI,20240827,2765.5424,2762.8316,2805.38,2801.6133,2755.4043,46.209,1.677,100878.19,813477.39
CI005001.CI,20240826,2743.7998,2728.5147,2759.2697,2755.4043,2727.4078,27.9965,1.0265,85723.71,651661.05
CI005001.CI,20240823,2716.7559,2711.5313,2743.4052,2727.4078,2719.5693,7.8385,0.2882,59932.51,449253.16
CI005001.CI,20240822,2719.5448,2705.7865,2735.6619,2719.5693,2725.9144,-6.3451,-0.2328,64336.28,460287.2
CI005001.CI,20240821,2722.6357,2703.8778,2729.2266,2725.9144,2729.792,-3.8776,-0.142,57592.9,406373.37
CI005001.CI,20240820,2775.2378,2714.6287,2778.7932,2729.792,2781.3933,-51.6013,-1.8552,78139.15,593461.89
CI005001.CI,20240819,2761.9477,2761.9477,2797.4615,2781.3933,2766.6638,14.7295,0.5324,71443.19,517982.29
CI005001.CI,20240816,2762.0261,2755.2997,2780.7201,2766.6638,2756.4519,10.2119,0.3705,76034.71,572412.78
CI005001.CI,20240815,2729.951,2724.6679,2771.9995,2756.4519,2740.2871,16.1648,0.5899,74739.19,537291.48
CI005001.CI,20240814,2758.0825,2735.4819,2758.0825,2740.2871,2770.7408,-30.4537,-1.0991,68562.87,491004.28
CI005001.CI,20240813,2760.8025,2749.0008,2773.1862,2770.7408,2747.3328,23.408,0.852,84228.74,595225.54
CI005001.CI,20240812,2746.5105,2735.9078,2760.7495,2747.3328,2748.5779,-1.2451,-0.0453,68997.09,498587.33
CI005001.CI,20240809,2737.9164,2737.7494,2768.7953,2748.5779,2730.5953,17.9826,0.6586,73240.3,589320.3
CI005001.CI,20240808,2732.7043,2719.7512,2747.1312,2730.5953,2723.1661,7.4292,0.2728,65235.68,510865.13
CI005001.CI,20240807,2698.8471,2687.569,2744.7313,2723.1661,2707.1549,16.0112,0.5914,72967.39,603934.03
CI005001.CI,20240806,2701.702,2687.3348,2722.0409,2707.1549,2686.233,20.9219,0.7789,79198.81,594339.04
CI005001.CI,20240805,2728.9626,2682.308,2744.6908,2686.233,2763.0152,-76.7822,-2.7789,120000.74,951918.19
CI005001.CI,20240802,2771.785,2757.5929,2780.4613,2763.0152,2796.8167,-33.8015,-1.2086,77135.93,617222.34
CI005001.CI,20240801,2804.308,2785.7078,2835.9837,2796.8167,2791.4101,5.4066,0.1937,85300.56,704161.42
CI005001.CI,20240731,2719.8937,2717.0104,2793.9337,2791.4101,2721.733,69.6771,2.56,115064.74,921901.04
CI005001.CI,20240730,2778.3396,2714.6702,2778.3396,2721.733,2792.6803,-70.9473,-2.5405,88135.26,798542.63
CI005001.CI,20240729,2773.5184,2760.788,2794.3961,2792.6803,2778.6068,14.0735,0.5065,71825.21,614730.27
CI005001.CI,20240726,2766.8028,2764.3968,2799.8381,2778.6068,2768.8734,9.7334,0.3515,82186.31,683670.45
CI005001.CI,20240725,2801.057,2756.6111,2801.057,2768.8734,2806.708,-37.8346,-1.348,89783.18,804208.48
CI005001.CI,20240724,2792.8474,2778.0193,2824.9651,2806.708,2803.1443,3.5637,0.1271,99903.62,807476.49
CI005001.CI,20240723,2841.7078,2803.1414,2849.7263,2803.1443,2845.5488,-42.4045,-1.4902,91728.03,715295.83
CI005001.CI,20240722,2885.6238,2822.6777,2886.1284,2845.5488,2906.1665,-60.6177,-2.0858,102525.97,902952.68
CI005001.CI,20240719,2929.0674,2887.8801,2929.0674,2906.1665,2943.6245,-37.458,-1.2725,92411.85,798095.69
CI005001.CI,20240718,2917.5403,2906.8572,2945.6941,2943.6245,2914.0293,29.5952,1.0156,85714.28,713135.38
CI005001.CI,20240717,2971.8748,2909.6545,2975.3391,2914.0293,2979.2097,-65.1804,-2.1878,95258.42,915413.86
CI005001.CI,20240716,2968.1667,2961.1047,2982.2141,2979.2097,2969.5291,9.6806,0.326,78205.72,635734.28
CI005001.CI,20240715,2941.5625,2922.7844,2972.9729,2969.5291,2951.3442,18.1849,0.6162,88401.48,726288.07
CI005001.CI,20240712,2962.2976,2940.2258,2987.0847,2951.3442,2957.2771,-5.9329,-0.2006,94633.14,761905.88
CI005001.CI,20240711,2924.8774,2913.0674,2958.7649,2957.2771,2905.4158,51.8613,1.785,96905.64,799873.12
CI005001.CI,20240710,2943.8142,2901.1995,2952.0647,2905.4158,2954.9265,-49.5107,-1.6755,87405.53,724274.84
CI005001.CI,20240709,2943.9436,2907.3999,2958.3845,2954.9265,2950.3616,4.5649,0.1547,96756.74,769678.33
CI005001.CI,20240708,2952.9109,2942.8652,2966.9861,2950.3616,2966.1382,-15.7766,-0.5319,90950.11,736748.46
CI005001.CI,20240705,2975.9922,2932.7517,2982.3872,2966.1382,2975.7153,-9.5771,-0.3218,92252.72,788812.68
CI005001.CI,20240704,2989.8269,2970.2683,3009.3408,2975.7153,2985.8645,-10.1492,-0.3399,81706.38,672530.6
CI005001.CI,20240703,3003.6362,2973.3972,3020.5271,2985.8645,3006.6577,-20.7932,-0.6916,81674.39,709450.49
CI005001.CI,20240702,3008.6038,2985.843,3019.8113,3006.6577,2997.3796,9.2781,0.3095,99639.36,888497.78
CI005001.CI,20240701,2945.9583,2943.9126,3001.967,2997.3796,2954.3481,43.0315,1.4565,98980.04,860394.27
CI005001.CI,20240628,2890.5996,2884.8044,2964.9509,2954.3481,2884.7056,69.6425,2.4142,112364.64,955697.7
CI005001.CI,20240627,2907.8643,2874.9404,2911.0085,2884.7056,2913.2446,-28.539,-0.9796,86195.25,684620.96
CI005001.CI,20240626,2897.2036,2867.2761,2915.4685,2913.2446,2899.7954,13.4492,0.4638,92656.08,718149.84
CI005001.CI,20240625,2885.4644,2883.7102,2917.231,2899.7954,2878.6191,21.1763,0.7356,97908.97,858349.28
CI005001.CI,20240624,2889.5918,2867.5557,2900.1831,2878.6191,2890.2332,-11.6141,-0.4018,97213.75,803404.4
CI005001.CI,20240621,2896.2385,2878.5583,2919.3965,2890.2332,2897.1506,-6.9174,-0.2388,103105.35,850561.6
CI005001.CI,20240620,2887.8174,2882.7395,2918.4094,2897.1506,2888.1794,8.9712,0.3106,108879.73,865147.14
CI005001.CI,20240619,2876.0005,2875.718,2905.8862,2888.1794,2865.6235,22.5559,0.7871,101813.46,800958.34
CI005001.CI,20240618,2848.3525,2832.0784,2869.2766,2865.6235,2838.718,26.9055,0.9478,80131.82,647115.05
CI005001.CI,20240617,2866.8416,2835.1311,2866.8416,2838.718,2875.6589,-36.9409,-1.2846,96434.41,739798.45
CI005001.CI,20240614,2871.9707,2855.4338,2878.4971,2875.6589,2877.9089,-2.25,-0.0782,106937.45,825236.7
CI005001.CI,20240613,2915.4355,2871.2429,2919.916,2877.9089,2916.4114,-38.5025,-1.3202,102317.09,820397.35
CI005001.CI,20240612,2861.1814,2855.1448,2919.7153,2916.4114,2868.666,47.7454,1.6644,120028.95,947451.37
CI005001.CI,20240611,2911.1223,2850.3608,2919.3345,2868.666,2897.8374,-29.1714,-1.0067,118443.09,905601.91
CI005001.CI,20240607,2904.8535,2879.9844,2918.979,2897.8374,2886.0581,11.7793,0.4081,102873.91,750978.68
CI005001.CI,20240606,2883.5776,2875.1592,2908.9387,2886.0581,2878.4917,7.5664,0.2629,129703.43,989810.19
CI005001.CI,20240605,2930.7383,2877.1365,2940.8201,2878.4917,2934.6799,-56.1882,-1.9146,104440.79,872762.52
CI005001.CI,20240604,2910.5447,2898.9531,2937.7087,2934.6799,2938.8442,-4.1643,-0.1417,110329.7,915204.64
CI005001.CI,20240603,2958.1172,2920.6873,2974.4341,2938.8442,2965.5076,-26.6634,-0.8991,119466.44,985504.53
CI005001.CI,20240531,2976.7617,2960.5149,2994.1289,2965.5076,2983.6162,-18.1086,-0.6069,95198.64,759087.39
CI005001.CI,20240530,3022.1248,2977.9336,3045.4131,2983.6162,3038.8181,-55.2019,-1.8166,100204.69,850180.84
CI005001.CI,20240529,3018.0544,3006.7368,3048.2214,3038.8181,3012.9583,25.8598,0.8583,95644.74,895087.11
CI005001.CI,20240528,3006.78,3005.7947,3039.5295,3012.9583,3005.3765,7.5818,0.2523,107240.32,1001762.36
CI005001.CI,20240527,2964.4546,2964.1963,3012.7102,3005.3765,2962.0989,43.2776,1.461,109168.9,970082.19
CI005001.CI,20240524,2949.5085,2944.0615,2983.8071,2962.0989,2953.8994,8.1995,0.2776,99102.89,796579.02
CI005001.CI,20240523,2974.8582,2947.2822,2976.0093,2953.8994,2987.2686,-33.3692,-1.117,122932.89,979639.21
CI005001.CI,20240522,3000.0813,2983.0132,3014.9546,2987.2686,3007.6377,-20.3691,-0.6772,116630.16,876143.43
CI005001.CI,20240521,3027.4478,2997.8098,3027.4478,3007.6377,3038.8469,-31.2092,-1.027,118717.52,916511.4
CI005001.CI,20240520,2996.7307,2996.5925,3053.446,3038.8469,2995.2593,43.5876,1.4552,183566.4,1449249.79
CI005001.CI,20240517,2973.8518,2970.926,2995.2593,2995.2593,2971.1321,24.1272,0.8121,119700.12,893583.06
CI005001.CI,20240516,2980.0315,2964.9585,2996.3567,2971.1321,2975.9136,-4.7815,-0.1607,120767.39,916280.88
CI005001.CI,20240515,2988.7466,2967.9912,3002.3574,2975.9136,2994.4414,-18.5278,-0.6187,118679.18,912286.87
CI005001.CI,20240514,3002.5237,2988.3767,3012.5701,2994.4414,3003.9453,-9.5039,-0.3164,127966.97,1006733.85
CI005001.CI,20240513,2997.9736,2984.2593,3016.3579,3003.9453,3021.7078,-17.7625,-0.5878,151609.29,1130347.46
CI005001.CI,20240510,3021.8291,3001.0771,3034.9373,3021.7078,3014.8931,6.8147,0.226,182785.03,1249325.29
CI005001.CI,20240509,3015.4736,3008.7231,3033.491,3014.8931,3013.3525,1.5406,0.0511,125742.07,998811.89
CI005001.CI,20240508,3021.7266,3010.8108,3042.0632,3013.3525,3031.2656,-17.9131,-0.5909,133232.8,1049891.71
CI005001.CI,20240507,3015.8279,3011.5044,3036.1848,3031.2656,3023.4797,7.7859,0.2575,151965.47,1229088.47
CI005001.CI,20240506,2982.9087,2960.3545,3026.3394,3023.4797,3000.7563,22.7234,0.7573,191188.01,1599193.89
CI005001.CI,20240430,2986.5723,2982.1753,3031.6316,3000.7563,3000.0283,0.728,0.0243,161008.16,1272250.83
CI005001.CI,20240429,3021.1685,2983.7124,3021.175,3000.0283,3030.8894,-30.8611,-1.0182,185477.88,1482850.35
CI005001.CI,20240426,3017.5259,3005.6953,3054.4973,3030.8894,3007.5686,23.3208,0.7754,176018.68,1386978.51
CI005001.CI,20240425,2981.0337,2979.5271,3009.625,3007.5686,2996.0557,11.5129,0.3843,131908.24,876212.04
CI005001.CI,20240424,2982.4197,2956.0588,2997.3494,2996.0557,2972.6182,23.4375,0.7884,131050.61,921385.21
CI005001.CI,20240423,3027.7256,2957.3142,3027.7256,2972.6182,3029.0764,-56.4582,-1.8639,175399.46,1279725.69
CI005001.CI,20240422,3115.2446,3022.7749,3133.1516,3029.0764,3136.49,-107.4136,-3.4246,257664.06,1825620.34
CI005001.CI,20240419,3054.738,3054.738,3164.7214,3136.49,3059.4236,77.0664,2.519,261545.83,1960272.99
CI005001.CI,20240418,3069.1592,3048.5872,3088.5024,3059.4236,3097.988,-38.5644,-1.2448,166457.64,1242999.03
CI005001.CI,20240417,3042.0156,3024.5686,3098.7598,3097.988,3060.1948,37.7932,1.235,188798.34,1353857.37
CI005001.CI,20240416,3072.5063,3044.1663,3105.0171,3060.1948,3092.8083,-32.6135,-1.0545,207795.76,1537550.66
CI005001.CI,20240415,3034.4541,3010.5437,3109.5583,3092.8083,3045.7444,47.0639,1.5452,197790.66,1514262.47
CI005001.CI,20240412,3028.8198,3018.0044,3063.0986,3045.7444,3034.8997,10.8447,0.3573,139371.93,1061578.63
CI005001.CI,20240411,3011.3584,3001.3728,3063.0554,3034.8997,3021.0659,13.8338,0.4579,135402.37,1003888.7
CI005001.CI,20240410,3004.3276,3003.3696,3034.7915,3021.0659,3011.8914,9.1745,0.3046,123081.34,969295.46
CI005001.CI,20240409,3049.8525,2991.24,3064.3662,3011.8914,3052.9023,-41.0109,-1.3433,139228.41,1104456.65
CI005001.CI,20240408,3042.1665,3032.4583,3109.5159,3052.9023,3071.9739,-19.0716,-0.6208,193678.91,1517297.58
CI005001.CI,20240403,3046.3481,3037.0403,3086.5408,3071.9739,3034.1362,37.8377,1.2471,194583.01,1507248.79
CI005001.CI,20240402,2983.4031,2983.4031,3052.7363,3034.1362,2977.283,56.8532,1.9096,179101.38,1382540.11
CI005001.CI,20240401,2969.1355,2957.8657,2989.3416,2977.283,2972.8042,4.4788,0.1507,145112.68,1112535.01
CI005001.CI,20240329,2872.6462,2872.0596,2974.5466,2972.8042,2863.5535,109.2507,3.8152,170316.14,1293526.31
CI005001.CI,20240328,2830.8442,2823.2959,2874.8867,2863.5535,2836.7407,26.8128,0.9452,115650.31,879010.64
CI005001.CI,20240327,2854.7119,2835.8618,2871.1965,2836.7407,2866.4294,-29.6887,-1.0357,103082.51,770640.62
CI005001.CI,20240326,2878.0791,2840.6155,2888.9912,2866.4294,2873.1379,-6.7085,-0.2335,124766.23,974830.41
CI005001.CI,20240325,2841.1563,2838.8301,2908.0637,2873.1379,2850.6973,22.4406,0.7872,135727.11,1045069.89
CI005001.CI,20240322,2876.0837,2833.0305,2891.6089,2850.6973,2893.6821,-42.9848,-1.4855,114939.41,900177.79
CI005001.CI,20240321,2898.1377,2877.6587,2906.7991,2893.6821,2902.6829,-9.0008,-0.3101,110134.57,838763.31
CI005001.CI,20240320,2865.2502,2850.5264,2912.3853,2902.6829,2866.3428,36.3401,1.2678,125141.95,1013104.13
CI005001.CI,20240319,2880.4365,2863.4624,2904.6013,2866.3428,2877.4956,-11.1528,-0.3876,132574.87,1032982.9
CI005001.CI,20240318,2859.2141,2839.9929,2879.47,2877.4956,2864.1157,13.3799,0.4672,113062.69,904486.15
CI005001.CI,20240315,2856.6602,2813.9839,2867.4915,2864.1157,2854.6121,9.5036,0.3329,123616.81,978146.25
CI005001.CI,20240314,2833.2578,2831.208,2876.8835,2854.6121,2832.8323,21.7798,0.7688,124073.93,1052521.97
CI005001.CI,20240313,2829.3198,2806.2202,2845.2271,2832.8323,2838.7976,-5.9653,-0.2101,103889.66,887318.14
CI005001.CI,20240312,2896.4194,2831.3398,2896.4194,2838.7976,2902.749,-63.9514,-2.2031,144644.77,1240282.98
CI005001.CI,20240311,2927.9866,2870.8489,2932.0901,2902.749,2940.708,-37.959,-1.2908,134568.18,1174468.22
CI005001.CI,20240308,2886.8088,2872.4978,2943.322,2940.708,2886.0615,54.6465,1.8935,116647.7,996274.26
CI005001.CI,20240307,2853.7876,2853.3743,2926.2292,2886.0615,2855.4299,30.6316,1.0727,134580.12,1080506.36
CI005001.CI,20240306,2843.9617,2842.7156,2880.2446,2855.4299,2847.2117,8.2182,0.2886,111788.13,920753.71
CI005001.CI,20240305,2842.9778,2831.1248,2857.3101,2847.2117,2856.9436,-9.7319,-0.3406,131713.97,1013948.74
CI005001.CI,20240304,2801.8708,2801.0488,2858.094,2856.9436,2796.6538,60.2898,2.1558,159536.57,1240497.52
CI005001.CI,20240301,2796.332,2785.7234,2806.4277,2796.6538,2798.5859,-1.9321,-0.069,118526.08,822932.11
CI005001.CI,20240229,2752.0356,2749.0254,2798.9502,2798.5859,2761.3044,37.2815,1.3501,126973.26,860683.79
CI005001.CI,20240228,2806.52,2761.2356,2816.0625,2761.3044,2812.3369,-51.0325,-1.8146,175236.14,1218897.71
CI005001.CI,20240227,2786.248,2778.3474,2819.6816,2812.3369,2789.7083,22.6286,0.8111,114969.26,879013.13
CI005001.CI,20240226,2810.3555,2780.7878,2835.7104,2789.7083,2818.0657,-28.3574,-1.0063,135912.48,983561.02
CI005001.CI,20240223,2844.9231,2798.6218,2848.217,2818.0657,2834.8867,-16.821,-0.5934,144174.0,1044152.61
CI005001.CI,20240222,2757.2649,2753.8152,2835.1021,2834.8867,2762.2739,72.6128,2.6287,153248.18,1155429.57
CI005001.CI,20240221,2740.8193,2731.9492,2805.2605,2762.2739,2748.1155,14.1584,0.5152,155069.94,1099560.17
CI005001.CI,20240220,2739.104,2722.0442,2761.4521,2748.1155,2748.7915,-0.676,-0.0246,115632.95,824052.42
CI005001.CI,20240219,2689.6216,2672.9468,2749.8054,2748.7915,2673.7405,75.051,2.807,179485.59,1234985.04
CI005001.CI,20240208,2639.6367,2632.9563,2682.2803,2673.7405,2640.0237,33.7168,1.2771,184478.99,1160625.07
CI005001.CI,20240207,2583.7271,2556.332,2643.1072,2640.0237,2583.2463,56.7774,2.1979,198199.54,1273758.54
CI005001.CI,20240206,2506.21,2502.4045,2601.5627,2583.2463,2528.7854,54.4609,2.1536,191386.34,1165681.69
CI005001.CI,20240205,2538.0962,2475.4424,2563.3118,2528.7854,2548.9773,-20.1919,-0.7922,206346.68,1291160.86
CI005001.CI,20240202,2585.5327,2500.5127,2616.7678,2548.9773,2589.8835,-40.9062,-1.5795,166334.76,1068326.14
CI005001.CI,20240201,2616.1035,2585.5173,2631.6851,2589.8835,2641.4983,-51.6148,-1.954,147614.59,1010146.1
CI005001.CI,20240131,2658.1902,2635.0244,2685.9961,2641.4983,2671.6738,-30.1755,-1.1295,142688.34,949830.27
CI005001.CI,20240130,2682.7712,2668.698,2725.4448,2671.6738,2702.5239,-30.8501,-1.1415,141778.43,961625.59
CI005001.CI,20240129,2712.3154,2701.5674,2768.3245,2702.5239,2729.0681,-26.5442,-0.9726,205374.23,1422952.0
CI005001.CI,20240126,2688.9216,2669.116,2734.6394,2729.0681,2685.7822,43.2859,1.6117,189682.15,1376790.82
CI005001.CI,20240125,2547.3076,2543.9314,2685.8743,2685.7822,2537.8918,147.8904,5.8273,186915.1,1238984.96
CI005001.CI,20240124,2483.333,2472.106,2538.0615,2537.8918,2479.2095,58.6823,2.367,121698.25,770134.01
CI005001.CI,20240123,2460.5386,2429.6001,2490.7673,2479.2095,2463.374,15.8355,0.6428,101649.34,637710.83
CI005001.CI,20240122,2538.9158,2448.769,2539.8184,2463.374,2542.8831,-79.5091,-3.1267,120582.02,772244.94
CI005001.CI,20240119,2546.824,2527.5859,2561.3335,2542.8831,2550.6089,-7.7258,-0.3029,96132.14,647457.27
CI005001.CI,20240118,2559.9832,2475.3059,2560.6887,2550.6089,2567.9814,-17.3725,-0.6765,153772.86,978684.47
CI005001.CI,20240117,2606.8386,2567.9685,2611.876,2567.9814,2614.1929,-46.2115,-1.7677,92501.46,658409.34
CI005001.CI,20240116,2616.0515,2587.1218,2620.2302,2614.1929,2620.4595,-6.2666,-0.2391,98789.57,676495.06
CI005001.CI,20240115,2599.6035,2590.9478,2627.3623,2620.4595,2606.7651,13.6944,0.5253,91555.92,689265.95
CI005001.CI,20240112,2604.2942,2598.6396,2624.8235,2606.7651,2603.9241,2.841,0.1091,110980.28,834396.66
CI005001.CI,20240111,2637.8679,2598.9626,2638.0469,2603.9241,2647.3494,-43.4253,-1.6403,115163.68,884218.02
CI005001.CI,20240110,2665.4043,2646.0586,2670.312,2647.3494,2665.9524,-18.603,-0.6978,85214.94,621782.59
CI005001.CI,20240109,2644.0874,2634.0283,2670.4912,2665.9524,2658.7614,7.191,0.2705,98266.56,671494.79
CI005001.CI,20240108,2688.1211,2658.7614,2688.1211,2658.7614,2687.937,-29.1756,-1.0854,102317.51,673194.01
CI005001.CI,20240105,2702.7554,2676.5061,2724.7041,2687.937,2706.5344,-18.5974,-0.6871,117667.21,814135.3
CI005001.CI,20240104,2699.0313,2687.636,2723.5889,2706.5344,2693.0237,13.5107,0.5017,121415.61,872639.59
CI005001.CI,20240103,2675.3521,2667.3855,2694.4492,2693.0237,2672.0388,20.9849,0.7854,108216.25,774062.31
CI005001.CI,20240102,2651.7559,2649.2532,2682.8513,2672.0388,2652.999,19.0398,0.7177,114951.97,843371.07
CI005001.CI,20231229,2628.4438,2626.3328,2658.2747,2652.999,2635.0718,17.9272,0.6803,103391.4,733778.28
CI005001.CI,20231228,2616.8215,2613.7961,2640.7632,2635.0718,2622.7314,12.3404,0.4705,105829.85,760441.18
CI005001.CI,20231227,2586.1462,2582.6426,2627.6128,2622.7314,2584.125,38.6064,1.494,101058.86,670875.87
CI005001.CI,20231226,2578.041,2574.5088,2594.1404,2584.125,2578.2285,5.8965,0.2287,79795.68,559221.76
CI005001.CI,20231225,2564.874,2550.2385,2581.4102,2578.2285,2568.543,9.6855,0.3771,78190.71,496517.03
CI005001.CI,20231222,2549.9746,2543.3999,2575.0457,2568.543,2549.8457,18.6973,0.7333,105351.94,680449.45
CI005001.CI,20231221,2539.2798,2526.6057,2555.2854,2549.8457,2548.4019,1.4438,0.0567,90256.64,544174.59
CI005001.CI,20231220,2559.8469,2546.8752,2577.1165,2548.4019,2550.9683,-2.5664,-0.1006,81325.31,558851.12
CI005001.CI,20231219,2561.176,2532.1077,2562.7407,2550.9683,2558.0007,-7.0324,-0.2749,79572.94,497580.59
CI005001.CI,20231218,2564.4517,2545.5645,2578.6838,2558.0007,2566.4636,-8.4629,-0.3297,84417.49,526244.67
CI005001.CI,20231215,2586.2417,2564.6479,2598.8914,2566.4636,2576.3132,-9.8496,-0.3823,87208.28,561261.57
CI005001.CI,20231214,2587.4348,2575.1145,2592.8994,2576.3132,2577.7129,-1.3997,-0.0543,83663.26,541534.25
CI005001.CI,20231213,2609.1956,2577.7129,2611.3855,2577.7129,2622.2302,-44.5173,-1.6977,108659.52,683219.35
CI005001.CI,20231212,2607.8044,2593.3379,2623.1379,2622.2302,2613.4763,8.7539,0.335,128073.63,771781.21
CI005001.CI,20231211,2598.2961,2555.8374,2620.7087,2613.4763,2603.801,9.6753,0.3716,172757.84,1014730.74
CI005001.CI,20231208,2587.48,2584.6279,2620.5256,2603.801,2586.8611,16.9399,0.6548,197426.34,1061267.61
CI005001.CI,20231207,2593.0945,2571.2341,2596.3867,2586.8611,2604.9255,-18.0644,-0.6935,130220.06,789569.5
CI005001.CI,20231206,2609.2329,2582.8274,2618.1404,2604.9255,2612.135,-7.2095,-0.276,143070.54,841843.29
CI005001.CI,20231205,2659.437,2611.3127,2660.429,2612.135,2663.1326,-50.9976,-1.9149,101286.02,690014.79
CI005001.CI,20231204,2656.1953,2655.4514,2680.6653,2663.1326,2655.3403,7.7923,0.2935,107554.28,738128.18
CI005001.CI,20231201,2661.1416,2647.199,2669.5383,2655.3403,2665.6377,-10.2974,-0.3863,83492.84,640545.47
CI005001.CI,20231130,2648.2239,2643.7361,2669.3733,2665.6377,2644.988,20.6497,0.7807,93611.37,666304.61
CI005001.CI,20231129,2659.0693,2641.5732,2663.9727,2644.988,2657.4312,-12.4432,-0.4682,78227.06,558139.42
CI005001.CI,20231128,2657.085,2639.5188,2661.6812,2657.4312,2656.2881,1.1431,0.043,83637.21,598751.8
CI005001.CI,20231127,2661.9817,2638.1118,2662.7739,2656.2881,2666.1318,-9.8437,-0.3692,87888.25,650340.18
CI005001.CI,20231124,2665.1584,2661.0303,2679.2185,2666.1318,2666.8904,-0.7586,-0.0284,75838.14,573042.4
CI005001.CI,20231123,2649.5154,2646.8318,2669.2493,2666.8904,2653.167,13.7234,0.5172,76374.7,576122.35
CI005001.CI,20231122,2668.2883,2653.167,2674.3416,2653.167,2671.3403,-18.1733,-0.6803,92719.81,621890.64
CI005001.CI,20231121,2679.834,2670.2024,2697.3674,2671.3403,2669.9927,1.3476,0.0505,93089.32,714432.08
CI005001.CI,20231120,2664.3157,2659.1375,2677.3521,2669.9927,2657.8235,12.1692,0.4579,93882.4,674160.84
CI005001.CI,20231117,2662.7627,2643.1602,2664.1851,2657.8235,2676.6155,-18.792,-0.7021,86482.9,627193.66
CI005001.CI,20231116,2682.7139,2676.1553,2697.4392,2676.6155,2691.2527,-14.6372,-0.5439,77311.11,559541.16
CI005001.CI,20231115,2676.3542,2673.8914,2692.4155,2691.2527,2665.1238,26.1289,0.9804,84800.74,590806.34
CI005001.CI,20231114,2678.0203,2656.1536,2686.0637,2665.1238,2674.8142,-9.6904,-0.3623,82260.97,579686.61
CI005001.CI,20231113,2659.7134,2638.031,2675.8164,2674.8142,2653.9065,20.9077,0.7878,95961.15,730827.08
CI005001.CI,20231110,2645.4104,2633.9529,2659.248,2653.9065,2652.2156,1.6909,0.0638,85977.11,589992.47
CI005001.CI,20231109,2631.3721,2629.5789,2659.9265,2652.2156,2640.4832,11.7324,0.4443,87214.24,635128.02
CI005001.CI,20231108,2644.7529,2623.9546,2647.3652,2640.4832,2663.0957,-22.6125,-0.8491,94087.09,672607.59
CI005001.CI,20231107,2646.1157,2631.564,2668.979,2663.0957,2654.345,8.7507,0.3297,101801.8,729617.31
CI005001.CI,20231106,2699.3411,2645.1907,2701.0437,2654.345,2698.7126,-44.3676,-1.644,143597.85,1042507.09
CI005001.CI,20231103,2700.9192,2693.1653,2713.51,2698.7126,2694.4573,4.2553,0.1579,82005.3,577930.19
CI005001.CI,20231102,2696.0251,2691.2041,2708.3096,2694.4573,2690.9922,3.4651,0.1288,89778.39,632712.42
CI005001.CI,20231101,2683.7346,2668.8096,2696.8831,2690.9922,2682.3455,8.6467,0.3224,92232.56,648036.11
CI005001.CI,20231031,2674.269,2662.2041,2686.2087,2682.3455,2678.4319,3.9136,0.1461,102754.55,705780.98
CI005001.CI,20231030,2708.7146,2671.8572,2718.6506,2678.4319,2709.0425,-30.6106,-1.1299,134156.9,986342.32
CI005001.CI,20231027,2673.8276,2673.8276,2722.2861,2709.0425,2693.0378,16.0047,0.5943,110593.05,827024.21
CI005001.CI,20231026,2656.8284,2649.9788,2695.8955,2693.0378,2662.6565,30.3813,1.141,95201.22,705332.88
CI005001.CI,20231025,2695.6401,2655.7813,2702.9778,2662.6565,2683.2747,-20.6182,-0.7684,119033.73,888218.83
CI005001.CI,20231024,2655.1799,2655.1799,2685.0852,2683.2747,2657.4822,25.7925,0.9706,107370.26,758253.91
CI005001.CI,20231023,2697.5647,2643.5637,2707.3977,2657.4822,2716.8569,-59.3747,-2.1854,100945.59,747839.44
CI005001.CI,20231020,2732.7,2711.5349,2738.8647,2716.8569,2733.7261,-16.8692,-0.6171,90069.16,666588.85
CI005001.CI,20231019,2788.282,2730.2363,2788.9336,2733.7261,2796.0532,-62.3271,-2.2291,125780.56,852764.75
CI005001.CI,20231018,2824.5461,2790.8726,2831.8442,2796.0532,2821.2063,-25.1531,-0.8916,124087.14,898340.78
CI005001.CI,20231017,2789.8364,2777.929,2824.5503,2821.2063,2800.7861,20.4202,0.7291,147455.32,1099895.17
CI005001.CI,20231016,2778.6028,2778.6023,2804.1716,2800.7861,2758.5325,42.2536,1.5317,198840.81,1225045.38
CI005001.CI,20231013,2750.6716,2735.7429,2760.7544,2758.5325,2762.4136,-3.8811,-0.1405,84873.0,660186.0
CI005001.CI,20231012,2757.3464,2742.9771,2768.9373,2762.4136,2756.5061,5.9075,0.2143,98056.5,748531.84
CI005001.CI,20231011,2794.697,2749.1357,2795.0032,2756.5061,2793.1453,-36.6392,-1.3118,127211.07,832842.92
CI005001.CI,20231010,2829.4197,2787.7749,2845.8179,2793.1453,2828.8564,-35.7111,-1.2624,129111.73,925539.35
CI005001.CI,20231009,2810.4736,2768.0171,2832.1711,2828.8564,2845.3474,-16.491,-0.5796,147375.03,1121334.37
CI005001.CI,20230928,2880.4729,2838.864,2880.5715,2845.3474,2839.531,5.8164,0.2048,140227.32,961075.14
CI005001.CI,20230927,2829.156,2827.7327,2849.6917,2839.531,2824.3745,15.1565,0.5366,87820.72,658190.11
CI005001.CI,20230926,2835.8186,2823.4712,2842.8357,2824.3745,2835.2339,-10.8594,-0.383,80010.71,596570.98
CI005001.CI,20230925,2859.6204,2833.2336,2869.2617,2835.2339,2858.0117,-22.7778,-0.797,94738.15,690552.89
CI005001.CI,20230922,2847.1611,2829.6792,2862.4143,2858.0117,2838.5442,19.4675,0.6858,111483.92,792164.6
CI005001.CI,20230921,2855.7915,2837.4548,2875.9255,2838.5442,2863.0232,-24.479,-0.855,88742.71,659699.22
CI005001.CI,20230920,2865.0906,2850.7483,2880.7102,2863.0232,2868.74,-5.7168,-0.1993,98689.02,724942.8
CI005001.CI,20230919,2841.5576,2840.6292,2870.5129,2868.74,2840.0906,28.6494,1.0087,123243.4,866410.66
CI005001.CI,20230918,2849.6909,2824.0286,2852.0691,2840.0906,2853.531,-13.4404,-0.471,105593.83,757276.56
CI005001.CI,20230915,2886.3403,2844.7703,2910.5588,2853.531,2870.446,-16.915,-0.5893,145188.55,1051295.14
CI005001.CI,20230914,2846.5793,2843.6931,2875.2563,2870.446,2848.8291,21.6169,0.7588,118830.35,895376.29
CI005001.CI,20230913,2838.9478,2831.7683,2865.4612,2848.8291,2830.2271,18.602,0.6573,105557.72,718160.14
CI005001.CI,20230912,2830.9246,2819.3406,2842.9983,2830.2271,2832.2615,-2.0344,-0.0718,84631.37,592419.41
CI005001.CI,20230911,2818.9189,2818.8406,2846.7683,2832.2615,2812.4983,19.7632,0.7027,89571.62,662638.63
CI005001.CI,20230908,2833.3909,2802.0562,2833.4785,2812.4983,2842.364,-29.8657,-1.0507,75201.42,566950.92
CI005001.CI,20230907,2845.5322,2839.877,2870.9514,2842.364,2847.4182,-5.0542,-0.1775,103392.55,798831.36
CI005001.CI,20230906,2845.8162,2817.0994,2852.4482,2847.4182,2831.7727,15.6455,0.5525,103523.23,787082.25
CI005001.CI,20230905,2831.6816,2815.0972,2838.8086,2831.7727,2836.8477,-5.075,-0.1789,96173.01,692562.51
CI005001.CI,20230904,2777.4998,2777.4998,2836.8477,2836.8477,2758.2458,78.6019,2.8497,166476.26,1196841.49
CI005001.CI,20230901,2737.8518,2737.7039,2759.4585,2758.2458,2731.7717,26.4741,0.9691,89125.2,641615.1
CI005001.CI,20230831,2746.6843,2724.3455,2751.5486,2731.7717,2742.1689,-10.3972,-0.3792,77184.45,520480.61
CI005001.CI,20230830,2750.2505,2741.4421,2763.7349,2742.1689,2746.7883,-4.6194,-0.1682,87693.66,598503.63
CI005001.CI,20230829,2743.4158,2736.1655,2759.7554,2746.7883,2747.0996,-0.3113,-0.0113,107922.21,732813.53
CI005001.CI,20230828,2822.0247,2736.4597,2824.0171,2747.0996,2709.0466,38.053,1.4047,141772.52,979193.68
CI005001.CI,20230825,2699.9709,2693.3191,2733.8374,2709.0466,2704.6594,4.3872,0.1622,80737.5,560958.33
CI005001.CI,20230824,2711.1726,2695.4661,2725.1047,2704.6594,2713.425,-8.7656,-0.323,80164.64,538112.94
CI005001.CI,20230823,2724.0208,2710.9353,2741.3643,2713.425,2726.698,-13.273,-0.4868,75819.12,537231.35
CI005001.CI,20230822,2698.2327,2688.2837,2733.7471,2726.698,2691.9346,34.7634,1.2914,91407.64,662961.7
CI005001.CI,20230821,2721.5264,2691.9302,2729.0466,2691.9346,2722.6492,-30.7146,-1.1281,82809.88,578964.54
CI005001.CI,20230818,2729.7559,2722.6406,2750.738,2722.6492,2739.2581,-16.6089,-0.6063,84288.3,580350.26
CI005001.CI,20230817,2719.4307,2697.6807,2743.1084,2739.2581,2733.9788,5.2793,0.1931,76906.66,536467.65
CI005001.CI,20230816,2766.5996,2732.1907,2766.8533,2733.9788,2779.7659,-45.7871,-1.6472,80434.0,556338.72
CI005001.CI,20230815,2780.9216,2756.3523,2792.3328,2779.7659,2781.7783,-2.0124,-0.0723,77511.07,565836.09
CI005001.CI,20230814,2763.0527,2747.4805,2785.9028,2781.7783,2781.8137,-0.0354,-0.0013,88694.96,623071.69
CI005001.CI,20230811,2833.8479,2777.9973,2834.7012,2781.8137,2838.6702,-56.8565,-2.0029,122695.98,842224.62
CI005001.CI,20230810,2799.8787,2796.9417,2844.0635,2838.6702,2787.833,50.8372,1.8235,144012.73,953317.26
CI005001.CI,20230809,2800.4341,2775.3496,2800.4341,2787.833,2803.4175,-15.5845,-0.5559,70968.09,482631.55
CI005001.CI,20230808,2782.2837,2770.1118,2807.5349,2803.4175,2785.261,18.1565,0.6519,71960.2,518913.05
CI005001.CI,20230807,2784.0945,2772.2148,2791.8374,2785.261,2784.7891,0.4719,0.0169,81689.15,536730.25
CI005001.CI,20230804,2794.1528,2781.5544,2817.5203,2784.7891,2782.9739,1.8152,0.0652,98563.37,699158.55
CI005001.CI,20230803,2775.1616,2758.0215,2789.8591,2782.9739,2788.4648,-5.4909,-0.1969,98550.63,681785.47
CI005001.CI,20230802,2850.3958,2777.9456,2850.3958,2788.4648,2849.1841,-60.7193,-2.1311,141905.08,993892.52
CI005001.CI,20230801,2827.509,2825.4485,2849.1841,2849.1841,2821.2466,27.9375,0.9903,113171.34,823507.59
CI005001.CI,20230731,2813.384,2806.8799,2856.6726,2821.2466,2811.4424,9.8042,0.3487,126692.11,877241.79
CI005001.CI,20230728,2779.7412,2765.2742,2812.3857,2811.4424,2787.7295,23.7129,0.8506,112001.04,714168.33
CI005001.CI,20230727,2792.8142,2781.3003,2826.1096,2787.7295,2790.0771,-2.3476,-0.0841,80569.46,579225.68
CI005001.CI,20230726,2812.2058,2781.4438,2823.2314,2790.0771,2815.3987,-25.3216,-0.8994,74504.5,548987.22
CI005001.CI,20230725,2797.5239,2797.5239,2819.3184,2815.3987,2766.2688,49.1299,1.776,84729.9,651843.16
CI005001.CI,20230724,2781.4724,2760.3948,2786.4685,2766.2688,2782.4216,-16.1528,-0.5805,62053.12,451583.65
CI005001.CI,20230721,2792.2529,2776.4736,2803.7314,2782.4216,2792.5388,-10.1172,-0.3623,60015.13,440466.24
CI005001.CI,20230720,2823.9214,2788.946,2839.1746,2792.5388,2826.7371,-34.1983,-1.2098,79395.42,584437.58
CI005001.CI,20230719,2813.9539,2807.5005,2840.8914,2826.7371,2809.1379,17.5992,0.6265,64584.85,490582.91
CI005001.CI,20230718,2821.3923,2796.0427,2821.3923,2809.1379,2820.1831,-11.0452,-0.3916,64915.86,490321.07
CI005001.CI,20230717,2832.8269,2802.0413,2832.8269,2820.1831,2840.7925,-20.6094,-0.7255,79668.39,604481.28
CI005001.CI,20230714,2834.8792,2820.655,2851.3674,2840.7925,2830.4172,10.3753,0.3666,90151.77,680730.18
CI005001.CI,20230713,2784.2053,2779.3228,2830.7549,2830.4172,2773.4429,56.9743,2.0543,100934.44,798850.23
CI005001.CI,20230712,2760.781,2757.1575,2788.9038,2773.4429,2749.646,23.7969,0.8655,84829.27,655644.2
CI005001.CI,20230711,2751.0898,2733.7285,2757.2886,2749.646,2742.3398,7.3062,0.2664,56935.16,416616.15
CI005001.CI,20230710,2760.7986,2732.0747,2769.9634,2742.3398,2749.3748,-7.035,-0.2559,65192.03,483025.64
CI005001.CI,20230707,2740.3042,2724.3838,2766.0723,2749.3748,2744.0408,5.334,0.1944,63261.72,453451.98
CI005001.CI,20230706,2752.9543,2729.9434,2757.7656,2744.0408,2754.2617,-10.2209,-0.3711,68802.0,464507.26
CI005001.CI,20230705,2757.5662,2736.8198,2764.1863,2754.2617,2752.1321,2.1296,0.0774,64672.21,482995.08
CI005001.CI,20230704,2743.4158,2737.4543,2767.0063,2752.1321,2746.062,6.0701,0.221,82786.6,627669.25
CI005001.CI,20230703,2697.4541,2696.9736,2749.3684,2746.062,2689.6055,56.4565,2.0991,104003.77,765362.79
CI005001.CI,20230630,2657.7793,2654.2761,2703.6741,2689.6055,2658.179,31.4265,1.1823,83953.89,603632.33
CI005001.CI,20230629,2681.3972,2655.0251,2683.9363,2658.179,2676.5759,-18.3969,-0.6873,74260.92,529825.61
CI005001.CI,20230628,2664.6223,2647.6199,2678.7412,2676.5759,2666.0261,10.5498,0.3957,81701.57,585654.41
CI005001.CI,20230627,2606.2253,2601.8142,2677.0315,2666.0261,2599.5215,66.5046,2.5583,110805.02,766693.22
CI005001.CI,20230626,2603.2363,2589.0876,2621.5698,2599.5215,2616.999,-17.4775,-0.6678,88233.97,613185.17
CI005001.CI,20230621,2614.3469,2612.5486,2648.5764,2616.999,2619.4558,-2.4568,-0.0938,95234.28,681573.12
CI005001.CI,20230620,2662.4878,2615.0803,2662.5642,2619.4558,2659.5552,-40.0994,-1.5077,92174.24,662823.35
CI005001.CI,20230619,2680.2588,2656.0706,2680.2588,2659.5552,2683.4331,-23.8779,-0.8898,86377.83,625817.45
CI005001.CI,20230616,2684.2053,2675.677,2708.4478,2683.4331,2673.085,10.3481,0.3871,104469.95,760539.14
CI005001.CI,20230615,2671.4456,2646.6062,2674.4446,2673.085,2673.7966,-0.7116,-0.0266,89455.39,651304.71
CI005001.CI,20230614,2669.8721,2668.2092,2691.7534,2673.7966,2655.1475,18.6491,0.7024,85012.12,640559.08
CI005001.CI,20230613,2669.4329,2626.77,2671.4695,2655.1475,2682.1326,-26.9851,-1.0061,109202.15,739868.28
CI005001.CI,20230612,2685.6401,2672.0427,2707.6892,2682.1326,2691.96,-9.8274,-0.3651,100976.79,734695.65
CI005001.CI,20230609,2688.4214,2669.019,2692.2241,2691.96,2694.1511,-2.1911,-0.0813,98482.17,774699.64
CI005001.CI,20230608,2668.6255,2651.729,2704.3662,2694.1511,2664.9343,29.2168,1.0963,83509.92,627816.78
CI005001.CI,20230607,2673.6111,2653.2991,2687.5327,2664.9343,2678.499,-13.5647,-0.5064,70925.72,532306.4
CI005001.CI,20230606,2701.1831,2673.4834,2720.1069,2678.499,2706.218,-27.719,-1.0243,83470.56,586682.25
CI005001.CI,20230605,2721.0437,2695.7759,2732.812,2706.218,2707.3484,-1.1304,-0.0418,85789.6,642492.55
CI005001.CI,20230602,2691.4106,2691.4106,2713.4763,2707.3484,2676.1714,31.177,1.165,90297.64,672669.82
CI005001.CI,20230601,2647.729,2644.9187,2698.7314,2676.1714,2653.6895,22.4819,0.8472,101842.24,714527.33
CI005001.CI,20230531,2648.1855,2639.74,2661.3301,2653.6895,2685.9778,-32.2883,-1.2021,104752.79,779618.75
CI005001.CI,20230530,2682.0032,2650.5623,2708.8108,2685.9778,2684.0916,1.8862,0.0703,99487.32,738810.58
CI005001.CI,20230529,2647.8667,2647.2061,2701.6694,2684.0916,2636.7661,47.3255,1.7948,133410.0,961331.21
CI005001.CI,20230526,2637.2244,2610.2075,2648.5688,2636.7661,2647.9277,-11.1616,-0.4215,92504.3,715139.63
CI005001.CI,20230525,2649.5281,2613.3845,2664.4944,2647.9277,2661.0366,-13.1089,-0.4926,112003.31,812482.51
CI005001.CI,20230524,2684.5051,2655.6714,2688.8044,2661.0366,2689.575,-28.5384,-1.0611,87784.96,630339.32
CI005001.CI,20230523,2726.7034,2689.3467,2740.3198,2689.575,2729.3684,-39.7934,-1.458,84069.44,621867.51
CI005001.CI,20230522,2708.533,2695.8184,2730.1909,2729.3684,2718.1472,11.2212,0.4128,85448.65,637330.38
CI005001.CI,20230519,2743.5933,2705.3528,2743.5933,2718.1472,2747.4053,-29.2581,-1.0649,91426.22,644510.6
CI005001.CI,20230518,2744.3833,2736.8315,2771.6521,2747.4053,2734.0154,13.3899,0.4898,105445.72,747307.54
CI005001.CI,20230517,2722.3513,2701.9238,2740.8916,2734.0154,2735.3306,-1.3152,-0.0481,82484.83,576524.51
CI005001.CI,20230516,2746.5354,2729.3564,2775.0032,2735.3306,2743.2517,-7.9211,-0.2887,103410.86,744143.23
CI005001.CI,20230515,2721.7327,2691.8723,2744.3831,2743.2517,2730.4377,12.814,0.4693,124083.77,858609.41
CI005001.CI,20230512,2764.3259,2728.9165,2789.8042,2730.4377,2768.4075,-37.9698,-1.3715,124231.85,922404.22
CI005001.CI,20230511,2788.3064,2758.5869,2791.74,2768.4075,2789.8113,-21.4038,-0.7672,106549.07,753266.02
CI005001.CI,20230510,2852.5535,2774.3518,2856.1235,2789.8113,2853.6462,-63.8349,-2.237,172791.73,1233492.86
CI005001.CI,20230509,2914.366,2853.5537,2922.3875,2853.6462,2914.3459,-60.6997,-2.0828,185584.37,1351844.44
CI005001.CI,20230508,2828.7698,2828.7275,2931.1956,2914.3459,2819.615,94.7309,3.3597,192016.66,1435865.44
CI005001.CI,20230505,2848.7227,2792.1809,2854.7083,2819.615,2853.2258,-33.6108,-1.178,138139.93,995906.98
CI005001.CI,20230504,2808.1226,2779.0044,2866.4617,2853.2258,2861.9666,-8.7408,-0.3054,176798.67,1260104.93
CI005001.CI,20230428,2808.1628,2802.4033,2862.0945,2861.9666,2804.4758,57.4908,2.05,169212.18,1187468.66
CI005001.CI,20230427,2780.9202,2758.5801,2826.9775,2804.4758,2815.4148,-10.939,-0.3885,136617.29,963945.18
CI005001.CI,20230426,2792.9321,2779.9402,2826.4556,2815.4148,2814.854,0.5608,0.0199,139894.57,1013849.61
CI005001.CI,20230425,2795.6375,2778.376,2835.2734,2814.854,2786.6592,28.1948,1.0118,188253.83,1301352.0
CI005001.CI,20230424,2818.4365,2774.6492,2826.0422,2786.6592,2812.0708,-25.4116,-0.9037,156470.74,1141189.99
CI005001.CI,20230421,2850.0068,2808.679,2890.0491,2812.0708,2858.1843,-46.1135,-1.6134,158444.3,1191746.42
CI005001.CI,20230420,2851.9446,2826.0261,2859.9187,2858.1843,2867.5898,-9.4055,-0.328,161273.74,1196108.02
CI005001.CI,20230419,2892.1626,2860.5244,2913.7937,2867.5898,2901.5513,-33.9615,-1.1705,153523.42,1051644.21
CI005001.CI,20230418,2914.5134,2878.9658,2914.5134,2901.5513,2926.4031,-24.8518,-0.8492,192168.72,1239259.48
CI005001.CI,20230417,2827.0396,2824.8103,2936.166,2926.4031,2832.5657,93.8374,3.3128,266021.44,1872048.93
CI005001.CI,20230414,2828.5537,2802.783,2845.5852,2832.5657,2827.2898,5.2759,0.1866,169965.51,1174300.92
CI005001.CI,20230413,2839.7271,2822.6479,2883.1873,2827.2898,2829.6208,-2.331,-0.0824,222375.04,1586023.62
CI005001.CI,20230412,2798.1804,2797.3984,2839.0347,2829.6208,2795.6357,33.9851,1.2156,157488.14,1171675.27
CI005001.CI,20230411,2760.7947,2742.8767,2795.6357,2795.6357,2766.7434,28.8923,1.0443,146234.19,1123204.38
CI005001.CI,20230410,2739.4846,2731.8508,2785.2095,2766.7434,2738.2263,28.5171,1.0414,168982.17,1308108.36
CI005001.CI,20230407,2725.3118,2703.7395,2748.2529,2738.2263,2724.3372,13.8891,0.5098,132656.97,1078802.26
CI005001.CI,20230406,2719.875,2695.8013,2726.6577,2724.3372,2727.6687,-3.3315,-0.1221,141456.69,1034919.1
CI005001.CI,20230404,2720.321,2707.8657,2744.0088,2727.6687,2713.0652,14.6035,0.5383,206802.59,1422213.93
CI005001.CI,20230403,2727.8799,2704.05,2760.1846,2713.0652,2695.7039,17.3613,0.644,204808.98,1597252.86
CI005001.CI,20230331,2694.7961,2686.094,2715.2197,2695.7039,2696.4382,-0.7343,-0.0272,144820.69,1210596.38
CI005001.CI,20230330,2671.5266,2651.998,2703.6272,2696.4382,2666.1953,30.2429,1.1343,227212.34,1924817.53
CI005001.CI,20230329,2724.7856,2662.7617,2724.8315,2666.1953,2700.2505,-34.0552,-1.2612,170974.39,1266082.08
CI005001.CI,20230328,2707.1116,2684.8857,2723.9036,2700.2505,2612.2673,87.9832,3.3681,220381.58,1630682.13
CI005001.CI,20230327,2598.9561,2567.7942,2613.644,2612.2673,2609.0378,3.2295,0.1238,167950.95,1135142.72
CI005001.CI,20230324,2627.3921,2600.1733,2627.7917,2609.0378,2633.3298,-24.292,-0.9225,158703.44,1016152.93
CI005001.CI,20230323,2629.2568,2611.1111,2640.0332,2633.3298,2632.1738,1.156,0.0439,120079.38,822611.37
CI005001.CI,20230322,2640.0806,2622.4724,2660.9697,2632.1738,2626.7666,5.4072,0.2059,119990.52,816167.99
CI005001.CI,20230321,2635.7881,2600.7651,2640.467,2626.7666,2628.0916,-1.325,-0.0504,153078.05,970304.28
CI005001.CI,20230320,2665.6948,2619.2388,2692.2156,2628.0916,2657.1511,-29.0595,-1.0936,225971.31,1467249.58
CI005001.CI,20230317,2619.0474,2618.8586,2679.6636,2657.1511,2600.1018,57.0493,2.1941,224667.95,1381865.75
CI005001.CI,20230316,2649.7214,2597.0273,2653.0122,2600.1018,2681.4102,-81.3084,-3.0323,174753.43,1177290.19
CI005001.CI,20230315,2658.2473,2645.0078,2693.4297,2681.4102,2654.9194,26.4908,0.9978,146989.13,990193.99
CI005001.CI,20230314,2687.2673,2638.386,2699.1934,2654.9194,2708.2097,-53.2903,-1.9677,139583.93,986881.04
CI005001.CI,20230313,2652.6721,2652.6445,2708.2097,2708.2097,2644.4253,63.7844,2.412,150645.65,1057308.49
CI005001.CI,20230310,2692.9453,2643.3079,2694.3374,2644.4253,2704.217,-59.7917,-2.2111,118794.19,818562.59
CI005001.CI,20230309,2714.9465,2695.7231,2739.3269,2704.217,2717.2114,-12.9944,-0.4782,119784.8,819116.85
CI005001.CI,20230308,2718.3821,2695.0435,2722.7388,2717.2114,2740.9963,-23.7849,-0.8677,153639.15,1033250.2
CI005001.CI,20230307,2718.697,2716.9338,2809.2297,2740.9963,2715.5496,25.4467,0.9371,264766.35,1751122.98
CI005001.CI,20230306,2742.2544,2700.9258,2752.2698,2715.5496,2735.4888,-19.9392,-0.7289,136264.3,1021029.85
CI005001.CI,20230303,2708.3411,2703.1094,2739.9355,2735.4888,2706.2126,29.2762,1.0818,148591.95,1045962.54
CI005001.CI,20230302,2689.7007,2682.2566,2722.9009,2706.2126,2689.8804,16.3322,0.6072,123146.22,916672.56
CI005001.CI,20230301,2675.7283,2666.1772,2693.4839,2689.8804,2673.3582,16.5222,0.618,98090.35,709232.98
CI005001.CI,20230228,2671.3416,2651.626,2677.7756,2673.3582,2667.0288,6.3294,0.2373,93652.76,648959.16
CI005001.CI,20230227,2670.1675,2663.4043,2696.1326,2667.0288,2677.6914,-10.6626,-0.3982,78748.43,610081.36
CI005001.CI,20230224,2695.8191,2661.6743,2697.783,2677.6914,2695.3889,-17.6975,-0.6566,79505.46,569749.44
CI005001.CI,20230223,2698.4194,2687.2612,2714.8918,2695.3889,2683.8584,11.5305,0.4296,97503.36,792083.69
CI005001.CI,20230222,2691.1526,2680.5522,2701.8193,2683.8584,2699.7627,-15.9043,-0.5891,78372.17,601557.8
CI005001.CI,20230221,2689.084,2679.478,2713.7935,2699.7627,2686.4617,13.301,0.4951,115370.28,812877.71
CI005001.CI,20230220,2635.9092,2635.9092,2688.613,2686.4617,2633.4546,53.0071,2.0128,123923.37,991058.96
CI005001.CI,20230217,2616.5601,2616.5601,2657.8496,2633.4546,2617.8623,15.5923,0.5956,97382.07,742648.86
CI005001.CI,20230216,2666.4963,2606.6018,2679.408,2617.8623,2655.1011,-37.2388,-1.4025,138792.04,1007989.23
CI005001.CI,20230215,2675.9714,2651.9177,2682.3176,2655.1011,2670.1814,-15.0803,-0.5648,105616.98,745601.48
CI005001.CI,20230214,2639.6897,2638.2092,2678.1519,2670.1814,2635.813,34.3684,1.3039,114438.05,879706.5
CI005001.CI,20230213,2616.4114,2603.2437,2638.6399,2635.813,2613.0356,22.7774,0.8717,131914.55,819574.84
CI005001.CI,20230210,2617.772,2601.9917,2632.8953,2613.0356,2621.3042,-8.2686,-0.3154,86961.21,638552.83
CI005001.CI,20230209,2604.9656,2603.7102,2628.3999,2621.3042,2609.3782,11.926,0.457,82000.42,600996.66
CI005001.CI,20230208,2634.4377,2605.5095,2637.5725,2609.3782,2621.3757,-11.9975,-0.4577,103694.2,715960.98
CI005001.CI,20230207,2619.3162,2610.969,2631.0393,2621.3757,2613.4404,7.9353,0.3036,91588.06,601956.48
CI005001.CI,20230206,2610.47,2595.5115,2617.3159,2613.4404,2623.1553,-9.7149,-0.3704,103720.31,669172.07
CI005001.CI,20230203,2647.0515,2603.0537,2647.7083,2623.1553,2653.0703,-29.915,-1.1276,113030.06,779705.13
CI005001.CI,20230202,2647.0295,2626.2483,2658.2009,2653.0703,2647.9309,5.1394,0.1941,120650.82,854811.39
CI005001.CI,20230201,2627.5764,2615.082,2648.7322,2647.9309,2623.6248,24.3061,0.9264,131618.14,1009174.86
CI005001.CI,20230131,2567.4866,2562.1428,2629.7905,2623.6248,2590.1033,33.5215,1.2942,131222.44,1064610.43
CI005001.CI,20230130,2620.5076,2586.2778,2623.3533,2590.1033,2594.8796,-4.7763,-0.1841,141307.48,994135.13
CI005001.CI,20230120,2566.6707,2562.6838,2597.1365,2594.8796,2554.2659,40.6137,1.59,112924.52,802828.65
CI005001.CI,20230119,2552.3767,2537.0083,2555.9863,2554.2659,2554.1851,0.0808,0.0032,74397.29,536022.69
CI005001.CI,20230118,2543.8574,2542.4961,2562.1814,2554.1851,2539.5305,14.6546,0.5771,93150.98,658985.41
CI005001.CI,20230117,2543.1897,2524.3083,2544.9414,2539.5305,2540.3096,-0.7791,-0.0307,85236.26,654684.43
CI005001.CI,20230116,2496.5735,2492.6406,2555.0479,2540.3096,2493.8804,46.4292,1.8617,113488.87,846638.43
CI005001.CI,20230113,2484.4585,2472.2231,2497.7571,2493.8804,2481.8147,12.0657,0.4862,96577.73,713590.14
CI005001.CI,20230112,2491.0378,2477.6394,2501.4263,2481.8147,2487.2781,-5.4634,-0.2197,109634.03,828629.12
CI005001.CI,20230111,2469.7925,2469.2834,2500.1892,2487.2781,2470.4204,16.8577,0.6824,124254.14,880586.29
CI005001.CI,20230110,2495.8674,2468.7654,2495.8674,2470.4204,2497.1243,-26.7039,-1.0694,100691.6,739285.43
CI005001.CI,20230109,2494.5227,2482.2803,2505.99,2497.1243,2484.3389,12.7854,0.5146,110847.87,900583.63
CI005001.CI,20230106,2456.9199,2456.3079,2494.6892,2484.3389,2455.9958,28.3431,1.154,105947.11,811314.48
CI005001.CI,20230105,2437.2266,2429.2095,2458.3455,2455.9958,2438.967,17.0288,0.6982,94209.24,694461.39
CI005001.CI,20230104,2443.5105,2429.1392,2451.3257,2438.967,2447.6172,-8.6502,-0.3534,102728.3,708026.57
CI005001.CI,20230103,2435.9155,2413.7192,2451.2034,2447.6172,2433.2878,14.3294,0.5889,94120.98,656419.44
CI005001.CI,20221230,2436.1755,2429.886,2446.8982,2433.2878,2428.2559,5.0319,0.2072,73193.94,525854.63
CI005001.CI,20221229,2447.1328,2427.9636,2447.1328,2428.2559,2455.2654,-27.0095,-1.1001,93773.67,635233.16
CI005001.CI,20221228,2456.7732,2438.2598,2459.6841,2455.2654,2458.5098,-3.2444,-0.132,86268.61,570350.39
CI005001.CI,20221227,2432.9185,2430.0625,2461.0247,2458.5098,2420.7163,37.7935,1.5613,94492.25,643241.09
CI005001.CI,20221226,2407.3533,2406.9829,2424.252,2420.7163,2399.7424,20.9739,0.874,86552.29,600144.78
CI005001.CI,20221223,2412.6431,2391.0039,2421.9729,2399.7424,2422.9614,-23.219,-0.9583,86731.33,568480.02
CI005001.CI,20221222,2479.4209,2416.1951,2481.7944,2422.9614,2465.2327,-42.2713,-1.7147,94289.0,687866.08
CI005001.CI,20221221,2466.9917,2452.4531,2475.2498,2465.2327,2466.4082,-1.1755,-0.0477,88135.52,636036.23
CI005001.CI,20221220,2463.9043,2453.5769,2484.0479,2466.4082,2464.7273,1.6809,0.0682,82059.73,544947.43
CI005001.CI,20221219,2529.4294,2457.4314,2529.4294,2464.7273,2535.6348,-70.9075,-2.7964,115766.23,770787.39
CI005001.CI,20221216,2521.4863,2514.114,2547.8152,2535.6348,2531.9595,3.6753,0.1452,96918.27,693204.05
CI005001.CI,20221215,2563.6936,2524.2202,2568.9783,2531.9595,2562.137,-30.1775,-1.1778,99110.22,691278.23
CI005001.CI,20221214,2549.7927,2541.5481,2569.989,2562.137,2547.3096,14.8274,0.5821,109046.49,778219.19
CI005001.CI,20221213,2555.1807,2539.1956,2560.8811,2547.3096,2546.3687,0.9409,0.037,102742.64,696887.0
CI005001.CI,20221212,2592.8616,2543.5198,2598.3,2546.3687,2596.864,-50.4953,-1.9445,140480.58,1004752.27
CI005001.CI,20221209,2595.3953,2576.4321,2602.9844,2596.864,2592.1157,4.7483,0.1832,134759.58,970682.0
CI005001.CI,20221208,2593.9636,2584.0825,2608.6138,2592.1157,2595.8284,-3.7127,-0.143,119737.13,861370.09
CI005001.CI,20221207,2618.5813,2588.5303,2625.6033,2595.8284,2629.9751,-34.1467,-1.2984,150411.99,1046355.8
CI005001.CI,20221206,2641.4944,2613.324,2641.4944,2629.9751,2649.9165,-19.9414,-0.7525,166141.05,1110464.04
CI005001.CI,20221205,2615.0708,2615.0708,2654.4021,2649.9165,2608.6162,41.3003,1.5832,166948.18,1216401.34
CI005001.CI,20221202,2594.1069,2587.854,2614.0266,2608.6162,2586.5376,22.0786,0.8536,134302.48,1012062.4
CI005001.CI,20221201,2590.446,2584.6814,2608.2422,2586.5376,2571.1519,15.3857,0.5984,128846.36,1029792.39
CI005001.CI,20221130,2557.9167,2556.9683,2593.0654,2571.1519,2557.8994,13.2525,0.5181,140262.19,1047330.16
CI005001.CI,20221129,2526.8459,2525.9983,2563.8948,2557.8994,2520.8857,37.0137,1.4683,122753.41,938715.03
CI005001.CI,20221128,2528.1277,2494.8909,2534.1475,2520.8857,2560.8276,-39.9419,-1.5597,133005.71,1002665.48
CI005001.CI,20221125,2540.4197,2531.4568,2570.1931,2560.8276,2540.5229,20.3047,0.7992,133281.42,915920.74
CI005001.CI,20221124,2522.4568,2518.2737,2547.2126,2540.5229,2533.6592,6.8637,0.2709,108656.35,821389.04
CI005001.CI,20221123,2515.9124,2515.2212,2543.4043,2533.6592,2511.6809,21.9783,0.875,125634.6,915111.83
CI005001.CI,20221122,2499.8037,2495.8223,2538.3723,2511.6809,2498.6287,13.0522,0.5224,117107.44,853196.9
CI005001.CI,20221121,2483.8491,2461.853,2500.0347,2498.6287,2496.5183,2.1104,0.0845,87614.62,682262.45
CI005001.CI,20221118,2506.5757,2489.561,2525.6267,2496.5183,2511.4924,-14.9741,-0.5962,105161.56,801388.75
CI005001.CI,20221117,2521.4609,2493.7275,2521.4609,2511.4924,2531.4736,-19.9812,-0.7893,98853.36,764044.93
CI005001.CI,20221116,2519.4417,2514.7559,2539.8245,2531.4736,2520.1416,11.332,0.4497,108031.55,792679.71
CI005001.CI,20221115,2487.6455,2477.7175,2520.3313,2520.1416,2492.7593,27.3823,1.0985,98592.05,770337.43
CI005001.CI,20221114,2539.0693,2486.3098,2555.821,2492.7593,2532.3789,-39.6196,-1.5645,129421.59,1056820.67
CI005001.CI,20221111,2514.604,2494.4438,2544.7869,2532.3789,2474.6113,57.7676,2.3344,130190.13,1056192.49
CI005001.CI,20221110,2475.5779,2449.9404,2485.3889,2474.6113,2496.9153,-22.304,-0.8933,102050.99,792763.72
CI005001.CI,20221109,2509.1826,2495.9314,2518.7737,2496.9153,2513.447,-16.5317,-0.6577,89106.61,713504.43
CI005001.CI,20221108,2530.5791,2501.0513,2531.2646,2513.447,2527.9519,-14.5049,-0.5738,105608.98,851745.48
CI005001.CI,20221107,2479.918,2478.1587,2540.2979,2527.9519,2472.6401,55.3118,2.237,154975.34,1232515.26
CI005001.CI,20221104,2405.8875,2405.8875,2481.6716,2472.6401,2412.9788,59.6613,2.4725,134193.43,1073853.78
CI005001.CI,20221103,2385.0178,2380.6975,2419.5352,2412.9788,2403.2886,9.6902,0.4032,108386.76,820380.37
CI005001.CI,20221102,2366.7375,2358.3279,2413.5088,2403.2886,2368.4814,34.8072,1.4696,123003.38,950579.95
CI005001.CI,20221101,2322.4971,2315.2737,2369.1042,2368.4814,2330.2854,38.196,1.6391,143323.53,1064537.8
CI005001.CI,20221031,2365.3438,2308.9939,2367.7783,2330.2854,2393.8303,-63.5449,-2.6545,172105.46,1163517.17
CI005001.CI,20221028,2438.3337,2388.561,2443.3145,2393.8303,2448.3274,-54.4971,-2.2259,126393.01,907670.63
CI005001.CI,20221027,2437.624,2436.3362,2462.5774,2448.3274,2431.3186,17.0088,0.6996,105759.8,845431.98
CI005001.CI,20221026,2417.9214,2417.1304,2460.6655,2431.3186,2433.427,-2.1084,-0.0866,128401.35,1044641.49
CI005001.CI,20221025,2470.2344,2412.48,2472.1353,2433.427,2479.5771,-46.1501,-1.8612,133768.2,1072127.05
CI005001.CI,20221024,2508.6987,2462.4348,2528.8936,2479.5771,2502.1826,-22.6055,-0.9034,148993.77,1128496.65
CI005001.CI,20221021,2490.9753,2484.739,2514.4424,2502.1826,2490.8567,11.3259,0.4547,114776.0,906544.46
CI005001.CI,20221020,2486.4292,2471.7058,2510.1907,2490.8567,2488.6563,2.2004,0.0884,115970.33,823908.57
CI005001.CI,20221019,2531.251,2488.1665,2542.436,2488.6563,2544.1448,-55.4885,-2.181,109675.31,816771.18
CI005001.CI,20221018,2554.9954,2538.6487,2566.8376,2544.1448,2555.5444,-11.3996,-0.4461,111501.54,833518.85
CI005001.CI,20221017,2534.05,2494.8184,2561.1606,2555.5444,2553.9197,1.6247,0.0636,135552.08,977391.23
CI005001.CI,20221014,2533.2249,2527.7563,2572.283,2553.9197,2514.4385,39.4812,1.5702,142892.57,1033758.62
CI005001.CI,20221013,2543.0762,2500.0598,2543.0762,2514.4385,2558.5593,-44.1208,-1.7244,134557.25,978558.73
CI005001.CI,20221012,2544.844,2493.2207,2559.6079,2558.5593,2557.5505,1.0088,0.0394,122701.12,895498.58
CI005001.CI,20221011,2549.4487,2513.6318,2566.4497,2557.5505,2549.8625,7.688,0.3015,127088.24,894249.32
CI005001.CI,20221010,2595.6282,2536.8889,2609.7324,2549.8625,2543.2637,6.5988,0.2595,170551.64,1149360.12
CI005001.CI,20220930,2538.9531,2531.1936,2565.5422,2543.2637,2546.4075,-3.1438,-0.1235,103558.4,718625.93
CI005001.CI,20220929,2586.8726,2524.7139,2599.4768,2546.4075,2553.2385,-6.831,-0.2675,119960.59,844329.68
CI005001.CI,20220928,2588.0635,2553.2385,2614.9385,2553.2385,2581.0337,-27.7952,-1.0769,115222.65,851403.42
CI005001.CI,20220927,2590.1033,2529.6521,2604.7686,2581.0337,2586.7161,-5.6824,-0.2197,137995.56,1013632.78
CI005001.CI,20220926,2658.9167,2586.4053,2663.906,2586.7161,2701.2881,-114.572,-4.2414,164877.05,1186702.99
CI005001.CI,20220923,2708.6523,2697.981,2760.6282,2701.2881,2714.0405,-12.7524,-0.4699,147905.68,1091043.57
CI005001.CI,20220922,2671.0535,2658.3887,2722.9287,2714.0405,2693.3286,20.7119,0.769,148023.81,1036596.21
CI005001.CI,20220921,2655.6602,2628.4377,2694.6279,2693.3286,2664.2717,29.0569,1.0906,141628.11,969055.19
CI005001.CI,20220920,2653.6504,2645.0488,2680.2271,2664.2717,2635.0024,29.2693,1.1108,98042.11,747566.7
CI005001.CI,20220919,2641.3538,2619.0112,2656.4587,2635.0024,2645.7388,-10.7364,-0.4058,115914.12,830925.61
CI005001.CI,20220916,2715.8027,2644.6523,2718.5745,2645.7388,2725.2266,-79.4878,-2.9167,164269.43,1178062.16
CI005001.CI,20220915,2794.6062,2693.5347,2803.2112,2725.2266,2774.4231,-49.1965,-1.7732,164670.62,1285258.04
CI005001.CI,20220914,2749.9851,2745.2327,2800.8911,2774.4231,2789.0601,-14.637,-0.5248,150851.63,1151977.64
CI005001.CI,20220913,2822.0864,2783.4775,2826.2532,2789.0601,2802.3062,-13.2461,-0.4727,159750.45,1184319.16
CI005001.CI,20220909,2805.4431,2778.426,2819.6216,2802.3062,2795.272,7.0342,0.2516,141969.21,1113077.38
CI005001.CI,20220908,2810.895,2779.7268,2815.844,2795.272,2834.3213,-39.0493,-1.3777,168571.19,1320259.64
CI005001.CI,20220907,2798.4104,2791.5242,2850.1665,2834.3213,2813.3591,20.9622,0.7451,190265.22,1550906.48
CI005001.CI,20220906,2765.6138,2760.0359,2818.0881,2813.3591,2754.6292,58.7299,2.132,208609.84,1588676.54
CI005001.CI,20220905,2693.856,2693.856,2756.2195,2754.6292,2675.3694,79.2598,2.9626,217950.55,1527037.02
CI005001.CI,20220902,2662.3979,2642.0056,2683.7559,2675.3694,2656.0454,19.324,0.7275,127686.7,896910.66
CI005001.CI,20220901,2650.6719,2644.5691,2694.1025,2656.0454,2653.2573,2.7881,0.1051,151100.06,1102682.94
CI005001.CI,20220831,2702.7078,2647.1968,2702.7078,2653.2573,2727.7271,-74.4698,-2.7301,196428.7,1385923.43
CI005001.CI,20220830,2788.583,2705.9429,2789.5493,2727.7271,2779.2405,-51.5134,-1.8535,228040.26,1589425.96
CI005001.CI,20220829,2728.1289,2718.7859,2781.7539,2779.2405,2749.9116,29.3289,1.0665,213796.68,1487104.66
CI005001.CI,20220826,2786.5149,2743.8943,2790.5366,2749.9116,2793.3013,-43.3897,-1.5533,208885.93,1586458.25
CI005001.CI,20220825,2721.5569,2716.8259,2794.1882,2793.3013,2708.8672,84.4341,3.117,260561.8,2033362.74
CI005001.CI,20220824,2772.9058,2702.6309,2782.5945,2708.8672,2765.8044,-56.9372,-2.0586,256581.05,1869644.66
CI005001.CI,20220823,2715.0244,2714.4526,2770.946,2765.8044,2710.6553,55.1491,2.0345,207487.28,1668631.01
CI005001.CI,20220822,2680.5227,2673.7026,2713.7754,2710.6553,2689.1702,21.4851,0.7989,137912.61,1121447.85
CI005001.CI,20220819,2671.6455,2663.3723,2713.2603,2689.1702,2662.4106,26.7596,1.0051,136271.73,1253466.28
CI005001.CI,20220818,2693.7942,2655.1484,2696.0544,2662.4106,2690.5493,-28.1387,-1.0458,112959.49,1074003.67
CI005001.CI,20220817,2701.5674,2676.6936,2706.6592,2690.5493,2697.2544,-6.7051,-0.2486,116195.69,1086730.16
CI005001.CI,20220816,2707.8423,2681.499,2712.8303,2697.2544,2717.178,-19.9236,-0.7332,131944.9,1090142.52
CI005001.CI,20220815,2697.981,2695.6758,2734.5366,2717.178,2710.4102,6.7678,0.2497,141817.32,1301030.03
CI005001.CI,20220812,2673.9595,2673.563,2722.0073,2710.4102,2667.8535,42.5567,1.5952,157762.26,1346359.61
CI005001.CI,20220811,2661.8853,2654.1458,2682.4553,2667.8535,2647.0334,20.8201,0.7865,95259.43,939484.98
CI005001.CI,20220810,2615.2532,2611.7874,2659.3293,2647.0334,2610.844,36.1894,1.3861,92977.12,962098.84
CI005001.CI,20220809,2598.7832,2588.7534,2631.3552,2610.844,2592.437,18.407,0.71,100883.81,964442.77
CI005001.CI,20220808,2543.2485,2536.9932,2598.4817,2592.437,2549.4253,43.0117,1.6871,94802.33,951637.09
CI005001.CI,20220805,2522.8325,2502.6296,2550.676,2549.4253,2517.6292,31.7961,1.2629,109114.3,987596.51
CI005001.CI,20220804,2527.394,2495.7312,2533.3506,2517.6292,2519.1558,-1.5266,-0.0606,91819.43,776584.38
CI005001.CI,20220803,2549.864,2518.5439,2589.9583,2519.1558,2552.0762,-32.9204,-1.2899,105123.36,950770.13
CI005001.CI,20220802,2571.4915,2506.2202,2571.5063,2552.0762,2592.3918,-40.3156,-1.5552,147809.74,1204468.32
CI005001.CI,20220801,2566.7817,2553.8132,2597.6824,2592.3918,2565.8313,26.5605,1.0352,100462.93,860956.43
CI005001.CI,20220729,2595.4258,2563.1492,2610.7629,2565.8313,2594.125,-28.2937,-1.0907,90487.13,741271.99
CI005001.CI,20220728,2582.1704,2580.3254,2604.0134,2594.125,2565.7214,28.4036,1.107,105445.16,979495.15
CI005001.CI,20220727,2552.0371,2545.2253,2571.1228,2565.7214,2557.5403,8.1811,0.3199,80266.68,680495.49
CI005001.CI,20220726,2519.7729,2519.7729,2559.9834,2557.5403,2509.1763,48.364,1.9275,83129.14,588984.52
CI005001.CI,20220725,2525.3577,2508.9526,2531.2549,2509.1763,2527.6243,-18.448,-0.7299,63457.7,464319.47
CI005001.CI,20220722,2539.9443,2510.3081,2555.2656,2527.6243,2545.1519,-17.5276,-0.6887,81892.71,612018.38
CI005001.CI,20220721,2563.7786,2540.2017,2569.3577,2545.1519,2568.8262,-23.6743,-0.9216,95305.77,672697.77
CI005001.CI,20220720,2564.8906,2558.3982,2581.1611,2568.8262,2557.9846,10.8416,0.4238,95033.53,637877.17
CI005001.CI,20220719,2553.3806,2536.6453,2562.0283,2557.9846,2549.1106,8.874,0.3481,95049.75,656369.39
CI005001.CI,20220718,2504.9209,2503.7712,2549.1106,2549.1106,2495.5847,53.5259,2.1448,121950.65,837732.14
CI005001.CI,20220715,2538.1763,2495.4729,2539.0737,2495.5847,2541.1689,-45.5842,-1.7938,102319.74,740341.55
CI005001.CI,20220714,2534.3579,2521.001,2549.9285,2541.1689,2534.4302,6.7387,0.2659,99798.35,677371.29
CI005001.CI,20220713,2533.0803,2518.4648,2540.0178,2534.4302,2541.7847,-7.3545,-0.2893,108367.38,651379.58
CI005001.CI,20220712,2559.1721,2537.9375,2568.3467,2541.7847,2558.1311,-16.3464,-0.639,90484.7,619772.75
CI005001.CI,20220711,2558.1538,2530.7239,2563.2434,2558.1311,2561.6882,-3.5571,-0.1389,121065.81,774738.23
CI005001.CI,20220708,2581.7939,2557.3081,2593.1794,2561.6882,2562.1912,-0.503,-0.0196,95465.75,643003.19
CI005001.CI,20220707,2571.6829,2548.0076,2579.6211,2562.1912,2576.6511,-14.4599,-0.5612,113929.57,747319.25
CI005001.CI,20220706,2617.3049,2561.2427,2618.2747,2576.6511,2650.7192,-74.0681,-2.7943,162471.07,1027926.02
CI005001.CI,20220705,2641.8479,2626.2471,2673.8008,2650.7192,2632.105,18.6142,0.7072,154479.23,1078623.06
CI005001.CI,20220704,2612.3914,2603.3635,2633.4241,2632.105,2615.8462,16.2588,0.6216,137375.86,886363.83
CI005001.CI,20220701,2621.1211,2604.46,2624.4912,2615.8462,2631.6221,-15.7759,-0.5995,104924.18,710476.06
CI005001.CI,20220630,2623.1831,2611.7234,2640.7012,2631.6221,2629.7393,1.8828,0.0716,115602.18,815269.2
CI005001.CI,20220629,2668.1555,2625.1042,2672.2798,2629.7393,2666.9731,-37.2338,-1.3961,174100.18,1181195.63
CI005001.CI,20220628,2641.8857,2634.3125,2667.8176,2666.9731,2630.0483,36.9248,1.404,162766.13,1086971.44
CI005001.CI,20220627,2609.3826,2598.626,2635.4705,2630.0483,2598.5837,31.4646,1.2108,152249.6,1128307.99
CI005001.CI,20220624,2593.6794,2581.3015,2602.0854,2598.5837,2596.6233,1.9604,0.0755,136965.33,960007.74
CI005001.CI,20220623,2563.459,2550.7017,2596.7126,2596.6233,2578.0103,18.613,0.722,134277.3,893964.14
CI005001.CI,20220622,2623.6838,2577.6704,2629.4082,2578.0103,2619.0281,-41.0178,-1.5661,140563.53,931060.25
CI005001.CI,20220621,2632.4841,2603.0103,2640.071,2619.0281,2633.1128,-14.0847,-0.5349,160647.95,1103322.1
CI005001.CI,20220620,2694.5942,2622.3008,2694.5942,2633.1128,2719.616,-86.5032,-3.1807,246199.36,1592059.96
CI005001.CI,20220617,2705.5554,2697.5669,2732.1692,2719.616,2722.9082,-3.2922,-0.1209,192206.24,1299483.77
CI005001.CI,20220616,2801.6169,2712.6587,2814.9478,2722.9082,2808.6533,-85.7451,-3.0529,253012.63,1677478.74
CI005001.CI,20220615,2862.1934,2808.6533,2885.9329,2808.6533,2861.5872,-52.9339,-1.8498,266663.01,1911904.17
CI005001.CI,20220614,2758.6907,2757.7864,2861.5872,2861.5872,2786.1401,75.4471,2.7079,291599.81,2011740.25
CI005001.CI,20220613,2756.0483,2752.9868,2803.9421,2786.1401,2778.2913,7.8488,0.2825,268964.12,1820157.67
CI005001.CI,20220610,2697.4109,2683.9014,2783.5476,2778.2913,2717.2988,60.9925,2.2446,255596.61,1748455.09
CI005001.CI,20220609,2690.9299,2690.1243,2736.1096,2717.2988,2690.7346,26.5642,0.9872,276149.59,1716176.79
CI005001.CI,20220608,2659.0728,2642.9065,2693.6008,2690.7346,2640.7578,49.9768,1.8925,236835.32,1524917.18
CI005001.CI,20220607,2628.1526,2619.1521,2656.0261,2640.7578,2628.5386,12.2192,0.4649,180715.9,1166633.42
CI005001.CI,20220606,2602.064,2594.6563,2630.311,2628.5386,2581.4727,47.0659,1.8232,148143.52,1095248.19
CI005001.CI,20220602,2585.4434,2565.177,2588.5476,2581.4727,2603.7495,-22.2768,-0.8556,132631.02,924057.3
CI005001.CI,20220601,2633.5002,2584.1765,2633.5002,2603.7495,2646.3345,-42.585,-1.6092,155252.61,1098595.29
CI005001.CI,20220531,2615.5168,2611.6851,2647.4719,2646.3345,2607.7151,38.6194,1.481,166861.32,1180360.94
CI005001.CI,20220530,2597.0608,2573.3428,2615.6326,2607.7151,2579.2737,28.4414,1.1027,177082.38,1186026.35
CI005001.CI,20220527,2569.6348,2557.6934,2610.6965,2579.2737,2553.2556,26.0181,1.019,232849.11,1378926.85
CI005001.CI,20220526,2502.5408,2483.2407,2560.9768,2553.2556,2494.9761,58.2795,2.3359,171371.71,1148809.78
CI005001.CI,20220525,2463.8013,2458.9841,2496.2314,2494.9761,2464.6941,30.282,1.2286,187118.25,1033460.18
CI005001.CI,20220524,2519.3455,2463.6882,2544.1997,2464.6941,2513.6362,-48.9421,-1.9471,158412.21,1046744.94
CI005001.CI,20220523,2478.551,2475.5452,2518.5361,2513.6362,2477.448,36.1882,1.4607,134624.33,896560.45
CI005001.CI,20220520,2436.2764,2434.1243,2479.8262,2477.448,2427.4824,49.9656,2.0583,138154.41,962167.26
CI005001.CI,20220519,2392.6372,2375.9534,2427.4824,2427.4824,2426.823,0.6594,0.0272,116728.15,746115.19
CI005001.CI,20220518,2432.3604,2410.7827,2445.0769,2426.823,2439.3186,-12.4956,-0.5123,129158.8,749808.72
CI005001.CI,20220517,2419.2412,2414.9924,2439.3281,2439.3186,2409.4683,29.8503,1.2389,160248.11,887743.69
CI005001.CI,20220516,2400.2317,2390.0017,2412.5735,2409.4683,2383.8174,25.6509,1.076,112781.76,748419.86
CI005001.CI,20220513,2393.5452,2369.5671,2407.2166,2383.8174,2384.2935,-0.4761,-0.02,109271.71,741902.58
CI005001.CI,20220512,2393.4041,2363.7683,2407.394,2384.2935,2377.7629,6.5306,0.2747,125485.84,819792.41
CI005001.CI,20220511,2366.7173,2365.0396,2399.2522,2377.7629,2369.6763,8.0866,0.3413,144420.29,921676.79
CI005001.CI,20220510,2360.6411,2323.5901,2386.5151,2369.6763,2410.8765,-41.2002,-1.7089,171216.58,1083338.43
CI005001.CI,20220509,2383.7739,2377.6008,2413.6941,2410.8765,2393.9199,16.9566,0.7083,156708.3,946263.81
CI005001.CI,20220506,2357.9836,2354.4624,2417.4568,2393.9199,2399.5383,-5.6184,-0.2341,181981.35,1108957.11
CI005001.CI,20220505,2350.7905,2348.0332,2406.2708,2399.5383,2341.6223,57.916,2.4733,132058.12,943783.52
CI005001.CI,20220429,2282.2507,2272.5422,2342.4678,2341.6223,2265.5583,76.064,3.3574,149195.37,892185.18
CI005001.CI,20220428,2241.4624,2226.2175,2285.3059,2265.5583,2240.0625,25.4958,1.1382,123715.42,807287.66
CI005001.CI,20220427,2169.8918,2160.2651,2241.4763,2240.0625,2188.1326,51.9299,2.3733,141174.64,885044.36
CI005001.CI,20220426,2253.6418,2177.3193,2263.6582,2188.1326,2253.9709,-65.8383,-2.921,149087.04,958896.53
CI005001.CI,20220425,2347.0042,2253.9709,2354.8289,2253.9709,2363.8811,-109.9102,-4.6496,167526.65,1058842.18
CI005001.CI,20220422,2312.4021,2300.3386,2377.3618,2363.8811,2326.9507,36.9304,1.5871,135050.17,831869.46
CI005001.CI,20220421,2407.8835,2319.1755,2409.8259,2326.9507,2412.3374,-85.3867,-3.5396,147504.92,919181.13
CI005001.CI,20220420,2473.7878,2406.3716,2478.9275,2412.3374,2488.24,-75.9026,-3.0505,127328.43,808967.76
CI005001.CI,20220419,2443.3608,2442.6711,2491.9951,2488.24,2441.7922,46.4478,1.9022,139723.51,859577.05
CI005001.CI,20220418,2469.9941,2436.0071,2472.645,2441.7922,2479.0256,-37.2334,-1.5019,110178.12,703051.45
CI005001.CI,20220415,2534.2351,2475.4751,2538.3269,2479.0256,2533.3076,-54.282,-2.1427,121165.33,833139.0
CI005001.CI,20220414,2509.3647,2503.0784,2539.4727,2533.3076,2497.8909,35.4167,1.4179,109936.73,761432.15
CI005001.CI,20220413,2509.9309,2493.5398,2525.5483,2497.8909,2505.7427,-7.8518,-0.3134,119398.04,802487.81
CI005001.CI,20220412,2461.4509,2439.3245,2505.7427,2505.7427,2496.215,9.5277,0.3817,121226.59,823441.85
CI005001.CI,20220411,2536.9679,2481.6482,2545.4293,2496.215,2533.5545,-37.3395,-1.4738,140102.48,915543.61
CI005001.CI,20220408,2504.2064,2499.9584,2558.1046,2533.5545,2503.782,29.7725,1.1891,107517.9,789277.26
CI005001.CI,20220407,2500.3346,2496.3345,2536.1846,2503.782,2512.9593,-9.1773,-0.3652,118645.97,761378.13
CI005001.CI,20220406,2483.8494,2473.3561,2537.3123,2512.9593,2484.9932,27.9661,1.1254,135673.15,765115.06
CI005001.CI,20220401,2460.3618,2444.1979,2509.0674,2484.9932,2476.7728,8.2204,0.3319,112279.8,670364.16
CI005001.CI,20220331,2482.3431,2468.0492,2500.7658,2476.7728,2489.8195,-13.0467,-0.524,115219.3,689964.55
CI005001.CI,20220330,2495.1163,2470.1508,2513.9404,2489.8195,2491.2819,-1.4624,-0.0587,133230.61,799890.77
CI005001.CI,20220329,2489.4204,2469.3535,2515.4255,2491.2819,2493.7607,-2.4788,-0.0994,120081.11,703402.12
CI005001.CI,20220328,2455.3569,2434.6077,2517.9233,2493.7607,2463.3506,30.4101,1.2345,148890.87,899567.15
CI005001.CI,20220325,2468.0726,2458.8472,2495.9648,2463.3506,2475.08,-11.7294,-0.4739,125072.95,824941.13
CI005001.CI,20220324,2494.3576,2467.3467,2499.0601,2475.08,2489.6069,-14.5269,-0.5835,140566.51,894221.17
CI005001.CI,20220323,2487.9735,2480.7122,2513.7252,2489.6069,2496.2744,-6.6675,-0.2671,126896.62,727412.06
CI005001.CI,20220322,2480.3472,2480.1837,2520.2978,2496.2744,2477.7925,18.4819,0.7459,154182.63,960004.49
CI005001.CI,20220321,2470.4121,2459.1568,2500.8781,2477.7925,2470.3419,7.4506,0.3016,148407.42,935051.23
CI005001.CI,20220318,2453.8984,2442.941,2493.397,2470.3419,2454.4567,15.8852,0.6472,171213.3,982153.25
CI005001.CI,20220317,2443.3036,2425.6177,2486.1411,2454.4567,2416.1154,38.3413,1.5869,179105.13,1139132.56
CI005001.CI,20220316,2379.9868,2312.182,2438.6592,2416.1154,2348.5751,67.5403,2.8758,192191.99,1208670.06
CI005001.CI,20220315,2467.8046,2346.5593,2467.9532,2348.5751,2480.532,-131.9569,-5.3197,227396.92,1348477.12
CI005001.CI,20220314,2508.7493,2477.7335,2550.6141,2480.532,2533.2205,-52.6885,-2.0799,165022.87,1077150.14
CI005001.CI,20220311,2513.6729,2468.1015,2556.8596,2533.2205,2545.1317,-11.9112,-0.468,196014.33,1241107.28
CI005001.CI,20220310,2499.8722,2498.3977,2568.883,2545.1317,2488.5228,56.6089,2.2748,208949.67,1423801.84
CI005001.CI,20220309,2564.0225,2399.7477,2566.5744,2488.5228,2560.7118,-72.189,-2.8191,254013.86,1577045.99
CI005001.CI,20220308,2619.7433,2525.8036,2625.2003,2560.7118,2635.6404,-74.9286,-2.8429,269168.38,1582170.43
CI005001.CI,20220307,2723.5361,2623.3798,2726.3268,2635.6404,2708.0231,-72.3827,-2.6729,289584.1,1900869.42
CI005001.CI,20220304,2733.112,2694.0678,2753.2529,2708.0231,2753.5391,-45.516,-1.653,330426.3,1876736.37
CI005001.CI,20220303,2742.2926,2729.2785,2779.2358,2753.5391,2730.399,23.1401,0.8475,367127.45,2326959.09
CI005001.CI,20220302,2800.4428,2708.8851,2803.6209,2730.399,2761.9851,-31.5861,-1.1436,285861.6,2018039.48
CI005001.CI,20220301,2786.2802,2738.6285,2793.293,2761.9851,2790.896,-28.9109,-1.0359,192693.49,1185739.09
CI005001.CI,20220228,2782.0617,2775.6447,2816.9428,2790.896,2769.9469,20.9491,0.7563,223606.58,1413639.96
CI005001.CI,20220225,2775.5651,2760.5115,2795.8029,2769.9469,2797.6973,-27.7504,-0.9919,252914.66,1535226.94
CI005001.CI,20220224,2771.1918,2768.8244,2828.9515,2797.6973,2770.2524,27.4449,0.9907,371433.01,2227103.69
CI005001.CI,20220223,2783.3536,2747.7988,2796.1038,2770.2524,2798.9727,-28.7203,-1.0261,168335.06,1169242.94
CI005001.CI,20220222,2792.6479,2763.323,2825.097,2798.9727,2775.6489,23.3238,0.8403,199264.39,1237554.79
CI005001.CI,20220221,2766.5555,2756.9683,2801.5574,2775.6489,2765.5767,10.0722,0.3642,120568.58,888230.03
CI005001.CI,20220218,2719.5617,2712.4183,2791.382,2765.5767,2737.5659,28.0108,1.0232,114416.48,864154.83
CI005001.CI,20220217,2722.1725,2704.1098,2763.1181,2737.5659,2727.6156,9.9503,0.3648,125246.08,857637.56
CI005001.CI,20220216,2702.0683,2693.6568,2753.0665,2727.6156,2725.2882,2.3274,0.0854,121524.65,837102.85
CI005001.CI,20220215,2750.6365,2706.072,2752.7694,2725.2882,2757.1219,-31.8337,-1.1546,153891.74,1004267.16
CI005001.CI,20220214,2798.1035,2739.4833,2808.0329,2757.1219,2774.292,-17.1701,-0.6189,204489.46,1381726.99
CI005001.CI,20220211,2756.5303,2751.68,2816.1312,2774.292,2765.4646,8.8274,0.3192,212165.75,1329729.75
CI005001.CI,20220210,2730.5241,2719.3413,2791.2677,2765.4646,2730.7783,34.6863,1.2702,188052.35,1155356.33
CI005001.CI,20220209,2703.3918,2700.0558,2756.2622,2730.7783,2726.9633,3.815,0.1399,198464.54,1069669.93
CI005001.CI,20220208,2673.2885,2663.9614,2752.4119,2726.9633,2686.2134,40.7499,1.517,240726.3,1299521.86
CI005001.CI,20220207,2632.2308,2630.4783,2711.2785,2686.2134,2568.2437,117.9697,4.5934,225818.88,1265034.42
CI005001.CI,20220128,2594.9634,2542.1876,2603.9486,2568.2437,2583.3355,-15.0918,-0.5842,134296.69,846723.89
CI005001.CI,20220127,2630.4239,2581.091,2639.1644,2583.3355,2626.446,-43.1105,-1.6414,104023.41,679620.13
CI005001.CI,20220126,2625.7345,2597.0502,2650.9485,2626.446,2610.4206,16.0254,0.6139,109276.19,685359.22
CI005001.CI,20220125,2667.0648,2609.0348,2687.6634,2610.4206,2690.7419,-80.3213,-2.9851,116825.29,790463.31
CI005001.CI,20220124,2640.6407,2628.9048,2715.8458,2690.7419,2650.4915,40.2504,1.5186,102913.56,772370.14
CI005001.CI,20220121,2682.388,2636.0208,2685.6418,2650.4915,2706.4197,-55.9282,-2.0665,140298.72,944065.18
CI005001.CI,20220120,2727.5128,2696.7526,2738.9545,2706.4197,2756.1798,-49.7601,-1.8054,148608.11,1041509.28
CI005001.CI,20220119,2769.6882,2739.1402,2795.9421,2756.1798,2763.7331,-7.5533,-0.2733,147922.33,1073937.09
CI005001.CI,20220118,2734.5143,2727.7001,2789.5145,2763.7331,2734.3687,29.3644,1.0739,152720.7,1031593.22
CI005001.CI,20220117,2746.3398,2714.7499,2759.8833,2734.3687,2738.619,-4.2503,-0.1552,134770.99,1001558.52
CI005001.CI,20220114,2798.2432,2737.7652,2798.2432,2738.619,2810.4023,-71.7833,-2.5542,175378.94,1206317.27
CI005001.CI,20220113,2821.7358,2808.816,2852.306,2810.4023,2800.3016,10.1007,0.3607,191595.76,1401228.32
CI005001.CI,20220112,2790.567,2783.299,2826.4246,2800.3016,2764.5259,35.7757,1.2941,158174.45,1180839.13
CI005001.CI,20220111,2785.1842,2759.0541,2798.16,2764.5259,2787.7591,-23.2332,-0.8334,146441.38,1140664.04
CI005001.CI,20220110,2753.8606,2752.2339,2813.7686,2787.7591,2773.5364,14.2227,0.5128,207492.18,1571477.29
CI005001.CI,20220107,2764.5765,2747.3703,2810.6341,2773.5364,2754.3578,19.1786,0.6963,251916.09,1709264.53
CI005001.CI,20220106,2722.1171,2719.1835,2780.0531,2754.3578,2718.093,36.2648,1.3342,167214.08,1483366.08
CI005001.CI,20220105,2698.6419,2691.8221,2743.4504,2718.093,2702.419,15.674,0.58,181189.12,1384409.98
CI005001.CI,20220104,2703.9527,2685.2229,2727.631,2702.419,2673.6533,28.7657,1.0759,159830.94,1076013.62
CI005001.CI,20211231,2651.6907,2643.073,2681.9563,2673.6533,2650.2939,23.3594,0.8814,158985.41,990566.13
CI005001.CI,20211230,2655.6477,2644.218,2665.1541,2650.2939,2652.5183,-2.2244,-0.0839,131298.73,960817.33
CI005001.CI,20211229,2644.8008,2632.812,2667.5388,2652.5183,2651.1355,1.3828,0.0522,128426.02,1038279.56
CI005001.CI,20211228,2655.7053,2625.1628,2658.9456,2651.1355,2644.0388,7.0967,0.2684,124606.75,1000576.62
CI005001.CI,20211227,2643.9077,2637.3342,2658.5623,2644.0388,2644.6248,-0.586,-0.0222,124463.56,956584.79
CI005001.CI,20211224,2683.2402,2642.1587,2683.9504,2644.6248,2681.8843,-37.2595,-1.3893,132051.9,886960.6
CI005001.CI,20211223,2673.5977,2654.4365,2684.2036,2681.8843,2669.6985,12.1858,0.4564,151757.85,1023882.77
CI005001.CI,20211222,2679.9404,2659.2485,2695.6753,2669.6985,2663.8975,5.801,0.2178,176217.55,954871.42
CI005001.CI,20211221,2648.2083,2640.3445,2667.9568,2663.8975,2649.1252,14.7723,0.5576,141672.59,846170.74
CI005001.CI,20211220,2687.4148,2644.5352,2703.949,2649.1252,2703.8647,-54.7395,-2.0245,143869.62,1009911.11
CI005001.CI,20211217,2709.127,2700.1382,2733.843,2703.8647,2710.4673,-6.6026,-0.2436,175090.62,1132590.62
CI005001.CI,20211216,2669.6182,2664.3494,2711.5823,2710.4673,2665.1577,45.3096,1.7001,158069.27,1048634.25
CI005001.CI,20211215,2667.0288,2659.751,2676.9946,2665.1577,2672.6792,-7.5215,-0.2814,103183.73,856898.37
CI005001.CI,20211214,2709.2026,2665.7881,2709.2026,2672.6792,2719.4275,-46.7483,-1.719,132534.68,1214473.24
CI005001.CI,20211213,2671.6467,2671.6467,2746.0112,2719.4275,2658.4294,60.9981,2.2945,174383.17,1849834.93
CI005001.CI,20211210,2659.1863,2650.3579,2684.6353,2658.4294,2665.2957,-6.8663,-0.2576,148249.94,1214126.99
CI005001.CI,20211209,2658.8271,2646.187,2669.3635,2665.2957,2661.1602,4.1355,0.1554,151933.65,1147988.78
CI005001.CI,20211208,2633.8677,2624.8184,2665.0415,2661.1602,2623.6467,37.5135,1.4298,133691.86,1078830.57
CI005001.CI,20211207,2644.7449,2592.623,2649.1592,2623.6467,2624.3335,-0.6868,-0.0262,132476.75,1072936.96
CI005001.CI,20211206,2631.0063,2622.1604,2669.926,2624.3335,2633.6919,-9.3584,-0.3553,148070.9,1205527.76
CI005001.CI,20211203,2654.7981,2602.9824,2658.4087,2633.6919,2644.5994,-10.9075,-0.4124,122059.07,980384.12
CI005001.CI,20211202,2629.9893,2624.2058,2667.5881,2644.5994,2634.8579,9.7415,0.3697,137112.07,1127179.47
CI005001.CI,20211201,2582.7749,2580.519,2637.5029,2634.8579,2577.3262,57.5317,2.2322,145295.38,1140974.25
CI005001.CI,20211130,2577.7366,2564.9233,2612.0015,2577.3262,2569.2859,8.0403,0.3129,118417.82,998425.21
CI005001.CI,20211129,2535.5708,2525.2939,2575.5571,2569.2859,2590.825,-21.5391,-0.8314,131875.3,1019068.26
CI005001.CI,20211126,2584.616,2581.3782,2608.5984,2590.825,2597.7441,-6.9191,-0.2664,118816.96,879975.35
CI005001.CI,20211125,2605.4294,2586.3357,2605.4294,2597.7441,2607.99,-10.2459,-0.3929,120243.2,830506.66
CI005001.CI,20211124,2622.6074,2596.929,2634.7993,2607.99,2609.2007,-1.2107,-0.0464,149494.84,1032111.69
CI005001.CI,20211123,2598.3254,2591.8857,2631.7122,2609.2007,2605.9014,3.2993,0.1266,154501.19,1113099.56
CI005001.CI,20211122,2567.365,2566.3142,2620.5784,2605.9014,2571.2456,34.6558,1.3478,172476.58,1356205.27
CI005001.CI,20211119,2526.7649,2514.5295,2572.2612,2571.2456,2531.6431,39.6025,1.5643,166670.62,1106732.24
CI005001.CI,20211118,2548.2861,2529.7776,2558.4993,2531.6431,2555.1655,-23.5224,-0.9206,148176.57,1050562.87
CI005001.CI,20211117,2497.9331,2491.0764,2556.0244,2555.1655,2500.1758,54.9897,2.1994,128033.0,948023.0
CI005001.CI,20211116,2519.4688,2496.0601,2538.6045,2500.1758,2518.0974,-17.9216,-0.7117,169458.79,1015240.51
CI005001.CI,20211115,2526.8682,2501.3665,2528.5579,2518.0974,2528.8862,-10.7888,-0.4266,129493.53,903430.82
CI005001.CI,20211112,2517.5759,2500.8623,2539.062,2528.8862,2516.1643,12.7219,0.5056,139217.36,969348.43
CI005001.CI,20211111,2482.6135,2479.3438,2520.0066,2516.1643,2502.5867,13.5776,0.5425,118296.06,935877.94
CI005001.CI,20211110,2516.3511,2462.4739,2517.8586,2502.5867,2506.8743,-4.2876,-0.171,128041.62,916697.29
CI005001.CI,20211109,2510.7375,2489.2761,2514.7603,2506.8743,2509.3186,-2.4443,-0.0974,116613.94,832569.44
CI005001.CI,20211108,2492.3811,2486.3081,2520.5247,2509.3186,2474.186,35.1326,1.42,127350.83,923511.63
CI005001.CI,20211105,2555.2378,2471.5583,2555.2378,2474.186,2567.7961,-93.6101,-3.6455,170621.18,1244760.67
CI005001.CI,20211104,2589.7263,2554.5457,2591.2048,2567.7961,2599.0806,-31.2845,-1.2037,144516.47,1009037.51
CI005001.CI,20211103,2594.0122,2571.4241,2620.0139,2599.0806,2609.5476,-10.467,-0.4011,138227.53,964579.91
CI005001.CI,20211102,2686.2593,2572.4465,2686.2593,2609.5476,2676.2571,-66.7095,-2.4926,206515.07,1368572.79
CI005001.CI,20211101,2679.2505,2655.9036,2699.0962,2676.2571,2685.395,-9.1379,-0.3403,165153.46,1219975.85
CI005001.CI,20211029,2680.2927,2621.5869,2686.7932,2685.395,2671.8149,13.5801,0.5083,180501.48,1328863.09
CI005001.CI,20211028,2804.6973,2651.96,2804.6973,2671.8149,2831.2283,-159.4134,-5.6305,236612.51,1816251.05
CI005001.CI,20211027,2863.5903,2808.0928,2866.0637,2831.2283,2874.7891,-43.5608,-1.5153,160909.87,1226795.91
CI005001.CI,20211026,2896.3435,2868.0645,2925.144,2874.7891,2873.1528,1.6363,0.057,165422.7,1351576.05
CI005001.CI,20211025,2840.313,2820.9111,2901.0195,2873.1528,2828.5823,44.5705,1.5757,197699.31,1359513.05
CI005001.CI,20211022,2895.0708,2826.7046,2897.5774,2828.5823,2912.9241,-84.3418,-2.8954,195206.5,1380278.54
CI005001.CI,20211021,2902.6743,2897.0569,2931.7283,2912.9241,2886.7595,26.1646,0.9064,188425.45,1416741.69
CI005001.CI,20211020,2890.2698,2875.1362,2910.457,2886.7595,2936.3157,-49.5562,-1.6877,192640.08,1389195.65
CI005001.CI,20211019,2905.3059,2892.1689,2942.7419,2936.3157,2917.6658,18.6499,0.6392,238440.75,1631828.5
CI005001.CI,20211018,2839.4263,2830.2292,2919.1997,2917.6658,2835.3428,82.323,2.9035,231390.7,1521662.2
CI005001.CI,20211015,2815.1357,2787.3301,2837.4956,2835.3428,2817.741,17.6018,0.6247,190892.29,1360412.58
CI005001.CI,20211014,2804.9534,2783.4321,2828.1846,2817.741,2814.3088,3.4322,0.122,155794.36,1107060.34
CI005001.CI,20211013,2871.1458,2759.0425,2871.4009,2814.3088,2882.5959,-68.2871,-2.3689,260696.18,1595506.4
CI005001.CI,20211012,2955.8767,2842.8447,2980.0056,2882.5959,2969.1436,-86.5477,-2.9149,251720.51,1782569.37
CI005001.CI,20211011,3012.824,2948.8614,3018.5361,2969.1436,3000.0087,-30.8651,-1.0288,237941.18,1778142.93
CI005001.CI,20211008,3044.5158,2965.4903,3056.1981,3000.0087,2954.6177,45.391,1.5363,302548.47,2099871.62
CI005001.CI,20210930,2901.8438,2894.2079,2959.2718,2954.6177,2918.5025,36.1152,1.2375,242298.0,1664750.46
CI005001.CI,20210929,3028.0386,2890.7613,3028.0386,2918.5025,3086.9168,-168.4143,-5.4557,392232.79,2557002.01
CI005001.CI,20210928,3030.546,3008.336,3099.4168,3086.9168,3000.9431,85.9737,2.8649,387767.93,2297189.56
CI005001.CI,20210927,3084.2735,2965.4205,3092.2309,3000.9431,3055.1125,-54.1694,-1.7731,349461.14,2475522.78
CI005001.CI,20210924,3140.7817,3043.3819,3152.4102,3055.1125,3135.1042,-79.9917,-2.5515,350807.92,2474038.97
CI005001.CI,20210923,3239.8403,3121.5343,3249.0947,3135.1042,3216.8849,-81.7807,-2.5422,320005.73,2374604.44
CI005001.CI,20210922,3115.8341,3098.7675,3217.4282,3216.8849,3176.4714,40.4135,1.2723,333732.25,2381120.8
CI005001.CI,20210917,3207.7173,3084.0403,3265.0528,3176.4714,3240.1272,-63.6558,-1.9646,395095.6,2811026.81
CI005001.CI,20210916,3333.7481,3236.7965,3372.7431,3240.1272,3284.8194,-44.6922,-1.3606,478462.94,3566566.67
CI005001.CI,20210915,3190.3565,3186.3766,3304.5482,3284.8194,3216.4816,68.3378,2.1246,433372.2,3009049.16
CI005001.CI,20210914,3230.2564,3173.8821,3326.0172,3216.4816,3223.796,-7.3144,-0.2269,473511.83,3436991.48
CI005001.CI,20210913,3108.3886,3101.4855,3226.5268,3223.796,3090.8206,132.9754,4.3023,362812.0,2703000.91
CI005001.CI,20210910,3119.2697,3066.5674,3161.5524,3090.8206,3122.5846,-31.764,-1.0172,399180.11,2675905.79
CI005001.CI,20210909,3053.0228,3051.7682,3126.4745,3122.5846,3041.0365,81.5481,2.6816,332007.6,2283490.13
CI005001.CI,20210908,2997.8843,2989.8018,3056.6104,3041.0365,3000.1967,40.8398,1.3612,290090.22,2218990.07
CI005001.CI,20210907,2897.0646,2883.0488,3003.9215,3000.1967,2892.7456,107.4511,3.7145,316395.51,2366687.43
CI005001.CI,20210906,2885.4246,2843.1135,2919.4672,2892.7456,2878.7937,13.9519,0.4846,235266.01,1668961.03
CI005001.CI,20210903,2906.3182,2863.6339,2940.9392,2878.7937,2894.8728,-16.0791,-0.5554,266506.1,1988451.38
CI005001.CI,20210902,2777.732,2774.6842,2895.9934,2894.8728,2778.6536,116.2192,4.1826,240333.15,1917641.72
CI005001.CI,20210901,2798.6622,2748.7442,2831.4947,2778.6536,2796.6535,-17.9999,-0.6436,271815.49,1841417.98
CI005001.CI,20210831,2791.0669,2745.9099,2804.1752,2796.6535,2795.12,1.5335,0.0549,288712.84,1916494.35
CI005001.CI,20210830,2762.744,2762.744,2807.9354,2795.12,2739.1526,55.9674,2.0432,277602.13,1921958.74
CI005001.CI,20210827,2695.8213,2694.7588,2739.3274,2739.1526,2694.819,44.3336,1.6451,184312.71,1301279.91
CI005001.CI,20210826,2684.4919,2678.2306,2716.606,2694.819,2688.9057,5.9133,0.2199,224504.42,1346401.45
CI005001.CI,20210825,2683.7264,2642.2733,2688.9223,2688.9057,2679.9746,8.9311,0.3333,172875.44,1365350.28
CI005001.CI,20210824,2670.7862,2662.7784,2685.8703,2679.9746,2643.5868,36.3878,1.3765,172805.21,1417391.32
CI005001.CI,20210823,2619.863,2619.3616,2647.1347,2643.5868,2615.2787,28.3081,1.0824,136054.45,1169574.56
CI005001.CI,20210820,2605.1444,2568.0224,2615.5322,2615.2787,2628.5321,-13.2534,-0.5042,107725.22,1032803.71
CI005001.CI,20210819,2683.3773,2603.9192,2683.3773,2628.5321,2706.8808,-78.3487,-2.8944,153346.47,1448385.25
CI005001.CI,20210818,2690.0749,2667.5928,2713.0341,2706.8808,2695.2638,11.617,0.431,125523.21,1100824.28
CI005001.CI,20210817,2736.2247,2683.5963,2757.929,2695.2638,2739.797,-44.5332,-1.6254,172930.08,1398561.26
CI005001.CI,20210816,2734.8594,2725.2311,2769.1853,2739.797,2725.5312,14.2658,0.5234,161793.61,1413343.96
CI005001.CI,20210813,2685.2835,2680.0252,2733.4325,2725.5312,2683.1782,42.353,1.5785,138083.99,1273882.59
CI005001.CI,20210812,2670.9154,2652.5992,2692.439,2683.1782,2674.7959,8.3823,0.3134,134953.65,984150.99
CI005001.CI,20210811,2662.5432,2654.7113,2694.2411,2674.7959,2656.8364,17.9595,0.676,140681.08,1080397.01
CI005001.CI,20210810,2641.5851,2637.5658,2664.7276,2656.8364,2653.8428,2.9936,0.1128,119063.49,1050274.99
CI005001.CI,20210809,2626.1299,2615.3767,2664.2556,2653.8428,2641.2844,12.5584,0.4755,124045.96,1094755.26
CI005001.CI,20210806,2631.4687,2600.3417,2643.2357,2641.2844,2623.5109,17.7735,0.6775,123551.27,1100427.0
CI005001.CI,20210805,2673.5555,2617.7918,2676.057,2623.5109,2696.1911,-72.6802,-2.6957,142156.14,1452565.33
CI005001.CI,20210804,2675.0052,2666.0209,2704.2614,2696.1911,2688.0848,8.1063,0.3016,120703.66,1166667.07
CI005001.CI,20210803,2687.2174,2674.88,2725.7635,2688.0848,2712.8215,-24.7367,-0.9118,121807.09,1243082.26
CI005001.CI,20210802,2604.4591,2578.2049,2712.8256,2712.8215,2616.9948,95.8267,3.6617,139261.79,1414999.39
CI005001.CI,20210730,2625.2568,2595.0206,2652.5125,2616.9948,2632.9138,-15.919,-0.6046,114187.35,1086262.13
CI005001.CI,20210729,2606.2167,2596.7685,2639.1021,2632.9138,2572.7559,60.1579,2.3383,115158.24,1117413.65
CI005001.CI,20210728,2604.2273,2533.7806,2616.8542,2572.7559,2628.2814,-55.5255,-2.1126,139400.78,1156406.23
CI005001.CI,20210727,2684.7554,2628.1962,2728.5728,2628.2814,2668.1366,-39.8552,-1.4937,168979.88,1516615.09
CI005001.CI,20210726,2708.82,2633.5918,2716.3892,2668.1366,2707.7788,-39.6422,-1.464,131413.04,1234309.21
CI005001.CI,20210723,2735.9084,2702.112,2782.4634,2707.7788,2733.0017,-25.2229,-0.9229,142616.12,1484266.25
CI005001.CI,20210722,2682.2623,2674.0432,2739.5027,2733.0017,2646.6636,86.3381,3.2621,151790.78,1639426.23
CI005001.CI,20210721,2626.4339,2614.9688,2658.6251,2646.6636,2617.8727,28.7909,1.0998,102860.65,1028867.54
CI005001.CI,20210720,2605.2413,2573.2408,2617.9519,2617.8727,2654.1956,-36.3229,-1.3685,123092.04,1197464.62
CI005001.CI,20210719,2717.5388,2648.7833,2723.8002,2654.1956,2708.0756,-53.88,-1.9896,137777.81,1327720.38
CI005001.CI,20210716,2700.3218,2679.1232,2740.3201,2708.0756,2687.4768,20.5988,0.7665,148470.47,1540822.08
CI005001.CI,20210715,2662.3862,2659.2924,2715.1175,2687.4768,2659.2122,28.2646,1.0629,161827.81,1728942.27
CI005001.CI,20210714,2644.3713,2624.1147,2678.2927,2659.2122,2638.1067,21.1055,0.8,140169.07,1325933.46
CI005001.CI,20210713,2619.9812,2606.0738,2640.1533,2638.1067,2618.2393,19.8674,0.7588,129301.04,1096770.47
CI005001.CI,20210712,2607.7518,2602.3783,2637.205,2618.2393,2572.4593,45.78,1.7796,151778.62,1375203.57
CI005001.CI,20210709,2549.9537,2526.1272,2574.0456,2572.4593,2555.7576,16.7017,0.6535,122155.38,996401.58
CI005001.CI,20210708,2573.9236,2552.3884,2607.0188,2555.7576,2591.1007,-35.3431,-1.364,149927.85,1139461.79
CI005001.CI,20210707,2560.214,2544.75,2594.9039,2591.1007,2603.7277,-12.627,-0.485,143499.97,1122669.38
CI005001.CI,20210706,2562.4739,2562.4739,2607.3008,2603.7277,2547.4689,56.2588,2.2084,124602.39,1152426.63
CI005001.CI,20210705,2537.3231,2508.827,2547.8294,2547.4689,2534.6347,12.8342,0.5064,111659.23,835592.3
CI005001.CI,20210702,2568.9012,2531.8721,2572.4574,2534.6347,2554.3516,-19.7169,-0.7719,129582.06,955437.34
CI005001.CI,20210701,2604.3801,2544.5171,2606.0303,2554.3516,2593.4823,-39.1307,-1.5088,92452.45,778177.62
CI005001.CI,20210630,2595.2187,2571.5783,2599.9696,2593.4823,2583.7785,9.7038,0.3756,94077.09,786506.6
CI005001.CI,20210629,2579.2658,2569.9122,2615.8856,2583.7785,2586.6913,-2.9128,-0.1126,134879.9,1162297.61
CI005001.CI,20210628,2620.6663,2574.7565,2627.4667,2586.6913,2592.893,-6.2017,-0.2392,140073.81,1265826.64
CI005001.CI,20210625,2538.3233,2538.0917,2603.4092,2592.893,2520.2508,72.6422,2.8823,156991.6,1401569.96
CI005001.CI,20210624,2521.0459,2499.1245,2533.86,2520.2508,2509.1101,11.1407,0.444,112067.59,807706.2
CI005001.CI,20210623,2507.6608,2488.3776,2516.0495,2509.1101,2498.9985,10.1116,0.4046,137052.47,866359.95
CI005001.CI,20210622,2463.5716,2463.5716,2523.4088,2498.9985,2439.9207,59.0778,2.4213,201717.88,1157096.66
CI005001.CI,20210621,2465.4695,2421.2483,2467.8618,2439.9207,2466.3394,-26.4187,-1.0712,141757.23,956058.17
CI005001.CI,20210618,2497.0686,2450.9233,2497.3199,2466.3394,2514.145,-47.8056,-1.9015,160185.09,987330.55
CI005001.CI,20210617,2538.4323,2503.5143,2539.0965,2514.145,2552.1812,-38.0362,-1.4903,173587.45,958274.38
CI005001.CI,20210616,2576.7975,2549.4363,2592.3599,2552.1812,2560.8913,-8.7101,-0.3401,207819.85,1139877.41
CI005001.CI,20210615,2596.9896,2550.9413,2605.6088,2560.8913,2587.3059,-26.4146,-1.0209,222849.35,1272809.73
CI005001.CI,20210611,2586.127,2567.3489,2622.0895,2587.3059,2578.86,8.4459,0.3275,257656.55,1520465.38
CI005001.CI,20210610,2570.9237,2564.7558,2597.9131,2578.86,2584.7383,-5.8783,-0.2274,164084.98,1045320.04
CI005001.CI,20210609,2524.7863,2512.2153,2596.7983,2584.7383,2516.6312,68.1071,2.7063,176868.17,1130253.88
CI005001.CI,20210608,2530.9625,2502.0531,2535.9646,2516.6312,2535.4291,-18.7979,-0.7414,92896.24,656892.23
CI005001.CI,20210607,2525.2259,2519.2063,2553.8615,2535.4291,2518.3301,17.099,0.679,103779.63,752245.09
CI005001.CI,20210604,2519.2321,2499.3468,2532.8509,2518.3301,2536.1232,-17.7931,-0.7016,113404.42,760514.35
CI005001.CI,20210603,2581.1329,2535.6771,2597.5777,2536.1232,2580.0347,-43.9115,-1.702,149938.1,1100562.97
CI005001.CI,20210602,2565.4147,2548.5632,2592.6065,2580.0347,2558.9358,21.0989,0.8245,167494.91,1251470.63
CI005001.CI,20210601,2484.9327,2457.8065,2566.0159,2558.9358,2482.4863,76.4495,3.0796,149141.24,1111809.67
CI005001.CI,20210531,2505.3932,2465.4799,2505.3932,2482.4863,2506.3669,-23.8806,-0.9528,96750.56,743580.01
CI005001.CI,20210528,2533.1785,2494.0049,2552.1783,2506.3669,2526.8326,-20.4657,-0.8099,97217.53,750216.95
CI005001.CI,20210527,2520.4992,2510.8068,2537.6675,2526.8326,2527.2483,-0.4157,-0.0164,102125.52,752392.57
CI005001.CI,20210526,2521.538,2507.9414,2532.9972,2527.2483,2518.0753,9.173,0.3643,110486.79,791307.6
CI005001.CI,20210525,2480.618,2464.9627,2521.4563,2518.0753,2464.1788,53.8965,2.1872,123070.25,868346.36
CI005001.CI,20210524,2453.4787,2434.8857,2466.0409,2464.1788,2439.4362,24.7426,1.0143,99932.56,647971.7
CI005001.CI,20210521,2446.1332,2419.2346,2455.8982,2439.4362,2443.6764,-4.2402,-0.1735,88209.81,592775.79
CI005001.CI,20210520,2470.7311,2422.8493,2473.0494,2443.6764,2499.594,-55.9176,-2.2371,133114.47,867965.92
CI005001.CI,20210519,2532.1054,2492.7565,2532.1391,2499.594,2545.2352,-45.6412,-1.7932,127887.39,760238.63
CI005001.CI,20210518,2510.5412,2510.2857,2548.1043,2545.2352,2503.7856,41.4496,1.6555,163280.7,972955.26
CI005001.CI,20210517,2476.8596,2476.0971,2518.3957,2503.7856,2468.4496,35.336,1.4315,120711.47,876329.7
CI005001.CI,20210514,2464.7111,2441.1086,2477.655,2468.4496,2470.9521,-2.5025,-0.1013,135955.27,928036.77
CI005001.CI,20210513,2492.4442,2458.9873,2505.1233,2470.9521,2499.0725,-28.1204,-1.1252,164223.11,1060319.34
CI005001.CI,20210512,2449.693,2449.052,2501.0617,2499.0725,2456.1556,42.9169,1.7473,162666.13,908432.66
CI005001.CI,20210511,2496.2789,2420.7834,2496.2789,2456.1556,2522.7372,-66.5816,-2.6393,148535.11,1062938.38
CI005001.CI,20210510,2522.7199,2502.3577,2536.8586,2522.7372,2506.5235,16.2137,0.6469,198595.55,1261582.41
CI005001.CI,20210507,2478.4435,2470.8195,2533.9942,2506.5235,2473.0065,33.517,1.3553,148353.92,1074371.39
CI005001.CI,20210506,2434.4001,2432.9365,2481.7728,2473.0065,2424.5711,48.4354,1.9977,130138.6,900542.79
CI005001.CI,20210430,2434.8915,2413.8451,2446.8596,2424.5711,2437.2803,-12.7092,-0.5215,97051.46,734921.81
CI005001.CI,20210429,2448.8069,2422.2874,2450.1245,2437.2803,2443.0087,-5.7284,-0.2345,82804.7,659124.39
CI005001.CI,20210428,2418.0633,2407.7726,2443.5762,2443.0087,2419.6888,23.3199,0.9638,68024.22,540364.82
CI005001.CI,20210427,2425.7654,2403.722,2427.6527,2419.6888,2430.9587,-11.2699,-0.4636,68971.67,554977.41
CI005001.CI,20210426,2420.9523,2420.9046,2466.2843,2430.9587,2420.2928,10.6659,0.4407,88036.47,831248.36
CI005001.CI,20210423,2406.993,2393.6727,2424.1898,2420.2928,2407.8665,12.4263,0.5161,79698.36,622422.54
CI005001.CI,20210422,2425.4569,2396.1309,2428.0746,2407.8665,2415.1983,-7.3318,-0.3036,100667.11,715038.59
CI005001.CI,20210421,2427.2483,2401.2487,2427.929,2415.1983,2444.4055,-29.2072,-1.1949,92942.22,670697.35
CI005001.CI,20210420,2442.3903,2428.3114,2454.2903,2444.4055,2444.0464,0.3591,0.0147,91825.57,745391.49
CI005001.CI,20210419,2420.995,2403.3265,2456.3233,2444.0464,2424.1216,19.9248,0.8219,104919.88,817027.25
CI005001.CI,20210416,2410.1031,2394.2619,2425.1539,2424.1216,2408.3246,15.797,0.6559,102408.99,742543.48
CI005001.CI,20210415,2412.5738,2367.7153,2413.7449,2408.3246,2391.0587,17.2659,0.7221,85393.97,611684.89
CI005001.CI,20210414,2375.4205,2372.4196,2397.4029,2391.0587,2373.7492,17.3095,0.7292,75750.46,502793.68
CI005001.CI,20210413,2386.1495,2367.2185,2409.7293,2373.7492,2385.8041,-12.0549,-0.5053,97071.35,669541.16
CI005001.CI,20210412,2419.3653,2377.3593,2428.7146,2385.8041,2426.2557,-40.4516,-1.6672,127007.72,945815.57
CI005001.CI,20210409,2440.9288,2411.3897,2446.4145,2426.2557,2451.5983,-25.3426,-1.0337,106802.07,720864.32
CI005001.CI,20210408,2433.0736,2422.5358,2465.0477,2451.5983,2439.3171,12.2812,0.5035,101044.96,739519.2
CI005001.CI,20210407,2437.3541,2400.6959,2441.5052,2439.3171,2433.8538,5.4633,0.2245,106517.97,764630.29
CI005001.CI,20210406,2430.3712,2415.0716,2440.0959,2433.8538,2425.4852,8.3686,0.345,94230.61,688286.83
CI005001.CI,20210402,2460.1439,2418.6017,2460.5636,2425.4852,2444.8613,-19.3761,-0.7925,106960.6,741435.76
CI005001.CI,20210401,2411.6516,2406.2479,2450.9277,2444.8613,2422.796,22.0653,0.9107,124960.34,790426.69
CI005001.CI,20210331,2448.4495,2401.1213,2448.4495,2422.796,2446.9376,-24.1416,-0.9866,119821.39,862805.14
CI005001.CI,20210330,2396.8917,2392.4998,2458.4469,2446.9376,2395.9366,51.001,2.1286,122284.11,904351.15
CI005001.CI,20210329,2381.7486,2363.4981,2410.7294,2395.9366,2366.2002,29.7364,1.2567,123147.95,824193.74
CI005001.CI,20210326,2345.4255,2329.329,2371.7077,2366.2002,2355.3204,10.8798,0.4619,93138.49,727328.95
CI005001.CI,20210325,2333.1256,2320.0219,2367.7816,2355.3204,2312.649,42.6714,1.8451,99693.22,808523.38
CI005001.CI,20210324,2366.8255,2305.9211,2371.2768,2312.649,2396.5563,-83.9073,-3.5012,132256.36,1088725.88
CI005001.CI,20210323,2472.7303,2378.1581,2473.1824,2396.5563,2475.4015,-78.8452,-3.1851,124666.41,1053757.41
CI005001.CI,20210322,2500.1449,2456.838,2524.6593,2475.4015,2502.2332,-26.8317,-1.0723,115439.9,970493.91
CI005001.CI,20210319,2541.2389,2485.7407,2557.6501,2502.2332,2610.9452,-108.712,-4.1637,142535.77,1115021.0
CI005001.CI,20210318,2562.2151,2562.2151,2634.6534,2610.9452,2558.1613,52.7839,2.0634,112770.44,987836.88
CI005001.CI,20210317,2540.6026,2524.0781,2571.7519,2558.1613,2555.8146,2.3467,0.0918,106569.22,731601.48
CI005001.CI,20210316,2559.5597,2528.9043,2568.4178,2555.8146,2564.6203,-8.8057,-0.3434,119550.77,814564.81
CI005001.CI,20210315,2590.5182,2536.505,2596.6229,2564.6203,2602.5038,-37.8835,-1.4557,154605.14,1071839.59
CI005001.CI,20210312,2576.0658,2544.9594,2607.9917,2602.5038,2555.1623,47.3415,1.8528,159526.6,1128985.66
CI005001.CI,20210311,2496.1022,2489.723,2556.9891,2555.1623,2477.5329,77.6294,3.1333,122878.92,1002564.23
CI005001.CI,20210310,2522.433,2471.2065,2524.5441,2477.5329,2505.0152,-27.4823,-1.0971,118159.09,1023669.52
CI005001.CI,20210309,2579.4029,2471.3617,2579.7884,2505.0152,2612.7494,-107.7342,-4.1234,184562.59,1473306.98
CI005001.CI,20210308,2706.4941,2605.8661,2719.9377,2612.7494,2650.7876,-38.0382,-1.435,216261.85,1653080.96
CI005001.CI,20210305,2631.6734,2607.4629,2666.4695,2650.7876,2623.654,27.1336,1.0342,185990.82,1421177.06
CI005001.CI,20210304,2658.806,2604.1788,2676.7857,2623.654,2654.9524,-31.2984,-1.1789,174016.43,1418260.59
CI005001.CI,20210303,2621.8753,2615.4666,2655.9402,2654.9524,2628.1353,26.8171,1.0204,132848.81,1144678.94
CI005001.CI,20210302,2689.2118,2599.9799,2689.2118,2628.1353,2696.9966,-68.8613,-2.5533,158314.19,1396284.46
CI005001.CI,20210301,2685.1267,2663.7693,2723.2176,2696.9966,2650.9512,46.0454,1.7369,130311.57,1253159.64
CI005001.CI,20210226,2679.4999,2630.2879,2701.4014,2650.9512,2756.9156,-105.9644,-3.8436,151915.06,1449264.1
CI005001.CI,20210225,2807.8689,2740.7478,2823.2622,2756.9156,2743.561,13.3546,0.4868,159884.86,1488542.98
CI005001.CI,20210224,2871.4401,2721.0573,2871.4401,2743.561,2876.5366,-132.9756,-4.6228,199076.44,1942872.77
CI005001.CI,20210223,2924.8253,2851.9521,2946.8729,2876.5366,2919.5874,-43.0508,-1.4746,246164.38,2017334.78
CI005001.CI,20210222,2858.5939,2844.7759,2969.646,2919.5874,2831.4723,88.1151,3.112,310165.08,2540196.69
CI005001.CI,20210219,2848.51,2749.2923,2888.1167,2831.4723,2877.6225,-46.1502,-1.6038,209832.89,1974604.23
CI005001.CI,20210218,2957.7597,2848.4298,2969.8404,2877.6225,2791.8534,85.7691,3.0721,282717.69,2439422.85
CI005001.CI,20210210,2756.4416,2731.672,2798.4789,2791.8534,2754.114,37.7394,1.3703,121119.75,1433677.45
CI005001.CI,20210209,2657.0982,2657.0237,2754.3481,2754.114,2622.2801,131.8339,5.0275,123450.29,1445778.74
CI005001.CI,20210208,2532.4256,2522.1367,2638.1548,2622.2801,2526.8602,95.4199,3.7762,102909.07,1189291.84
CI005001.CI,20210205,2652.9192,2522.8384,2657.0549,2526.8602,2628.5016,-101.6414,-3.8669,117671.11,1373302.55
CI005001.CI,20210204,2633.7477,2578.2834,2689.4519,2628.5016,2636.5463,-8.0447,-0.3051,118958.84,1295146.63
CI005001.CI,20210203,2615.7893,2608.1116,2663.2863,2636.5463,2623.1878,13.3585,0.5092,111659.22,1129069.52
CI005001.CI,20210202,2593.2358,2551.7182,2633.9986,2623.1878,2567.9237,55.2641,2.1521,112419.97,1276299.96
CI005001.CI,20210201,2476.3874,2450.0232,2579.8565,2567.9237,2474.8396,93.0841,3.7612,107315.51,1189212.09
CI005001.CI,20210129,2499.8519,2447.235,2516.4365,2474.8396,2491.168,-16.3284,-0.6555,99337.06,1000296.84
CI005001.CI,20210128,2552.9162,2482.092,2572.4557,2491.168,2584.4554,-93.2874,-3.6096,98580.61,1098958.51
CI005001.CI,20210127,2593.0659,2560.4468,2626.6778,2584.4554,2589.0484,-4.593,-0.1774,77354.1,899895.77
CI005001.CI,20210126,2612.2546,2569.5748,2617.0537,2589.0484,2625.7196,-36.6712,-1.3966,79595.43,870376.05
CI005001.CI,20210125,2654.2045,2610.7257,2676.4273,2625.7196,2640.8511,-15.1315,-0.573,105670.06,1091572.16
CI005001.CI,20210122,2617.221,2603.3794,2646.5129,2640.8511,2629.5784,11.2727,0.4287,111297.78,1022827.91
CI005001.CI,20210121,2562.9173,2562.9173,2645.8694,2629.5784,2571.1381,58.4403,2.2729,112005.77,1162463.43
CI005001.CI,20210120,2557.5235,2545.9687,2578.4487,2571.1381,2551.5763,19.5618,0.7667,94800.85,931543.62
CI005001.CI,20210119,2548.0084,2540.9737,2585.7466,2551.5763,2548.8602,2.7161,0.1066,114504.76,1101763.79
CI005001.CI,20210118,2447.4933,2443.188,2551.521,2548.8602,2458.1333,90.7269,3.6909,111771.72,1085405.14
CI005001.CI,20210115,2436.8238,2418.5492,2461.8334,2458.1333,2452.19,5.9433,0.2424,109620.6,998273.19
CI005001.CI,20210114,2465.2701,2446.8951,2489.1304,2452.19,2487.0577,-34.8677,-1.402,105591.39,844032.21
CI005001.CI,20210113,2480.0309,2464.105,2509.2462,2487.0577,2469.4574,17.6003,0.7127,128414.28,1060116.24
CI005001.CI,20210112,2401.2016,2397.5367,2472.2388,2469.4574,2403.452,66.0054,2.7463,103935.37,902664.7
CI005001.CI,20210111,2412.2636,2390.9139,2460.9455,2403.452,2406.235,-2.783,-0.1157,119468.62,1018238.67
CI005001.CI,20210108,2407.7714,2380.8413,2424.2728,2406.235,2408.7146,-2.4796,-0.1029,106378.67,848329.53
CI005001.CI,20210107,2406.8577,2388.496,2425.6951,2408.7146,2391.5035,17.2111,0.7197,124868.63,1022613.58
CI005001.CI,20210106,2356.1927,2356.1927,2404.9952,2391.5035,2338.5671,52.9364,2.2636,130490.2,985631.4
CI005001.CI,20210105,2285.8599,2273.5819,2347.0163,2338.5671,2287.5324,51.0347,2.231,96117.56,849791.61
CI005001.CI,20210104,2273.4408,2253.4426,2294.8642,2287.5324,2282.705,4.8274,0.2115,87619.01,678234.63
CI005001.CI,20201231,2262.8944,2246.585,2286.0097,2282.705,2264.9564,17.7486,0.7836,74068.6,630159.13
CI005001.CI,20201230,2250.4625,2241.3932,2265.5711,2264.9564,2250.546,14.4104,0.6403,59821.92,497501.0
CI005001.CI,20201229,2251.4062,2240.8907,2262.1585,2250.546,2254.299,-3.753,-0.1665,62384.33,464824.6
CI005001.CI,20201228,2271.8392,2243.9957,2288.4007,2254.299,2272.0674,-17.7684,-0.782,71843.16,610753.35
CI005001.CI,20201225,2238.1013,2218.6577,2275.6005,2272.0674,2237.2218,34.8456,1.5575,71284.85,570040.3
CI005001.CI,20201224,2205.5194,2199.1375,2244.3541,2237.2218,2198.0384,39.1834,1.7827,65797.13,583331.6
CI005001.CI,20201223,2185.9419,2174.0228,2201.4405,2198.0384,2188.8922,9.1462,0.4178,62821.09,531847.24
CI005001.CI,20201222,2236.5977,2186.3722,2237.739,2188.8922,2248.5198,-59.6276,-2.6519,86032.18,659412.99
CI005001.CI,20201221,2255.6027,2238.4874,2263.6745,2248.5198,2255.7326,-7.2128,-0.3198,70569.05,580333.95
CI005001.CI,20201218,2256.4852,2244.0632,2281.1912,2255.7326,2254.6793,1.0533,0.0467,78945.79,601667.4
CI005001.CI,20201217,2230.2763,2217.3553,2255.8718,2254.6793,2219.8575,34.8218,1.5687,75140.84,584863.92
CI005001.CI,20201216,2221.0476,2210.0897,2231.5883,2219.8575,2216.9096,2.9479,0.133,59609.69,502536.9
CI005001.CI,20201215,2237.7153,2195.8341,2238.4584,2216.9096,2241.944,-25.0344,-1.1166,67906.53,518737.51
CI005001.CI,20201214,2253.2469,2220.2103,2255.0648,2241.944,2258.6254,-16.6814,-0.7386,73394.28,551799.49
CI005001.CI,20201211,2269.6977,2233.872,2289.4635,2258.6254,2246.477,12.1484,0.5408,102839.58,734186.87
CI005001.CI,20201210,2242.2727,2227.0632,2255.2139,2246.477,2244.1165,2.3605,0.1052,68730.26,468228.29
CI005001.CI,20201209,2275.3073,2243.7404,2277.867,2244.1165,2278.5447,-34.4282,-1.511,71720.79,523985.48
CI005001.CI,20201208,2283.1666,2274.5704,2297.9183,2278.5447,2292.407,-13.8623,-0.6047,69123.09,504461.8
CI005001.CI,20201207,2314.4994,2287.8945,2321.0989,2292.407,2316.9189,-24.5119,-1.058,87622.4,572327.08
CI005001.CI,20201204,2302.2003,2281.7172,2316.933,2316.9189,2305.1772,11.7417,0.5094,124641.59,719828.71
CI005001.CI,20201203,2327.5106,2298.6944,2327.5106,2305.1772,2315.3747,-10.1975,-0.4404,118329.88,749320.69
CI005001.CI,20201202,2325.8175,2306.1986,2327.7477,2315.3747,2325.2388,-9.8641,-0.4242,87059.38,678352.68
CI005001.CI,20201201,2310.2345,2300.2948,2326.9836,2325.2388,2312.6109,12.6279,0.546,91354.47,697558.64
CI005001.CI,20201130,2338.619,2310.4524,2372.9326,2312.6109,2328.7843,-16.1734,-0.6945,127823.63,964514.98
CI005001.CI,20201127,2335.6539,2299.4987,2343.9233,2328.7843,2337.1429,-8.3586,-0.3576,105679.55,772394.86
CI005001.CI,20201126,2348.6576,2320.1459,2366.8496,2337.1429,2355.3323,-18.1894,-0.7723,143525.01,983329.01
CI005001.CI,20201125,2413.2286,2355.3323,2433.8794,2355.3323,2379.0851,-23.7528,-0.9984,241040.27,1615951.62
CI005001.CI,20201124,2333.9482,2331.0993,2381.5499,2379.0851,2335.5926,43.4925,1.8622,136708.62,1092728.95
CI005001.CI,20201123,2294.6467,2293.3686,2362.2743,2335.5926,2285.6796,49.913,2.1837,161227.74,1250731.45
CI005001.CI,20201120,2273.1801,2258.4526,2289.0627,2285.6796,2275.323,10.3566,0.4552,94417.03,905675.97
CI005001.CI,20201119,2287.6659,2263.051,2298.135,2275.323,2298.5752,-23.2522,-1.0116,100137.88,962008.72
CI005001.CI,20201118,2283.2325,2273.0989,2321.2937,2298.5752,2287.4396,11.1356,0.4868,109168.13,968204.07
CI005001.CI,20201117,2289.1708,2272.7851,2308.7778,2287.4396,2285.7378,1.7018,0.0745,123678.77,1009468.67
CI005001.CI,20201116,2218.2724,2218.2724,2285.7378,2285.7378,2205.7203,80.0175,3.6277,133890.41,1195031.07
CI005001.CI,20201113,2202.5454,2184.4735,2211.9636,2205.7203,2216.1531,-10.4328,-0.4708,94683.91,859591.27
CI005001.CI,20201112,2206.8198,2199.0704,2217.7426,2216.1531,2208.6081,7.545,0.3416,101655.62,951076.24
CI005001.CI,20201111,2182.2186,2181.8753,2225.3045,2208.6081,2179.7847,28.8234,1.3223,133597.51,1156588.13
CI005001.CI,20201110,2189.2876,2171.943,2209.2293,2179.7847,2157.7661,22.0186,1.0204,153871.49,1186819.22
CI005001.CI,20201109,2136.5247,2136.5247,2165.4941,2157.7661,2121.0492,36.7169,1.7311,97723.92,841994.93
CI005001.CI,20201106,2114.0814,2106.4234,2126.7342,2121.0492,2111.0513,9.9979,0.4736,75886.34,657702.93
CI005001.CI,20201105,2109.8668,2098.0361,2113.4302,2111.0513,2096.9868,14.0645,0.6707,78085.16,652896.69
CI005001.CI,20201104,2082.2044,2073.8551,2100.2061,2096.9868,2078.311,18.6758,0.8986,70249.7,576158.33
CI005001.CI,20201103,2034.6986,2033.9032,2080.3997,2078.311,2026.7878,51.5232,2.5421,85856.59,631166.13
CI005001.CI,20201102,2011.9269,2006.8659,2034.1178,2026.7878,2011.9177,14.8701,0.7391,74781.86,520514.93
CI005001.CI,20201030,2045.4443,2004.346,2048.3262,2011.9177,2038.2853,-26.3676,-1.2936,85667.95,548399.09
CI005001.CI,20201029,2044.1697,2034.2907,2050.9142,2038.2853,2064.0324,-25.7471,-1.2474,67768.69,458908.51
CI005001.CI,20201028,2046.3479,2034.3543,2064.6294,2064.0324,2045.662,18.3704,0.898,57171.29,428622.86
CI005001.CI,20201027,2052.9032,2032.437,2055.3402,2045.662,2058.8813,-13.2193,-0.6421,48299.37,375736.2
CI005001.CI,20201026,2054.981,2035.1419,2059.525,2058.8813,2060.0629,-1.1816,-0.0574,50283.38,371902.96
CI005001.CI,20201023,2062.1924,2057.8442,2076.8736,2060.0629,2058.1301,1.9328,0.0939,65136.61,426007.54
CI005001.CI,20201022,2074.9834,2050.9391,2075.6968,2058.1301,2081.6448,-23.5147,-1.1296,51758.52,387148.96
CI005001.CI,20201021,2090.8218,2074.3855,2091.6104,2081.6448,2092.8786,-11.2338,-0.5368,57743.22,392328.75
CI005001.CI,20201020,2088.6862,2077.7396,2093.6041,2092.8786,2092.6317,0.2469,0.0118,55704.89,403064.27
CI005001.CI,20201019,2096.6841,2091.0792,2118.776,2092.6317,2086.2734,6.3583,0.3048,77549.24,594663.8
CI005001.CI,20201016,2089.0197,2082.6026,2100.8826,2086.2734,2086.8046,-0.5312,-0.0255,73774.78,455786.43
CI005001.CI,20201015,2098.0122,2084.2033,2102.2716,2086.8046,2098.1723,-11.3677,-0.5418,63883.75,457100.16
CI005001.CI,20201014,2083.3895,2080.6702,2100.6413,2098.1723,2083.7757,14.3966,0.6909,66250.74,522119.38
CI005001.CI,20201013,2076.203,2059.9228,2085.1987,2083.7757,2078.8372,4.9385,0.2376,57332.49,409320.79
CI005001.CI,20201012,2023.0209,2021.6708,2079.4989,2078.8372,2020.6599,58.1773,2.8791,82822.88,566760.41
CI005001.CI,20201009,2009.0964,2006.3895,2022.8386,2020.6599,1987.3579,33.302,1.6757,55300.42,373190.69
CI005001.CI,20200930,2002.738,1976.9271,2005.7834,1987.3579,1999.6321,-12.2742,-0.6138,47958.91,293536.28
CI005001.CI,20200929,2002.4358,1988.6122,2006.4783,1999.6321,1992.3928,7.2393,0.3633,42382.4,268585.11
CI005001.CI,20200928,2005.4199,1990.2761,2019.9756,1992.3928,2003.5142,-11.1214,-0.5551,53892.37,315405.48
CI005001.CI,20200925,2009.9881,1996.4006,2012.371,2003.5142,2001.2886,2.2256,0.1112,54294.47,352672.77
CI005001.CI,20200924,2027.7696,1999.1414,2030.4564,2001.2886,2040.3624,-39.0738,-1.915,78342.81,446366.98
CI005001.CI,20200923,2052.917,2032.6453,2057.6522,2040.3624,2047.5096,-7.1472,-0.3491,59558.08,380866.85
CI005001.CI,20200922,2073.3469,2042.7106,2074.2503,2047.5096,2090.3646,-42.855,-2.0501,73051.77,470288.14
CI005001.CI,20200921,2092.1923,2084.2831,2096.432,2090.3646,2086.9573,3.4073,0.1633,63941.86,401782.26
CI005001.CI,20200918,2062.8682,2060.2461,2091.0173,2086.9573,2060.7581,26.1992,1.2713,86421.95,508630.0
CI005001.CI,20200917,2062.9249,2054.3275,2073.41,2060.7581,2058.6602,2.0979,0.1019,76119.03,433800.51
CI005001.CI,20200916,2063.0927,2050.7735,2072.9448,2058.6602,2062.4381,-3.7779,-0.1832,88433.2,497098.42
CI005001.CI,20200915,2049.3979,2040.2832,2065.5621,2062.4381,2051.1967,11.2414,0.548,81053.53,498077.81
CI005001.CI,20200914,2050.4689,2039.4276,2059.1743,2051.1967,2040.7721,10.4246,0.5108,78985.83,457383.32
CI005001.CI,20200911,2037.5306,2020.3124,2044.7589,2040.7721,2040.8937,-0.1216,-0.006,80904.34,426331.61
CI005001.CI,20200910,2076.11,2035.2541,2079.6039,2040.8937,2064.8262,-23.9325,-1.1591,139242.15,682534.31
CI005001.CI,20200909,2073.5917,2059.4318,2084.9377,2064.8262,2099.5926,-34.7664,-1.6559,181741.67,820418.8
CI005001.CI,20200908,2084.8269,2075.8073,2102.4,2099.5926,2080.6973,18.8953,0.9081,135487.87,655551.85
CI005001.CI,20200907,2111.0374,2075.0177,2116.4617,2080.6973,2117.8174,-37.1201,-1.7528,89837.17,610528.75
CI005001.CI,20200904,2102.88,2090.4163,2119.6755,2117.8174,2127.7758,-9.9584,-0.468,84273.97,524418.15
CI005001.CI,20200903,2150.281,2120.9781,2159.0361,2127.7758,2151.282,-23.5062,-1.0927,86593.26,614283.29
CI005001.CI,20200902,2160.4045,2139.9487,2166.4456,2151.282,2156.1939,-4.9119,-0.2278,101076.94,666644.84
CI005001.CI,20200901,2145.9898,2143.8683,2159.7397,2156.1939,2151.2652,4.9287,0.2291,83682.22,610651.59
CI005001.CI,20200831,2146.4865,2141.5369,2172.0058,2151.2652,2135.791,15.4742,0.7245,100187.01,761900.61
CI005001.CI,20200828,2119.6313,2106.6089,2136.7377,2135.791,2119.4543,16.3367,0.7708,89231.94,572678.03
CI005001.CI,20200827,2116.6969,2107.3257,2125.4756,2119.4543,2114.6259,4.8284,0.2283,77402.7,476746.91
CI005001.CI,20200826,2140.4199,2107.2168,2144.5311,2114.6259,2142.9029,-28.277,-1.3196,96542.65,626263.14
CI005001.CI,20200825,2139.7941,2136.1554,2159.6955,2142.9029,2135.8095,7.0934,0.3321,97089.97,645849.04
CI005001.CI,20200824,2130.6256,2127.5633,2145.5674,2135.8095,2129.4033,6.4062,0.3008,85957.91,522971.73
CI005001.CI,20200821,2143.702,2119.1189,2148.9948,2129.4033,2135.5161,-6.1128,-0.2862,81259.62,513458.99
CI005001.CI,20200820,2156.807,2129.778,2161.5693,2135.5161,2167.6978,-32.1817,-1.4846,110240.02,677858.3
CI005001.CI,20200819,2160.589,2148.8141,2198.8675,2167.6978,2160.0063,7.6915,0.3561,141606.09,968705.33
CI005001.CI,20200818,2158.681,2149.9143,2164.9455,2160.0063,2157.8034,2.2029,0.1021,143052.01,889948.83
CI005001.CI,20200817,2112.2275,2111.0702,2163.1118,2157.8034,2111.4921,46.3113,2.1933,194461.99,1103174.17
CI005001.CI,20200814,2104.1393,2082.5305,2112.9789,2111.4921,2108.8914,2.6007,0.1233,95295.97,611256.36
CI005001.CI,20200813,2100.4151,2100.0483,2121.2503,2108.8914,2101.485,7.4064,0.3524,173184.43,872615.18
CI005001.CI,20200812,2094.4095,2069.4358,2103.0985,2101.485,2108.1791,-6.6941,-0.3175,155864.02,863086.76
CI005001.CI,20200811,2128.4552,2107.1324,2142.2818,2108.1791,2123.522,-15.3429,-0.7225,148636.74,885698.19
CI005001.CI,20200810,2108.9886,2101.1771,2132.8186,2123.522,2108.626,14.896,0.7064,116934.32,772253.2
CI005001.CI,20200807,2124.5969,2084.3369,2126.9873,2108.626,2133.1027,-24.4767,-1.1475,129538.54,860212.63
CI005001.CI,20200806,2149.7586,2106.6246,2165.2172,2133.1027,2137.0418,-3.9391,-0.1843,143614.48,1038671.05
CI005001.CI,20200805,2093.3119,2086.6748,2148.8318,2137.0418,2096.9503,40.0915,1.9119,155710.25,1142217.78
CI005001.CI,20200804,2060.2311,2059.1056,2105.7414,2096.9503,2058.6305,38.3198,1.8614,142891.77,1118827.65
CI005001.CI,20200803,2035.6662,2034.8355,2060.5111,2058.6305,2029.1581,29.4724,1.4524,131217.85,858679.8
CI005001.CI,20200731,2012.0168,2006.6085,2048.491,2029.1581,2022.7688,6.3893,0.3159,118078.84,719869.06
CI005001.CI,20200730,2018.2594,2014.7278,2036.6389,2022.7688,2016.7148,6.054,0.3002,122121.34,726193.7
CI005001.CI,20200729,1992.6174,1974.5519,2017.0089,2016.7148,1997.5813,19.1335,0.9578,91956.04,583243.89
CI005001.CI,20200728,2005.0409,1984.8709,2018.6456,1997.5813,1992.0782,5.5031,0.2762,85312.83,612762.91
CI005001.CI,20200727,2012.7271,1983.2411,2023.9555,1992.0782,2005.2597,-13.1815,-0.6573,85340.34,566270.0
CI005001.CI,20200724,2068.0661,1999.4701,2081.1466,2005.2597,2064.8054,-59.5457,-2.8838,149815.46,977122.93
CI005001.CI,20200723,2066.0537,2026.9749,2078.252,2064.8054,2087.6473,-22.8419,-1.0941,138364.21,892668.12
CI005001.CI,20200722,2045.941,2045.941,2098.7527,2087.6473,2034.0172,53.6301,2.6367,188663.43,1198863.21
CI005001.CI,20200721,2051.5917,2023.8775,2054.9386,2034.0172,2049.4695,-15.4523,-0.754,101023.23,664776.19
CI005001.CI,20200720,1985.5247,1985.5247,2051.7303,2049.4695,1968.9975,80.472,4.087,135784.19,992658.93
CI005001.CI,20200717,1962.7261,1949.8287,1985.2468,1968.9975,1957.1117,11.8858,0.6073,107161.89,685501.7
CI005001.CI,20200716,2019.2836,1956.4206,2033.6631,1957.1117,2017.3499,-60.2382,-2.986,145759.77,882782.25
CI005001.CI,20200715,2046.9295,2015.3481,2055.9408,2017.3499,2046.3122,-28.9623,-1.4153,136583.07,895956.44
CI005001.CI,20200714,2070.2879,2021.1466,2074.0936,2046.3122,2075.1517,-28.8395,-1.3898,171728.8,1055145.1
CI005001.CI,20200713,2033.192,2033.192,2075.3607,2075.1517,2032.7576,42.3941,2.0855,152004.19,929395.06
CI005001.CI,20200710,2057.237,2028.5849,2060.7289,2032.7576,2070.4561,-37.6985,-1.8208,166286.54,920253.11
CI005001.CI,20200709,2031.51,2026.0742,2076.4483,2070.4561,2033.2724,37.1837,1.8288,191063.1,1026096.89
CI005001.CI,20200708,2009.5385,1986.7475,2034.6292,2033.2724,2016.2284,17.044,0.8453,183630.67,982183.91
CI005001.CI,20200707,2036.0862,2005.0319,2061.9282,2016.2284,2017.6952,-1.4668,-0.0727,231308.5,1207203.13
CI005001.CI,20200706,1937.0085,1937.0085,2020.971,2017.6952,1920.0101,97.6851,5.0877,246454.31,1258899.15
CI005001.CI,20200703,1886.7873,1886.7873,1927.3663,1920.0101,1880.954,39.0561,2.0764,152000.72,772835.89
CI005001.CI,20200702,1843.1472,1841.4429,1883.5936,1880.954,1845.3238,35.6302,1.9308,132055.45,619024.89
CI005001.CI,20200701,1831.7132,1824.7446,1846.2409,1845.3238,1829.6265,15.6973,0.858,61097.67,378919.04
CI005001.CI,20200630,1821.3286,1819.5164,1832.3437,1829.6265,1812.7682,16.8583,0.93,44507.17,274411.95
CI005001.CI,20200629,1822.8513,1807.8175,1824.3426,1812.7682,1831.2944,-18.5262,-1.0116,53639.88,297857.81
CI005001.CI,20200624,1822.1019,1821.9386,1833.8704,1831.2944,1822.2271,9.0673,0.4976,48315.03,310904.64
CI005001.CI,20200623,1830.617,1818.8998,1832.3467,1822.2271,1830.2112,-7.9841,-0.4362,51955.9,294776.05
CI005001.CI,20200622,1842.4164,1829.5222,1842.938,1830.2112,1843.5533,-13.3421,-0.7237,55752.98,336173.91
CI005001.CI,20200619,1840.9132,1837.1413,1847.949,1843.5533,1842.6006,0.9527,0.0517,63648.86,351423.03
CI005001.CI,20200618,1827.9981,1820.7225,1845.1913,1842.6006,1830.6234,11.9772,0.6543,70435.99,352269.09
CI005001.CI,20200617,1832.485,1822.4227,1833.6716,1830.6234,1833.3322,-2.7088,-0.1478,49815.61,300719.17
CI005001.CI,20200616,1825.8766,1820.2798,1834.6768,1833.3322,1812.5551,20.7771,1.1463,47795.22,282324.98
CI005001.CI,20200615,1826.1566,1812.1604,1832.7528,1812.5551,1833.0546,-20.4995,-1.1183,54255.67,307966.62
CI005001.CI,20200612,1813.727,1805.807,1840.5134,1833.0546,1842.4244,-9.3698,-0.5086,68320.89,392412.46
CI005001.CI,20200611,1861.8627,1841.1921,1863.2429,1842.4244,1863.7543,-21.3299,-1.1445,61693.74,348538.9
CI005001.CI,20200610,1877.0285,1857.5562,1877.0285,1863.7543,1879.3896,-15.6353,-0.8319,56802.89,321067.98
CI005001.CI,20200609,1879.7786,1867.5188,1879.7786,1879.3896,1879.1298,0.2598,0.0138,67124.35,403412.53
CI005001.CI,20200608,1866.0768,1866.0768,1881.6272,1879.1298,1849.6209,29.5089,1.5954,87880.42,526072.55
CI005001.CI,20200605,1843.2798,1832.5521,1850.527,1849.6209,1841.5384,8.0825,0.4389,55623.39,319525.86
CI005001.CI,20200604,1859.7425,1837.1253,1859.7461,1841.5384,1854.9403,-13.4019,-0.7225,62328.86,335546.49
CI005001.CI,20200603,1851.9601,1851.625,1872.1947,1854.9403,1843.0509,11.8894,0.6451,87654.91,537585.66
CI005001.CI,20200602,1825.3263,1821.0123,1843.0509,1843.0509,1822.2609,20.79,1.1409,80733.12,408177.75
CI005001.CI,20200601,1801.1425,1801.1425,1823.8401,1822.2609,1797.6867,24.5742,1.367,81360.99,406760.56
CI005001.CI,20200529,1796.7543,1791.4774,1802.7907,1797.6867,1800.2876,-2.6009,-0.1445,58133.9,320709.73
CI005001.CI,20200528,1799.7718,1788.1921,1814.7608,1800.2876,1801.0247,-0.7371,-0.0409,52760.33,318201.63
CI005001.CI,20200527,1802.6662,1795.9518,1807.5786,1801.0247,1804.2423,-3.2176,-0.1783,50002.18,283243.72
CI005001.CI,20200526,1796.8862,1796.0602,1805.2428,1804.2423,1792.4191,11.8232,0.6596,47843.65,247887.44
CI005001.CI,20200525,1804.1188,1789.7615,1804.5155,1792.4191,1805.7138,-13.2947,-0.7363,54121.34,255578.63
CI005001.CI,20200522,1841.6099,1802.5601,1841.6099,1805.7138,1845.1576,-39.4438,-2.1377,71415.87,356112.26
CI005001.CI,20200521,1851.255,1839.8115,1851.7182,1845.1576,1844.0431,1.1145,0.0604,58723.93,334914.29
CI005001.CI,20200520,1854.5006,1840.6403,1854.5006,1844.0431,1857.7135,-13.6704,-0.7359,56723.58,323349.61
CI005001.CI,20200519,1859.5567,1854.2081,1869.6661,1857.7135,1842.5027,15.2108,0.8256,66836.41,383003.22
CI005001.CI,20200518,1847.5685,1837.7252,1854.7886,1842.5027,1836.3203,6.1824,0.3367,57179.35,338605.36
CI005001.CI,20200515,1843.6478,1834.9587,1848.2786,1836.3203,1838.3488,-2.0285,-0.1103,44290.84,278340.8
CI005001.CI,20200514,1845.6821,1835.3577,1845.6821,1838.3488,1853.8951,-15.5463,-0.8386,53891.67,315170.21
CI005001.CI,20200513,1849.8355,1840.8162,1855.0737,1853.8951,1854.8072,-0.9121,-0.0492,50727.35,301945.84
CI005001.CI,20200512,1868.5778,1847.5456,1868.5778,1854.8072,1869.1388,-14.3316,-0.7667,53981.68,344665.27
CI005001.CI,20200511,1872.2919,1862.5329,1879.647,1869.1388,1869.2123,-0.0735,-0.0039,60818.62,403482.08
CI005001.CI,20200508,1865.5714,1860.8128,1873.236,1869.2123,1856.1041,13.1082,0.7062,61560.02,376388.43
CI005001.CI,20200507,1873.3427,1855.094,1873.3427,1856.1041,1871.8443,-15.7402,-0.8409,59966.53,349016.32
CI005001.CI,20200506,1853.7154,1852.3277,1874.3194,1871.8443,1861.8992,9.9451,0.5341,78904.18,457873.83
CI005001.CI,20200430,1839.1075,1839.1075,1863.1557,1861.8992,1835.2016,26.6976,1.4548,85099.04,480241.86
CI005001.CI,20200429,1830.6853,1827.7292,1843.8815,1835.2016,1828.8163,6.3853,0.3491,68494.6,353633.02
CI005001.CI,20200428,1868.1166,1809.3623,1868.641,1828.8163,1872.016,-43.1997,-2.3077,97046.31,513131.58
CI005001.CI,20200427,1882.8509,1869.0987,1891.2102,1872.016,1884.5534,-12.5374,-0.6653,77872.61,450306.78
CI005001.CI,20200424,1921.2268,1882.3857,1922.0626,1884.5534,1921.6066,-37.0532,-1.9282,123509.67,667184.36
CI005001.CI,20200423,1897.8622,1897.6645,1936.9292,1921.6066,1887.3291,34.2775,1.8162,150991.59,808571.05
CI005001.CI,20200422,1878.0399,1868.3041,1889.6223,1887.3291,1891.7704,-4.4413,-0.2348,88897.12,534300.05
CI005001.CI,20200421,1899.5106,1883.3993,1906.6617,1891.7704,1910.2015,-18.4311,-0.9649,93504.95,586555.85
CI005001.CI,20200420,1895.8378,1884.365,1911.1404,1910.2015,1902.7671,7.4344,0.3907,83176.93,512480.25
CI005001.CI,20200417,1895.64,1893.7663,1911.498,1902.7671,1887.6358,15.1313,0.8016,99551.36,596444.3
CI005001.CI,20200416,1877.749,1875.3124,1891.3128,1887.6358,1889.5689,-1.9331,-0.1023,76225.06,475080.67
CI005001.CI,20200415,1894.6347,1883.1169,1899.115,1889.5689,1901.2803,-11.7114,-0.616,83489.06,566952.96
CI005001.CI,20200414,1890.7579,1877.9871,1901.2803,1901.2803,1886.0603,15.22,0.807,96760.98,654710.02
CI005001.CI,20200413,1882.6343,1881.8425,1894.2131,1886.0603,1870.8105,15.2498,0.8151,88827.12,614002.51
CI005001.CI,20200410,1889.1035,1864.3127,1890.7017,1870.8105,1897.2297,-26.4192,-1.3925,86647.05,495155.7
CI005001.CI,20200409,1902.8478,1890.5348,1907.2322,1897.2297,1892.1153,5.1144,0.2703,80218.54,489493.06
CI005001.CI,20200408,1889.7095,1880.2627,1898.6736,1892.1153,1902.7644,-10.6491,-0.5597,94378.82,551380.08
CI005001.CI,20200407,1891.5794,1885.4695,1913.6723,1902.7644,1870.0513,32.7131,1.7493,133871.25,778349.98
CI005001.CI,20200403,1896.8349,1862.742,1896.8349,1870.0513,1892.7058,-22.6545,-1.1969,131555.72,744897.31
CI005001.CI,20200402,1813.0074,1811.8745,1892.8079,1892.7058,1822.5977,70.1081,3.8466,165721.6,833914.98
CI005001.CI,20200401,1840.2695,1821.8843,1845.8743,1822.5977,1851.2834,-28.6857,-1.5495,78138.91,433610.25
CI005001.CI,20200331,1847.9038,1839.0888,1859.3651,1851.2834,1834.8009,16.4825,0.8983,87556.11,502924.9
CI005001.CI,20200330,1858.5468,1823.6268,1858.5468,1834.8009,1869.1278,-34.3269,-1.8365,86035.35,490057.85
CI005001.CI,20200327,1885.1987,1865.482,1887.6715,1869.1278,1872.8646,-3.7368,-0.1995,76236.51,425751.4
CI005001.CI,20200326,1891.3959,1870.989,1891.3959,1872.8646,1897.9622,-25.0976,-1.3223,72201.65,410360.34
CI005001.CI,20200325,1903.9274,1884.5511,1905.3079,1897.9622,1875.5576,22.4046,1.1946,85301.53,480222.32
CI005001.CI,20200324,1872.5404,1850.6387,1885.4586,1875.5576,1852.4648,23.0928,1.2466,76133.92,439914.22
CI005001.CI,20200323,1876.9602,1844.2099,1878.0028,1852.4648,1907.1895,-54.7247,-2.8694,80071.81,465823.46
CI005001.CI,20200320,1902.4407,1882.7489,1910.57,1907.1895,1882.9974,24.1921,1.2848,79895.3,467961.51
CI005001.CI,20200319,1900.2685,1855.2644,1909.8562,1882.9974,1908.9563,-25.9589,-1.3598,101281.69,586137.9
CI005001.CI,20200318,1946.7757,1908.8795,1958.4091,1908.9563,1936.8092,-27.8529,-1.4381,102166.25,609911.12
CI005001.CI,20200317,1950.2291,1901.7892,1969.2043,1936.8092,1955.532,-18.7228,-0.9574,107965.65,612295.11
CI005001.CI,20200316,1989.9048,1946.6199,2015.6065,1955.532,1977.0632,-21.5312,-1.089,148481.3,848629.53
CI005001.CI,20200313,1927.0687,1921.9096,1989.9564,1977.0632,2008.5178,-31.4546,-1.5661,146047.5,812383.48
CI005001.CI,20200312,2036.8384,1997.6311,2040.7374,2008.5178,2062.2954,-53.7776,-2.6077,128030.7,757362.11
CI005001.CI,20200311,2087.3615,2060.3151,2093.0089,2062.2954,2091.2816,-28.9862,-1.386,146751.3,911799.77
CI005001.CI,20200310,2070.3033,2045.9902,2100.497,2091.2816,2101.5521,-10.2705,-0.4887,178471.63,1191718.21
CI005001.CI,20200309,2088.6084,2064.4986,2133.2193,2101.5521,2134.0852,-32.5331,-1.5245,251146.3,1670971.82
CI005001.CI,20200306,2094.0915,2090.5182,2144.6707,2134.0852,2114.1371,19.9481,0.9436,162436.43,1119215.08
CI005001.CI,20200305,2096.1789,2081.8752,2114.1371,2114.1371,2079.8969,34.2402,1.6462,144617.44,894081.71
CI005001.CI,20200304,2071.3384,2062.4041,2083.1166,2079.8969,2075.566,4.3309,0.2087,94584.09,595402.01
CI005001.CI,20200303,2086.1512,2066.9933,2092.0526,2075.566,2068.7649,6.8011,0.3288,131869.18,834052.93
CI005001.CI,20200302,2033.6057,2033.6057,2071.5848,2068.7649,2012.0634,56.7015,2.8181,133763.1,895583.94
CI005001.CI,20200228,2021.4805,1993.1348,2033.6801,2012.0634,2056.6113,-44.5479,-2.1661,161286.14,992039.0
CI005001.CI,20200227,2069.2515,2053.2413,2073.5172,2056.6113,2066.8568,-10.2455,-0.4957,106425.95,668059.89
CI005001.CI,20200226,2045.7833,2039.343,2081.9835,2066.8568,2065.3151,1.5417,0.0746,137657.75,848818.84
CI005001.CI,20200225,2059.3825,2030.8812,2071.0087,2065.3151,2094.666,-29.3509,-1.4012,138777.54,905456.18
CI005001.CI,20200224,2105.1543,2081.9588,2105.6662,2094.666,2112.1393,-17.4733,-0.8273,123579.06,837452.06
CI005001.CI,20200221,2104.6838,2100.0904,2115.7897,2112.1393,2110.633,1.5063,0.0714,111568.14,705342.23
CI005001.CI,20200220,2089.2569,2078.1857,2111.3996,2110.633,2079.962,30.671,1.4746,110679.21,667254.54
CI005001.CI,20200219,2090.4418,2077.0174,2091.2994,2079.962,2091.553,-11.591,-0.5542,82327.44,526473.78
CI005001.CI,20200218,2095.1804,2076.5939,2097.936,2091.553,2094.3295,-2.7765,-0.1326,94787.26,584939.22
CI005001.CI,20200217,2055.4777,2054.3465,2095.2257,2094.3295,2050.4335,43.896,2.1408,92496.14,571392.34
CI005001.CI,20200214,2049.9267,2041.5168,2059.5072,2050.4335,2054.7686,-4.3351,-0.211,58608.65,399206.71
CI005001.CI,20200213,2074.086,2053.488,2080.9226,2054.7686,2069.7152,-14.9466,-0.7222,74272.69,490187.0
CI005001.CI,20200212,2053.1586,2045.0324,2069.919,2069.7152,2056.9341,12.7811,0.6214,71126.76,465544.32
CI005001.CI,20200211,2055.366,2040.6448,2066.0665,2056.9341,2058.3585,-1.4244,-0.0692,89707.63,590530.91
CI005001.CI,20200210,2043.8602,2028.7878,2059.3374,2058.3585,2038.0864,20.2721,0.9947,104801.26,724917.94
CI005001.CI,20200207,2038.432,2010.4328,2038.9931,2038.0864,2035.8691,2.2173,0.1089,96900.24,676114.42
CI005001.CI,20200206,2018.1384,2000.3335,2044.4241,2035.8691,2000.9289,34.9402,1.7462,100000.22,655901.97
CI005001.CI,20200205,1975.2915,1972.4501,2015.1519,2000.9289,1974.6916,26.2373,1.3287,110675.62,712858.07
CI005001.CI,20200204,1899.885,1899.885,1975.6933,1974.6916,1974.6753,0.0163,0.0008,131394.39,799583.28
CI005001.CI,20200203,1961.4937,1959.6894,1994.5136,1974.6753,2159.408,-184.7327,-8.5548,91798.32,500870.24
CI005001.CI,20200123,2209.8993,2143.6825,2209.8993,2159.408,2222.5567,-63.1487,-2.8413,90075.07,606224.28
CI005001.CI,20200122,2218.7053,2195.1666,2228.9454,2222.5567,2229.0486,-6.4919,-0.2912,62608.93,436761.28
CI005001.CI,20200121,2248.1617,2223.3807,2248.1617,2229.0486,2251.0775,-22.0289,-0.9786,67215.9,464375.43
CI005001.CI,20200120,2265.6251,2237.7528,2266.6143,2251.0775,2250.1613,0.9162,0.0407,61205.44,471908.82
CI005001.CI,20200117,2245.4519,2244.9882,2264.6486,2250.1613,2239.191,10.9703,0.4899,56365.26,467533.37
CI005001.CI,20200116,2253.7341,2237.3365,2254.7832,2239.191,2248.4268,-9.2358,-0.4108,57985.34,418149.94
CI005001.CI,20200115,2270.8483,2244.367,2270.8483,2248.4268,2268.5839,-20.1571,-0.8885,54728.2,395710.97
CI005001.CI,20200114,2263.6912,2261.4358,2276.2047,2268.5839,2271.3619,-2.778,-0.1223,64735.97,458986.89
CI005001.CI,20200113,2254.7085,2254.7085,2271.3619,2271.3619,2258.7962,12.5657,0.5563,65089.37,485039.29
CI005001.CI,20200110,2268.4932,2254.9678,2268.4932,2258.7962,2276.5074,-17.7112,-0.778,74201.63,516624.39
CI005001.CI,20200109,2263.4195,2263.4195,2276.5074,2276.5074,2306.625,-30.1176,-1.3057,120119.16,759015.61
CI005001.CI,20200108,2334.4721,2299.8102,2334.4721,2306.625,2306.6365,-0.0115,-0.0005,157889.3,1015626.57
CI005001.CI,20200107,2306.3191,2301.1993,2306.6365,2306.6365,2332.9758,-26.3393,-1.129,125269.67,809796.27
CI005001.CI,20200106,2296.2816,2296.2816,2332.9758,2332.9758,2269.5796,63.3962,2.7933,208227.05,1261618.55
CI005001.CI,20200103,2238.6403,2238.6403,2269.5796,2269.5796,2239.7373,29.8423,1.3324,134400.81,769762.02
CI005001.CI,20200102,2225.6287,2225.6287,2239.7373,2239.7373,2216.98,22.7573,1.0265,83369.75,568180.35
CI005001.CI,20191231,2204.2562,2204.2562,2216.98,2216.98,2203.9152,13.0648,0.5928,63228.17,454583.59
CI005001.CI,20191230,2172.2017,2172.2017,2203.9152,2203.9152,2173.8144,30.1008,1.3847,68067.84,493460.17
CI005001.CI,20191227,2163.6318,2163.6318,2173.8144,2173.8144,2164.0244,9.79,0.4524,60870.02,407750.25
CI005001.CI,20191226,2150.3259,2150.3259,2164.0244,2164.0244,2152.4571,11.5673,0.5374,40233.32,293329.99
CI005001.CI,20191225,2151.0969,2151.0969,2152.4571,2152.4571,2152.1838,0.2733,0.0127,39996.55,278388.97
CI005001.CI,20191224,2138.1526,2138.1526,2152.1838,2152.1838,2138.4677,13.7161,0.6414,41530.4,289995.38
CI005001.CI,20191223,2168.5592,2138.2494,2168.5592,2138.4677,2167.8705,-29.4028,-1.3563,58561.29,398233.76
CI005001.CI,20191220,2176.9698,2167.4437,2176.9698,2167.8705,2178.1514,-10.2809,-0.472,53483.96,350474.36
CI005001.CI,20191219,2175.7923,2175.7923,2178.1514,2178.1514,2175.4126,2.7388,0.1259,56877.08,393702.33
CI005001.CI,20191218,2189.4217,2174.9612,2189.4217,2175.4126,2190.3552,-14.9426,-0.6822,69864.7,446336.97
CI005001.CI,20191217,2169.9056,2169.9056,2190.3552,2190.3552,2169.5277,20.8275,0.96,91249.81,565561.65
CI005001.CI,20191216,2156.7127,2156.7127,2169.5277,2169.5277,2148.7599,20.7678,0.9665,72514.29,509381.23
CI005001.CI,20191213,2138.0775,2138.0775,2148.7599,2148.7599,2126.1883,22.5716,1.0616,77525.13,546447.74
CI005001.CI,20191212,2123.4915,2123.4915,2126.1883,2126.1883,2122.6732,3.5151,0.1656,50233.01,365880.7
CI005001.CI,20191211,2123.1897,2122.4992,2123.1897,2122.6732,2119.7374,2.9358,0.1385,49998.68,343180.04
CI005001.CI,20191210,2122.3037,2119.5581,2122.3037,2119.7374,2123.0706,-3.3332,-0.157,50578.71,324175.53
CI005001.CI,20191209,2122.8944,2122.8944,2123.0706,2123.0706,2118.926,4.1446,0.1956,51312.36,361003.59
CI005001.CI,20191206,2117.0881,2117.0881,2118.926,2118.926,2116.1116,2.8144,0.133,45021.5,299852.89
CI005001.CI,20191205,2126.9684,2115.7763,2126.9684,2116.1116,2113.4212,2.6904,0.1273,53808.92,358161.78
CI005001.CI,20191204,2107.0527,2107.0527,2113.4212,2113.4212,2113.3916,0.0296,0.0014,40948.42,267355.95
CI005001.CI,20191203,2104.6296,2104.6296,2113.3916,2113.3916,2104.8585,8.5331,0.4054,40809.5,269783.94
CI005001.CI,20191202,2108.4053,2104.8585,2108.4053,2104.8585,2115.0127,-10.1542,-0.4801,42859.22,298280.51
CI005001.CI,20191129,2119.0639,2103.9673,2122.3137,2115.0127,2118.9454,-3.9327,-0.1856,49551.77,390665.32
CI005001.CI,20191128,2127.1212,2114.0087,2134.0127,2118.9454,2125.5519,-6.6065,-0.3108,45245.92,344935.74
CI005001.CI,20191127,2124.2985,2114.9186,2138.985,2125.5519,2126.5453,-0.9934,-0.0467,46698.32,322486.73
CI005001.CI,20191126,2124.4088,2111.0506,2131.2048,2126.5453,2124.4837,2.0616,0.097,60483.31,406011.62
CI005001.CI,20191125,2091.3153,2088.8642,2124.4837,2124.4837,2093.4485,31.0352,1.4825,72647.51,454075.53
CI005001.CI,20191122,2087.3648,2082.7285,2103.1692,2093.4485,2082.2044,11.2441,0.54,61847.14,415065.24
CI005001.CI,20191121,2072.9105,2067.0078,2088.7273,2082.2044,2072.5839,9.6205,0.4642,49349.74,336869.31
CI005001.CI,20191120,2079.2274,2067.636,2079.2274,2072.5839,2082.4574,-9.8735,-0.4741,44650.59,333447.67
CI005001.CI,20191119,2066.4541,2063.9374,2083.2123,2082.4574,2068.2414,14.216,0.6873,47823.93,354272.47
CI005001.CI,20191118,2048.5474,2047.3786,2070.6463,2068.2414,2046.9914,21.25,1.0381,48914.61,394509.33
CI005001.CI,20191115,2072.4057,2046.9914,2072.5753,2046.9914,2072.5319,-25.5405,-1.2323,53784.18,396505.45
CI005001.CI,20191114,2070.4275,2066.4564,2077.5731,2072.5319,2067.6706,4.8613,0.2351,43889.22,318541.73
CI005001.CI,20191113,2085.1848,2060.9944,2085.1848,2067.6706,2087.4613,-19.7907,-0.9481,52259.32,392617.04
CI005001.CI,20191112,2090.0801,2072.5162,2093.5702,2087.4613,2088.0008,-0.5395,-0.0258,49901.47,340168.58
CI005001.CI,20191111,2128.1151,2085.9131,2128.1151,2088.0008,2133.7494,-45.7486,-2.144,59036.23,381311.1
CI005001.CI,20191108,2153.0112,2133.0397,2156.2801,2133.7494,2145.4433,-11.6939,-0.5451,49962.77,357014.1
CI005001.CI,20191107,2140.2706,2134.2409,2148.8729,2145.4433,2139.4872,5.9561,0.2784,44239.26,318498.96
CI005001.CI,20191106,2159.7082,2134.6312,2160.1036,2139.4872,2158.4448,-18.9576,-0.8783,50948.81,384221.18
CI005001.CI,20191105,2155.3348,2142.7403,2167.5181,2158.4448,2151.6716,6.7732,0.3148,55826.09,381523.99
CI005001.CI,20191104,2148.4858,2143.8066,2155.7153,2151.6716,2139.627,12.0446,0.5629,54827.61,406686.17
CI005001.CI,20191101,2126.8698,2120.4892,2141.4735,2139.627,2132.0971,7.5299,0.3532,54513.46,376580.84
CI005001.CI,20191031,2143.8523,2128.9962,2145.3955,2132.0971,2143.9163,-11.8192,-0.5513,61647.96,424367.63
CI005001.CI,20191030,2153.7019,2140.3307,2155.0213,2143.9163,2155.8539,-11.9376,-0.5537,50307.61,337068.93
CI005001.CI,20191029,2172.2738,2155.8539,2173.6516,2155.8539,2175.174,-19.3201,-0.8882,49703.06,340008.16
CI005001.CI,20191028,2161.1816,2161.1816,2176.1546,2175.174,2165.4744,9.6996,0.4479,56756.85,392458.91
CI005001.CI,20191025,2158.8717,2144.7988,2166.0487,2165.4744,2156.6908,8.7836,0.4073,48467.55,345820.78
CI005001.CI,20191024,2162.5282,2145.1099,2162.5282,2156.6908,2160.6965,-4.0057,-0.1854,46441.14,366110.13
CI005001.CI,20191023,2171.9187,2157.8612,2174.199,2160.6965,2169.0672,-8.3707,-0.3859,43013.57,346569.09
CI005001.CI,20191022,2161.3159,2155.6593,2169.6142,2169.0672,2158.5605,10.5067,0.4867,44234.8,353000.38
CI005001.CI,20191021,2166.8817,2146.145,2167.6569,2158.5605,2169.0593,-10.4988,-0.484,46314.28,338547.56
CI005001.CI,20191018,2192.0572,2161.2613,2192.1227,2169.0593,2189.9729,-20.9136,-0.955,56083.99,440432.22
CI005001.CI,20191017,2195.1666,2185.3344,2202.6831,2189.9729,2195.4698,-5.4969,-0.2504,55521.63,460551.15
CI005001.CI,20191016,2199.0166,2190.5206,2205.1162,2195.4698,2195.0378,0.432,0.0197,60562.66,494149.13
CI005001.CI,20191015,2199.8318,2190.6465,2204.0855,2195.0378,2206.5362,-11.4984,-0.5211,65482.22,494930.61
CI005001.CI,20191014,2193.9752,2186.2774,2214.1007,2206.5362,2189.9944,16.5418,0.7553,82671.58,598394.55
CI005001.CI,20191011,2155.9116,2152.5427,2195.7673,2189.9944,2150.0815,39.9129,1.8563,86793.15,597557.12
CI005001.CI,20191010,2143.1392,2137.1119,2151.5354,2150.0815,2140.5717,9.5098,0.4443,47402.11,328671.67
CI005001.CI,20191009,2123.2555,2112.2791,2140.5717,2140.5717,2130.3617,10.21,0.4793,39719.03,283323.42
CI005001.CI,20191008,2137.7944,2128.8137,2142.7761,2130.3617,2137.4456,-7.0839,-0.3314,47392.14,326506.3
CI005001.CI,20190930,2138.1579,2136.3335,2153.1977,2137.4456,2129.4902,7.9554,0.3736,50055.74,343051.04
CI005001.CI,20190927,2122.045,2120.8832,2132.3564,2129.4902,2122.4735,7.0167,0.3306,40397.33,273992.53
CI005001.CI,20190926,2151.6243,2118.7726,2152.7816,2122.4735,2146.922,-24.4485,-1.1388,58766.91,371391.3
CI005001.CI,20190925,2164.7202,2145.2171,2164.7202,2146.922,2173.1749,-26.2529,-1.208,59920.24,391167.28
CI005001.CI,20190924,2188.2933,2172.8419,2190.3307,2173.1749,2185.3213,-12.1464,-0.5558,57125.03,401946.45
CI005001.CI,20190923,2194.3511,2173.2629,2194.3511,2185.3213,2196.476,-11.1547,-0.5078,67012.14,479843.62
CI005001.CI,20190920,2202.04,2187.6857,2202.04,2196.476,2197.38,-0.904,-0.0411,66715.23,454688.85
CI005001.CI,20190919,2200.6115,2183.7186,2201.7202,2197.38,2198.1454,-0.7654,-0.0348,70449.94,479156.97
CI005001.CI,20190918,2214.498,2195.2045,2214.9529,2198.1454,2236.185,-38.0396,-1.7011,105706.15,690258.52
CI005001.CI,20190917,2269.6825,2231.0436,2269.6825,2236.185,2260.9288,-24.7438,-1.0944,150645.89,976153.23
CI005001.CI,20190916,2303.3168,2249.0989,2314.2384,2260.9288,2217.5209,43.4079,1.9575,223919.91,1331884.01
CI005001.CI,20190912,2214.7152,2203.6809,2222.2411,2217.5209,2214.281,3.2399,0.1463,64423.9,435037.86
CI005001.CI,20190911,2218.092,2209.61,2222.9387,2214.281,2213.5284,0.7526,0.034,78688.82,539655.42
CI005001.CI,20190910,2211.7148,2202.0017,2215.347,2213.5284,2205.4693,8.0591,0.3654,84825.62,595780.03
CI005001.CI,20190909,2191.6814,2180.1615,2207.963,2205.4693,2173.0365,32.4328,1.4925,88935.71,607351.46
CI005001.CI,20190906,2161.8821,2159.6891,2174.3144,2173.0365,2157.3694,15.6671,0.7262,80047.03,509057.73
CI005001.CI,20190905,2157.5296,2156.2106,2183.5443,2157.3694,2147.7308,9.6386,0.4488,122389.21,775653.51
CI005001.CI,20190904,2105.3777,2102.6037,2147.7308,2147.7308,2106.8598,40.871,1.9399,89452.26,598125.26
CI005001.CI,20190903,2102.9469,2094.0306,2108.0671,2106.8598,2102.5951,4.2647,0.2028,62164.5,378912.11
CI005001.CI,20190902,2076.7499,2071.7712,2105.3255,2102.5951,2074.4211,28.174,1.3582,70409.25,425135.06
CI005001.CI,20190830,2093.1537,2066.3611,2099.1289,2074.4211,2082.8368,-8.4157,-0.404,63209.28,386751.73
CI005001.CI,20190829,2082.9498,2070.5364,2090.6572,2082.8368,2079.4362,3.4006,0.1635,57118.2,351081.23
CI005001.CI,20190828,2079.2017,2069.8839,2086.4203,2079.4362,2075.5144,3.9218,0.189,70493.36,383412.93
CI005001.CI,20190827,2058.6773,2057.4699,2086.3416,2075.5144,2050.2675,25.2469,1.2314,73681.65,467629.37
CI005001.CI,20190826,2039.9571,2036.7842,2055.1265,2050.2675,2075.0015,-24.734,-1.192,56226.6,345739.6
CI005001.CI,20190823,2077.0958,2069.694,2083.3295,2075.0015,2078.1379,-3.1364,-0.1509,55203.76,347564.55
CI005001.CI,20190822,2083.2867,2066.4621,2084.5628,2078.1379,2077.1392,0.9987,0.0481,63413.74,357424.49
CI005001.CI,20190821,2084.4455,2074.6167,2085.0217,2077.1392,2084.9173,-7.7781,-0.3731,52223.65,323666.12
CI005001.CI,20190820,2091.3922,2082.2755,2098.9489,2084.9173,2091.0265,-6.1092,-0.2922,65724.01,369246.68
CI005001.CI,20190819,2063.0647,2057.6057,2091.0548,2091.0265,2055.1518,35.8747,1.7456,78538.53,491520.06
CI005001.CI,20190816,2058.7724,2049.9771,2064.2811,2055.1518,2062.1458,-6.994,-0.3392,56904.82,413344.01
CI005001.CI,20190815,2031.9697,2026.6368,2062.9225,2062.1458,2067.2206,-5.0748,-0.2455,59022.5,348927.59
CI005001.CI,20190814,2080.2668,2065.8524,2081.8602,2067.2206,2058.5746,8.646,0.42,54843.14,335738.96
CI005001.CI,20190813,2064.6545,2053.7029,2065.5576,2058.5746,2075.3092,-16.7346,-0.8064,46605.78,297868.17
CI005001.CI,20190812,2073.2964,2056.6028,2075.3092,2075.3092,2055.0907,20.2185,0.9838,57127.97,400900.97
CI005001.CI,20190809,2070.8774,2051.5223,2073.6972,2055.0907,2062.3178,-7.2271,-0.3504,60580.65,373117.63
CI005001.CI,20190808,2054.0015,2052.8629,2067.3381,2062.3178,2053.1975,9.1203,0.4442,61137.54,382672.06
CI005001.CI,20190807,2049.8645,2036.3494,2067.5638,2053.1975,2041.0921,12.1054,0.5931,76910.89,453846.16
CI005001.CI,20190806,2058.8779,2017.9219,2058.8779,2041.0921,2090.2969,-49.2048,-2.354,95759.39,554758.2
CI005001.CI,20190805,2114.2544,2088.1907,2114.7556,2090.2969,2119.3731,-29.0762,-1.3719,69038.5,408136.65
CI005001.CI,20190802,2129.1926,2107.3485,2129.1926,2119.3731,2162.9941,-43.621,-2.0167,88607.02,515428.07
CI005001.CI,20190801,2168.1259,2157.9486,2174.3344,2162.9941,2175.8057,-12.8116,-0.5888,64272.13,402879.46
CI005001.CI,20190731,2179.6389,2168.6394,2182.2454,2175.8057,2180.8339,-5.0282,-0.2306,46991.99,303643.08
CI005001.CI,20190730,2177.5899,2175.2471,2190.8438,2180.8339,2171.4176,9.4163,0.4336,49124.46,347434.44
CI005001.CI,20190729,2172.512,2163.1037,2175.5876,2171.4176,2173.0853,-1.6677,-0.0767,47879.77,345837.08
CI005001.CI,20190726,2162.7882,2156.7439,2176.4303,2173.0853,2166.8186,6.2667,0.2892,56677.84,405478.49
CI005001.CI,20190725,2176.8619,2160.4507,2177.4381,2166.8186,2176.4908,-9.6722,-0.4444,58764.78,413810.88
CI005001.CI,20190724,2172.7245,2170.966,2189.0676,2176.4908,2164.8418,11.649,0.5381,73733.07,434763.19
CI005001.CI,20190723,2152.4841,2152.4841,2167.5159,2164.8418,2157.2894,7.5524,0.3501,58000.13,353283.92
CI005001.CI,20190722,2195.7819,2153.184,2198.9469,2157.2894,2193.0398,-35.7504,-1.6302,78479.51,454815.84
CI005001.CI,20190719,2186.4656,2186.4629,2210.1477,2193.0398,2183.4266,9.6132,0.4403,75876.19,399980.91
CI005001.CI,20190718,2199.9397,2182.8368,2199.9397,2183.4266,2207.2946,-23.868,-1.0813,67969.44,379319.94
CI005001.CI,20190717,2206.4806,2199.3467,2212.1107,2207.2946,2214.1959,-6.9013,-0.3117,71241.12,397602.67
CI005001.CI,20190716,2203.2388,2200.3291,2215.2554,2214.1959,2206.9219,7.274,0.3296,60415.0,331420.36
CI005001.CI,20190715,2201.3418,2172.6699,2216.1584,2206.9219,2204.5481,2.3738,0.1077,73027.84,413063.99
CI005001.CI,20190712,2200.2734,2192.4566,2209.7021,2204.5481,2203.1365,1.4116,0.0641,47723.09,292231.97
CI005001.CI,20190711,2204.6941,2195.4281,2219.1062,2203.1365,2189.9491,13.1874,0.6022,57700.1,360684.17
CI005001.CI,20190710,2210.6839,2184.5768,2211.1908,2189.9491,2206.3618,-16.4127,-0.7439,41823.16,266228.02
CI005001.CI,20190709,2209.3123,2196.9814,2216.3156,2206.3618,2213.4283,-7.0665,-0.3193,43447.02,287942.56
CI005001.CI,20190708,2259.8571,2205.7196,2259.8571,2213.4283,2264.3093,-50.881,-2.2471,63589.87,407532.21
CI005001.CI,20190705,2270.2412,2252.8064,2270.7973,2264.3093,2273.6944,-9.3851,-0.4128,51610.72,360143.82
CI005001.CI,20190704,2273.8757,2261.1607,2281.0056,2273.6944,2271.2872,2.4072,0.106,53730.76,378732.45
CI005001.CI,20190703,2291.0592,2267.1836,2291.0592,2271.2872,2311.4303,-40.1431,-1.7367,66942.32,467603.4
CI005001.CI,20190702,2308.2865,2296.0792,2314.0275,2311.4303,2310.8809,0.5494,0.0238,77825.81,579163.5
CI005001.CI,20190701,2307.2122,2294.336,2312.2757,2310.8809,2279.6778,31.2031,1.3688,91789.48,652063.57
CI005001.CI,20190628,2288.2117,2259.0888,2289.2304,2279.6778,2288.0086,-8.3308,-0.3641,63850.83,435388.54
CI005001.CI,20190627,2296.437,2283.8474,2300.0561,2288.0086,2281.6132,6.3954,0.2803,93275.87,670470.36
CI005001.CI,20190626,2257.4291,2251.8083,2283.204,2281.6132,2261.8966,19.7166,0.8717,86593.38,571196.45
CI005001.CI,20190625,2276.5393,2239.8126,2277.126,2261.8966,2276.3624,-14.4658,-0.6355,87709.08,562646.19
CI005001.CI,20190624,2282.1134,2266.6714,2283.1063,2276.3624,2284.4099,-8.0475,-0.3523,72769.33,460361.14
CI005001.CI,20190621,2273.0241,2272.203,2293.0618,2284.4099,2258.2037,26.2062,1.1605,115552.42,735429.11
CI005001.CI,20190620,2222.9965,2214.5177,2259.5179,2258.2037,2222.573,35.6307,1.6031,95842.7,630466.04
CI005001.CI,20190619,2239.0326,2220.2102,2245.949,2222.573,2202.3124,20.2606,0.92,73122.14,511873.18
CI005001.CI,20190618,2210.8622,2199.311,2213.8517,2202.3124,2211.1608,-8.8484,-0.4002,48207.27,322014.95
CI005001.CI,20190617,2206.2139,2201.3944,2218.1288,2211.1608,2206.3744,4.7864,0.2169,50104.63,336606.04
CI005001.CI,20190614,2237.5015,2205.7735,2238.6741,2206.3744,2241.2078,-34.8334,-1.5542,76189.82,491161.01
CI005001.CI,20190613,2218.7042,2206.3083,2241.2319,2241.2078,2227.0054,14.2024,0.6377,82848.32,554869.63
CI005001.CI,20190612,2229.9934,2220.4622,2235.6506,2227.0054,2239.8908,-12.8854,-0.5753,71545.96,495636.17
CI005001.CI,20190611,2202.1359,2195.0368,2242.2679,2239.8908,2200.1571,39.7337,1.8059,93577.93,624666.13
CI005001.CI,20190610,2183.3254,2173.9026,2200.4718,2200.1571,2176.9904,23.1667,1.0642,60631.39,394098.34
CI005001.CI,20190606,2200.7797,2170.4496,2200.7797,2176.9904,2205.5352,-28.5448,-1.2942,64420.85,413513.64
CI005001.CI,20190605,2214.5342,2202.7079,2218.8842,2205.5352,2203.6795,1.8557,0.0842,61344.48,416459.0
CI005001.CI,20190604,2207.2426,2192.2475,2209.3403,2203.6795,2209.6327,-5.9532,-0.2694,65505.02,425909.32
CI005001.CI,20190603,2241.2346,2208.0678,2245.4521,2209.6327,2248.75,-39.1173,-1.7395,87990.85,586315.44
CI005001.CI,20190531,2249.8172,2242.5695,2262.4833,2248.75,2253.265,-4.515,-0.2004,102513.59,617547.43
CI005001.CI,20190530,2227.0783,2223.5663,2254.2419,2253.265,2225.199,28.066,1.2613,104703.89,612605.56
CI005001.CI,20190529,2226.2826,2219.4242,2236.1556,2225.199,2236.4254,-11.2264,-0.502,50451.43,327502.81
CI005001.CI,20190528,2233.8463,2220.9048,2245.904,2236.4254,2231.4281,4.9973,0.224,65239.31,438126.6
CI005001.CI,20190527,2203.8492,2197.0992,2234.7429,2231.4281,2201.7537,29.6744,1.3478,54996.7,365471.28
CI005001.CI,20190524,2196.8263,2195.0845,2212.1698,2201.7537,2215.8532,-14.0995,-0.6363,52743.87,327663.11
CI005001.CI,20190523,2224.5518,2208.4378,2225.7875,2215.8532,2236.6012,-20.748,-0.9277,72694.52,451661.92
CI005001.CI,20190522,2254.9797,2226.4404,2254.9797,2236.6012,2256.2435,-19.6423,-0.8706,56016.0,368049.76
CI005001.CI,20190521,2231.3095,2228.3561,2264.5391,2256.2435,2236.7552,19.4883,0.8713,64115.95,431238.01
CI005001.CI,20190520,2242.5886,2208.2427,2249.5705,2236.7552,2246.6492,-9.894,-0.4404,72006.95,460724.46
CI005001.CI,20190517,2292.7865,2240.3613,2293.4654,2246.6492,2291.3391,-44.6899,-1.9504,94431.02,624082.43
CI005001.CI,20190516,2279.8806,2272.0488,2293.7246,2291.3391,2284.7292,6.6099,0.2893,95243.12,682733.88
CI005001.CI,20190515,2255.23,2254.9414,2286.9604,2284.7292,2244.4429,40.2863,1.7949,103304.38,713904.77
CI005001.CI,20190514,2232.1123,2229.0609,2252.9921,2244.4429,2255.0597,-10.6168,-0.4708,75275.38,487057.42
CI005001.CI,20190513,2254.3022,2241.4418,2271.72,2255.0597,2274.0929,-19.0332,-0.837,98953.0,635552.21
CI005001.CI,20190510,2243.5091,2212.7507,2274.7412,2274.0929,2224.8937,49.1992,2.2113,100667.96,686573.62
CI005001.CI,20190509,2235.8982,2221.3009,2249.9075,2224.8937,2246.9656,-22.0719,-0.9823,66544.73,436834.16
CI005001.CI,20190508,2240.4411,2227.8408,2267.675,2246.9656,2272.7956,-25.83,-1.1365,79044.05,515072.85
CI005001.CI,20190507,2274.9067,2248.3357,2292.3962,2272.7956,2267.19,5.6056,0.2472,91434.9,626588.11
CI005001.CI,20190506,2336.3829,2245.2833,2336.3829,2267.19,2400.8092,-133.6192,-5.5656,135500.13,879990.0
CI005001.CI,20190430,2362.7421,2360.8676,2401.9046,2400.8092,2373.0623,27.7469,1.1692,91441.29,637202.37
CI005001.CI,20190429,2406.4969,2365.1704,2412.7043,2373.0623,2410.5882,-37.5259,-1.5567,121425.92,793751.98
CI005001.CI,20190426,2432.1448,2409.8787,2446.058,2410.5882,2449.5198,-38.9316,-1.5894,132226.88,859489.18
CI005001.CI,20190425,2517.7359,2448.8452,2517.9529,2449.5198,2528.4519,-78.9321,-3.1218,159943.29,1167238.41
CI005001.CI,20190424,2536.9821,2501.125,2539.9106,2528.4519,2541.7296,-13.2777,-0.5224,152747.97,1121391.72
CI005001.CI,20190423,2586.4847,2531.7966,2586.7034,2541.7296,2574.2351,-32.5055,-1.2627,200234.96,1470427.74
CI005001.CI,20190422,2561.7326,2543.8942,2605.6839,2574.2351,2551.6694,22.5657,0.8844,239397.53,1728993.29
CI005001.CI,20190419,2537.0196,2523.7338,2553.2633,2551.6694,2545.0448,6.6246,0.2603,171060.69,1263594.4
CI005001.CI,20190418,2533.5828,2525.7461,2554.0136,2545.0448,2539.8947,5.1501,0.2028,171733.59,1278534.49
CI005001.CI,20190417,2516.7298,2512.5806,2552.4537,2539.8947,2520.3187,19.576,0.7767,145414.07,1129565.59
CI005001.CI,20190416,2468.2216,2450.1614,2520.3187,2520.3187,2481.4395,38.8792,1.5668,136774.41,1029658.22
CI005001.CI,20190415,2524.0396,2479.3069,2533.0455,2481.4395,2501.0233,-19.5838,-0.783,130515.36,1022068.87
CI005001.CI,20190412,2489.8593,2480.5033,2504.6493,2501.0233,2498.4855,2.5378,0.1016,105353.42,824894.62
CI005001.CI,20190411,2546.5774,2492.142,2551.8212,2498.4855,2552.2453,-53.7598,-2.1064,138112.72,1116372.55
CI005001.CI,20190410,2572.4923,2536.8397,2574.9843,2552.2453,2582.948,-30.7027,-1.1887,153186.25,1230762.14
CI005001.CI,20190409,2610.2452,2567.826,2610.362,2582.948,2609.8636,-26.9156,-1.0313,173389.19,1311144.14
CI005001.CI,20190408,2622.0533,2583.9296,2645.3556,2609.8636,2561.8073,48.0563,1.8759,245642.2,1894786.63
CI005001.CI,20190404,2532.8764,2518.8208,2561.8073,2561.8073,2522.6095,39.1978,1.5539,217393.43,1507548.07
CI005001.CI,20190403,2492.8729,2486.2937,2526.0444,2522.6095,2492.2841,30.3254,1.2168,141994.62,1112497.51
CI005001.CI,20190402,2501.0779,2484.4416,2505.3906,2492.2841,2483.0274,9.2567,0.3728,143077.18,1142896.2
CI005001.CI,20190401,2419.5954,2419.5541,2483.0274,2483.0274,2414.153,68.8744,2.8529,164064.65,1291685.71
CI005001.CI,20190329,2371.9298,2358.1726,2417.0697,2414.153,2372.5426,41.6104,1.7538,122344.71,882647.44
CI005001.CI,20190328,2397.0108,2370.2103,2397.0108,2372.5426,2406.5579,-34.0153,-1.4134,97906.83,762696.19
CI005001.CI,20190327,2400.1419,2379.0195,2406.6821,2406.5579,2385.0185,21.5394,0.9031,105613.51,789671.65
CI005001.CI,20190326,2434.622,2378.211,2441.5596,2385.0185,2428.7739,-43.7554,-1.8015,131616.81,958827.43
CI005001.CI,20190325,2424.9701,2414.2646,2456.7734,2428.7739,2455.0237,-26.2498,-1.0692,149342.85,1186376.33
CI005001.CI,20190322,2456.5589,2422.2266,2458.8577,2455.0237,2454.8869,0.1368,0.0056,111994.91,846633.67
CI005001.CI,20190321,2455.9432,2442.8558,2462.8459,2454.8869,2449.0492,5.8377,0.2384,125668.97,864040.64
CI005001.CI,20190320,2466.4225,2426.8747,2470.2541,2449.0492,2467.2999,-18.2507,-0.7397,147285.91,1023058.6
CI005001.CI,20190319,2462.3828,2445.067,2476.8733,2467.2999,2451.5642,15.7357,0.6419,172397.8,1291450.18
CI005001.CI,20190318,2379.5036,2379.1867,2452.1086,2451.5642,2371.8662,79.698,3.3601,166329.66,1263287.03
CI005001.CI,20190315,2350.769,2344.8381,2381.4472,2371.8662,2343.6514,28.2148,1.2039,115017.41,785817.26
CI005001.CI,20190314,2361.9373,2328.8204,2388.1791,2343.6514,2354.9608,-11.3094,-0.4802,122295.73,816737.69
CI005001.CI,20190313,2383.6797,2347.2377,2383.6797,2354.9608,2383.2695,-28.3087,-1.1878,118903.34,772018.47
CI005001.CI,20190312,2370.1506,2364.3727,2404.2605,2383.2695,2357.1028,26.1667,1.1101,145787.79,960623.58
CI005001.CI,20190311,2316.0986,2316.0986,2358.1882,2357.1028,2315.4323,41.6705,1.7997,111084.24,721005.11
CI005001.CI,20190308,2394.3059,2314.9831,2401.56,2315.4323,2423.7535,-108.3212,-4.4692,170245.72,1054015.66
CI005001.CI,20190307,2410.1184,2397.4839,2431.1147,2423.7535,2417.3405,6.413,0.2653,160384.89,1073282.98
CI005001.CI,20190306,2376.9578,2373.0028,2419.3783,2417.3405,2376.4094,40.9311,1.7224,177131.24,1140784.72
CI005001.CI,20190305,2366.405,2353.1373,2378.2688,2376.4094,2369.0564,7.353,0.3104,115347.93,754711.9
CI005001.CI,20190304,2358.6595,2352.3727,2400.9825,2369.0564,2356.5666,12.4898,0.53,159364.09,1022451.29
CI005001.CI,20190301,2353.7522,2329.237,2357.4078,2356.5666,2345.5402,11.0264,0.4701,97142.01,604747.91
CI005001.CI,20190228,2340.6285,2332.394,2357.4897,2345.5402,2338.2906,7.2496,0.31,106756.76,631870.76
CI005001.CI,20190227,2332.9208,2320.4182,2365.1344,2338.2906,2335.1133,3.1773,0.1361,129959.9,813884.96
CI005001.CI,20190226,2337.6951,2316.4574,2363.511,2335.1133,2346.984,-11.8707,-0.5058,165200.0,1025158.45
CI005001.CI,20190225,2268.9762,2268.6319,2347.5523,2346.984,2256.3852,90.5988,4.0152,166356.65,1074537.81
CI005001.CI,20190222,2227.2914,2220.2538,2256.4169,2256.3852,2234.586,21.7992,0.9755,76179.18,471607.26
CI005001.CI,20190221,2253.2384,2228.7957,2263.6463,2234.586,2251.1408,-16.5548,-0.7354,79022.49,510683.7
CI005001.CI,20190220,2254.6095,2237.2608,2256.7218,2251.1408,2254.9186,-3.7778,-0.1675,61847.89,375255.68
CI005001.CI,20190219,2254.9446,2234.4844,2262.6625,2254.9186,2253.4256,1.493,0.0663,81003.45,511853.94
CI005001.CI,20190218,2221.5034,2221.5034,2254.3089,2253.4256,2200.7237,52.7019,2.3948,87302.08,554954.52
CI005001.CI,20190215,2219.615,2196.8824,2228.8755,2200.7237,2221.6399,-20.9162,-0.9415,58113.99,364797.01
CI005001.CI,20190214,2210.4349,2206.4636,2227.6252,2221.6399,2212.5069,9.133,0.4128,67097.48,442106.87
CI005001.CI,20190213,2178.4578,2172.9441,2218.0878,2212.5069,2176.2715,36.2354,1.665,82893.92,519930.14
CI005001.CI,20190212,2152.5158,2147.7472,2176.7195,2176.2715,2151.3486,24.9229,1.1585,67371.19,420110.94
CI005001.CI,20190211,2135.4191,2125.2109,2153.3625,2151.3486,2138.8702,12.4784,0.5834,54192.7,326221.49
CI005001.CI,20190201,2122.013,2120.8693,2139.1411,2138.8702,2115.8461,23.0241,1.0882,44150.3,260627.73
CI005001.CI,20190131,2116.1439,2102.1941,2132.5224,2115.8461,2111.3337,4.5124,0.2137,54352.14,310838.67
CI005001.CI,20190130,2113.7163,2108.1443,2123.1631,2111.3337,2114.7975,-3.4638,-0.1638,43890.94,249223.44
CI005001.CI,20190129,2109.6382,2085.815,2117.926,2114.7975,2117.1115,-2.314,-0.1093,60495.34,329373.79
CI005001.CI,20190128,2131.3064,2113.4263,2140.8498,2117.1115,2115.1389,1.9726,0.0933,57482.97,339106.2
CI005001.CI,20190125,2120.0356,2114.4616,2125.8714,2115.1389,2113.4974,1.6415,0.0777,48121.71,295284.66
CI005001.CI,20190124,2115.531,2096.956,2117.8475,2113.4974,2113.9895,-0.4921,-0.0233,48602.34,292223.77
CI005001.CI,20190123,2108.3661,2105.2454,2120.142,2113.9895,2117.586,-3.5965,-0.1698,47988.01,287577.28
CI005001.CI,20190122,2149.7642,2108.9407,2149.8073,2117.586,2148.1294,-30.5434,-1.4219,59736.2,326810.71
CI005001.CI,20190121,2132.2817,2129.2205,2149.2809,2148.1294,2122.1358,25.9936,1.2249,66344.88,403782.03
CI005001.CI,20190118,2111.5335,2104.7778,2124.4748,2122.1358,2104.6647,17.4711,0.8301,57030.89,316383.12
CI005001.CI,20190117,2120.3289,2101.7555,2121.7978,2104.6647,2117.4469,-12.7822,-0.6037,57487.46,277025.77
CI005001.CI,20190116,2115.9953,2110.0023,2121.9644,2117.4469,2112.4828,4.9641,0.235,39454.22,236522.53
CI005001.CI,20190115,2103.2039,2098.4482,2115.2341,2112.4828,2099.3436,13.1392,0.6259,40420.19,246824.74
CI005001.CI,20190114,2111.4714,2097.7029,2117.8404,2099.3436,2117.6605,-18.3169,-0.865,38995.14,228855.11
CI005001.CI,20190111,2112.0549,2099.9449,2118.1445,2117.6605,2108.6579,9.0026,0.4269,41535.86,263901.97
CI005001.CI,20190110,2128.2115,2106.1194,2130.8233,2108.6579,2111.6782,-3.0203,-0.143,53649.37,316259.85
CI005001.CI,20190109,2107.9294,2107.7988,2133.0793,2111.6782,2096.3508,15.3274,0.7311,70120.09,414611.61
CI005001.CI,20190108,2083.0404,2078.2458,2098.4392,2096.3508,2084.3543,11.9965,0.5755,56625.88,320827.34
CI005001.CI,20190107,2072.8744,2060.9782,2085.7316,2084.3543,2057.6482,26.7061,1.2979,66773.56,372347.0
CI005001.CI,20190104,2018.6902,2010.9306,2059.5308,2057.6482,2028.2876,29.3606,1.4476,59614.95,345475.12
CI005001.CI,20190103,2025.3883,2014.6386,2033.548,2028.2876,2022.2311,6.0565,0.2995,44352.49,263217.55
CI005001.CI,20190102,2043.7128,2010.6125,2045.9654,2022.2311,2036.6984,-14.4673,-0.7103,53656.7,316215.46
CI005001.CI,20181228,2032.6455,2026.8581,2048.9614,2036.6984,2056.4574,-19.759,-0.9608,70666.95,412065.7
CI005001.CI,20181227,2154.7703,2056.1881,2161.8712,2056.4574,2103.4512,-46.9938,-2.2341,91487.0,535479.93
CI005001.CI,20181226,2109.1441,2098.532,2119.0647,2103.4512,2107.4547,-4.0035,-0.19,31139.65,198774.45
CI005001.CI,20181225,2122.7846,2079.8916,2122.7846,2107.4547,2151.9779,-44.5232,-2.0689,54919.59,329131.77
CI005001.CI,20181224,2126.103,2121.8583,2156.3393,2151.9779,2136.4028,15.5751,0.729,36190.4,229564.48
CI005001.CI,20181221,2131.5811,2118.5688,2136.4575,2136.4028,2145.6676,-9.2648,-0.4318,40037.61,258354.72
CI005001.CI,20181220,2149.1056,2128.054,2154.6926,2145.6676,2149.9082,-4.2406,-0.1972,39194.23,256650.05
CI005001.CI,20181219,2186.0997,2147.8238,2186.0997,2149.9082,2200.8282,-50.92,-2.3137,55205.35,323440.73
CI005001.CI,20181218,2212.9162,2191.6898,2222.7312,2200.8282,2229.654,-28.8258,-1.2928,42374.35,284054.59
CI005001.CI,20181217,2223.743,2207.9002,2233.0582,2229.654,2232.3121,-2.6581,-0.1191,45133.09,309666.14
CI005001.CI,20181214,2256.2672,2231.4468,2262.8462,2232.3121,2251.1675,-18.8554,-0.8376,56560.02,385861.52
CI005001.CI,20181213,2229.1199,2225.3871,2257.7125,2251.1675,2231.1374,20.0301,0.8978,53585.39,366144.54
CI005001.CI,20181212,2234.5028,2224.1833,2237.2983,2231.1374,2222.1831,8.9543,0.403,35221.27,253734.47
CI005001.CI,20181211,2220.7835,2211.5242,2224.8867,2222.1831,2228.8464,-6.6633,-0.299,41185.47,274534.51
CI005001.CI,20181210,2228.1,2220.5087,2238.7182,2228.8464,2223.5832,5.2632,0.2367,43430.18,293930.11
CI005001.CI,20181207,2218.9195,2212.7308,2227.3348,2223.5832,2220.1306,3.4526,0.1555,33220.95,240880.9
CI005001.CI,20181206,2242.0434,2215.1081,2243.1797,2220.1306,2251.9853,-31.8547,-1.4145,47084.43,317165.85
CI005001.CI,20181205,2244.692,2240.0443,2263.4086,2251.9853,2276.8215,-24.8362,-1.0908,48732.29,329056.69
CI005001.CI,20181204,2271.4265,2260.9604,2280.3005,2276.8215,2272.2688,4.5527,0.2004,61018.27,419732.43
CI005001.CI,20181203,2255.5719,2243.3223,2284.477,2272.2688,2209.625,62.6438,2.835,85531.86,590211.89
CI005001.CI,20181130,2193.8895,2187.2138,2210.8946,2209.625,2188.3257,21.2993,0.9733,46649.79,314965.38
CI005001.CI,20181129,2216.4107,2188.3257,2223.4685,2188.3257,2217.6575,-29.3318,-1.3226,45214.06,306769.69
CI005001.CI,20181128,2199.4531,2189.9792,2220.0423,2217.6575,2197.9023,19.7552,0.8988,45852.88,317811.52
CI005001.CI,20181127,2202.6517,2188.1086,2205.7527,2197.9023,2191.3958,6.5065,0.2969,45265.17,308994.04
CI005001.CI,20181126,2192.3853,2177.6506,2196.055,2191.3958,2217.292,-25.8962,-1.1679,65424.21,433670.25
CI005001.CI,20181123,2270.4287,2213.0541,2271.8643,2217.292,2277.7978,-60.5058,-2.6563,73586.32,504661.13
CI005001.CI,20181122,2285.0116,2272.0543,2287.3585,2277.7978,2281.5824,-3.7846,-0.1659,59733.22,386241.62
CI005001.CI,20181121,2266.5141,2251.8885,2282.3355,2281.5824,2312.2076,-30.6252,-1.3245,76342.76,517539.01
CI005001.CI,20181120,2339.4322,2301.6311,2344.419,2312.2076,2353.6501,-41.4425,-1.7608,68574.82,497637.65
CI005001.CI,20181119,2343.6296,2331.6824,2354.8177,2353.6501,2339.4268,14.2233,0.608,80632.59,581518.04
CI005001.CI,20181116,2329.5365,2321.1191,2347.2383,2339.4268,2336.3016,3.1252,0.1338,114880.54,813008.38
CI005001.CI,20181115,2324.3082,2317.5139,2337.6692,2336.3016,2322.9498,13.3518,0.5748,89113.0,557168.88
CI005001.CI,20181114,2334.0318,2315.8867,2339.5439,2322.9498,2380.2857,-57.3359,-2.4088,102773.1,654808.74
CI005001.CI,20181113,2342.3904,2338.7446,2383.3755,2380.2857,2371.9824,8.3033,0.3501,84884.25,527251.21
CI005001.CI,20181112,2343.7702,2340.2108,2373.4312,2371.9824,2346.3612,25.6212,1.092,58983.07,382829.4
CI005001.CI,20181109,2364.7083,2344.6509,2365.7213,2346.3612,2377.1281,-30.7669,-1.2943,51017.2,326062.58
CI005001.CI,20181108,2388.1663,2374.8853,2398.9822,2377.1281,2374.7237,2.4044,0.1012,54888.39,367453.98
CI005001.CI,20181107,2403.04,2374.33,2404.2786,2374.7237,2411.9301,-37.2064,-1.5426,62627.33,417843.13
CI005001.CI,20181106,2400.2594,2390.9417,2415.8249,2411.9301,2408.069,3.8611,0.1603,75931.41,513519.99
CI005001.CI,20181105,2384.0408,2370.6589,2408.069,2408.069,2395.835,12.234,0.5106,80486.95,546634.37
CI005001.CI,20181102,2358.6528,2348.4493,2395.835,2395.835,2348.0057,47.8293,2.037,94010.33,653613.47
CI005001.CI,20181101,2355.9993,2343.7233,2372.4946,2348.0057,2362.0349,-14.0292,-0.5939,65742.36,429697.17
CI005001.CI,20181031,2353.7265,2337.283,2363.9804,2362.0349,2345.0502,16.9847,0.7243,60672.65,396915.63
CI005001.CI,20181030,2327.6059,2305.3007,2355.3681,2345.0502,2327.7168,17.3334,0.7447,52711.95,342348.32
CI005001.CI,20181029,2366.4481,2315.8186,2369.8359,2327.7168,2347.3416,-19.6248,-0.836,53057.34,354858.61
CI005001.CI,20181026,2355.4723,2335.4356,2369.2216,2347.3416,2343.072,4.2696,0.1822,59283.2,387942.7
CI005001.CI,20181025,2296.505,2282.5296,2346.1232,2343.072,2348.4382,-5.3662,-0.2285,65891.78,424591.3
CI005001.CI,20181024,2334.5859,2314.4914,2376.8727,2348.4382,2391.3889,-42.9507,-1.7961,79887.45,534536.25
CI005001.CI,20181023,2433.34,2380.4832,2451.6549,2391.3889,2449.1318,-57.7429,-2.3577,73782.01,512859.28
CI005001.CI,20181022,2369.3264,2368.1917,2468.0217,2449.1318,2368.4046,80.7272,3.4085,110040.14,777193.74
CI005001.CI,20181019,2275.1207,2252.7139,2376.7304,2368.4046,2327.9585,40.4461,1.7374,98003.96,695684.68
CI005001.CI,20181018,2437.1588,2326.2011,2437.1588,2327.9585,2473.6077,-145.6492,-5.8881,78663.14,530347.99
CI005001.CI,20181017,2502.1936,2427.5417,2508.3329,2473.6077,2480.259,-6.6513,-0.2682,90126.89,587083.53
CI005001.CI,20181016,2481.0183,2464.3505,2525.3008,2480.259,2485.6414,-5.3824,-0.2165,65684.98,446868.77
CI005001.CI,20181015,2511.0363,2480.4776,2518.3075,2485.6414,2516.5134,-30.872,-1.2268,66093.11,472469.05
CI005001.CI,20181012,2461.4789,2431.4073,2520.2176,2516.5134,2490.3194,26.194,1.0518,85577.44,587922.35
CI005001.CI,20181011,2547.0996,2459.259,2559.5782,2490.3194,2639.5663,-149.2469,-5.6542,117268.56,803091.08
CI005001.CI,20181010,2632.5618,2618.5831,2651.8846,2639.5663,2631.3186,8.2477,0.3134,83043.02,585534.36
CI005001.CI,20181009,2577.8437,2577.8437,2645.1609,2631.3186,2576.2521,55.0665,2.1375,102013.18,694320.43
CI005001.CI,20181008,2634.8566,2569.2506,2664.7374,2576.2521,2678.3755,-102.1234,-3.8129,110608.03,781991.52
CI005001.CI,20180928,2658.9618,2645.4349,2678.9633,2678.3755,2654.792,23.5835,0.8883,57457.34,422520.63
CI005001.CI,20180927,2668.5659,2650.0251,2675.1786,2654.792,2673.4261,-18.6341,-0.697,71571.02,522282.2
CI005001.CI,20180926,2633.158,2631.3045,2680.3354,2673.4261,2633.9645,39.4616,1.4982,91526.71,677382.92
CI005001.CI,20180925,2636.3443,2629.6568,2670.1866,2633.9645,2628.7987,5.1658,0.1965,92057.22,619555.18
CI005001.CI,20180921,2611.7596,2580.6598,2629.4078,2628.7987,2612.8426,15.9561,0.6107,83236.94,595867.34
CI005001.CI,20180920,2613.0078,2598.6582,2619.6995,2612.8426,2608.3893,4.4533,0.1707,59083.98,455593.83
CI005001.CI,20180919,2548.5623,2541.9058,2612.4007,2608.3893,2549.1271,59.2622,2.3248,83367.07,613563.51
CI005001.CI,20180918,2516.7737,2502.3192,2550.162,2549.1271,2531.1369,17.9902,0.7108,57195.07,408172.45
CI005001.CI,20180917,2543.4709,2518.0617,2543.4709,2531.1369,2547.5321,-16.3952,-0.6436,51430.74,375288.63
CI005001.CI,20180914,2545.1826,2527.7176,2558.0526,2547.5321,2551.8053,-4.2732,-0.1675,60447.08,446747.94
CI005001.CI,20180913,2509.5895,2508.8745,2551.9961,2551.8053,2492.9924,58.8129,2.3591,80680.08,574734.59
CI005001.CI,20180912,2495.2594,2475.2452,2506.8727,2492.9924,2485.4369,7.5555,0.304,51566.44,384454.56
CI005001.CI,20180911,2477.7183,2456.48,2498.0289,2485.4369,2476.8705,8.5664,0.3459,63302.87,485047.94
CI005001.CI,20180910,2483.3691,2473.7412,2496.2058,2476.8705,2487.9701,-11.0996,-0.4461,52261.15,369118.41
CI005001.CI,20180907,2482.2234,2473.5728,2513.0782,2487.9701,2484.8237,3.1464,0.1266,53831.58,358973.0
CI005001.CI,20180906,2486.3907,2473.5337,2503.0176,2484.8237,2489.2669,-4.4432,-0.1785,41861.14,335486.98
CI005001.CI,20180905,2516.0354,2486.9339,2525.8793,2489.2669,2524.9337,-35.6668,-1.4126,43936.22,344617.54
CI005001.CI,20180904,2493.6095,2488.647,2532.2703,2524.9337,2493.3451,31.5886,1.2669,48936.92,377710.33
CI005001.CI,20180903,2478.944,2464.4205,2493.8792,2493.3451,2490.7864,2.5587,0.1027,36955.77,287154.39
CI005001.CI,20180831,2504.4751,2465.0361,2511.2228,2490.7864,2501.1512,-10.3648,-0.4144,46514.39,348365.82
CI005001.CI,20180830,2538.2855,2497.8665,2550.8486,2501.1512,2525.7205,-24.5693,-0.9728,46371.74,367506.37
CI005001.CI,20180829,2536.4483,2518.3188,2550.1508,2525.7205,2538.0777,-12.3572,-0.4869,48069.56,386982.08
CI005001.CI,20180828,2530.2403,2527.8548,2555.3938,2538.0777,2531.2379,6.8398,0.2702,55137.32,497126.66
CI005001.CI,20180827,2489.6937,2489.6937,2531.7862,2531.2379,2480.8291,50.4088,2.0319,57871.64,458295.19
CI005001.CI,20180824,2463.993,2455.8358,2489.3823,2480.8291,2471.0712,9.7579,0.3949,37195.93,295177.87
CI005001.CI,20180823,2468.9376,2450.7256,2485.6412,2471.0712,2453.5633,17.5079,0.7136,42274.0,335996.59
CI005001.CI,20180822,2473.0246,2448.2008,2473.953,2453.5633,2471.5355,-17.9722,-0.7272,39583.84,294678.6
CI005001.CI,20180821,2462.0594,2455.5136,2481.6302,2471.5355,2457.3092,14.2263,0.5789,42646.03,343052.55
CI005001.CI,20180820,2414.8379,2413.7268,2457.3092,2457.3092,2414.8028,42.5064,1.7602,46892.37,367014.73
CI005001.CI,20180817,2458.107,2413.2933,2467.6375,2414.8028,2442.3237,-27.5209,-1.1268,50810.52,399784.87
CI005001.CI,20180816,2446.976,2426.91,2475.3114,2442.3237,2481.7553,-39.4316,-1.5889,53686.2,409112.37
CI005001.CI,20180815,2509.2121,2479.8625,2511.5638,2481.7553,2519.2142,-37.4589,-1.4869,61495.97,475864.19
CI005001.CI,20180814,2485.3973,2479.5599,2525.3611,2519.2142,2490.6428,28.5714,1.1471,63600.2,511958.37
CI005001.CI,20180813,2478.1967,2458.0434,2497.0553,2490.6428,2487.3459,3.2969,0.1325,52745.75,419311.38
CI005001.CI,20180810,2484.5656,2471.6706,2502.2559,2487.3459,2492.6422,-5.2963,-0.2125,58878.71,459543.5
CI005001.CI,20180809,2441.3742,2427.099,2499.1759,2492.6422,2473.4837,19.1585,0.7746,84548.44,611576.15
CI005001.CI,20180808,2474.0554,2469.6011,2518.5453,2473.4837,2479.7268,-6.2431,-0.2518,114405.6,808790.42
CI005001.CI,20180807,2387.2444,2387.2444,2481.6001,2479.7268,2381.9096,97.8172,4.1067,89194.77,644113.87
CI005001.CI,20180806,2417.8554,2368.9616,2444.8207,2381.9096,2430.1693,-48.2597,-1.9859,64031.93,534716.91
CI005001.CI,20180803,2420.0275,2416.1797,2459.9113,2430.1693,2419.1756,10.9937,0.4544,65236.88,525329.78
CI005001.CI,20180802,2434.4697,2369.5797,2436.6763,2419.1756,2439.1441,-19.9685,-0.8187,71863.83,595585.39
CI005001.CI,20180801,2462.8104,2438.4426,2484.3149,2439.1441,2479.0853,-39.9412,-1.6111,61055.41,544862.9
CI005001.CI,20180731,2446.234,2439.0481,2490.7293,2479.0853,2438.8795,40.2058,1.6485,55077.84,459543.28
CI005001.CI,20180730,2432.8472,2427.484,2453.558,2438.8795,2434.3095,4.57,0.1877,50258.65,412792.97
CI005001.CI,20180727,2427.4767,2413.9515,2442.2325,2434.3095,2430.6189,3.6906,0.1518,47399.27,316079.54
CI005001.CI,20180726,2442.5595,2419.304,2451.0994,2430.6189,2434.4096,-3.7907,-0.1557,58985.64,390524.93
CI005001.CI,20180725,2451.9675,2426.2416,2457.425,2434.4096,2431.5426,2.867,0.1179,52767.81,431554.83
CI005001.CI,20180724,2383.799,2383.6563,2438.6575,2431.5426,2380.6364,50.9062,2.1383,65925.89,586478.89
CI005001.CI,20180723,2352.4979,2345.1054,2383.2888,2380.6364,2355.4402,25.1962,1.0697,40766.64,348044.37
CI005001.CI,20180720,2320.9998,2315.2023,2360.7269,2355.4402,2322.3684,33.0718,1.4241,38496.99,321324.9
CI005001.CI,20180719,2326.095,2314.9695,2338.8952,2322.3684,2322.6543,-0.2859,-0.0123,37869.23,281441.29
CI005001.CI,20180718,2329.0187,2316.6751,2339.6877,2322.6543,2327.6745,-5.0202,-0.2157,37623.89,304631.65
CI005001.CI,20180717,2343.3884,2312.2853,2343.3884,2327.6745,2362.5066,-34.8321,-1.4744,37205.86,311119.94
CI005001.CI,20180716,2370.4866,2346.6674,2378.9182,2362.5066,2372.1241,-9.6175,-0.4054,30532.25,279119.99
CI005001.CI,20180713,2366.9586,2361.61,2377.4123,2372.1241,2371.9013,0.2228,0.0094,33778.81,317311.07
CI005001.CI,20180712,2328.1633,2325.4421,2374.7652,2371.9013,2352.6985,19.2028,0.8162,53261.26,446434.96
CI005001.CI,20180711,2355.7075,2331.1572,2363.538,2352.6985,2395.838,-43.1395,-1.8006,39322.16,358765.07
CI005001.CI,20180710,2372.1021,2355.222,2397.3934,2395.838,2363.8201,32.0179,1.3545,45582.3,420242.61
CI005001.CI,20180709,2307.6966,2305.1345,2364.9185,2363.8201,2297.4384,66.3817,2.8894,45286.52,389803.95
CI005001.CI,20180706,2284.0174,2260.2284,2310.6051,2297.4384,2302.0239,-4.5855,-0.1992,41017.71,367570.79
CI005001.CI,20180705,2327.2987,2272.277,2332.5388,2302.0239,2332.5098,-30.4859,-1.307,48514.1,434533.17
CI005001.CI,20180704,2336.6954,2324.328,2352.6297,2332.5098,2349.6789,-17.1691,-0.7307,43154.61,406626.83
CI005001.CI,20180703,2345.6147,2304.4941,2349.7218,2349.6789,2338.9,10.7789,0.4609,52206.64,440475.03
CI005001.CI,20180702,2391.9969,2325.5098,2397.375,2338.9,2399.9402,-61.0402,-2.5434,52043.59,430762.16
CI005001.CI,20180629,2375.8326,2346.7427,2405.3774,2399.9402,2371.4338,28.5064,1.2021,52486.51,439225.55
CI005001.CI,20180628,2359.6765,2359.6765,2396.4107,2371.4338,2341.2995,30.1343,1.2871,68381.08,493477.31
CI005001.CI,20180627,2323.1426,2323.1426,2366.8895,2341.2995,2300.9282,40.3713,1.7546,68949.37,482101.04
CI005001.CI,20180626,2279.4562,2269.0986,2302.0802,2300.9282,2300.8706,0.0576,0.0025,39244.17,282670.14
CI005001.CI,20180625,2336.3236,2299.1608,2349.8274,2300.8706,2306.7133,-5.8427,-0.2533,42716.99,306892.77
CI005001.CI,20180622,2297.5014,2275.3591,2322.097,2306.7133,2307.8695,-1.1562,-0.0501,42386.89,282246.7
CI005001.CI,20180621,2337.1978,2305.2584,2354.1005,2307.8695,2337.9246,-30.0551,-1.2855,50173.52,326012.94
CI005001.CI,20180620,2327.1902,2308.1865,2347.4843,2337.9246,2342.7713,-4.8467,-0.2069,55269.74,339803.49
CI005001.CI,20180619,2413.1121,2312.4394,2413.4676,2342.7713,2446.8915,-104.1202,-4.2552,90968.06,630247.16
CI005001.CI,20180615,2464.6922,2431.001,2474.4603,2446.8915,2464.7749,-17.8834,-0.7256,46888.55,347200.27
CI005001.CI,20180614,2464.4549,2454.8221,2491.98,2464.7749,2472.6218,-7.8469,-0.3174,35904.39,278232.88
CI005001.CI,20180613,2472.7475,2464.511,2491.9117,2472.6218,2481.1378,-8.516,-0.3432,36983.68,311961.23
CI005001.CI,20180612,2454.3849,2447.2268,2482.572,2481.1378,2458.5281,22.6097,0.9196,38032.51,321088.7
CI005001.CI,20180611,2482.6829,2445.2334,2483.662,2458.5281,2496.0228,-37.4947,-1.5022,44170.79,359973.61
CI005001.CI,20180608,2515.7219,2486.1631,2532.8996,2496.0228,2509.9794,-13.9566,-0.556,51140.75,451380.92
CI005001.CI,20180607,2519.3585,2507.1307,2521.8469,2509.9794,2523.1167,-13.1373,-0.5207,43314.16,398883.29
CI005001.CI,20180606,2520.3571,2497.2799,2525.4832,2523.1167,2525.4016,-2.2849,-0.0905,48682.31,446667.85
CI005001.CI,20180605,2517.5764,2502.602,2526.6755,2525.4016,2520.6784,4.7232,0.1874,48783.9,440831.05
CI005001.CI,20180604,2513.8438,2506.1269,2533.7702,2520.6784,2517.568,3.1104,0.1235,50848.02,412240.87
CI005001.CI,20180601,2518.9568,2499.2519,2533.4379,2517.568,2536.2804,-18.7124,-0.7378,52558.15,449735.77
CI005001.CI,20180531,2509.7023,2505.191,2538.7209,2536.2804,2481.4107,54.8697,2.2112,65410.92,597860.7
CI005001.CI,20180530,2511.512,2481.0198,2521.8412,2481.4107,2547.4467,-66.036,-2.5922,68474.53,539195.74
CI005001.CI,20180529,2559.9025,2542.7067,2575.0709,2547.4467,2560.8891,-13.4424,-0.5249,51450.06,454006.23
CI005001.CI,20180528,2544.0908,2526.9369,2571.1111,2560.8891,2587.9004,-27.0113,-1.0438,79549.26,745284.08
CI005001.CI,20180525,2605.1647,2575.6776,2609.2332,2587.9004,2615.5148,-27.6144,-1.0558,63806.41,538041.23
CI005001.CI,20180524,2622.9845,2611.2865,2635.1898,2615.5148,2627.2373,-11.7225,-0.4462,65261.73,540160.9
CI005001.CI,20180523,2701.9261,2623.7355,2701.9881,2627.2373,2717.5622,-90.3249,-3.3237,111846.25,989155.94
CI005001.CI,20180522,2707.928,2694.6021,2736.933,2717.5622,2707.4343,10.1279,0.3741,116265.11,1005759.56
CI005001.CI,20180521,2721.7191,2688.4489,2721.9073,2707.4343,2709.0321,-1.5978,-0.059,146562.61,1253019.9
CI005001.CI,20180518,2584.8948,2584.6179,2710.1293,2709.0321,2576.9844,132.0477,5.1241,163626.28,1365605.11
CI005001.CI,20180517,2549.5271,2549.2768,2584.0832,2576.9844,2543.2095,33.7749,1.328,77941.24,684037.7
CI005001.CI,20180516,2556.1837,2535.6595,2556.1837,2543.2095,2565.6978,-22.4883,-0.8765,55668.59,493144.48
CI005001.CI,20180515,2559.4513,2548.6577,2566.8812,2565.6978,2550.0988,15.599,0.6117,52986.23,457704.94
CI005001.CI,20180514,2563.7332,2541.4299,2568.3433,2550.0988,2568.6439,-18.5451,-0.722,59483.7,532519.68
CI005001.CI,20180511,2580.5586,2555.8536,2585.7287,2568.6439,2577.4201,-8.7762,-0.3405,62584.72,513793.58
CI005001.CI,20180510,2583.3428,2563.3706,2596.0416,2577.4201,2552.7453,24.6748,0.9666,98084.82,694194.3
CI005001.CI,20180509,2541.6534,2537.2429,2574.2705,2552.7453,2531.8122,20.9331,0.8268,61018.28,569891.62
CI005001.CI,20180508,2537.9079,2522.808,2548.8099,2531.8122,2540.9623,-9.1501,-0.3601,58461.34,555472.55
CI005001.CI,20180507,2490.1671,2486.9724,2541.2395,2540.9623,2481.4058,59.5565,2.4001,67314.41,657220.18
CI005001.CI,20180504,2474.0844,2459.829,2482.3919,2481.4058,2476.0645,5.3413,0.2157,47131.96,447529.49
CI005001.CI,20180503,2434.5927,2425.5477,2478.7369,2476.0645,2435.1632,40.9013,1.6796,57648.51,502366.77
CI005001.CI,20180502,2441.6666,2419.7901,2443.3673,2435.1632,2435.9516,-0.7884,-0.0324,48456.27,430433.96
CI005001.CI,20180427,2416.913,2405.2118,2440.5522,2435.9516,2410.0918,25.8598,1.073,49216.41,421992.84
CI005001.CI,20180426,2436.2805,2404.3892,2438.8119,2410.0918,2435.9847,-25.8929,-1.0629,40383.09,356582.91
CI005001.CI,20180425,2450.4073,2431.1697,2456.1663,2435.9847,2463.774,-27.7893,-1.1279,39214.25,345977.09
CI005001.CI,20180424,2425.6965,2425.6965,2470.9081,2463.774,2420.4248,43.3492,1.791,46198.91,406232.47
CI005001.CI,20180423,2426.9476,2404.9044,2435.313,2420.4248,2436.3329,-15.9081,-0.653,37046.03,297594.2
CI005001.CI,20180420,2462.4234,2427.0369,2469.948,2436.3329,2476.1859,-39.853,-1.6095,44130.59,384533.58
CI005001.CI,20180419,2471.5544,2466.4639,2490.0541,2476.1859,2449.4644,26.7215,1.0909,51430.58,468560.11
CI005001.CI,20180418,2432.1109,2407.0925,2449.7885,2449.4644,2415.6561,33.8083,1.3995,49591.15,415556.56
CI005001.CI,20180417,2452.1693,2413.2923,2454.2874,2415.6561,2450.6856,-35.0295,-1.4294,45896.65,421177.21
CI005001.CI,20180416,2484.9901,2437.6807,2490.8488,2450.6856,2477.6868,-27.0012,-1.0898,52451.78,475321.54
CI005001.CI,20180413,2498.0998,2474.2487,2500.2684,2477.6868,2504.1894,-26.5026,-1.0583,43990.36,426748.79
CI005001.CI,20180412,2506.2152,2493.9356,2516.1514,2504.1894,2498.3687,5.8207,0.233,59448.86,549251.28
CI005001.CI,20180411,2495.291,2487.2621,2524.226,2498.3687,2460.7406,37.6281,1.5291,80767.88,759330.93
CI005001.CI,20180410,2423.0573,2414.089,2461.8426,2460.7406,2406.9551,53.7855,2.2346,61356.99,556305.44
CI005001.CI,20180409,2402.4394,2392.587,2415.2839,2406.9551,2399.636,7.3191,0.305,51971.89,505560.08
CI005001.CI,20180404,2411.0885,2396.4658,2419.4852,2399.636,2411.5244,-11.8884,-0.493,48624.19,558725.64
CI005001.CI,20180403,2408.8806,2394.0109,2417.5926,2411.5244,2442.9131,-31.3887,-1.2849,51563.72,475530.69
CI005001.CI,20180402,2451.2738,2439.2213,2466.1124,2442.9131,2448.7401,-5.827,-0.238,46211.81,425846.72
CI005001.CI,20180330,2465.2932,2442.9886,2466.6433,2448.7401,2467.2473,-18.5072,-0.7501,47251.32,397249.59
CI005001.CI,20180329,2426.9002,2410.5096,2474.8305,2467.2473,2428.5773,38.67,1.5923,51066.41,467035.55
CI005001.CI,20180328,2449.9316,2421.5068,2455.933,2428.5773,2479.3583,-50.781,-2.0482,52747.38,483926.02
CI005001.CI,20180327,2502.3048,2465.2454,2507.9306,2479.3583,2474.9248,4.4335,0.1791,62294.13,585979.8
CI005001.CI,20180326,2482.508,2433.5697,2483.4869,2474.9248,2492.7457,-17.8209,-0.7149,68557.93,583182.71
CI005001.CI,20180323,2487.8109,2461.646,2508.6999,2492.7457,2557.6601,-64.9144,-2.538,93408.55,767471.68
CI005001.CI,20180322,2569.5377,2544.4694,2580.3026,2557.6601,2549.6276,8.0325,0.315,61163.96,527637.06
CI005001.CI,20180321,2557.2153,2536.1518,2588.7396,2549.6276,2544.1029,5.5247,0.2172,74830.38,664090.68
CI005001.CI,20180320,2496.2193,2491.1339,2547.6335,2544.1029,2507.8513,36.2516,1.4455,68404.95,556189.71
CI005001.CI,20180319,2488.9351,2488.4463,2513.895,2507.8513,2490.8048,17.0465,0.6844,53992.26,434512.6
CI005001.CI,20180316,2499.6698,2489.3854,2513.0635,2490.8048,2503.1156,-12.3108,-0.4918,41764.53,373971.69
CI005001.CI,20180315,2503.9739,2492.7655,2514.8913,2503.1156,2515.7088,-12.5932,-0.5006,45491.52,427278.26
CI005001.CI,20180314,2506.5637,2497.2066,2525.7514,2515.7088,2515.5652,0.1436,0.0057,52919.71,457632.55
CI005001.CI,20180313,2519.033,2511.0566,2525.7807,2515.5652,2524.7361,-9.1709,-0.3632,52928.26,506937.25
CI005001.CI,20180312,2501.3426,2500.8022,2527.7275,2524.7361,2488.8331,35.903,1.4426,66190.33,597735.15
CI005001.CI,20180309,2484.1399,2475.3746,2490.5459,2488.8331,2483.291,5.5421,0.2232,46154.36,398931.29
CI005001.CI,20180308,2470.8179,2464.9951,2484.303,2483.291,2476.0804,7.2106,0.2912,35705.18,317088.95
CI005001.CI,20180307,2497.0763,2468.2681,2502.3579,2476.0804,2505.5996,-29.5192,-1.1781,41982.43,374945.52
CI005001.CI,20180306,2484.7065,2467.9778,2505.6308,2505.5996,2472.8346,32.765,1.325,50911.42,441405.72
CI005001.CI,20180305,2476.75,2459.3939,2485.7488,2472.8346,2479.082,-6.2474,-0.252,39966.77,354100.07
CI005001.CI,20180302,2473.9553,2470.7699,2495.544,2479.082,2493.4848,-14.4028,-0.5776,40849.94,349833.04
CI005001.CI,20180301,2466.9035,2456.9189,2495.7271,2493.4848,2491.7108,1.774,0.0712,48522.96,415162.7
CI005001.CI,20180228,2496.8405,2468.7444,2500.266,2491.7108,2518.0296,-26.3188,-1.0452,53410.27,449500.03
CI005001.CI,20180227,2542.4884,2509.9367,2542.4884,2518.0296,2543.0089,-24.9793,-0.9823,55577.5,479047.24
CI005001.CI,20180226,2516.0738,2504.9087,2544.6131,2543.0089,2499.1939,43.815,1.7532,64690.68,552049.12
CI005001.CI,20180223,2492.1527,2478.8945,2509.4959,2499.1939,2480.0077,19.1862,0.7736,54543.97,426357.77
CI005001.CI,20180222,2458.425,2451.01,2482.3285,2480.0077,2429.7495,50.2582,2.0685,60642.26,463100.65
CI005001.CI,20180214,2431.5882,2410.7519,2435.2548,2429.7495,2428.9436,0.8059,0.0332,40411.65,305073.19
CI005001.CI,20180213,2423.6374,2418.5351,2454.0714,2428.9436,2410.2641,18.6795,0.775,61942.63,474927.98
CI005001.CI,20180212,2382.8231,2372.7141,2418.2434,2410.2641,2386.2459,24.0182,1.0065,65760.06,499630.89
CI005001.CI,20180209,2420.9981,2341.576,2427.0874,2386.2459,2500.0706,-113.8247,-4.5529,113680.51,820533.9
CI005001.CI,20180208,2513.8098,2469.8988,2524.8447,2500.0706,2552.465,-52.3944,-2.0527,93050.01,709520.14
CI005001.CI,20180207,2626.8768,2547.3927,2660.128,2552.465,2591.0953,-38.6303,-1.4909,111961.15,911919.07
CI005001.CI,20180206,2662.8315,2581.5156,2676.6523,2591.0953,2725.2494,-134.1541,-4.9226,116469.96,956930.45
CI005001.CI,20180205,2665.7667,2657.946,2727.8983,2725.2494,2716.2912,8.9582,0.3298,82702.57,709800.7
CI005001.CI,20180202,2644.4068,2597.1605,2721.6763,2716.2912,2648.4841,67.8071,2.5602,112535.12,942723.09
CI005001.CI,20180201,2701.7985,2638.3043,2712.6351,2648.4841,2697.7593,-49.2752,-1.8265,111742.96,884396.46
CI005001.CI,20180131,2722.4302,2685.134,2725.1112,2697.7593,2757.4327,-59.6734,-2.1641,94206.02,735715.71
CI005001.CI,20180130,2777.0268,2746.5564,2789.9058,2757.4327,2803.2409,-45.8082,-1.6341,78927.18,713336.3
CI005001.CI,20180129,2788.3041,2786.9628,2834.0483,2803.2409,2783.8961,19.3448,0.6949,113268.48,974601.06
CI005001.CI,20180126,2765.5032,2751.0091,2786.8176,2783.8961,2779.9184,3.9777,0.1431,81890.58,706813.2
CI005001.CI,20180125,2802.679,2778.3014,2828.7449,2779.9184,2783.2867,-3.3683,-0.121,124550.99,1071336.46
CI005001.CI,20180124,2746.7888,2728.475,2784.5514,2783.2867,2733.7376,49.5491,1.8125,142127.07,1173315.74
CI005001.CI,20180123,2721.0999,2695.7875,2734.6624,2733.7376,2707.6734,26.0642,0.9626,124901.02,1036539.65
CI005001.CI,20180122,2717.9402,2688.0023,2725.0812,2707.6734,2719.4485,-11.7751,-0.433,95703.67,813804.96
CI005001.CI,20180119,2709.1801,2697.5755,2727.5007,2719.4485,2711.2439,8.2046,0.3026,108614.77,934900.83
CI005001.CI,20180118,2699.3009,2682.8916,2721.3149,2711.2439,2696.3162,14.9277,0.5536,92919.56,837358.68
CI005001.CI,20180117,2710.847,2677.4883,2729.0047,2696.3162,2726.9678,-30.6516,-1.124,113928.38,1005379.87
CI005001.CI,20180116,2741.4308,2713.8147,2758.7813,2726.9678,2747.3475,-20.3797,-0.7418,107989.97,983273.32
CI005001.CI,20180115,2759.3901,2714.6506,2772.1132,2747.3475,2747.9695,-0.622,-0.0226,114521.51,1011931.3
CI005001.CI,20180112,2748.1639,2735.7462,2772.9917,2747.9695,2742.9094,5.0601,0.1845,74285.48,701142.05
CI005001.CI,20180111,2757.1767,2726.5986,2758.091,2742.9094,2759.572,-16.6626,-0.6038,74263.42,675444.55
CI005001.CI,20180110,2775.9255,2739.8677,2811.0742,2759.572,2736.8208,22.7512,0.8313,139074.59,1226060.04
CI005001.CI,20180109,2749.2831,2721.0433,2765.1692,2736.8208,2752.1501,-15.3293,-0.557,94220.43,896815.81
CI005001.CI,20180108,2726.8372,2724.3104,2758.261,2752.1501,2739.7174,12.4327,0.4538,114308.63,1056340.88
CI005001.CI,20180105,2723.1803,2712.8628,2759.1565,2739.7174,2729.0836,10.6338,0.3896,137413.13,1142551.92
CI005001.CI,20180104,2637.9379,2637.9379,2754.1874,2729.0836,2617.605,111.4786,4.2588,186146.62,1550336.48
CI005001.CI,20180103,2595.0823,2591.2266,2628.7497,2617.605,2598.2382,19.3668,0.7454,95776.52,850688.52
CI005001.CI,20180102,2513.6251,2513.6251,2605.2015,2598.2382,2506.9668,91.2714,3.6407,113136.3,1010766.93
CI005001.CI,20171229,2505.7198,2493.9149,2513.7997,2506.9668,2505.7936,1.1732,0.0468,45188.44,441762.69
CI005001.CI,20171228,2492.2693,2480.3321,2518.9671,2505.7936,2498.751,7.0426,0.2818,62679.95,576738.64
CI005001.CI,20171227,2495.5523,2495.5523,2525.4895,2498.751,2492.2713,6.4797,0.26,72153.83,666251.32
CI005001.CI,20171226,2484.9915,2473.612,2499.005,2492.2713,2490.7735,1.4978,0.0601,56465.75,507037.64
CI005001.CI,20171225,2513.6994,2485.7368,2515.9433,2490.7735,2519.5027,-28.7292,-1.1403,72601.21,701519.14
CI005001.CI,20171222,2478.3756,2474.8949,2538.2445,2519.5027,2480.8331,38.6696,1.5587,88670.86,808152.1
CI005001.CI,20171221,2470.8875,2454.7297,2489.0106,2480.8331,2477.3984,3.4347,0.1386,60248.3,545096.45
CI005001.CI,20171220,2470.7387,2464.2735,2486.2389,2477.3984,2471.2888,6.1096,0.2472,71751.69,620340.97
CI005001.CI,20171219,2440.8186,2439.5709,2471.7439,2471.2888,2444.2582,27.0306,1.1059,58659.52,537346.85
CI005001.CI,20171218,2446.2979,2436.148,2450.4787,2444.2582,2454.2069,-9.9487,-0.4054,48439.02,421851.15
CI005001.CI,20171215,2466.8127,2445.0986,2469.5986,2454.2069,2469.1961,-14.9892,-0.607,69892.54,636242.97
CI005001.CI,20171214,2454.755,2454.0224,2474.4587,2469.1961,2456.7229,12.4732,0.5077,73473.96,673759.9
CI005001.CI,20171213,2448.1057,2438.1466,2460.1796,2456.7229,2449.4742,7.2487,0.2959,48944.8,422426.5
CI005001.CI,20171212,2463.691,2449.4742,2469.329,2449.4742,2465.3384,-15.8642,-0.6435,52051.54,442007.8
CI005001.CI,20171211,2452.0802,2451.0656,2466.0211,2465.3384,2454.5412,10.7972,0.4399,61433.0,535892.7
CI005001.CI,20171208,2438.7099,2436.7718,2460.1298,2454.5412,2442.6212,11.92,0.488,58413.32,533461.77
CI005001.CI,20171207,2451.2933,2434.7433,2460.2124,2442.6212,2463.8132,-21.192,-0.8601,61761.44,527055.86
CI005001.CI,20171206,2450.5797,2435.1725,2465.4749,2463.8132,2459.1363,4.6769,0.1902,84807.22,687684.45
CI005001.CI,20171205,2478.7769,2450.9462,2481.0977,2459.1363,2486.8893,-27.753,-1.116,98273.1,838279.12
CI005001.CI,20171204,2473.2056,2473.2056,2505.8026,2486.8893,2467.101,19.7883,0.8021,78774.97,743133.69
CI005001.CI,20171201,2455.7911,2449.1698,2467.8434,2467.101,2457.8959,9.2051,0.3745,51199.69,478667.11
CI005001.CI,20171130,2461.5149,2448.5099,2466.9182,2457.8959,2468.5215,-10.6256,-0.4304,52016.76,505899.1
CI005001.CI,20171129,2452.9217,2452.1159,2471.1828,2468.5215,2447.4069,21.1146,0.8627,70691.51,724277.27
CI005001.CI,20171128,2426.9305,2416.8418,2448.8638,2447.4069,2432.6287,14.7782,0.6075,61285.56,550125.95
CI005001.CI,20171127,2438.2114,2427.3873,2452.6086,2432.6287,2435.3756,-2.7469,-0.1128,56627.37,481206.09
CI005001.CI,20171124,2419.2882,2414.652,2438.9358,2435.3756,2426.188,9.1876,0.3787,54301.64,420443.01
CI005001.CI,20171123,2473.0235,2415.1394,2473.0235,2426.188,2468.8301,-42.6421,-1.7272,72857.68,581623.59
CI005001.CI,20171122,2434.4706,2434.4545,2468.8562,2468.8301,2436.2554,32.5747,1.3371,78766.03,615973.47
CI005001.CI,20171121,2430.1678,2420.3225,2436.5302,2436.2554,2437.1343,-0.8789,-0.0361,69405.18,568220.95
CI005001.CI,20171120,2414.9015,2392.7314,2439.0875,2437.1343,2425.2399,11.8944,0.4904,66045.47,561265.49
CI005001.CI,20171117,2449.0526,2418.7018,2455.7704,2425.2399,2447.329,-22.0891,-0.9026,92952.74,791429.81
CI005001.CI,20171116,2438.4678,2434.9499,2452.6488,2447.329,2440.2362,7.0928,0.2907,55978.47,529976.49
CI005001.CI,20171115,2463.7396,2437.4439,2463.7396,2440.2362,2476.0295,-35.7933,-1.4456,70701.85,550549.27
CI005001.CI,20171114,2489.1714,2469.3184,2495.0283,2476.0295,2493.0767,-17.0472,-0.6838,58567.07,497893.6
CI005001.CI,20171113,2492.8414,2481.9545,2496.6534,2493.0767,2488.3056,4.7711,0.1917,70068.94,586784.38
CI005001.CI,20171110,2508.6583,2485.3485,2517.343,2488.3056,2513.7238,-25.4182,-1.0112,75140.08,611131.43
CI005001.CI,20171109,2503.3115,2497.2378,2515.2986,2513.7238,2503.3153,10.4085,0.4158,63455.41,556371.17
CI005001.CI,20171108,2509.9201,2496.6962,2517.3234,2503.3153,2517.5812,-14.2659,-0.5667,87929.98,708504.17
CI005001.CI,20171107,2481.474,2481.474,2524.5317,2517.5812,2468.4475,49.1337,1.9905,131290.15,977330.18
CI005001.CI,20171106,2461.8032,2458.4039,2472.4362,2468.4475,2454.736,13.7115,0.5586,72081.86,566842.29
CI005001.CI,20171103,2460.497,2440.5337,2476.3126,2454.736,2460.3489,-5.6129,-0.2281,76398.48,593367.75
CI005001.CI,20171102,2464.5139,2450.4264,2475.1716,2460.3489,2470.5771,-10.2282,-0.414,61430.67,485605.01
CI005001.CI,20171101,2444.6315,2441.5206,2473.622,2470.5771,2442.8812,27.6959,1.1337,89591.22,669011.8
CI005001.CI,20171031,2441.7716,2429.1284,2443.1549,2442.8812,2437.8947,4.9865,0.2045,49651.94,394177.65
CI005001.CI,20171030,2439.0644,2403.8009,2444.3662,2437.8947,2433.0658,4.8289,0.1985,79304.74,617574.65
CI005001.CI,20171027,2446.3134,2429.482,2446.3134,2433.0658,2445.9323,-12.8665,-0.526,40901.92,363078.92
CI005001.CI,20171026,2440.9638,2430.9737,2446.888,2445.9323,2441.7943,4.138,0.1695,45157.0,384029.79
CI005001.CI,20171025,2439.2295,2433.3283,2444.0612,2441.7943,2437.4856,4.3087,0.1768,37129.29,319914.71
CI005001.CI,20171024,2423.6123,2420.9605,2438.8475,2437.4856,2428.5567,8.9289,0.3677,47380.42,388431.36
CI005001.CI,20171023,2418.231,2415.8091,2429.1107,2428.5567,2417.2657,11.291,0.4671,28829.65,243049.69
CI005001.CI,20171020,2413.6219,2408.9975,2419.3168,2417.2657,2420.2608,-2.9951,-0.1238,29332.07,238089.61
CI005001.CI,20171019,2428.8458,2407.5926,2433.0281,2420.2608,2438.0772,-17.8164,-0.7308,52116.12,406048.88
CI005001.CI,20171018,2430.2828,2426.0374,2439.6553,2438.0772,2430.6838,7.3934,0.3042,56610.01,445041.9
CI005001.CI,20171017,2426.4072,2419.7474,2432.3656,2430.6838,2427.1676,3.5162,0.1449,35377.09,313523.5
CI005001.CI,20171016,2452.3088,2425.2753,2453.1146,2427.1676,2453.7475,-26.5799,-1.0832,50137.55,437425.13
CI005001.CI,20171013,2447.1079,2442.2002,2453.7475,2453.7475,2448.8902,4.8573,0.1983,35617.26,297162.51
CI005001.CI,20171012,2460.786,2440.4674,2461.9548,2448.8902,2463.5424,-14.6522,-0.5948,42150.52,347638.49
CI005001.CI,20171011,2464.2433,2457.7834,2466.5432,2463.5424,2461.9701,1.5723,0.0639,46159.14,387655.91
CI005001.CI,20171010,2461.3525,2452.43,2462.932,2461.9701,2461.9232,0.0469,0.0019,42640.11,368373.78
CI005001.CI,20171009,2472.6553,2456.8289,2474.7946,2461.9232,2455.0391,6.8841,0.2804,48522.85,406418.03
CI005001.CI,20170929,2448.7531,2447.2622,2458.5907,2455.0391,2447.9514,7.0877,0.2895,35774.57,316942.86
CI005001.CI,20170928,2458.808,2444.4718,2460.2167,2447.9514,2461.6689,-13.7175,-0.5572,43702.26,377727.6
CI005001.CI,20170927,2460.522,2455.1593,2463.8497,2461.6689,2462.6514,-0.9825,-0.0399,39712.65,357792.09
CI005001.CI,20170926,2448.3959,2448.3959,2470.1398,2462.6514,2441.8383,20.8131,0.8524,55542.09,473769.37
CI005001.CI,20170925,2446.6631,2432.2285,2447.8766,2441.8383,2448.0681,-6.2298,-0.2545,54448.85,421069.18
CI005001.CI,20170922,2452.0409,2430.7749,2452.0409,2448.0681,2457.8331,-9.765,-0.3973,59709.86,476280.37
CI005001.CI,20170921,2468.2539,2456.0807,2474.0848,2457.8331,2466.1656,-8.3325,-0.3379,63187.53,499863.81
CI005001.CI,20170920,2471.2056,2454.1901,2471.2056,2466.1656,2467.2026,-1.037,-0.042,48810.27,436013.4
CI005001.CI,20170919,2475.5114,2459.3972,2480.2096,2467.2026,2477.5816,-10.379,-0.4189,52246.92,472258.1
CI005001.CI,20170918,2466.0744,2466.0744,2482.4399,2477.5816,2470.726,6.8556,0.2775,62881.41,543181.24
CI005001.CI,20170915,2480.4255,2464.8481,2482.4496,2470.726,2479.4949,-8.7689,-0.3537,54723.31,457828.61
CI005001.CI,20170914,2476.8691,2471.4063,2485.9492,2479.4949,2475.0247,4.4702,0.1806,62922.51,541757.54
CI005001.CI,20170913,2467.9624,2460.1149,2475.0506,2475.0247,2469.3674,5.6573,0.2291,49992.21,464369.19
CI005001.CI,20170912,2477.8302,2463.9975,2481.3323,2469.3674,2476.3524,-6.985,-0.2821,71751.33,679400.0
CI005001.CI,20170911,2467.6226,2464.2697,2476.8668,2476.3524,2472.4716,3.8808,0.157,54113.31,496708.17
CI005001.CI,20170908,2466.2065,2463.0355,2478.0602,2472.4716,2467.2751,5.1965,0.2106,57800.73,513666.93
CI005001.CI,20170907,2487.4894,2466.082,2489.2187,2467.2751,2487.7789,-20.5038,-0.8242,76839.82,676246.36
CI005001.CI,20170906,2468.0093,2466.4784,2490.6424,2487.7789,2470.9443,16.8346,0.6813,74424.15,714514.71
CI005001.CI,20170905,2471.392,2464.3713,2476.2639,2470.9443,2472.5874,-1.6431,-0.0665,64228.28,568419.81
CI005001.CI,20170904,2475.8878,2462.6178,2475.8878,2472.5874,2474.8363,-2.2489,-0.0909,67672.45,577697.01
CI005001.CI,20170901,2470.8979,2465.9994,2478.8747,2474.8363,2467.1028,7.7335,0.3135,68833.06,621699.7
CI005001.CI,20170831,2478.9497,2459.7431,2481.8928,2467.1028,2477.4149,-10.3121,-0.4162,65630.58,606173.31
CI005001.CI,20170830,2465.8105,2463.5398,2481.9852,2477.4149,2466.3556,11.0593,0.4484,72869.5,668450.89
CI005001.CI,20170829,2472.5608,2461.4478,2474.7768,2466.3556,2474.6258,-8.2702,-0.3342,73231.54,647999.05
CI005001.CI,20170828,2463.4434,2461.619,2478.8375,2474.6258,2457.3144,17.3114,0.7045,86831.99,725592.26
CI005001.CI,20170825,2427.8384,2427.8384,2459.0215,2457.3144,2429.6952,27.6192,1.1367,73020.72,585641.07
CI005001.CI,20170824,2444.4334,2424.8342,2448.0817,2429.6952,2443.1667,-13.4715,-0.5514,71452.64,589449.72
CI005001.CI,20170823,2459.2903,2438.9592,2463.9649,2443.1667,2457.0597,-13.893,-0.5654,61303.51,534402.73
CI005001.CI,20170822,2464.6127,2449.519,2464.6127,2457.0597,2467.0915,-10.0318,-0.4066,61971.13,528761.86
CI005001.CI,20170821,2448.5114,2448.5114,2468.4539,2467.0915,2440.5679,26.5236,1.0868,72319.76,639737.54
CI005001.CI,20170818,2420.0245,2413.7135,2444.6173,2440.5679,2433.303,7.2649,0.2986,72776.86,635738.5
CI005001.CI,20170817,2423.0322,2416.2273,2433.3673,2433.303,2422.7283,10.5747,0.4365,62722.68,546729.68
CI005001.CI,20170816,2433.482,2413.3553,2433.482,2422.7283,2437.3472,-14.6189,-0.5998,62822.81,548294.51
CI005001.CI,20170815,2433.9437,2426.2677,2440.5848,2437.3472,2437.6578,-0.3106,-0.0127,56187.37,545281.75
CI005001.CI,20170814,2417.4016,2417.4016,2439.1992,2437.6578,2417.4935,20.1643,0.8341,56192.75,479958.45
CI005001.CI,20170811,2455.9951,2412.3707,2458.6896,2417.4935,2473.7785,-56.285,-2.2753,88807.8,730751.95
CI005001.CI,20170810,2484.1901,2452.1638,2491.9473,2473.7785,2485.0658,-11.2873,-0.4542,84230.31,701508.2
CI005001.CI,20170809,2477.3531,2468.7111,2487.0727,2485.0658,2481.5577,3.5081,0.1414,68113.35,577146.43
CI005001.CI,20170808,2481.3677,2473.7747,2490.3289,2481.5577,2482.6781,-1.1204,-0.0451,83473.79,734698.38
CI005001.CI,20170807,2476.3333,2462.9126,2483.6622,2482.6781,2479.1398,3.5383,0.1427,93950.36,778809.49
CI005001.CI,20170804,2464.5414,2462.5063,2489.6212,2479.1398,2468.779,10.3608,0.4197,103988.87,889390.46
CI005001.CI,20170803,2464.003,2458.3609,2472.3336,2468.779,2469.4601,-0.6811,-0.0276,77885.91,687903.56
CI005001.CI,20170802,2482.5097,2462.5733,2487.6937,2469.4601,2494.2928,-24.8327,-0.9956,96151.23,881933.91
CI005001.CI,20170801,2488.2803,2477.4426,2495.5161,2494.2928,2481.2333,13.0595,0.5263,105933.38,997924.08
CI005001.CI,20170731,2452.1671,2450.7097,2482.5399,2481.2333,2450.7671,30.4662,1.2431,103260.04,933301.31
CI005001.CI,20170728,2445.7684,2436.1213,2453.6136,2450.7671,2453.4109,-2.6438,-0.1078,78488.08,694849.67
CI005001.CI,20170727,2460.0368,2441.4087,2464.3806,2453.4109,2456.3028,-2.8919,-0.1177,108168.7,980233.86
CI005001.CI,20170726,2438.4662,2429.4669,2457.1126,2456.3028,2431.2827,25.0201,1.0291,101758.46,913167.22
CI005001.CI,20170725,2431.4176,2418.1828,2439.4749,2431.2827,2436.4269,-5.1442,-0.2111,78269.46,682079.74
CI005001.CI,20170724,2426.7918,2423.0822,2444.6366,2436.4269,2435.1709,1.256,0.0516,97853.05,903591.13
CI005001.CI,20170721,2425.5003,2420.9287,2443.8291,2435.1709,2427.8767,7.2942,0.3004,82059.96,726596.84
CI005001.CI,20170720,2416.1526,2413.8961,2435.0664,2427.8767,2409.8528,18.0239,0.7479,89441.45,799558.26
CI005001.CI,20170719,2379.1038,2370.879,2411.3596,2409.8528,2379.6192,30.2336,1.2705,94388.61,766507.05
CI005001.CI,20170718,2352.6593,2349.3081,2379.8777,2379.6192,2366.1845,13.4347,0.5678,76721.66,594920.7
CI005001.CI,20170717,2407.3043,2334.5477,2410.2623,2366.1845,2409.8995,-43.715,-1.814,105325.72,823268.29
CI005001.CI,20170714,2403.279,2395.0957,2415.0056,2409.8995,2410.1125,-0.213,-0.0088,60793.04,496164.2
CI005001.CI,20170713,2384.5103,2381.4234,2410.9145,2410.1125,2384.4935,25.619,1.0744,69788.65,598547.35
CI005001.CI,20170712,2391.6508,2367.8598,2400.4683,2384.4935,2391.3171,-6.8236,-0.2853,59432.13,507616.2
CI005001.CI,20170711,2408.0478,2389.9084,2409.7647,2391.3171,2410.6325,-19.3154,-0.8013,56956.93,495345.17
CI005001.CI,20170710,2398.0981,2396.1149,2420.3083,2410.6325,2400.1272,10.5053,0.4377,71231.06,608354.95
CI005001.CI,20170707,2392.757,2385.5215,2402.3663,2400.1272,2399.1576,0.9696,0.0404,55871.52,497185.14
CI005001.CI,20170706,2392.549,2383.4102,2401.6653,2399.1576,2397.9815,1.1761,0.049,62289.26,571612.14
CI005001.CI,20170705,2389.8757,2381.7109,2399.1451,2397.9815,2391.2155,6.766,0.283,61322.61,523467.4
CI005001.CI,20170704,2370.5588,2369.5756,2396.642,2391.2155,2371.6,19.6155,0.8271,72295.93,607689.52
CI005001.CI,20170703,2358.111,2352.679,2372.7418,2371.6,2355.9125,15.6875,0.6659,59681.14,517291.93
CI005001.CI,20170630,2340.1051,2338.4348,2357.6665,2355.9125,2348.0296,7.8829,0.3357,54821.63,470180.43
CI005001.CI,20170629,2343.1702,2339.8658,2350.0697,2348.0296,2343.587,4.4426,0.1896,49234.43,397666.46
CI005001.CI,20170628,2334.4905,2329.4836,2346.4378,2343.587,2337.534,6.053,0.2589,55988.38,457513.43
CI005001.CI,20170627,2350.1594,2330.8228,2350.8168,2337.534,2351.1679,-13.6339,-0.5799,59950.72,454819.49
CI005001.CI,20170626,2330.6869,2328.5206,2351.1982,2351.1679,2332.3935,18.7744,0.8049,68367.3,519555.86
CI005001.CI,20170623,2319.5222,2304.9807,2332.6962,2332.3935,2324.3705,8.023,0.3452,64162.5,495314.07
CI005001.CI,20170622,2336.0339,2321.0735,2354.046,2324.3705,2340.6408,-16.2703,-0.6951,73223.68,584073.12
CI005001.CI,20170621,2334.8456,2325.357,2342.3038,2340.6408,2336.7289,3.9119,0.1674,62519.7,513503.12
CI005001.CI,20170620,2333.7154,2326.3369,2342.6036,2336.7289,2335.6566,1.0723,0.0459,60932.77,505152.4
CI005001.CI,20170619,2327.173,2323.4632,2338.0575,2335.6566,2329.6411,6.0155,0.2582,50550.54,430441.46
CI005001.CI,20170616,2328.0586,2323.5647,2336.5636,2329.6411,2333.5637,-3.9226,-0.1681,49040.1,389271.9
CI005001.CI,20170615,2321.2936,2318.9992,2334.2943,2333.5637,2328.1789,5.3848,0.2313,58450.34,467239.94
CI005001.CI,20170614,2337.4261,2321.5294,2340.5825,2328.1789,2339.8853,-11.7064,-0.5003,52322.97,423537.72
CI005001.CI,20170613,2324.8719,2322.3113,2341.9663,2339.8853,2330.0617,9.8236,0.4216,50955.02,411937.35
CI005001.CI,20170612,2341.162,2324.23,2351.3332,2330.0617,2348.4632,-18.4015,-0.7836,57121.21,433992.63
CI005001.CI,20170609,2351.3233,2338.1593,2360.0139,2348.4632,2356.7355,-8.2723,-0.351,57644.74,422853.75
CI005001.CI,20170608,2347.342,2342.7306,2360.7212,2356.7355,2357.6645,-0.929,-0.0394,66097.99,477007.06
CI005001.CI,20170607,2331.2423,2327.9702,2357.6645,2357.6645,2331.4677,26.1968,1.1236,69075.48,502484.14
CI005001.CI,20170606,2327.6766,2316.942,2333.5778,2331.4677,2334.8917,-3.424,-0.1466,50208.65,347090.63
CI005001.CI,20170605,2340.0645,2329.0734,2344.4739,2334.8917,2344.9884,-10.0967,-0.4306,67915.74,460217.9
CI005001.CI,20170602,2335.7809,2322.7536,2351.0113,2344.9884,2347.6111,-2.6227,-0.1117,66959.51,473876.11
CI005001.CI,20170601,2363.5016,2344.9774,2373.0029,2347.6111,2374.9721,-27.361,-1.1521,91332.4,636722.17
CI005001.CI,20170531,2365.2204,2357.7088,2386.3543,2374.9721,2363.066,11.9061,0.5038,85369.42,580191.96
CI005001.CI,20170526,2355.7912,2346.4421,2376.3993,2363.066,2367.2968,-4.2308,-0.1787,103609.32,671698.32
CI005001.CI,20170525,2326.1231,2315.8256,2369.9893,2367.2968,2334.0237,33.2731,1.4256,97689.83,666281.1
CI005001.CI,20170524,2306.3689,2289.9542,2334.3001,2334.0237,2323.7661,10.2576,0.4414,82801.67,557445.5
CI005001.CI,20170523,2363.993,2313.8461,2363.993,2323.7661,2375.0765,-51.3104,-2.1604,115750.59,805748.59
CI005001.CI,20170522,2389.4316,2364.1553,2398.7238,2375.0765,2374.1661,0.9104,0.0383,118365.39,943065.67
CI005001.CI,20170519,2361.9414,2361.9414,2385.5935,2374.1661,2349.2031,24.963,1.0626,108025.25,896691.38
CI005001.CI,20170518,2313.3033,2306.8901,2351.0535,2349.2031,2326.9512,22.2519,0.9563,75935.72,625546.94
CI005001.CI,20170517,2329.3017,2322.6135,2338.235,2326.9512,2332.2588,-5.3076,-0.2276,63555.35,550167.79
CI005001.CI,20170516,2314.944,2295.0817,2333.363,2332.2588,2312.0751,20.1837,0.873,53471.53,461326.14
CI005001.CI,20170515,2302.0777,2296.0981,2319.7395,2312.0751,2303.7283,8.3468,0.3623,53073.25,435759.0
CI005001.CI,20170512,2286.0535,2277.2987,2308.7848,2303.7283,2293.6209,10.1074,0.4407,56729.4,473815.21
CI005001.CI,20170511,2281.5172,2253.6686,2296.085,2293.6209,2290.8028,2.8181,0.123,72460.71,585241.98
CI005001.CI,20170510,2315.458,2289.3132,2321.6087,2290.8028,2318.3492,-27.5464,-1.1882,55146.68,472733.48
CI005001.CI,20170509,2306.4365,2299.6641,2320.6463,2318.3492,2312.6899,5.6593,0.2447,51779.05,447194.06
CI005001.CI,20170508,2307.9641,2297.4049,2320.1075,2312.6899,2315.1488,-2.4589,-0.1062,62360.68,501028.27
CI005001.CI,20170505,2331.3427,2303.0902,2331.6633,2315.1488,2346.1544,-31.0056,-1.3215,71556.84,571476.67
CI005001.CI,20170504,2353.0262,2338.5024,2356.5818,2346.1544,2357.0512,-10.8968,-0.4623,46824.19,390271.77
CI005001.CI,20170503,2356.9176,2347.7451,2364.7216,2357.0512,2362.3458,-5.2946,-0.2241,43090.48,384178.51
CI005001.CI,20170502,2374.5887,2356.6958,2376.9084,2362.3458,2378.6958,-16.35,-0.6874,41685.05,397806.2
CI005001.CI,20170428,2364.2729,2359.2624,2379.3493,2378.6958,2366.5069,12.1889,0.5151,46146.18,384659.25
CI005001.CI,20170427,2355.6168,2317.2117,2369.1276,2366.5069,2359.4645,7.0424,0.2985,63701.15,512036.02
CI005001.CI,20170426,2374.403,2357.0991,2376.973,2359.4645,2372.6801,-13.2156,-0.557,48850.96,371468.9
CI005001.CI,20170425,2377.819,2365.2913,2386.1578,2372.6801,2381.9669,-9.2868,-0.3899,48308.35,373951.33
CI005001.CI,20170424,2409.3909,2369.2543,2409.3909,2381.9669,2417.2499,-35.283,-1.4596,59970.45,473225.53
CI005001.CI,20170421,2408.8421,2399.7641,2418.7095,2417.2499,2409.952,7.2979,0.3028,48273.85,373732.73
CI005001.CI,20170420,2422.8444,2389.9586,2430.7393,2409.952,2431.6283,-21.6763,-0.8914,64105.86,514951.94
CI005001.CI,20170419,2447.8477,2408.2985,2449.5536,2431.6283,2455.248,-23.6197,-0.962,58374.93,524341.73
CI005001.CI,20170418,2476.1299,2455.248,2480.907,2455.248,2476.7391,-21.4911,-0.8677,48488.22,453298.23
CI005001.CI,20170417,2490.8088,2463.8279,2493.1972,2476.7391,2495.4313,-18.6922,-0.7491,59326.71,539173.86
CI005001.CI,20170414,2521.5973,2492.9854,2522.4682,2495.4313,2523.0675,-27.6362,-1.0953,59346.78,562187.61
CI005001.CI,20170413,2522.7615,2516.1704,2528.5177,2523.0675,2523.4964,-0.4289,-0.017,47307.36,465821.49
CI005001.CI,20170412,2529.7608,2510.1759,2529.7608,2523.4964,2533.2025,-9.7061,-0.3832,62453.55,553497.39
CI005001.CI,20170411,2528.7562,2494.8603,2539.5716,2533.2025,2526.5511,6.6514,0.2633,78251.14,690820.51
CI005001.CI,20170410,2546.1285,2522.8278,2546.9622,2526.5511,2545.0879,-18.5368,-0.7283,71687.98,651138.77
CI005001.CI,20170407,2524.6027,2517.8963,2556.4732,2545.0879,2522.2565,22.8314,0.9052,95633.79,794798.79
CI005001.CI,20170406,2518.3723,2508.5635,2526.236,2522.2565,2517.257,4.9995,0.1986,65983.64,567058.73
CI005001.CI,20170405,2474.496,2474.496,2517.4039,2517.257,2474.0075,43.2495,1.7482,76178.72,668429.3
CI005001.CI,20170331,2463.6832,2457.1365,2474.4202,2474.0075,2462.3965,11.611,0.4715,66252.05,584294.37
CI005001.CI,20170330,2483.3451,2449.8658,2490.6273,2462.3965,2485.3878,-22.9913,-0.9251,94007.42,845916.78
CI005001.CI,20170329,2495.3146,2477.6181,2503.3318,2485.3878,2495.8419,-10.4541,-0.4189,76021.67,746893.89
CI005001.CI,20170328,2501.4298,2490.053,2502.827,2495.8419,2502.4811,-6.6392,-0.2653,65327.05,632550.02
CI005001.CI,20170327,2522.058,2498.0797,2522.3474,2502.4811,2517.0827,-14.6016,-0.5801,78831.0,736088.97
CI005001.CI,20170324,2505.2223,2491.4507,2520.684,2517.0827,2508.8586,8.2241,0.3278,84025.01,801345.67
CI005001.CI,20170323,2519.4862,2489.3164,2526.6824,2508.8586,2519.448,-10.5894,-0.4203,79616.6,817086.3
CI005001.CI,20170322,2515.3551,2502.4614,2531.1377,2519.448,2529.1551,-9.7071,-0.3838,79007.81,776540.74
CI005001.CI,20170321,2521.4181,2518.3179,2531.7407,2529.1551,2526.5645,2.5906,0.1025,71780.38,767715.63
CI005001.CI,20170320,2507.5678,2503.1441,2526.5645,2526.5645,2512.4916,14.0729,0.5601,82288.74,886215.58
CI005001.CI,20170317,2543.875,2508.0638,2545.2441,2512.4916,2543.0561,-30.5645,-1.2019,86928.21,1019015.53
CI005001.CI,20170316,2521.1552,2521.1552,2545.4746,2543.0561,2509.7391,33.317,1.3275,94897.02,1037855.66
CI005001.CI,20170315,2503.2859,2496.2435,2510.1347,2509.7391,2506.6721,3.067,0.1224,63618.09,641923.96
CI005001.CI,20170314,2507.618,2500.4349,2514.3293,2506.6721,2506.558,0.1141,0.0046,52077.02,576529.67
CI005001.CI,20170313,2488.5352,2471.1442,2509.094,2506.558,2495.2046,11.3534,0.455,64341.51,695042.04
CI005001.CI,20170310,2494.7367,2489.9804,2501.5865,2495.2046,2505.6049,-10.4003,-0.4151,60959.12,684727.22
CI005001.CI,20170309,2523.2211,2487.4918,2523.2211,2505.6049,2540.7095,-35.1046,-1.3817,97908.53,901740.41
CI005001.CI,20170308,2539.9596,2526.4529,2544.1648,2540.7095,2539.4141,1.2954,0.051,76076.07,784040.58
CI005001.CI,20170307,2546.2627,2527.9691,2547.1105,2539.4141,2547.8285,-8.4144,-0.3303,55214.53,630919.48
CI005001.CI,20170306,2533.0517,2530.8455,2549.1726,2547.8285,2533.3454,14.4831,0.5717,54010.29,561271.31
CI005001.CI,20170303,2540.9203,2520.8022,2540.9203,2533.3454,2551.1821,-17.8367,-0.6992,66034.58,605264.41
CI005001.CI,20170302,2568.8969,2549.2706,2573.0576,2551.1821,2566.8366,-15.6545,-0.6099,60038.43,642082.64
CI005001.CI,20170301,2561.6564,2555.9655,2572.7294,2566.8366,2562.7671,4.0695,0.1588,66405.2,652634.79
CI005001.CI,20170228,2545.0474,2545.0474,2563.1506,2562.7671,2545.4331,17.334,0.681,53971.49,579759.83
CI005001.CI,20170227,2584.9775,2541.6676,2584.9775,2545.4331,2587.2286,-41.7955,-1.6155,72766.34,743570.81
CI005001.CI,20170224,2597.3363,2574.265,2603.3357,2587.2286,2596.7528,-9.5242,-0.3668,70361.38,681472.14
CI005001.CI,20170223,2616.5949,2586.5888,2619.5861,2596.7528,2625.884,-29.1312,-1.1094,74113.95,712086.82
CI005001.CI,20170222,2593.5957,2593.091,2626.7187,2625.884,2591.126,34.758,1.3414,98306.83,938716.43
CI005001.CI,20170221,2589.4101,2576.4994,2593.9749,2591.126,2589.4196,1.7064,0.0659,67142.63,641823.76
CI005001.CI,20170220,2561.3576,2559.7958,2589.5189,2589.4196,2561.1157,28.3039,1.1051,87336.38,824531.37
CI005001.CI,20170217,2589.0048,2558.0663,2596.2443,2561.1157,2591.5349,-30.4192,-1.1738,96648.98,935046.65
CI005001.CI,20170216,2574.6172,2569.0984,2591.7556,2591.5349,2578.1497,13.3852,0.5192,89017.4,808915.8
CI005001.CI,20170215,2592.0608,2572.8476,2603.1895,2578.1497,2593.2399,-15.0902,-0.5819,83571.02,815648.06
CI005001.CI,20170214,2594.0733,2581.661,2596.8677,2593.2399,2600.7384,-7.4985,-0.2883,67066.49,639400.05
CI005001.CI,20170213,2584.8456,2584.8456,2601.0791,2600.7384,2584.4118,16.3266,0.6317,91998.88,868536.57
CI005001.CI,20170210,2566.748,2563.8542,2593.5056,2584.4118,2568.1076,16.3042,0.6349,103243.65,942686.03
CI005001.CI,20170209,2559.7864,2552.5898,2574.5953,2568.1076,2561.4001,6.7075,0.2619,93089.77,849742.5
CI005001.CI,20170208,2549.4813,2528.265,2563.336,2561.4001,2561.2856,0.1145,0.0045,62367.82,635686.33
CI005001.CI,20170207,2564.6474,2545.1062,2570.43,2561.2856,2575.6317,-14.3461,-0.557,58437.31,600557.68
CI005001.CI,20170206,2555.9054,2552.2346,2578.0293,2575.6317,2554.8908,20.7409,0.8118,55199.66,553195.3
CI005001.CI,20170203,2579.0946,2546.4344,2580.1125,2554.8908,2576.9247,-22.0339,-0.855,36017.33,359619.27
CI005001.CI,20170126,2577.467,2562.4868,2587.3337,2576.9247,2579.0754,-2.1507,-0.0834,53673.98,567395.0
CI005001.CI,20170125,2580.2563,2566.1275,2588.4215,2579.0754,2585.3027,-6.2273,-0.2409,54786.03,567519.33
CI005001.CI,20170124,2545.5344,2540.5682,2590.9119,2585.3027,2548.1768,37.1259,1.457,81361.15,752978.18
CI005001.CI,20170123,2519.8474,2519.8474,2549.5586,2548.1768,2517.0481,31.1287,1.2367,63592.08,623393.35
CI005001.CI,20170120,2486.4526,2484.783,2519.3459,2517.0481,2496.2302,20.8179,0.834,56107.1,547168.77
CI005001.CI,20170119,2516.2143,2479.7432,2518.0299,2496.2302,2525.1058,-28.8756,-1.1435,74400.69,664448.62
CI005001.CI,20170118,2520.7177,2508.1096,2537.1521,2525.1058,2516.6067,8.4991,0.3377,59733.78,579638.43
CI005001.CI,20170117,2486.3922,2486.3922,2519.2354,2516.6067,2494.9405,21.6662,0.8684,69226.51,620279.33
CI005001.CI,20170116,2524.2042,2433.1997,2525.4249,2494.9405,2531.3193,-36.3788,-1.4371,107883.27,953982.9
CI005001.CI,20170113,2538.2313,2524.6212,2561.3004,2531.3193,2540.3146,-8.9953,-0.3541,60316.66,568295.23
CI005001.CI,20170112,2544.5238,2529.0452,2570.467,2540.3146,2541.1543,-0.8397,-0.033,63593.91,607717.96
CI005001.CI,20170111,2575.4343,2540.2428,2578.6035,2541.1543,2586.6282,-45.4739,-1.758,77185.55,758475.21
CI005001.CI,20170110,2588.5745,2574.2224,2599.7456,2586.6282,2602.7498,-16.1216,-0.6194,78877.93,788073.34
CI005001.CI,20170109,2582.1116,2582.1116,2622.0242,2602.7498,2588.0138,14.736,0.5694,94451.61,913856.56
CI005001.CI,20170106,2572.6219,2566.4857,2621.2096,2588.0138,2570.1899,17.8239,0.6935,131481.37,1234903.05
CI005001.CI,20170105,2519.4115,2518.8641,2581.3178,2570.1899,2522.6637,47.5262,1.884,105854.77,970021.65
CI005001.CI,20170104,2483.3223,2478.6231,2525.3752,2522.6637,2491.8191,30.8446,1.2378,81113.35,781349.96
CI005001.CI,20170103,2462.5963,2460.3963,2493.5673,2491.8191,2459.0374,32.7817,1.3331,68194.65,614212.87
CI005001.CI,20161230,2458.8053,2449.6517,2468.9988,2459.0374,2456.981,2.0564,0.0837,60397.98,558019.22
CI005001.CI,20161229,2476.0032,2453.3675,2484.1839,2456.981,2490.2255,-33.2445,-1.335,79617.87,710858.94
CI005001.CI,20161228,2497.7682,2480.9609,2517.4961,2490.2255,2491.72,-1.4945,-0.06,91118.42,831768.87
CI005001.CI,20161227,2491.7262,2480.0767,2503.0982,2491.72,2502.7061,-10.9861,-0.439,74040.57,714853.06
CI005001.CI,20161226,2483.6822,2445.67,2503.2203,2502.7061,2503.6588,-0.9527,-0.0381,84029.88,753550.97
CI005001.CI,20161223,2516.2612,2499.0359,2529.0182,2503.6588,2526.0981,-22.4393,-0.8883,92984.48,823315.29
CI005001.CI,20161222,2495.1998,2495.1998,2540.3593,2526.0981,2502.6963,23.4018,0.9351,126183.44,1115872.5
CI005001.CI,20161221,2450.5826,2450.5826,2516.9278,2502.6963,2445.0477,57.6486,2.3578,134207.93,1174107.89
CI005001.CI,20161220,2467.0339,2426.2872,2469.758,2445.0477,2475.6234,-30.5757,-1.2351,87919.45,769397.87
CI005001.CI,20161219,2465.8481,2455.9889,2496.3364,2475.6234,2469.8438,5.7796,0.234,91411.84,829100.4
CI005001.CI,20161216,2448.0881,2429.1941,2471.6195,2469.8438,2460.4966,9.3472,0.3799,90778.28,819300.71
CI005001.CI,20161215,2443.429,2423.9383,2460.8812,2460.4966,2472.1923,-11.6957,-0.4731,105332.35,921399.72
CI005001.CI,20161214,2447.4188,2444.4365,2508.6913,2472.1923,2451.9566,20.2357,0.8253,146228.52,1265581.0
CI005001.CI,20161213,2389.3529,2385.6669,2454.3046,2451.9566,2396.8575,55.0991,2.2988,119829.03,1025045.43
CI005001.CI,20161212,2471.1661,2394.8759,2486.7507,2396.8575,2434.7476,-37.8901,-1.5562,114536.5,1022291.19
CI005001.CI,20161209,2409.8755,2409.286,2441.8172,2434.7476,2412.461,22.2866,0.9238,71608.37,650271.94
CI005001.CI,20161208,2415.453,2407.8894,2425.6115,2412.461,2419.3621,-6.9011,-0.2852,72585.37,703659.73
CI005001.CI,20161207,2397.4946,2380.992,2419.595,2419.3621,2404.7103,14.6518,0.6093,77304.59,703355.77
CI005001.CI,20161206,2390.3378,2390.3378,2432.9631,2404.7103,2402.4271,2.2832,0.095,76674.15,680259.39
CI005001.CI,20161205,2407.5489,2387.6775,2427.7176,2402.4271,2441.9316,-39.5045,-1.6178,100305.74,847402.57
CI005001.CI,20161202,2435.3619,2435.1137,2509.7982,2441.9316,2424.7157,17.2159,0.71,163054.44,1397991.65
CI005001.CI,20161201,2424.5074,2413.1431,2449.7582,2424.7157,2370.6917,54.024,2.2788,119989.18,1045431.98
CI005001.CI,20161130,2391.9238,2365.5692,2392.6162,2370.6917,2400.7394,-30.0477,-1.2516,74137.95,675989.78
CI005001.CI,20161129,2394.8769,2386.787,2418.0173,2400.7394,2397.6409,3.0985,0.1292,106436.99,904709.54
CI005001.CI,20161128,2386.6616,2381.8804,2404.684,2397.6409,2390.3291,7.3118,0.3059,91060.35,821987.68
CI005001.CI,20161125,2379.4172,2353.9934,2392.0947,2390.3291,2382.205,8.1241,0.341,87262.54,847588.05
CI005001.CI,20161124,2380.4124,2373.1774,2390.9034,2382.205,2385.4886,-3.2836,-0.1376,87570.53,846277.7
CI005001.CI,20161123,2388.6883,2377.2228,2417.6296,2385.4886,2392.7557,-7.2671,-0.3037,114573.96,1088896.85
CI005001.CI,20161122,2372.5728,2366.9202,2397.3838,2392.7557,2360.0981,32.6576,1.3837,131793.06,1180528.59
CI005001.CI,20161121,2330.7448,2328.905,2360.8447,2360.0981,2331.8102,28.2879,1.2131,97534.58,970368.28
CI005001.CI,20161118,2337.7351,2326.6296,2340.5943,2331.8102,2339.6318,-7.8216,-0.3343,84444.65,854404.21
CI005001.CI,20161117,2332.9301,2320.4066,2341.5106,2339.6318,2334.1978,5.434,0.2328,58050.62,582837.3
CI005001.CI,20161116,2337.4097,2324.6795,2342.4442,2334.1978,2328.124,6.0738,0.2609,57930.47,575489.23
CI005001.CI,20161115,2328.2912,2319.1328,2334.9629,2328.124,2327.7445,0.3795,0.0163,63624.48,617375.87
CI005001.CI,20161114,2313.2221,2310.7295,2330.7569,2327.7445,2321.5161,6.2284,0.2683,88523.48,828042.92
CI005001.CI,20161111,2289.7417,2286.8186,2324.7885,2321.5161,2289.2648,32.2513,1.4088,101951.07,1017443.05
CI005001.CI,20161110,2268.8429,2268.8429,2291.7374,2289.2648,2257.5463,31.7185,1.405,69480.96,703066.1
CI005001.CI,20161109,2273.9406,2231.7074,2274.6409,2257.5463,2274.8893,-17.343,-0.7624,69203.11,703337.16
CI005001.CI,20161108,2270.0808,2269.7296,2280.8888,2274.8893,2265.2004,9.6889,0.4277,50815.92,548286.81
CI005001.CI,20161107,2257.7437,2250.684,2269.2524,2265.2004,2260.1035,5.0969,0.2255,42390.49,478001.68
CI005001.CI,20161104,2264.8713,2254.5706,2274.8333,2260.1035,2267.365,-7.2615,-0.3203,46752.02,574188.24
CI005001.CI,20161103,2252.6849,2247.3962,2278.4636,2267.365,2257.558,9.807,0.4344,57713.59,660458.28
CI005001.CI,20161102,2273.6114,2255.6606,2277.5921,2257.558,2279.5481,-21.9901,-0.9647,53109.84,588974.38
CI005001.CI,20161101,2264.1261,2260.9233,2279.7607,2279.5481,2267.6268,11.9213,0.5257,46036.32,535869.74
CI005001.CI,20161031,2265.9293,2249.3874,2268.3417,2267.6268,2272.0517,-4.4249,-0.1948,42496.51,466652.67
CI005001.CI,20161028,2280.5178,2268.2985,2288.4146,2272.0517,2283.7007,-11.649,-0.5101,59576.66,591652.37
CI005001.CI,20161027,2284.5514,2274.9356,2289.6762,2283.7007,2291.7608,-8.0601,-0.3517,66562.71,663354.43
CI005001.CI,20161026,2301.3768,2286.5849,2302.8234,2291.7608,2297.1953,-5.4345,-0.2366,68014.07,667786.72
CI005001.CI,20161025,2301.1369,2286.7029,2304.1167,2297.1953,2301.4789,-4.2836,-0.1861,75294.17,695056.72
CI005001.CI,20161024,2268.5184,2268.5184,2314.0142,2301.4789,2269.7363,31.7426,1.3985,93222.37,814191.35
CI005001.CI,20161021,2269.5797,2251.1766,2279.3093,2269.7363,2274.0126,-4.2763,-0.1881,49757.25,471482.78
CI005001.CI,20161020,2272.7128,2269.1901,2280.271,2274.0126,2272.3875,1.6251,0.0715,51198.0,490866.02
CI005001.CI,20161019,2273.4947,2263.9008,2281.2789,2272.3875,2268.6366,3.7509,0.1653,58369.07,561589.15
CI005001.CI,20161018,2242.3005,2240.5752,2268.7791,2268.6366,2243.9379,24.6987,1.1007,51832.36,490856.98
CI005001.CI,20161017,2252.7174,2236.9892,2264.847,2243.9379,2255.5952,-11.6573,-0.5168,53852.68,527369.75
CI005001.CI,20161014,2237.9641,2233.6597,2255.7015,2255.5952,2243.1307,12.4645,0.5557,49817.26,481932.97
CI005001.CI,20161013,2255.206,2239.2041,2258.8266,2243.1307,2258.0976,-14.9669,-0.6628,40097.86,407892.8
CI005001.CI,20161012,2248.974,2245.3086,2259.3085,2258.0976,2258.3424,-0.2448,-0.0108,46770.66,473450.32
CI005001.CI,20161011,2249.9111,2248.9908,2261.341,2258.3424,2244.6634,13.679,0.6094,56607.26,498550.08
CI005001.CI,20161010,2233.4057,2231.4,2244.676,2244.6634,2206.1355,38.5279,1.7464,59922.52,521660.68
CI005001.CI,20160930,2192.44,2190.6469,2208.5193,2206.1355,2197.9885,8.147,0.3707,37376.54,336537.19
CI005001.CI,20160929,2177.4148,2177.4148,2204.5933,2197.9885,2164.6026,33.3859,1.5424,48494.61,434414.54
CI005001.CI,20160928,2177.2608,2161.5035,2177.2608,2164.6026,2173.3033,-8.7007,-0.4003,31301.93,284771.75
CI005001.CI,20160927,2164.1866,2152.69,2173.3033,2173.3033,2165.0914,8.2119,0.3793,35684.59,334019.77
CI005001.CI,20160926,2196.5824,2162.5548,2197.5107,2165.0914,2199.9556,-34.8642,-1.5848,44063.27,392117.52
CI005001.CI,20160923,2206.8645,2198.0867,2209.714,2199.9556,2202.9703,-3.0147,-0.1368,39350.61,366425.05
CI005001.CI,20160922,2196.9161,2195.2642,2207.2171,2202.9703,2187.2654,15.7049,0.718,50036.03,441473.82
CI005001.CI,20160921,2185.4109,2179.9397,2191.1176,2187.2654,2185.4109,1.8545,0.0849,37591.49,351414.39
CI005001.CI,20160920,2189.9746,2176.1578,2190.067,2185.4109,2189.9746,-4.5637,-0.2084,36831.14,335082.46
CI005001.CI,20160919,2186.1385,2179.8429,2193.4278,2189.9746,2186.1385,3.8361,0.1755,48760.39,428867.14
CI005001.CI,20160914,2202.2905,2178.112,2202.2905,2186.1385,2202.564,-16.4255,-0.7457,42391.9,396402.1
CI005001.CI,20160913,2197.8108,2188.1658,2203.009,2202.564,2196.3053,6.2587,0.285,42947.89,397450.86
CI005001.CI,20160912,2212.4476,2179.9928,2213.6007,2196.3053,2243.2782,-46.9729,-2.0939,65847.82,559304.94
CI005001.CI,20160909,2251.0535,2241.8735,2257.6272,2243.2782,2248.0677,-4.7895,-0.213,55455.39,530695.0
CI005001.CI,20160908,2246.2759,2238.6522,2249.7274,2248.0677,2245.3253,2.7424,0.1221,44872.05,435230.25
CI005001.CI,20160907,2237.9958,2235.4017,2250.8483,2245.3253,2241.0161,4.3092,0.1923,49381.86,469507.23
CI005001.CI,20160906,2217.9738,2210.3099,2241.0161,2241.0161,2221.2286,19.7875,0.8908,48464.19,440918.31
CI005001.CI,20160905,2212.7256,2210.8065,2222.3239,2221.2286,2211.8841,9.3445,0.4225,42778.64,372335.29
CI005001.CI,20160902,2212.5475,2202.8068,2217.5236,2211.8841,2215.8818,-3.9977,-0.1804,43600.01,375206.39
CI005001.CI,20160901,2229.4683,2214.7812,2231.8859,2215.8818,2233.3474,-17.4656,-0.782,40389.53,370950.45
CI005001.CI,20160831,2228.327,2220.3994,2233.3474,2233.3474,2232.0208,1.3266,0.0594,45858.66,418911.97
CI005001.CI,20160830,2221.7253,2219.5596,2236.3818,2232.0208,2223.013,9.0078,0.4052,52367.03,468382.05
CI005001.CI,20160829,2221.3927,2212.4819,2226.0893,2223.013,2224.3567,-1.3437,-0.0604,38754.75,364259.54
CI005001.CI,20160826,2221.5819,2219.2466,2234.8754,2224.3567,2220.2715,4.0852,0.184,35106.3,350574.61
CI005001.CI,20160825,2226.2825,2204.4903,2226.2825,2220.2715,2233.5776,-13.3061,-0.5957,42818.11,396375.31
CI005001.CI,20160824,2237.3163,2227.3363,2241.4167,2233.5776,2236.8331,-3.2555,-0.1455,36985.36,341875.95
CI005001.CI,20160823,2210.2026,2204.8568,2236.8331,2236.8331,2212.751,24.0821,1.0883,47665.68,431855.28
CI005001.CI,20160822,2235.3362,2210.3367,2237.419,2212.751,2236.2217,-23.4707,-1.0496,41391.56,390528.53
CI005001.CI,20160819,2235.3709,2224.9243,2244.509,2236.2217,2231.7321,4.4896,0.2012,49857.82,443305.5
CI005001.CI,20160818,2242.8689,2224.0567,2246.2422,2231.7321,2244.767,-13.0349,-0.5807,47546.07,436243.39
CI005001.CI,20160817,2245.4367,2231.5472,2249.7936,2244.767,2246.7009,-1.9339,-0.0861,56298.2,507476.36
CI005001.CI,20160816,2245.9365,2242.5863,2257.4532,2246.7009,2241.3347,5.3662,0.2394,71745.85,595806.28
CI005001.CI,20160815,2201.3254,2199.7301,2245.034,2241.3347,2193.8982,47.4365,2.1622,79516.38,666694.35
CI005001.CI,20160812,2171.5411,2166.591,2193.8982,2193.8982,2170.5014,23.3968,1.0779,44953.45,364839.03
CI005001.CI,20160811,2181.5945,2167.5121,2190.3317,2170.5014,2187.0303,-16.5289,-0.7558,39645.54,366026.07
CI005001.CI,20160810,2189.1324,2183.3976,2197.8474,2187.0303,2191.892,-4.8617,-0.2218,43191.29,412749.38
CI005001.CI,20160809,2169.3307,2164.8342,2192.0226,2191.892,2170.3519,21.5401,0.9925,46242.87,425580.28
CI005001.CI,20160808,2146.9926,2136.2514,2170.4365,2170.3519,2148.1707,22.1812,1.0326,37015.67,350288.02
CI005001.CI,20160805,2150.48,2143.4407,2156.5376,2148.1707,2153.7505,-5.5798,-0.2591,30474.74,293634.29
CI005001.CI,20160804,2148.9392,2136.8113,2154.1535,2153.7505,2143.6066,10.1439,0.4732,37864.89,371189.46
CI005001.CI,20160803,2134.3516,2128.1852,2144.6245,2143.6066,2140.9113,2.6953,0.1259,39642.88,390930.96
CI005001.CI,20160802,2120.0487,2120.0487,2140.9968,2140.9113,2128.9274,11.9839,0.5629,31929.76,311741.3
CI005001.CI,20160801,2143.7482,2105.2696,2145.0321,2128.9274,2148.1917,-19.2643,-0.8968,43579.9,382870.18
CI005001.CI,20160729,2150.5086,2143.1824,2158.9815,2148.1917,2155.6778,-7.4861,-0.3473,42799.16,375140.98
CI005001.CI,20160728,2130.7011,2116.5615,2157.7549,2155.6778,2138.3966,17.2812,0.8081,51182.51,446483.99
CI005001.CI,20160727,2185.5877,2106.1835,2190.969,2138.3966,2188.1816,-49.785,-2.2752,84391.74,707928.95
CI005001.CI,20160726,2160.4005,2159.8171,2188.1816,2188.1816,2163.3598,24.8218,1.1474,50921.68,448328.96
CI005001.CI,20160725,2155.4369,2151.6374,2172.4175,2163.3598,2156.3192,7.0406,0.3265,44374.12,388722.8
CI005001.CI,20160722,2174.7852,2151.0409,2174.7852,2156.3192,2177.4846,-21.1654,-0.972,46448.83,424628.6
CI005001.CI,20160721,2174.8046,2169.0109,2188.8537,2177.4846,2176.9572,0.5274,0.0242,45041.47,433178.03
CI005001.CI,20160720,2183.388,2176.03,2192.3901,2176.9572,2183.8152,-6.858,-0.314,46531.64,438442.71
CI005001.CI,20160719,2176.3321,2161.9756,2183.895,2183.8152,2179.6785,4.1367,0.1898,47132.76,463303.69
CI005001.CI,20160718,2194.4309,2175.6085,2198.081,2179.6785,2201.0314,-21.3529,-0.9701,55974.33,520628.64
CI005001.CI,20160715,2194.0031,2190.1416,2203.4579,2201.0314,2190.1233,10.9081,0.4981,72043.97,673240.04
CI005001.CI,20160714,2183.7217,2173.3604,2190.1233,2190.1233,2190.9859,-0.8626,-0.0394,53678.3,510452.12
CI005001.CI,20160713,2185.3184,2180.8236,2199.6381,2190.9859,2182.2101,8.7758,0.4022,77775.31,727759.96
CI005001.CI,20160712,2149.9993,2131.4375,2182.8419,2182.2101,2163.7382,18.4719,0.8537,102255.34,915131.87
CI005001.CI,20160711,2155.6938,2151.2545,2179.9528,2163.7382,2151.7038,12.0344,0.5593,75695.43,726093.15
CI005001.CI,20160708,2161.7999,2147.8667,2163.383,2151.7038,2168.9583,-17.2545,-0.7955,48485.97,517251.36
CI005001.CI,20160707,2159.5118,2149.7012,2175.8341,2168.9583,2155.7654,13.1929,0.612,69004.4,716003.39
CI005001.CI,20160706,2152.8469,2134.7021,2158.2484,2155.7654,2162.5926,-6.8272,-0.3157,55793.09,583526.3
CI005001.CI,20160705,2143.4516,2143.4516,2165.0914,2162.5926,2140.4689,22.1237,1.0336,74595.61,750754.95
CI005001.CI,20160704,2081.7071,2081.69,2142.4599,2140.4689,2087.8374,52.6315,2.5209,72204.0,702695.07
CI005001.CI,20160701,2091.6722,2082.442,2099.8926,2087.8374,2093.4119,-5.5745,-0.2663,37120.83,370436.21
CI005001.CI,20160630,2089.9181,2085.5376,2100.3139,2093.4119,2081.8689,11.543,0.5545,48883.85,480464.45
CI005001.CI,20160629,2080.032,2076.766,2092.7607,2081.8689,2071.904,9.9649,0.481,52280.85,529488.31
CI005001.CI,20160628,2045.1896,2040.5679,2072.7049,2071.904,2054.3531,17.5509,0.8543,51112.66,520397.41
CI005001.CI,20160627,2019.1553,2016.0081,2054.3531,2054.3531,2028.5805,25.7726,1.2705,40094.41,400131.39
CI005001.CI,20160624,2057.803,1989.8765,2068.9553,2028.5805,2059.2497,-30.6692,-1.4893,55281.26,495007.82
CI005001.CI,20160623,2067.8737,2048.3129,2069.296,2059.2497,2069.0257,-9.776,-0.4725,41311.75,397754.61
CI005001.CI,20160622,2037.8796,2036.5504,2069.0257,2069.0257,2040.8744,28.1513,1.3794,40110.2,409916.05
CI005001.CI,20160621,2052.5123,2033.7325,2069.5325,2040.8744,2045.0221,-4.1477,-0.2028,46393.44,469105.05
CI005001.CI,20160620,2041.5949,2028.0367,2047.4581,2045.0221,2038.658,6.3641,0.3122,35388.31,362327.39
CI005001.CI,20160617,2028.5649,2027.9331,2048.4116,2038.658,2028.1164,10.5416,0.5198,41460.09,374089.76
CI005001.CI,20160616,2043.4401,2022.8558,2046.3036,2028.1164,2050.2161,-22.0997,-1.0779,41574.28,368804.73
CI005001.CI,20160615,1998.4338,1995.9373,2052.233,2050.2161,2017.279,32.9371,1.6327,48435.73,415926.24
CI005001.CI,20160614,2011.6468,2006.0326,2024.2912,2017.279,2019.616,-2.337,-0.1157,34479.43,297897.29
CI005001.CI,20160613,2080.1749,2017.7204,2080.1749,2019.616,2106.1426,-86.5266,-4.1083,59694.45,521814.53
CI005001.CI,20160608,2104.8039,2093.0795,2115.2404,2106.1426,2105.763,0.3796,0.018,53568.27,490270.52
CI005001.CI,20160607,2106.7822,2092.5077,2109.9784,2105.763,2104.5288,1.2342,0.0586,44388.73,459858.57
CI005001.CI,20160606,2112.2266,2095.1149,2114.4871,2104.5288,2109.0412,-4.5124,-0.214,44887.28,446930.16
CI005001.CI,20160603,2106.6652,2095.6853,2113.3876,2109.0412,2107.0846,1.9566,0.0929,54992.07,565339.94
CI005001.CI,20160602,2097.5255,2086.196,2107.1483,2107.0846,2099.0858,7.9988,0.3811,53925.77,579205.43
CI005001.CI,20160601,2088.9961,2081.7075,2108.7473,2099.0858,2089.1612,9.9246,0.4751,61319.41,577134.19
CI005001.CI,20160531,2030.2346,2030.2346,2090.8072,2089.1612,2029.4342,59.727,2.943,70074.28,597140.2
CI005001.CI,20160530,2026.7338,2014.1393,2039.4559,2029.4342,2034.0576,-4.6234,-0.2273,30962.39,272865.1
CI005001.CI,20160527,2039.5632,2026.0548,2042.5485,2034.0576,2043.474,-9.4164,-0.4608,32343.41,307657.38
CI005001.CI,20160526,2036.017,2015.8118,2052.5824,2043.474,2034.7893,8.6847,0.4268,41937.03,351585.82
CI005001.CI,20160525,2041.8177,2024.9769,2051.3086,2034.7893,2032.182,2.6073,0.1283,33781.14,309798.44
CI005001.CI,20160524,2042.2715,2012.2057,2042.2715,2032.182,2047.0992,-14.9172,-0.7287,37512.65,319750.27
CI005001.CI,20160523,2038.266,2035.1391,2053.2102,2047.0992,2037.7951,9.3041,0.4566,34555.01,310205.83
CI005001.CI,20160520,2013.6707,2004.7075,2037.7951,2037.7951,2026.371,11.4241,0.5638,32977.87,282881.77
CI005001.CI,20160519,2027.8118,2021.3115,2048.7471,2026.371,2032.4211,-6.0501,-0.2977,42494.1,349708.91
CI005001.CI,20160518,2060.4102,2007.2651,2063.1977,2032.4211,2073.2844,-40.8633,-1.9709,60694.97,486829.94
CI005001.CI,20160517,2050.833,2050.833,2087.2451,2073.2844,2042.814,30.4704,1.4916,67666.33,558799.18
CI005001.CI,20160516,2012.9812,2002.2145,2043.8848,2042.814,2023.2104,19.6036,0.9689,41191.55,342810.42
CI005001.CI,20160513,2022.5882,2010.7614,2044.2435,2023.2104,2028.919,-5.7086,-0.2814,46328.67,367015.28
CI005001.CI,20160512,1995.2031,1987.3537,2030.6474,2028.919,2030.4224,-1.5034,-0.074,48837.56,408791.52
CI005001.CI,20160511,2047.3728,2022.4523,2055.5235,2030.4224,2036.8881,-6.4657,-0.3174,41665.05,360361.5
CI005001.CI,20160510,2031.5708,2028.4676,2048.2921,2036.8881,2039.1494,-2.2613,-0.1109,44257.98,380926.49
CI005001.CI,20160509,2096.6076,2026.8013,2096.6076,2039.1494,2110.3889,-71.2395,-3.3757,74368.34,614749.55
CI005001.CI,20160506,2187.0565,2110.1292,2191.7376,2110.3889,2188.6645,-78.2756,-3.5764,81632.75,748666.71
CI005001.CI,20160505,2189.2602,2173.5315,2196.7745,2188.6645,2193.2603,-4.5958,-0.2095,62218.73,578301.45
CI005001.CI,20160504,2183.7558,2177.032,2203.076,2193.2603,2197.0427,-3.7824,-0.1722,72938.97,671789.65
CI005001.CI,20160503,2159.0769,2150.0347,2201.6102,2197.0427,2164.1244,32.9183,1.5211,83339.95,698403.02
CI005001.CI,20160429,2174.5425,2155.9542,2183.6487,2164.1244,2183.415,-19.2906,-0.8835,52204.82,438002.24
CI005001.CI,20160428,2196.1283,2153.457,2202.116,2183.415,2187.1592,-3.7442,-0.1712,68569.71,600053.4
CI005001.CI,20160427,2190.5109,2183.8207,2210.3673,2187.1592,2180.0317,7.1275,0.3269,72068.62,607963.73
CI005001.CI,20160426,2160.4535,2152.4064,2180.141,2180.0317,2163.4224,16.6093,0.7677,48258.04,449278.73
CI005001.CI,20160425,2162.4833,2132.7738,2165.7565,2163.4224,2169.5119,-6.0895,-0.2807,48005.24,432864.55
CI005001.CI,20160422,2147.1844,2137.2618,2171.2091,2169.5119,2166.9199,2.592,0.1196,69837.83,589778.89
CI005001.CI,20160421,2145.4196,2138.6967,2194.5374,2166.9199,2145.0371,21.8828,1.0202,91793.35,776309.1
CI005001.CI,20160420,2238.3034,2105.3602,2242.6389,2145.0371,2224.8462,-79.8091,-3.5872,118558.61,1024911.02
CI005001.CI,20160419,2230.0292,2208.6163,2236.5504,2224.8462,2217.0353,7.8109,0.3523,57982.27,546360.88
CI005001.CI,20160418,2251.882,2204.9519,2251.882,2217.0353,2280.8773,-63.842,-2.799,84300.44,736064.98
CI005001.CI,20160415,2292.5285,2269.8727,2294.1326,2280.8773,2293.0158,-12.1385,-0.5294,78225.95,710758.0
CI005001.CI,20160414,2293.0316,2270.9535,2300.9977,2293.0158,2284.725,8.2908,0.3629,102008.69,921199.8
CI005001.CI,20160413,2261.1695,2261.1695,2309.9115,2284.725,2230.5134,54.2116,2.4305,157737.01,1387249.29
CI005001.CI,20160412,2230.3881,2210.9945,2239.1917,2230.5134,2232.1945,-1.6811,-0.0753,82028.29,761235.22
CI005001.CI,20160411,2219.768,2219.768,2254.5081,2232.1945,2193.0092,39.1853,1.7868,102134.41,897823.93
CI005001.CI,20160408,2207.5406,2168.761,2211.9201,2193.0092,2226.7552,-33.746,-1.5155,85950.65,746183.91
CI005001.CI,20160407,2252.1886,2222.382,2266.4769,2226.7552,2244.418,-17.6628,-0.787,112472.59,969443.68
CI005001.CI,20160406,2208.6031,2206.5717,2268.492,2244.418,2216.9609,27.4571,1.2385,129470.65,1100480.32
CI005001.CI,20160405,2179.4096,2171.4286,2228.1601,2216.9609,2186.7574,30.2035,1.3812,106174.44,907600.0
CI005001.CI,20160401,2143.5257,2126.5727,2189.3657,2186.7574,2146.7288,40.0286,1.8646,100576.53,790372.95
CI005001.CI,20160331,2148.4763,2140.0735,2163.6935,2146.7288,2147.3393,-0.6105,-0.0284,84349.64,692023.37
CI005001.CI,20160330,2080.82,2080.82,2153.4003,2147.3393,2064.5033,82.836,4.0124,115112.47,855163.61
CI005001.CI,20160329,2085.7684,2064.5033,2085.7684,2064.5033,2089.5234,-25.0201,-1.1974,58019.83,492498.26
CI005001.CI,20160328,2110.1075,2085.4763,2134.4328,2089.5234,2104.5237,-15.0003,-0.7128,70411.94,650003.82
CI005001.CI,20160325,2092.2813,2082.4502,2104.5237,2104.5237,2095.7902,8.7335,0.4167,55706.41,474490.72
CI005001.CI,20160324,2136.661,2094.3887,2136.661,2095.7902,2156.5151,-60.7249,-2.8159,87536.51,734102.67
CI005001.CI,20160323,2141.604,2134.5808,2157.9426,2156.5151,2144.0119,12.5032,0.5832,70499.71,642605.07
CI005001.CI,20160322,2145.3416,2135.7798,2157.9789,2144.0119,2160.1365,-16.1246,-0.7465,82837.25,724416.22
CI005001.CI,20160321,2138.1003,2125.0391,2161.6345,2160.1365,2127.1097,33.0268,1.5527,119860.82,986636.23
CI005001.CI,20160318,2103.1136,2098.2282,2140.0886,2127.1097,2088.5253,38.5844,1.8474,108002.13,935081.12
CI005001.CI,20160317,2057.4431,2050.7252,2094.6394,2088.5253,2046.7177,41.8076,2.0427,70477.48,624435.17
CI005001.CI,20160316,2041.266,2035.7931,2056.4582,2046.7177,2043.5981,3.1196,0.1527,71357.49,542591.87
CI005001.CI,20160315,2044.2461,2022.3116,2050.2172,2043.5981,2049.6909,-6.0928,-0.2973,56001.39,479236.69
CI005001.CI,20160314,2022.9249,2019.4569,2069.5056,2049.6909,2004.7592,44.9317,2.2413,65250.9,550401.35
CI005001.CI,20160311,1978.776,1969.9576,2007.4814,2004.7592,2002.2044,2.5548,0.1276,46272.02,387314.96
CI005001.CI,20160310,2044.9387,1999.1309,2055.5675,2002.2044,2048.3328,-46.1284,-2.252,55422.88,460276.03
CI005001.CI,20160309,2064.017,2009.7642,2065.4492,2048.3328,2125.4443,-77.1115,-3.628,94899.84,748874.53
CI005001.CI,20160308,2122.1734,2067.8045,2125.6271,2125.4443,2099.0408,26.4035,1.2579,106179.32,878557.09
CI005001.CI,20160307,2089.4032,2076.0993,2123.5234,2099.0408,2063.5302,35.5106,1.7209,82202.98,697741.63
CI005001.CI,20160304,2054.7211,2022.3897,2087.4572,2063.5302,2058.7158,4.8144,0.2339,123940.36,966372.14
CI005001.CI,20160303,2045.4217,2041.9365,2079.9502,2058.7158,2048.4467,10.2691,0.5013,99440.11,844184.59
CI005001.CI,20160302,1956.7534,1955.9775,2051.1237,2048.4467,1953.4733,94.9734,4.8618,102971.02,824856.27
CI005001.CI,20160301,1914.2185,1900.6687,1964.7469,1953.4733,1919.4589,34.0144,1.7721,70068.23,604972.34
CI005001.CI,20160229,1962.894,1873.9832,1962.894,1919.4589,1968.5254,-49.0665,-2.4926,93259.58,723757.68
CI005001.CI,20160226,1947.6051,1930.4734,1985.0015,1968.5254,1923.5826,44.9428,2.3364,76770.3,660411.38
CI005001.CI,20160225,2072.2359,1920.0931,2072.2359,1923.5826,2077.318,-153.7354,-7.4007,94816.02,799030.61
CI005001.CI,20160224,2035.109,2029.7619,2078.0007,2077.318,2054.7097,22.6083,1.1003,69978.89,654653.42
CI005001.CI,20160223,2060.6655,2033.1977,2073.5674,2054.7097,2049.6344,5.0753,0.2476,79294.11,717234.03
CI005001.CI,20160222,2013.6728,2008.2137,2050.859,2049.6344,1998.6927,50.9417,2.5488,79027.49,674182.22
CI005001.CI,20160219,1988.9842,1982.2554,2009.0934,1998.6927,2002.571,-3.8783,-0.1937,57933.39,540248.8
CI005001.CI,20160218,2019.5733,1996.1485,2038.7968,2002.571,1995.2224,7.3486,0.3683,89789.25,764003.95
CI005001.CI,20160217,1962.1356,1955.6877,1996.3049,1995.2224,1974.5441,20.6783,1.0472,75915.34,624568.97
CI005001.CI,20160216,1915.8883,1915.8883,1979.9001,1974.5441,1904.04,70.5041,3.7029,68426.0,557810.19
CI005001.CI,20160215,1857.3962,1856.1713,1914.2977,1904.04,1914.0123,-9.9723,-0.521,43681.78,349122.18
CI005001.CI,20160205,1914.1126,1899.7214,1943.3742,1914.0123,1911.2399,2.7724,0.1451,53198.31,430189.33
CI005001.CI,20160204,1886.6831,1886.6831,1919.9329,1911.2399,1871.6616,39.5783,2.1146,60026.29,499373.46
CI005001.CI,20160203,1858.7773,1838.0698,1877.649,1871.6616,1883.2838,-11.6222,-0.6171,44440.52,347226.79
CI005001.CI,20160202,1841.5496,1841.5496,1886.5053,1883.2838,1845.7751,37.5087,2.0321,51540.16,418807.35
CI005001.CI,20160201,1881.4531,1825.7117,1881.4531,1845.7751,1886.5708,-40.7957,-2.1624,53184.31,395921.01
CI005001.CI,20160129,1840.3677,1832.7464,1898.5034,1886.5708,1837.3806,49.1902,2.6772,67734.84,502561.18
CI005001.CI,20160128,1863.6594,1833.5234,1904.684,1837.3806,1886.6363,-49.2557,-2.6108,71060.23,514863.99
CI005001.CI,20160127,1895.5456,1792.9141,1900.6056,1886.6363,1880.7167,5.9196,0.3148,79099.5,570020.67
CI005001.CI,20160126,1991.22,1875.2185,1991.2604,1880.7167,2020.9391,-140.2224,-6.9385,76204.58,576587.05
CI005001.CI,20160125,2019.1326,2003.5855,2037.6318,2020.9391,1987.9509,32.9882,1.6594,57385.78,476488.84
CI005001.CI,20160122,1980.9131,1937.7036,1997.7584,1987.9509,1954.3471,33.6038,1.7194,51841.5,409228.17
CI005001.CI,20160121,1998.2409,1953.5121,2040.7686,1954.3471,2029.6305,-75.2834,-3.7092,58921.59,470053.55
CI005001.CI,20160120,2034.722,2001.4755,2051.908,2029.6305,2046.9262,-17.2957,-0.845,71383.39,590543.48
CI005001.CI,20160119,1981.5918,1975.0884,2050.4258,2046.9262,1980.2616,66.6646,3.3665,64732.27,540203.43
CI005001.CI,20160118,1933.4847,1925.7428,2003.9364,1980.2616,1974.5554,5.7062,0.289,54732.87,448132.91
CI005001.CI,20160115,2059.5181,1963.6313,2066.7289,1974.5554,2073.4903,-98.9349,-4.7714,73583.72,571448.14
CI005001.CI,20160114,1996.4027,1979.6803,2078.6928,2073.4903,2042.7886,30.7017,1.5029,74226.43,601407.6
CI005001.CI,20160113,2113.8409,2042.7886,2123.9309,2042.7886,2106.5877,-63.7991,-3.0286,69525.47,591051.19
CI005001.CI,20160112,2109.2601,2071.9047,2131.4784,2106.5877,2115.3841,-8.7964,-0.4158,73882.95,628625.36
CI005001.CI,20160111,2211.5023,2115.1039,2228.686,2115.3841,2238.5358,-123.1517,-5.5014,94132.16,808152.51
CI005001.CI,20160108,2243.0501,2131.3681,2272.0787,2238.5358,2188.2434,50.2924,2.2983,111724.1,1027232.29
CI005001.CI,20160107,2326.3728,2175.245,2326.3728,2188.2434,2369.9205,-181.6771,-7.666,26682.8,266850.66
CI005001.CI,20160106,2300.6224,2298.9448,2371.6153,2369.9205,2294.1192,75.8013,3.3042,103064.89,1016470.63
CI005001.CI,20160105,2235.8956,2230.9498,2324.9583,2294.1192,2306.0888,-11.9696,-0.519,108910.09,1053349.81
CI005001.CI,20160104,2467.2641,2301.7124,2478.1502,2306.0888,2472.8034,-166.7146,-6.7419,77629.97,812078.66
CI005001.CI,20151231,2504.1629,2470.75,2509.2524,2472.8034,2505.534,-32.7306,-1.3063,73886.5,771844.22
CI005001.CI,20151230,2503.2483,2482.6757,2508.6691,2505.534,2501.1777,4.3563,0.1742,84871.82,872365.38
CI005001.CI,20151229,2464.4185,2457.0284,2501.1777,2501.1777,2468.6808,32.4969,1.3164,89043.4,936013.55
CI005001.CI,20151228,2532.803,2468.6808,2537.247,2468.6808,2524.8346,-56.1538,-2.2241,112332.86,1163966.13
CI005001.CI,20151225,2512.6142,2503.1096,2527.0638,2524.8346,2507.0986,17.736,0.7074,83832.68,869063.99
CI005001.CI,20151224,2510.926,2481.2884,2522.9375,2507.0986,2503.38,3.7186,0.1485,93981.49,962489.7
CI005001.CI,20151223,2516.394,2498.5304,2532.1444,2503.38,2516.6324,-13.2524,-0.5266,108234.44,1111689.93
CI005001.CI,20151222,2500.9309,2486.1602,2516.6324,2516.6324,2497.4377,19.1947,0.7686,92039.65,966445.78
CI005001.CI,20151221,2463.2712,2457.7597,2499.5482,2497.4377,2473.4464,23.9913,0.97,95427.76,945667.25
CI005001.CI,20151218,2483.8606,2469.4329,2499.5754,2473.4464,2486.587,-13.1406,-0.5285,90489.41,946747.41
CI005001.CI,20151217,2452.9268,2452.9132,2487.2971,2486.587,2452.6689,33.9181,1.3829,110876.33,1098333.36
CI005001.CI,20151216,2440.28,2438.3272,2480.257,2452.6689,2417.1216,35.5473,1.4706,105226.08,950526.41
CI005001.CI,20151215,2414.4948,2401.9811,2429.3452,2417.1216,2416.6758,0.4458,0.0184,59352.98,594461.23
CI005001.CI,20151214,2345.2497,2338.6023,2416.8147,2416.6758,2365.765,50.9108,2.152,61913.38,607976.97
CI005001.CI,20151211,2389.6347,2352.9194,2389.9091,2365.765,2397.0028,-31.2378,-1.3032,57306.31,567417.36
CI005001.CI,20151210,2400.2544,2389.8191,2417.2187,2397.0028,2396.9085,0.0943,0.0039,56176.94,633811.66
CI005001.CI,20151209,2395.5467,2383.5528,2417.8254,2396.9085,2405.983,-9.0745,-0.3772,60101.03,634135.97
CI005001.CI,20151208,2449.68,2402.0451,2449.68,2405.983,2475.3159,-69.3329,-2.801,80880.81,798550.73
CI005001.CI,20151207,2468.9795,2454.7592,2482.3172,2475.3159,2465.3718,9.9441,0.4034,79275.85,802495.86
CI005001.CI,20151204,2488.9998,2450.512,2494.0187,2465.3718,2504.0751,-38.7033,-1.5456,92247.69,893994.56
CI005001.CI,20151203,2449.7965,2443.5703,2511.3021,2504.0751,2456.2698,47.8053,1.9463,99867.79,927899.04
CI005001.CI,20151202,2418.4566,2391.3743,2457.7162,2456.2698,2418.5665,37.7033,1.5589,96884.56,874490.61
CI005001.CI,20151201,2404.7362,2386.9124,2433.7057,2418.5665,2405.5573,13.0092,0.5408,81134.64,803481.09
CI005001.CI,20151130,2423.5494,2316.3935,2442.2422,2405.5573,2420.2229,-14.6656,-0.606,102466.18,1010309.05
CI005001.CI,20151127,2579.7156,2401.3509,2582.8533,2420.2229,2594.4137,-174.1908,-6.7141,140288.1,1398314.62
CI005001.CI,20151126,2605.2425,2586.724,2619.2752,2594.4137,2599.2177,-4.804,-0.1848,116860.41,1233190.07
CI005001.CI,20151125,2580.1063,2575.4184,2600.9662,2599.2177,2575.8173,23.4004,0.9085,126029.18,1394130.17
CI005001.CI,20151124,2546.1149,2525.5811,2576.8737,2575.8173,2549.348,26.4693,1.0383,97887.14,1054183.05
CI005001.CI,20151123,2567.9247,2538.3776,2578.3544,2549.348,2565.621,-16.273,-0.6343,118975.04,1316606.31
CI005001.CI,20151120,2559.3768,2543.833,2567.2669,2565.621,2553.2907,12.3303,0.4829,110171.61,1100862.65
CI005001.CI,20151119,2530.1122,2515.4091,2553.5649,2553.2907,2522.5072,30.7835,1.2204,97339.64,970041.44
CI005001.CI,20151118,2536.9048,2517.3148,2558.6087,2522.5072,2542.7966,-20.2894,-0.7979,108204.4,1065628.0
CI005001.CI,20151117,2568.6449,2536.1562,2599.8403,2542.7966,2554.7025,-11.9059,-0.466,131366.24,1304369.14
CI005001.CI,20151116,2476.2202,2472.5562,2556.6528,2554.7025,2514.4787,40.2238,1.5997,91103.28,937828.65
CI005001.CI,20151113,2539.5865,2507.3164,2557.4997,2514.4787,2568.0685,-53.5898,-2.0868,109883.16,1130538.55
CI005001.CI,20151112,2596.8465,2547.4772,2596.8465,2568.0685,2594.5081,-26.4396,-1.0191,128883.0,1361094.87
CI005001.CI,20151111,2575.6372,2562.8989,2594.5081,2594.5081,2575.26,19.2481,0.7474,137877.49,1408391.27
CI005001.CI,20151110,2527.8813,2518.7193,2585.8712,2575.26,2546.2907,28.9693,1.1377,170050.92,1636091.95
CI005001.CI,20151109,2486.4896,2486.3448,2561.5986,2546.2907,2502.4975,43.7932,1.75,179344.45,1694036.46
CI005001.CI,20151106,2456.9269,2452.0711,2507.6037,2502.4975,2464.1173,38.3802,1.5576,145877.49,1358914.87
CI005001.CI,20151105,2420.6208,2419.4718,2511.2576,2464.1173,2423.559,40.5583,1.6735,198390.54,1732470.43
CI005001.CI,20151104,2335.9553,2335.9553,2424.5162,2423.559,2321.689,101.87,4.3878,118435.19,1036809.16
CI005001.CI,20151103,2343.2726,2314.6847,2354.5455,2321.689,2338.6903,-17.0013,-0.727,63916.92,584774.2
CI005001.CI,20151102,2361.8369,2336.775,2393.9868,2338.6903,2402.2436,-63.5533,-2.6456,93467.84,869595.34
CI005001.CI,20151030,2403.9199,2373.3022,2430.8538,2402.2436,2417.2021,-14.9585,-0.6188,97432.04,913890.88
CI005001.CI,20151029,2420.3806,2394.3997,2434.0387,2417.2021,2404.2905,12.9116,0.537,90378.91,861143.37
CI005001.CI,20151028,2428.3027,2396.5319,2452.0218,2404.2905,2443.1949,-38.9044,-1.5924,133095.72,1261171.99
CI005001.CI,20151027,2430.0894,2367.4053,2450.8546,2443.1949,2443.8423,-0.6474,-0.0265,121699.82,1179253.42
CI005001.CI,20151026,2451.4448,2424.528,2463.1979,2443.8423,2429.5278,14.3145,0.5892,128829.83,1238276.68
CI005001.CI,20151023,2402.9096,2387.5991,2435.7732,2429.5278,2397.9516,31.5762,1.3168,136429.15,1293254.55
CI005001.CI,20151022,2336.6138,2323.3889,2401.1181,2397.9516,2360.9447,37.0069,1.5675,128202.39,1169694.86
CI005001.CI,20151021,2462.1734,2312.3723,2480.451,2360.9447,2465.7137,-104.769,-4.249,202310.56,1811963.69
CI005001.CI,20151020,2433.0563,2414.6377,2465.912,2465.7137,2442.677,23.0367,0.9431,138790.88,1348518.98
CI005001.CI,20151019,2449.4986,2412.4486,2461.2055,2442.677,2457.4013,-14.7243,-0.5992,171696.34,1655577.01
CI005001.CI,20151016,2440.7492,2405.1048,2457.4013,2457.4013,2425.8072,31.5941,1.3024,174146.5,1608972.83
CI005001.CI,20151015,2355.3079,2354.7881,2426.7732,2425.8072,2374.3906,51.4166,2.1655,136211.36,1245090.17
CI005001.CI,20151014,2385.7278,2364.4417,2406.5001,2374.3906,2396.9604,-22.5698,-0.9416,113839.42,1037455.31
CI005001.CI,20151013,2369.0455,2361.0156,2401.7373,2396.9604,2395.5604,1.4,0.0584,110307.47,1003693.27
CI005001.CI,20151012,2307.8141,2300.8299,2406.9903,2395.5604,2302.4567,93.1037,4.0437,144141.26,1261079.27
CI005001.CI,20151009,2261.8192,2252.2628,2302.4567,2302.4567,2257.4669,44.9898,1.9929,103318.23,890531.59
CI005001.CI,20151008,2269.2721,2245.7543,2275.901,2257.4669,2170.0058,87.4611,4.0305,106406.41,1004944.47
CI005001.CI,20150930,2176.0124,2161.3809,2185.7453,2170.0058,2170.434,-0.4282,-0.0197,46974.15,391405.95
CI005001.CI,20150929,2185.2715,2159.9232,2199.3,2170.434,2227.1107,-56.6767,-2.5449,58801.63,480251.36
CI005001.CI,20150928,2226.3341,2177.5472,2229.1713,2227.1107,2232.9976,-5.8869,-0.2636,51851.67,426499.18
CI005001.CI,20150925,2270.588,2209.054,2295.5711,2232.9976,2283.5063,-50.5087,-2.2119,85850.6,703481.98
CI005001.CI,20150924,2274.048,2256.5265,2290.7193,2283.5063,2271.5031,12.0032,0.5284,66511.9,592225.02
CI005001.CI,20150923,2289.8778,2256.6526,2305.8177,2271.5031,2327.6291,-56.126,-2.4113,82227.85,693256.18
CI005001.CI,20150922,2324.6124,2316.1628,2355.631,2327.6291,2314.8378,12.7913,0.5526,103139.14,875624.26
CI005001.CI,20150921,2240.1958,2230.925,2316.1703,2314.8378,2265.231,49.6068,2.1899,83001.46,690759.16
CI005001.CI,20150918,2260.8233,2223.6983,2283.6834,2265.231,2245.8136,19.4174,0.8646,96005.06,767065.1
CI005001.CI,20150917,2265.2795,2245.7919,2350.8011,2245.8136,2272.7643,-26.9507,-1.1858,149177.23,1194003.44
CI005001.CI,20150916,2143.7772,2120.7868,2291.0551,2272.7643,2138.2054,134.5589,6.2931,115882.8,875577.58
CI005001.CI,20150915,2169.6323,2116.924,2214.0372,2138.2054,2213.5418,-75.3364,-3.4034,103643.1,770902.5
CI005001.CI,20150914,2349.1631,2169.9736,2359.9903,2213.5418,2332.5963,-119.0545,-5.1039,119210.36,962129.18
CI005001.CI,20150911,2335.142,2304.3834,2357.9772,2332.5963,2329.9402,2.6561,0.114,70447.98,605595.11
CI005001.CI,20150910,2333.9479,2324.5402,2370.3729,2329.9402,2380.8723,-50.9321,-2.1392,102351.9,870973.92
CI005001.CI,20150909,2321.012,2305.2723,2400.5491,2380.8723,2306.8597,74.0126,3.2084,159337.89,1332896.96
CI005001.CI,20150908,2214.2079,2181.0554,2312.2867,2306.8597,2223.0602,83.7995,3.7696,91043.17,721599.65
CI005001.CI,20150907,2256.024,2216.3135,2324.6627,2223.0602,2229.8776,-6.8174,-0.3057,115647.23,918249.24
CI005001.CI,20150902,2174.0261,2159.92,2302.3034,2229.8776,2297.4567,-67.5791,-2.9415,157803.19,1218515.05
CI005001.CI,20150901,2334.6318,2248.2705,2334.6318,2297.4567,2337.3291,-39.8724,-1.7059,176122.45,1364004.22
CI005001.CI,20150831,2365.6129,2300.9082,2365.6129,2337.3291,2372.2686,-34.9395,-1.4728,152970.77,1270098.49
CI005001.CI,20150828,2285.3209,2272.9054,2372.4921,2372.2686,2211.5441,160.7245,7.2675,170746.16,1369712.94
CI005001.CI,20150827,2159.1486,2078.5787,2212.4078,2211.5441,2114.2994,97.2447,4.5994,148047.63,1117856.16
CI005001.CI,20150826,2194.6234,2055.3683,2262.0756,2114.2994,2183.4967,-69.1973,-3.1691,187277.98,1416211.84
CI005001.CI,20150825,2246.7838,2183.4708,2318.4892,2183.4967,2423.9736,-240.4769,-9.9208,155739.4,1186655.42
CI005001.CI,20150824,2551.9829,2400.605,2577.9414,2423.9736,2665.4184,-241.4448,-9.0584,152224.56,1202691.64
CI005001.CI,20150821,2765.1457,2656.0793,2801.6422,2665.4184,2799.841,-134.4226,-4.8011,139414.08,1339092.62
CI005001.CI,20150820,2862.4846,2799.5777,2899.7424,2799.841,2909.5807,-109.7397,-3.7717,150349.25,1547697.94
CI005001.CI,20150819,2805.8251,2708.037,2929.0817,2909.5807,2906.4588,3.1219,0.1074,192753.14,1928149.16
CI005001.CI,20150818,3106.5934,2906.1168,3112.3207,2906.4588,3107.7197,-201.2609,-6.4762,241191.84,2586182.81
CI005001.CI,20150817,3076.4173,3029.7075,3110.2216,3107.7197,3091.2452,16.4745,0.5329,184599.67,2051035.38
CI005001.CI,20150814,3070.0477,3055.7077,3134.9347,3091.2452,3052.3721,38.8731,1.2735,193858.43,2188240.62
CI005001.CI,20150813,2985.8488,2951.4958,3053.0428,3052.3721,3000.4177,51.9544,1.7316,134127.39,1493490.68
CI005001.CI,20150812,3011.2765,2999.8366,3072.9195,3000.4177,3062.6986,-62.2809,-2.0335,147994.11,1710580.97
CI005001.CI,20150811,3006.7301,2982.7269,3114.5853,3062.6986,3007.5975,55.1011,1.8321,220543.48,2487085.0
CI005001.CI,20150810,2888.5727,2874.1864,3021.4885,3007.5975,2848.7853,158.8122,5.5747,193252.65,2028608.14
CI005001.CI,20150807,2800.8682,2800.366,2857.3331,2848.7853,2776.9826,71.8027,2.5856,110796.51,1126755.31
CI005001.CI,20150806,2748.7734,2739.3568,2808.9922,2776.9826,2802.259,-25.2764,-0.902,88415.02,883771.1
CI005001.CI,20150805,2864.5676,2789.4047,2890.8082,2802.259,2870.5331,-68.2741,-2.3784,126780.85,1319203.44
CI005001.CI,20150804,2751.797,2744.7938,2871.896,2870.5331,2748.1838,122.3493,4.452,140921.92,1416756.66
CI005001.CI,20150803,2787.1287,2693.7837,2795.3753,2748.1838,2832.9212,-84.7374,-2.9912,149366.42,1410774.08
CI005001.CI,20150731,2852.0793,2792.8605,2909.8066,2832.9212,2894.8304,-61.9092,-2.1386,147378.86,1513007.21
CI005001.CI,20150730,2950.6006,2890.173,3026.2784,2894.8304,2973.8868,-79.0564,-2.6584,187350.61,2000692.22
CI005001.CI,20150729,2881.9775,2817.041,2976.1256,2973.8868,2866.5705,107.3163,3.7437,193721.86,2003989.56
CI005001.CI,20150728,2829.3507,2803.2365,2979.069,2866.5705,2973.9431,-107.3726,-3.6104,264278.43,2652986.53
CI005001.CI,20150727,3204.1426,2966.3804,3253.4929,2973.9431,3275.4442,-301.5011,-9.2049,293128.95,3236029.97
CI005001.CI,20150724,3297.8489,3253.1328,3374.403,3275.4442,3282.6131,-7.1689,-0.2184,315919.22,3818468.72
CI005001.CI,20150723,3220.7613,3212.8762,3287.6186,3282.6131,3228.2097,54.4034,1.6852,251897.97,2926611.4
CI005001.CI,20150722,3148.7328,3144.1956,3241.823,3228.2097,3159.7903,68.4194,2.1653,258199.79,2926382.5
CI005001.CI,20150721,3108.4348,3089.4589,3178.8932,3159.7903,3152.579,7.2113,0.2287,243778.55,2666009.0
CI005001.CI,20150720,3069.317,3059.0155,3170.3741,3152.579,3087.3957,65.1833,2.1113,266694.86,2852758.68
CI005001.CI,20150717,2983.8404,2983.8404,3120.0459,3087.3957,2998.7036,88.6921,2.9577,209578.68,2160207.71
CI005001.CI,20150716,2976.8772,2890.9235,3036.8335,2998.7036,3001.9533,-3.2497,-0.1083,258250.43,2604324.04
CI005001.CI,20150715,2997.6842,2927.9722,3038.223,3001.9533,3022.3502,-20.3969,-0.6749,312876.34,3029098.22
CI005001.CI,20150714,3054.8408,2966.41,3101.223,3022.3502,3040.1651,-17.8149,-0.586,248827.46,2555464.96
CI005001.CI,20150713,3015.3127,2964.8039,3092.0408,3040.1651,2973.9516,66.2135,2.2264,246004.53,2442623.42
CI005001.CI,20150710,2806.4503,2774.6245,3059.8923,2973.9516,2825.6789,148.2727,5.2473,287119.84,2687846.84
CI005001.CI,20150709,2509.8393,2432.7474,2854.3371,2825.6789,2633.8436,191.8353,7.2835,291474.15,2458244.53
CI005001.CI,20150708,2618.1998,2610.7853,2772.8021,2633.8436,2898.4143,-264.5707,-9.1281,315044.43,2939434.16
CI005001.CI,20150707,2895.4474,2820.8838,3005.5614,2898.4143,3003.0441,-104.6298,-3.4841,338733.48,3266745.47
CI005001.CI,20150706,3201.3893,2939.0605,3201.3893,3003.0441,2988.117,14.9271,0.4995,422870.08,4257277.96
CI005001.CI,20150703,3058.5969,2968.8539,3154.2554,2988.117,3214.8917,-226.7747,-7.0539,244489.58,2515155.72
CI005001.CI,20150702,3276.6428,3058.2721,3308.346,3214.8917,3322.3946,-107.5029,-3.2357,297311.26,3169006.43
CI005001.CI,20150701,3416.6983,3311.6852,3520.7144,3322.3946,3487.2022,-164.8076,-4.7261,265665.2,3478081.78
CI005001.CI,20150630,3316.4927,3167.997,3503.6043,3487.2022,3395.6224,91.5798,2.697,312086.9,3832105.2
CI005001.CI,20150629,3522.4601,3190.2498,3532.9176,3395.6224,3435.735,-40.1126,-1.1675,325993.62,3958104.91
CI005001.CI,20150626,3582.6242,3356.8193,3664.1954,3435.735,3692.0253,-256.2903,-6.9417,304248.09,3705246.94
CI005001.CI,20150625,3817.1359,3650.1986,3863.4058,3692.0253,3820.4968,-128.4715,-3.3627,289917.47,3829498.3
CI005001.CI,20150624,3694.1241,3668.4782,3825.2703,3820.4968,3663.0391,157.4577,4.2986,284470.73,3736189.91
CI005001.CI,20150623,3608.2775,3390.3935,3672.8188,3663.0391,3611.5158,51.5233,1.4266,202229.64,2554094.99
CI005001.CI,20150619,3771.4378,3607.3657,3830.1075,3611.5158,3865.7392,-254.2234,-6.5763,208972.86,2672709.11
CI005001.CI,20150618,3963.148,3862.4282,4039.599,3865.7392,3977.2232,-111.484,-2.8031,212756.27,3024862.86
CI005001.CI,20150617,3873.2132,3778.5722,3989.1455,3977.2232,3871.7594,105.4638,2.7239,201117.69,2742093.01
CI005001.CI,20150616,3978.8429,3829.8517,3978.8429,3871.7594,4032.7554,-160.996,-3.9922,219129.4,2936406.43
CI005001.CI,20150615,4149.3658,4026.7461,4166.7429,4032.7554,4142.4877,-109.7323,-2.6489,230585.27,3180110.99
CI005001.CI,20150612,4098.0462,4067.5076,4149.9276,4142.4877,4078.5908,63.8969,1.5666,242209.86,3440905.19
CI005001.CI,20150611,4066.8056,4025.3908,4084.7584,4078.5908,4065.7074,12.8834,0.3169,213041.35,2924711.05
CI005001.CI,20150610,4005.0094,3964.4721,4115.5543,4065.7074,4035.8387,29.8687,0.7401,248586.66,3329916.76
CI005001.CI,20150609,4028.3418,3964.4003,4052.1803,4035.8387,4024.3728,11.4659,0.2849,262348.76,3405048.0
CI005001.CI,20150608,3938.4295,3899.4031,4042.0455,4024.3728,3928.4348,95.938,2.4421,341397.22,4322857.75
CI005001.CI,20150605,3874.2905,3812.1332,3934.9506,3928.4348,3815.4764,112.9584,2.9605,302057.91,3947210.78
CI005001.CI,20150604,3773.6345,3569.0414,3817.1769,3815.4764,3776.7616,38.7148,1.0251,225757.64,2893970.46
CI005001.CI,20150603,3791.3816,3723.9128,3834.0416,3776.7616,3778.8738,-2.1122,-0.0559,200510.0,2670224.92
CI005001.CI,20150602,3702.852,3672.1073,3778.8738,3778.8738,3694.7084,84.1654,2.278,212108.24,2771031.62
CI005001.CI,20150601,3540.9818,3540.4946,3694.7593,3694.7084,3520.5936,174.1148,4.9456,198665.37,2561113.67
CI005001.CI,20150529,3523.196,3392.9303,3595.6605,3520.5936,3551.9556,-31.362,-0.883,229445.78,2866663.46
CI005001.CI,20150528,3878.6923,3540.7981,3883.4536,3551.9556,3887.4529,-335.4973,-8.6303,320317.54,4076303.69
CI005001.CI,20150527,3844.0701,3788.49,3908.7157,3887.4529,3823.4655,63.9874,1.6735,273359.65,3642532.97
CI005001.CI,20150526,3787.1442,3725.2036,3824.214,3823.4655,3749.1016,74.3639,1.9835,254448.05,3375083.66
CI005001.CI,20150525,3620.3738,3609.199,3749.8279,3749.1016,3622.7509,126.3507,3.4877,297368.96,3766027.51
CI005001.CI,20150522,3545.0754,3525.2463,3628.3614,3622.7509,3503.5314,119.2195,3.4028,292161.55,3601773.27
CI005001.CI,20150521,3441.227,3419.9936,3504.12,3503.5314,3435.4332,68.0982,1.9822,195092.47,2395008.95
CI005001.CI,20150520,3421.9992,3412.0997,3495.3147,3435.4332,3411.0259,24.4073,0.7155,215586.31,2602419.79
CI005001.CI,20150519,3308.9654,3308.9654,3411.0259,3411.0259,3307.1005,103.9254,3.1425,172405.47,2086820.16
CI005001.CI,20150518,3303.9369,3283.661,3340.7638,3307.1005,3331.3188,-24.2183,-0.727,149683.48,1778777.85
CI005001.CI,20150515,3408.993,3320.2406,3408.993,3331.3188,3438.6669,-107.3481,-3.1218,182305.78,2075474.89
CI005001.CI,20150514,3396.2482,3350.9362,3464.7465,3438.6669,3409.7844,28.8825,0.847,219146.37,2516445.63
CI005001.CI,20150513,3422.5751,3381.7292,3443.9638,3409.7844,3427.7697,-17.9853,-0.5247,206772.34,2525893.29
CI005001.CI,20150512,3416.3957,3375.8445,3438.9842,3427.7697,3398.6313,29.1384,0.8574,209927.74,2511220.91
CI005001.CI,20150511,3322.4728,3290.1041,3399.5322,3398.6313,3305.9598,92.6715,2.8032,222450.76,2486588.41
CI005001.CI,20150508,3262.2246,3218.4861,3307.7975,3305.9598,3227.8407,78.1191,2.4202,185216.19,2052314.68
CI005001.CI,20150507,3340.1537,3221.1978,3359.0674,3227.8407,3363.939,-136.0983,-4.0458,197261.55,2200703.25
CI005001.CI,20150506,3441.8977,3322.5493,3492.8966,3363.939,3436.9407,-73.0017,-2.124,238471.2,2803225.76
CI005001.CI,20150505,3530.6553,3429.1853,3631.221,3436.9407,3505.9857,-69.045,-1.9693,306800.08,3753543.95
CI005001.CI,20150504,3463.8101,3408.2518,3516.6679,3505.9857,3473.1222,32.8635,0.9462,208736.82,2355599.03
CI005001.CI,20150430,3536.5774,3473.0997,3553.779,3473.1222,3542.8757,-69.7535,-1.9688,243874.82,2740133.19
CI005001.CI,20150429,3546.4842,3470.945,3564.2262,3542.8757,3571.7986,-28.9229,-0.8098,304091.51,3457764.71
CI005001.CI,20150428,3657.3781,3523.6418,3748.0535,3571.7986,3652.2241,-80.4255,-2.2021,538704.09,6196128.39
CI005001.CI,20150427,3492.2007,3492.2007,3663.8833,3652.2241,3428.5654,223.6587,6.5234,386102.6,4793427.26
CI005001.CI,20150424,3346.3365,3327.4857,3498.6662,3428.5654,3393.1286,35.4368,1.0444,350753.1,3943844.96
CI005001.CI,20150423,3379.4907,3353.2577,3440.8568,3393.1286,3374.1403,18.9883,0.5628,296093.54,3328227.2
CI005001.CI,20150422,3313.2485,3313.2485,3376.0467,3374.1403,3302.4885,71.6518,2.1696,278482.43,3192832.82
CI005001.CI,20150421,3233.4586,3225.0148,3303.3772,3302.4885,3227.229,75.2595,2.332,235465.7,2705119.73
CI005001.CI,20150420,3274.5795,3209.4118,3354.0537,3227.229,3291.3014,-64.0724,-1.9467,404834.63,4629832.43
CI005001.CI,20150417,3219.4987,3209.8675,3324.2675,3291.3014,3171.0948,120.2066,3.7907,413305.47,4514667.94
CI005001.CI,20150416,3073.7586,3061.9903,3199.4818,3171.0948,3082.3228,88.772,2.88,282511.39,2966066.27
CI005001.CI,20150415,3136.6754,3055.8699,3146.8409,3082.3228,3141.0189,-58.6961,-1.8687,253451.21,2684681.11
CI005001.CI,20150414,3133.3145,3104.2206,3167.558,3141.0189,3131.079,9.9399,0.3175,230458.31,2557910.4
CI005001.CI,20150413,3086.2084,3080.5554,3136.95,3131.079,3067.4927,63.5863,2.0729,260243.25,2758805.32
CI005001.CI,20150410,3018.5814,3009.2839,3074.7581,3067.4927,3014.151,53.3417,1.7697,229072.16,2448362.67
CI005001.CI,20150409,3045.3994,2946.3096,3049.7831,3014.151,3052.5773,-38.4263,-1.2588,266952.6,2704240.78
CI005001.CI,20150408,3036.8112,2969.3204,3064.756,3052.5773,3013.2999,39.2774,1.3035,319006.52,3261551.21
CI005001.CI,20150407,2961.7482,2957.2778,3013.7453,3013.2999,2929.7909,83.509,2.8503,275602.26,2694971.88
CI005001.CI,20150403,2896.5757,2886.1487,2933.5165,2929.7909,2917.5038,12.2871,0.4212,208327.72,2154585.8
CI005001.CI,20150402,2878.8201,2865.0037,2918.2569,2917.5038,2855.8956,61.6082,2.1572,246315.73,2445884.6
CI005001.CI,20150401,2802.0381,2797.3504,2860.1069,2855.8956,2807.6077,48.2879,1.7199,197952.26,1975478.2
CI005001.CI,20150331,2856.6713,2800.5519,2859.0018,2807.6077,2846.9382,-39.3305,-1.3815,259445.2,2526847.84
CI005001.CI,20150330,2786.957,2785.3238,2852.5692,2846.9382,2778.5712,68.367,2.4605,239067.79,2332888.38
CI005001.CI,20150327,2808.7253,2764.6872,2811.4679,2778.5712,2784.491,-5.9198,-0.2126,203526.92,2108048.88
CI005001.CI,20150326,2701.48,2684.441,2792.2332,2784.491,2702.3378,82.1532,3.0401,285149.88,2736573.33
CI005001.CI,20150325,2699.4462,2666.5105,2714.7972,2702.3378,2703.6378,-1.3,-0.0481,181830.11,1703490.81
CI005001.CI,20150324,2734.1228,2644.4542,2738.0077,2703.6378,2730.6527,-27.0149,-0.9893,226161.14,2034359.11
CI005001.CI,20150323,2692.268,2690.2152,2732.5527,2730.6527,2695.0634,35.5893,1.3205,232659.29,2049106.4
CI005001.CI,20150320,2692.8262,2669.506,2710.2828,2695.0634,2700.2821,-5.2187,-0.1933,186796.24,1683927.88
CI005001.CI,20150319,2672.6073,2654.4639,2726.5489,2700.2821,2675.489,24.7931,0.9267,219437.57,1977331.65
CI005001.CI,20150318,2639.2384,2625.1856,2677.3357,2675.489,2638.488,37.001,1.4024,207573.41,1826580.41
CI005001.CI,20150317,2601.5236,2594.292,2640.2516,2638.488,2596.316,42.172,1.6243,221879.69,1920014.19
CI005001.CI,20150316,2561.3631,2550.2828,2596.5858,2596.316,2552.5533,43.7627,1.7145,162137.93,1410962.86
CI005001.CI,20150313,2547.8055,2540.8543,2563.0611,2552.5533,2539.9627,12.5906,0.4957,117147.54,984782.98
CI005001.CI,20150312,2520.0318,2507.989,2544.1744,2539.9627,2514.5069,25.4558,1.0124,133543.7,1124810.2
CI005001.CI,20150311,2521.101,2505.5081,2544.7193,2514.5069,2525.3143,-10.8074,-0.428,113825.05,955401.83
CI005001.CI,20150310,2529.4052,2517.1752,2539.0029,2525.3143,2530.3218,-5.0075,-0.1979,123434.17,1041847.53
CI005001.CI,20150309,2479.205,2470.4299,2533.3654,2530.3218,2480.0771,50.2447,2.0259,142966.63,1173742.47
CI005001.CI,20150306,2486.3725,2477.8596,2510.8355,2480.0771,2491.3169,-11.2398,-0.4512,105902.58,928877.56
CI005001.CI,20150305,2497.855,2474.858,2505.6809,2491.3169,2515.0991,-23.7822,-0.9456,148121.27,1222098.39
CI005001.CI,20150304,2474.2229,2467.6695,2518.8536,2515.0991,2474.9107,40.1884,1.6238,149456.57,1227012.1
CI005001.CI,20150303,2519.3148,2470.7281,2519.3148,2474.9107,2534.3286,-59.4179,-2.3445,155330.87,1317759.96
CI005001.CI,20150302,2524.3627,2498.495,2534.3833,2534.3286,2522.7032,11.6254,0.4608,172728.53,1393499.66
CI005001.CI,20150227,2471.8422,2462.6654,2538.0711,2522.7032,2479.4344,43.2688,1.7451,175039.52,1365041.32
CI005001.CI,20150226,2448.3056,2427.0148,2481.1371,2479.4344,2453.3259,26.1085,1.0642,127965.59,1038715.07
CI005001.CI,20150225,2447.3622,2444.1722,2477.3115,2453.3259,2409.0154,44.3105,1.8394,169100.71,1294354.75
CI005001.CI,20150217,2405.5013,2399.7636,2412.8874,2409.0154,2398.0572,10.9582,0.457,75683.83,620220.6
CI005001.CI,20150216,2382.4951,2375.5991,2403.7126,2398.0572,2378.0949,19.9623,0.8394,77805.03,649321.89
CI005001.CI,20150213,2362.1347,2361.0806,2402.015,2378.0949,2353.5526,24.5423,1.0428,97945.37,781622.33
CI005001.CI,20150212,2336.852,2314.3221,2358.6392,2353.5526,2337.1843,16.3683,0.7003,88523.49,666667.87
CI005001.CI,20150211,2348.6895,2331.3297,2351.7851,2337.1843,2343.2643,-6.08,-0.2595,69731.66,533198.69
CI005001.CI,20150210,2315.8601,2311.4158,2343.2643,2343.2643,2321.5227,21.7416,0.9365,89020.75,653760.99
CI005001.CI,20150209,2311.818,2297.6813,2337.6976,2321.5227,2323.3145,-1.7918,-0.0771,87505.85,659016.74
CI005001.CI,20150206,2365.699,2310.0827,2372.5622,2323.3145,2377.1119,-53.7974,-2.2631,105239.78,831693.51
CI005001.CI,20150205,2444.9578,2377.1119,2444.9578,2377.1119,2434.113,-57.0011,-2.3418,115352.58,962331.25
CI005001.CI,20150204,2478.9934,2432.7446,2494.308,2434.113,2458.4777,-24.3647,-0.991,128315.19,1067589.86
CI005001.CI,20150203,2423.5914,2418.4139,2462.2893,2458.4777,2400.2892,58.1885,2.4242,126039.06,1031572.47
CI005001.CI,20150202,2403.2691,2394.9869,2426.6756,2400.2892,2422.1887,-21.8995,-0.9041,104863.52,851772.83
CI005001.CI,20150130,2458.626,2421.7046,2472.9395,2422.1887,2456.5045,-34.3158,-1.3969,110040.28,889001.1
CI005001.CI,20150129,2461.2316,2429.0369,2472.0606,2456.5045,2495.597,-39.0925,-1.5665,129527.89,1063248.76
CI005001.CI,20150128,2517.1014,2490.39,2527.1134,2495.597,2532.6203,-37.0233,-1.4619,105355.41,952797.76
CI005001.CI,20150127,2548.5368,2484.3319,2556.6864,2532.6203,2550.1922,-17.5719,-0.689,143394.92,1296647.47
CI005001.CI,20150126,2499.6768,2490.946,2553.0932,2550.1922,2510.6927,39.4995,1.5733,118278.47,1121435.28
CI005001.CI,20150123,2507.456,2494.5778,2558.2015,2510.6927,2505.6249,5.0678,0.2023,148590.64,1360455.46
CI005001.CI,20150122,2486.8381,2473.2514,2513.5625,2505.6249,2489.2754,16.3495,0.6568,126670.5,1182445.28
CI005001.CI,20150121,2405.877,2397.1646,2504.6439,2489.2754,2407.4956,81.7798,3.3969,157860.32,1430762.66
CI005001.CI,20150120,2355.1874,2350.5542,2410.2349,2407.4956,2343.6534,63.8422,2.724,127457.27,1117751.09
CI005001.CI,20150119,2420.6653,2322.7544,2468.3196,2343.6534,2515.4466,-171.7932,-6.8295,179567.85,1559415.18
CI005001.CI,20150116,2474.6088,2471.7362,2533.9432,2515.4466,2486.9808,28.4658,1.1446,145094.37,1320789.96
CI005001.CI,20150115,2416.374,2403.1811,2489.1753,2486.9808,2403.9759,83.0049,3.4528,116717.45,1015301.1
CI005001.CI,20150114,2427.6109,2383.2615,2439.456,2403.9759,2425.7135,-21.7376,-0.8961,83226.33,737665.15
CI005001.CI,20150113,2408.3063,2408.3063,2446.6476,2425.7135,2411.1466,14.5669,0.6041,87281.47,753952.09
CI005001.CI,20150112,2448.0888,2400.4638,2455.6968,2411.1466,2470.5571,-59.4105,-2.4047,113216.17,997103.88
CI005001.CI,20150109,2491.0517,2468.3817,2549.7317,2470.5571,2498.9833,-28.4262,-1.1375,169324.77,1535898.51
CI005001.CI,20150108,2528.6096,2494.4565,2589.289,2498.9833,2542.4927,-43.5094,-1.7113,204796.96,1873045.47
CI005001.CI,20150107,2488.3469,2459.5322,2547.6509,2542.4927,2512.4722,30.0205,1.1949,188785.95,1648255.48
CI005001.CI,20150106,2534.1499,2472.1879,2551.1951,2512.4722,2543.7518,-31.2796,-1.2297,253594.29,2192145.34
CI005001.CI,20150105,2413.3401,2397.6855,2557.2011,2543.7518,2400.1138,143.638,5.9846,302826.39,2556612.05
