ts_code,trade_date,name,open,low,high,close,change,pct_change,vol,amount,pe,pb,float_mv,total_mv
801001.SI,20260821,申万50,3727.1,3721.69,3779.93,3770.68,42.98,1.15,451267,28693861,24.86,3.42,1129634089,2340105164.0
801001.SI,20260820,申万50,3760.3,3701.92,3766.81,3727.7,-2.41,-0.06,532259,30375708,24.58,3.39,1116699934,2319319431.0
801001.SI,20260819,申万50,3811.94,3706.39,3825.3,3730.11,-165.9,-4.26,709945,40015020,24.59,3.4,1117427902,2325587935.0
801001.SI,20260818,申万50,3912.89,3855.21,3920.13,3896.01,-21.77,-0.56,701991,36216911,25.68,3.56,1166774390,2401637442.0
801001.SI,20260817,申万50,3834.55,3822.89,3918.19,3917.78,91.63,2.39,606987,41419485,25.82,3.58,1173191301,2406039433.0
801001.SI,20260814,申万50,3828.81,3793.54,3834.76,3826.15,14.59,0.38,502382,32102893,25.22,3.49,1145813987,2362407297.0
801001.SI,20260813,申万50,3867.34,3810.08,3886.99,3811.56,-16.41,-0.43,590994,39889065,25.12,3.48,1141541620,2357054097.0
801001.SI,20260812,申万50,3784.5,3784.5,3842.51,3827.97,42.71,1.13,492483,33741499,25.23,3.49,1146262058,2363849362.0
801001.SI,20260811,申万50,3801.44,3778.66,3836.89,3785.26,-27.05,-0.71,552437,36275798,24.94,3.46,1133375799,2352863671.0
801001.SI,20260810,申万50,3841.42,3766.74,3844.68,3812.31,-24.15,-0.63,608609,45057992,25.12,3.48,1141574744,2368989250.0
801001.SI,20260807,申万50,3791.59,3791.59,3860.77,3836.46,58.82,1.56,698268,48613640,25.29,3.5,1149144624,2374782118.0
801001.SI,20260806,申万50,3741.11,3728.4,3824.56,3777.64,-9.12,-0.24,688366,43615252,24.91,3.45,1131704863,2345311595.0
801001.SI,20260805,申万50,3643.89,3643.89,3814.96,3786.76,71.6,1.93,850131,55155543,24.97,3.46,1134466009,2343228268.0
801001.SI,20260804,申万50,3641.15,3639.12,3730.59,3715.16,109.53,3.04,619017,40679429,24.5,3.39,1113241282,2304586404.0
801001.SI,20260803,申万50,3640.18,3592.09,3647.79,3605.63,-64.49,-1.76,497812,32330191,23.78,3.29,1080405233,2261985603.0
801001.SI,20260731,申万50,3747.97,3670.12,3758.96,3670.12,44.35,1.22,738715,48800864,24.2,3.35,1099396826,2295781384.0
801001.SI,20260730,申万50,3673.4,3542.83,3696.24,3625.77,-88.21,-2.38,707905,47677292,23.9,3.31,1085836972,2280546480.0
801001.SI,20260729,申万50,3716.82,3614.66,3738.75,3713.98,10.36,0.28,634839,43694044,24.49,3.39,1112926591,2314222933.0
801001.SI,20260728,申万50,3796.25,3685.49,3828.43,3703.62,-189.53,-4.87,573504,38656194,24.43,3.38,1109805627,2315881370.0
801001.SI,20260727,申万50,3848.2,3814.47,3893.15,3893.15,55.67,1.45,540424,34012747,25.67,3.55,1166262811,2395807660.0
801001.SI,20260724,申万50,3856.68,3831.86,3887.77,3837.48,-65.68,-1.68,582457,34427496,25.3,3.52,1149518276,2368229569.0
801001.SI,20260723,申万50,3940.38,3874.95,3943.73,3903.16,-5.85,-0.15,631841,41157724,25.73,3.58,1169199605,2397955434.0
801001.SI,20260722,申万50,3944.2,3886.67,4005.87,3909.01,-65.24,-1.64,825632,55219638,25.76,3.58,1170585249,2399169223.0
801001.SI,20260721,申万50,3830.31,3735.31,3975.14,3974.25,187.45,4.95,966985,61365917,26.19,3.64,1189672096,2424499936.0
801001.SI,20260720,申万50,3795.95,3711.78,3841.45,3786.8,45.06,1.2,867685,53331279,24.96,3.47,1133875726,2340418607.0
801001.SI,20260717,申万50,3901.6,3709.62,3901.6,3741.74,-210.39,-5.32,868339,54348351,24.66,3.43,1120085679,2298612221.0
801001.SI,20260716,申万50,3971.49,3923.02,4045.38,3952.14,-105.4,-2.6,728254,46556705,26.03,3.62,1182504686,2398118770.0
801001.SI,20260715,申万50,4110.86,4052.69,4127.46,4057.54,-44.25,-1.08,777378,49633991,26.69,3.71,1213552937,2448062641.0
801001.SI,20260714,申万50,3978.98,3933.6,4101.79,4101.79,126.43,3.18,838205,55705135,26.97,3.75,1226226508,2469883103.0
801001.SI,20260713,申万50,4029.17,3949.42,4076.33,3975.36,-94.83,-2.33,826393,51595557,26.14,3.63,1189223077,2404234178.0
801001.SI,20260710,申万50,4255.96,4070.19,4266.63,4070.19,-158.08,-3.74,951020,66849618,26.75,3.72,1216731631,2444711832.0
801001.SI,20260709,申万50,4080.16,4051.0,4233.1,4228.27,185.07,4.58,941286,59771395,27.78,3.86,1263867624,2521712710.0
801001.SI,20260708,申万50,4092.62,4019.28,4134.11,4043.2,-30.13,-0.74,779685,46771417,26.57,3.69,1208483811,2431795376.0
801001.SI,20260707,申万50,4073.59,4025.45,4114.05,4073.33,-35.29,-0.86,703441,44646934,26.75,3.72,1217108897,2438733221.0
801001.SI,20260706,申万50,4163.51,4042.53,4167.13,4108.62,-21.29,-0.52,876243,53516746,26.97,3.75,1227040718,2451657754.0
801001.SI,20260703,申万50,4089.5,4075.99,4209.52,4129.91,25.65,0.62,969331,57217062,27.13,3.77,1234233991,2455785849.0
801001.SI,20260702,申万50,4188.6,4094.78,4214.95,4104.26,-212.41,-4.92,1172117,61568445,26.96,3.75,1226541244,2440140098.0
801001.SI,20260701,申万50,4387.0,4275.62,4408.27,4316.67,-92.26,-2.09,1093706,67673620,28.35,3.94,1289553635,2546244658.0
801001.SI,20260630,申万50,4319.86,4319.86,4421.04,4408.93,81.45,1.88,531291,47411017,22.83,3.02,1290607064,2574511544.0
801001.SI,20260629,申万50,4250.86,4224.63,4329.91,4327.48,67.35,1.58,575864,49785940,22.41,2.96,1266763460,2543779689.0
801001.SI,20260626,申万50,4378.44,4236.49,4378.44,4260.13,-162.66,-3.68,604616,50133349,22.05,2.91,1246874562,2508958105.0
801001.SI,20260625,申万50,4346.44,4346.44,4429.66,4422.79,91.07,2.1,671611,55540780,22.9,3.03,1294482779,2596954926.0
801001.SI,20260624,申万50,4271.83,4268.46,4338.31,4331.72,45.85,1.07,599260,46102267,22.43,2.96,1267828864,2561962645.0
801001.SI,20260623,申万50,4420.47,4261.08,4435.22,4285.87,-149.38,-3.37,707090,49766927,22.18,2.93,1253742281,2548572972.0
801001.SI,20260622,申万50,4340.45,4318.03,4436.83,4435.25,101.54,2.34,748996,54408380,22.94,3.03,1297171377,2615201707.0
801001.SI,20260618,申万50,4265.67,4265.16,4355.63,4333.71,57.22,1.34,585796,49110445,22.42,2.96,1267473170,2567535832.0
801001.SI,20260617,申万50,4206.09,4204.34,4279.09,4276.49,41.96,0.99,428709,37693987,22.12,2.92,1250738737,2543016681.0
801001.SI,20260616,申万50,4240.26,4216.58,4254.6,4234.53,-0.51,-0.01,502254,37951486,21.9,2.89,1239092478,2531570401.0
801001.SI,20260615,申万50,4163.5,4129.72,4235.11,4235.04,125.4,3.05,628340,42800248,21.9,2.89,1239242021,2541261703.0
801001.SI,20260612,申万50,4138.81,4102.95,4143.38,4109.64,47.6,1.17,600216,43271473,21.25,2.81,1202547735,2490604674.0
801001.SI,20260611,申万50,4075.44,4020.39,4123.45,4062.04,-27.89,-0.68,425380,32971847,21.0,2.78,1188619345,2458183475.0
801001.SI,20260610,申万50,4098.81,4064.8,4145.47,4089.93,-56.94,-1.37,473299,34866784,21.15,2.8,1196501625,2471908222.0
801001.SI,20260609,申万50,4091.45,4055.76,4149.12,4146.87,91.98,2.27,471125,36843468,21.45,2.83,1213159107,2493304652.0
801001.SI,20260608,申万50,4036.38,4020.58,4114.77,4054.89,-103.6,-2.49,536110,37535323,20.98,2.77,1186245968,2446196271.0
801001.SI,20260605,申万50,4256.76,4142.25,4293.02,4158.49,-117.95,-2.76,486654,44692249,21.5,2.84,1215949405,2491492304.0
801001.SI,20260604,申万50,4262.34,4262.34,4312.7,4276.44,-26.27,-0.61,402082,37262561,22.11,2.92,1250437307,2544757955.0
801001.SI,20260603,申万50,4274.54,4265.52,4375.06,4302.71,47.72,1.12,489888,48340117,22.25,2.94,1257244111,2567442246.0
801001.SI,20260602,申万50,4173.35,4149.2,4272.49,4254.99,112.46,2.71,499275,41156487,22.0,2.91,1243554749,2552075560.0
801001.SI,20260601,申万50,4248.66,4136.94,4251.9,4142.53,-94.82,-2.24,478258,41214161,21.41,2.83,1210686420,2491319337.0
801001.SI,20260529,申万50,4299.5,4220.53,4306.04,4237.35,-31.46,-0.74,584487,49195093,21.9,2.89,1238397290,2529439470.0
801001.SI,20260528,申万50,4231.84,4184.02,4274.69,4268.81,18.8,0.44,486098,43280081,22.06,2.92,1247517578,2535455839.0
801001.SI,20260527,申万50,4283.58,4234.76,4328.89,4250.01,-36.41,-0.85,497618,47152930,21.96,2.9,1242023189,2527213551.0
801001.SI,20260526,申万50,4236.0,4228.55,4294.35,4286.42,27.7,0.65,516147,47848932,22.15,2.93,1252663126,2549243863.0
801001.SI,20260525,申万50,4182.5,4166.06,4258.84,4258.72,103.65,2.49,453245,47948950,22.01,2.91,1244994959,2536744990.0
801001.SI,20260522,申万50,4126.25,4099.32,4159.38,4155.07,69.12,1.69,449410,41598470,21.48,2.84,1215101762,2487814102.0
801001.SI,20260521,申万50,4187.46,4084.52,4239.07,4085.95,-62.64,-1.51,563244,47897064,21.11,2.79,1194140197,2458804082.0
801001.SI,20260520,申万50,4108.13,4108.13,4167.65,4148.59,20.11,0.49,435734,39546698,21.43,2.83,1212445453,2489386169.0
801001.SI,20260519,申万50,4100.35,4035.81,4129.49,4128.48,8.13,0.2,400612,37187883,21.32,2.82,1206569634,2492702725.0
801001.SI,20260518,申万50,4122.3,4095.43,4164.71,4120.35,-24.94,-0.6,445879,38874625,21.28,2.82,1204193462,2483777822.0
801001.SI,20260515,申万50,4185.99,4117.12,4219.43,4145.29,-43.85,-1.05,573387,49064045,21.41,2.83,1211475640,2498938827.0
801001.SI,20260514,申万50,4307.9,4181.52,4307.9,4189.14,-81.81,-1.92,533314,45390890,21.63,2.86,1224290699,2527621525.0
801001.SI,20260513,申万50,4182.77,4178.72,4273.28,4270.95,53.77,1.27,522509,43453752,22.05,2.92,1248184864,2567161704.0
801001.SI,20260512,申万50,4223.15,4193.67,4237.9,4217.18,9.73,0.23,526372,44103509,21.77,2.88,1232470922,2544278708.0
801001.SI,20260511,申万50,4150.61,4131.45,4217.28,4207.45,91.03,2.21,576587,47952981,21.72,2.87,1229626979,2543528799.0
801001.SI,20260508,申万50,4115.57,4098.56,4133.74,4116.42,-35.93,-0.87,445429,35931190,21.18,2.8,1190601857,2501389177.0
801001.SI,20260507,申万50,4133.19,4108.19,4154.76,4152.35,41.4,1.01,504117,41819129,21.36,2.82,1200994600,2519059284.0
801001.SI,20260506,申万50,4099.73,4076.64,4144.06,4110.95,75.86,1.88,604771,48546942,21.15,2.79,1188936564,2501361379.0
801001.SI,20260430,申万50,4041.47,4020.63,4049.21,4035.09,13.05,0.32,521730,38102572,20.57,2.74,1166997516,2466190604.0
801001.SI,20260429,申万50,3951.39,3947.29,4025.41,4022.04,48.67,1.23,508642,36933245,20.5,2.75,1163224828,2463241008.0
801001.SI,20260428,申万50,3975.73,3958.65,4003.65,3973.37,-17.78,-0.45,434269,33255385,20.25,2.76,1149147600,2446373782.0
801001.SI,20260427,申万50,3997.98,3981.78,4016.69,3991.15,8.85,0.22,426446,35768628,20.34,2.77,1154278789,2451740195.0
801001.SI,20260424,申万50,3984.4,3947.34,3998.58,3982.3,-18.49,-0.46,389230,38540734,20.28,2.76,1151461055,2452675865.0
801001.SI,20260423,申万50,4039.49,3973.74,4040.55,4000.79,-19.13,-0.48,450096,36320023,20.35,2.78,1155709026,2458763554.0
801001.SI,20260422,申万50,3956.78,3956.78,4021.52,4019.92,45.77,1.15,418883,33047551,20.45,2.79,1161235459,2464499785.0
801001.SI,20260421,申万50,3955.12,3921.48,3982.33,3974.15,8.85,0.22,364458,29920557,20.22,2.77,1147989864,2444019032.0
801001.SI,20260420,申万50,3936.82,3932.97,3971.17,3965.3,25.6,0.65,423352,33223166,20.17,2.76,1145433773,2440832133.0
801001.SI,20260417,申万50,3927.9,3921.88,3949.53,3939.7,9.24,0.24,374185,33294803,20.04,2.75,1138039988,2421250632.0
801001.SI,20260416,申万50,3875.57,3869.64,3933.26,3930.46,66.8,1.73,381082,29384344,19.99,2.74,1135371181,2419267459.0
801001.SI,20260415,申万50,3906.5,3850.8,3911.69,3863.66,-13.1,-0.34,429795,32124453,19.65,2.7,1115649422,2385932640.0
801001.SI,20260414,申万50,3842.69,3832.88,3877.21,3876.76,59.46,1.56,433556,32156737,19.71,2.71,1119343164,2383682043.0
801001.SI,20260413,申万50,3782.88,3782.88,3829.3,3817.3,17.11,0.45,389004,28555286,19.4,2.67,1101718527,2346651061.0
801001.SI,20260410,申万50,3736.57,3735.7,3816.69,3800.19,89.76,2.42,476175,33791723,19.31,2.66,1096777083,2334865382.0
801001.SI,20260409,申万50,3700.12,3689.07,3723.84,3710.43,-15.82,-0.42,357724,25242928,18.86,2.59,1070871998,2297790190.0
801001.SI,20260408,申万50,3660.14,3659.32,3726.38,3726.25,153.41,4.29,491102,32118648,18.93,2.6,1075438856,2308451190.0
801001.SI,20260407,申万50,3575.69,3554.49,3589.32,3572.84,2.07,0.06,270764,17961739,18.15,2.5,1031159529,2234834432.0
801001.SI,20260403,申万50,3613.9,3570.77,3613.9,3570.77,-26.74,-0.74,266517,17885344,18.14,2.5,1030633706,2240651720.0
801001.SI,20260402,申万50,3640.61,3581.61,3640.61,3597.51,-55.72,-1.53,344171,19558641,18.28,2.51,1038351551,2260398401.0
801001.SI,20260401,申万50,3642.41,3618.07,3655.43,3653.24,74.39,2.08,392532,24953523,18.56,2.55,1054365596,2280327882.0
801001.SI,20260331,申万50,3612.45,3578.85,3645.3,3578.85,-33.76,-0.93,391293,22453375,18.18,2.5,1032895070,2244270519.0
801001.SI,20260330,申万50,3589.79,3572.52,3616.54,3612.61,-18.51,-0.51,318695,19032416,18.35,2.54,1042634734,2249225870.0
801001.SI,20260327,申万50,3571.72,3571.72,3649.48,3631.12,19.54,0.54,317553,20201814,18.44,2.56,1047976685,2253774910.0
801001.SI,20260326,申万50,3653.2,3605.18,3671.67,3611.58,-55.16,-1.5,363518,23060602,18.33,2.55,1042314513,2242755715.0
801001.SI,20260325,申万50,3643.95,3642.01,3670.82,3666.74,58.56,1.62,413784,25799849,18.61,2.59,1058233069,2266793595.0
801001.SI,20260324,申万50,3604.27,3535.52,3608.18,3608.18,37.29,1.04,429415,25046091,18.31,2.55,1041331210,2235297894.0
801001.SI,20260323,申万50,3637.9,3553.47,3653.04,3570.89,-126.75,-3.43,558703,31422103,18.12,2.53,1030570367,2213834013.0
801001.SI,20260320,申万50,3724.69,3695.12,3748.3,3697.64,4.92,0.13,458258,31027381,18.77,2.62,1067150586,2292709595.0
801001.SI,20260319,申万50,3707.38,3682.08,3735.34,3692.72,-57.83,-1.54,450892,25364979,18.75,2.62,1065727363,2294042734.0
801001.SI,20260318,申万50,3734.06,3704.29,3754.33,3750.55,31.69,0.85,373440,26082206,19.04,2.66,1082416513,2319362713.0
801001.SI,20260317,申万50,3763.79,3718.86,3791.66,3718.86,-25.54,-0.68,442037,28410786,18.88,2.64,1073271272,2307846600.0
801001.SI,20260316,申万50,3716.06,3678.77,3746.9,3744.4,30.15,0.81,393581,27374671,19.01,2.66,1080641739,2314147519.0
801001.SI,20260313,申万50,3698.54,3698.54,3739.38,3714.25,-3.94,-0.11,369529,23606367,18.86,2.64,1071939119,2296559497.0
801001.SI,20260312,申万50,3740.53,3689.84,3742.41,3718.19,-26.99,-0.72,341441,22340840,18.87,2.64,1073072034,2298775438.0
801001.SI,20260311,申万50,3731.73,3728.22,3767.77,3745.18,24.34,0.65,337716,24505376,19.01,2.66,1080862428,2311334438.0
801001.SI,20260310,申万50,3700.52,3696.49,3724.17,3720.84,75.08,2.06,342897,23550811,18.88,2.64,1073837160,2296530463.0
801001.SI,20260309,申万50,3620.07,3577.78,3654.09,3645.76,-49.41,-1.34,452666,27049130,18.49,2.6,1052167639,2262317883.0
801001.SI,20260306,申万50,3667.71,3659.74,3707.64,3695.17,6.76,0.18,314055,19764820,18.75,2.63,1066404123,2287738128.0
801001.SI,20260305,申万50,3696.69,3670.4,3718.49,3688.41,44.28,1.21,361418,24821348,18.72,2.63,1064454360,2286205201.0
801001.SI,20260304,申万50,3649.28,3624.33,3681.37,3644.13,-46.94,-1.27,442531,24500423,18.49,2.6,1051676304,2261493200.0
801001.SI,20260303,申万50,3770.79,3688.59,3774.93,3691.07,-69.89,-1.86,591940,34208153,18.73,2.63,1065222156,2288412278.0
801001.SI,20260302,申万50,3719.71,3714.81,3771.86,3760.96,4.48,0.12,493500,31939624,19.08,2.68,1085392840,2313379449.0
801001.SI,20260227,申万50,3756.53,3745.36,3770.62,3756.48,-30.32,-0.8,364897,26658379,19.06,2.68,1084099261,2308463861.0
801001.SI,20260226,申万50,3807.41,3770.0,3807.41,3786.8,-18.89,-0.5,397781,28787121,19.22,2.7,1092848571,2323561540.0
801001.SI,20260225,申万50,3774.24,3774.11,3826.24,3805.69,36.24,0.96,391520,25721586,19.31,2.71,1098269640,2337256955.0
801001.SI,20260224,申万50,3810.54,3769.15,3810.54,3769.45,20.91,0.56,326433,22993540,19.13,2.68,1087812268,2315802016.0
801001.SI,20260213,申万50,3769.8,3747.58,3787.37,3748.54,-45.58,-1.2,350144,21406061,19.02,2.67,1081778679,2310581173.0
801001.SI,20260212,申万50,3791.03,3777.93,3802.11,3794.12,11.19,0.3,352183,23121893,19.25,2.7,1094928940,2337868046.0
801001.SI,20260211,申万50,3795.28,3772.55,3798.22,3782.93,-23.17,-0.61,307110,20824240,19.19,2.69,1091698255,2340610853.0
801001.SI,20260210,申万50,3801.3,3800.74,3822.53,3806.1,3.24,0.09,316870,21053985,19.31,2.71,1098372819,2348865685.0
801001.SI,20260209,申万50,3778.25,3762.33,3803.3,3802.86,75.99,2.04,365789,25726042,19.29,2.71,1097437277,2345892808.0
801001.SI,20260206,申万50,3707.97,3694.2,3755.35,3726.87,-25.96,-0.69,369298,24559231,18.91,2.65,1075507214,2308722253.0
801001.SI,20260205,申万50,3743.78,3725.91,3765.9,3752.83,-23.86,-0.63,411449,24751110,19.04,2.67,1082999012,2322171235.0
801001.SI,20260204,申万50,3748.19,3727.8,3778.45,3776.69,11.74,0.31,441230,30273003,19.15,2.69,1089883567,2328548862.0
801001.SI,20260203,申万50,3778.5,3697.34,3780.65,3764.95,33.92,0.91,483267,32527227,19.1,2.68,1086576638,2318769783.0
801001.SI,20260202,申万50,3788.12,3727.36,3827.24,3731.03,-75.14,-1.97,576360,37113606,18.93,2.66,1076786713,2307523365.0
801001.SI,20260130,申万50,3801.53,3750.88,3833.19,3806.17,-14.83,-0.39,594404,36824876,19.32,2.71,1098470758,2341962240.0
801001.SI,20260129,申万50,3813.47,3775.22,3838.16,3821.0,22.79,0.6,725561,42051905,19.38,2.72,1102750935,2355616823.0
801001.SI,20260128,申万50,3810.58,3770.57,3815.3,3798.21,8.93,0.24,622936,37673151,19.26,2.7,1095931305,2341255384.0
801001.SI,20260127,申万50,3776.84,3755.19,3821.67,3789.28,18.02,0.48,589710,33076937,19.22,2.7,1093353929,2341877599.0
801001.SI,20260126,申万50,3786.78,3762.83,3818.64,3771.26,-4.73,-0.13,654281,33795616,19.11,2.68,1087583504,2333587214.0
801001.SI,20260123,申万50,3814.56,3761.89,3820.5,3775.99,-41.62,-1.09,549826,33794542,19.14,2.69,1088948380,2333772076.0
801001.SI,20260122,申万50,3843.68,3790.76,3857.45,3817.61,-4.08,-0.11,489991,33421514,19.36,2.72,1100952036,2358976563.0
801001.SI,20260121,申万50,3806.8,3806.8,3861.63,3821.69,17.0,0.45,495510,31709193,19.39,2.72,1102127087,2368107876.0
801001.SI,20260120,申万50,3840.97,3791.28,3847.51,3804.69,-38.31,-1.0,457586,29398255,19.3,2.71,1097224120,2368121275.0
801001.SI,20260119,申万50,3848.74,3831.13,3877.74,3843.0,-16.08,-0.42,440261,28683153,19.49,2.73,1108270823,2385668468.0
801001.SI,20260116,申万50,3892.32,3845.15,3901.23,3859.08,-5.3,-0.14,545986,35983599,19.56,2.75,1112451899,2400696200.0
801001.SI,20260115,申万50,3823.1,3823.1,3868.46,3864.38,23.56,0.61,479871,30870149,19.58,2.75,1113650252,2407796746.0
801001.SI,20260114,申万50,3859.16,3822.26,3901.08,3840.82,-8.44,-0.22,649308,38959646,19.46,2.73,1106859863,2402504222.0
801001.SI,20260113,申万50,3891.04,3836.28,3934.65,3849.26,-37.59,-0.97,550206,34684364,19.51,2.74,1109290513,2411986478.0
801001.SI,20260112,申万50,3881.67,3838.3,3893.21,3886.85,6.0,0.15,575271,37268035,19.7,2.77,1120559016,2430182587.0
801001.SI,20260109,申万50,3859.28,3845.01,3892.87,3880.85,0.28,0.01,443505,30801054,19.68,2.76,1118825903,2422366725.0
801001.SI,20260108,申万50,3911.19,3864.32,3918.45,3880.57,-46.25,-1.18,473682,31560222,19.67,2.76,1118744837,2418739884.0
801001.SI,20260107,申万50,3949.03,3902.22,3954.93,3926.82,-12.34,-0.31,493504,32593184,19.91,2.79,1132078926,2443034117.0
801001.SI,20260106,申万50,3880.58,3879.76,3939.16,3939.16,55.73,1.43,558180,35743030,19.97,2.8,1135921674,2454052965.0
801001.SI,20260105,申万50,3823.86,3823.86,3890.22,3883.43,96.2,2.54,467490,31703851,19.69,2.76,1119852156,2427735688.0
801001.SI,20251231,申万50,3824.32,3783.08,3830.49,3787.23,-31.97,-0.84,438798,19507474,17.17,2.39,1050504001,2571257974.0
801001.SI,20251230,申万50,3787.8,3787.8,3828.66,3819.2,15.32,0.4,382561,19166390,17.32,2.41,1059390795,2583533779.0
801001.SI,20251229,申万50,3822.1,3795.05,3832.92,3803.89,-17.01,-0.45,433628,19446460,17.25,2.4,1055107526,2576106049.0
801001.SI,20251226,申万50,3806.82,3805.04,3839.89,3820.9,6.9,0.18,353253,18658829,17.33,2.41,1059888094,2572276097.0
801001.SI,20251225,申万50,3798.89,3796.01,3821.45,3814.0,13.87,0.37,298460,15783606,17.29,2.41,1058152087,2577511528.0
801001.SI,20251224,申万50,3800.32,3777.23,3804.5,3800.13,3.14,0.08,322750,16132729,17.23,2.4,1054093863,2571529801.0
801001.SI,20251223,申万50,3785.41,3780.53,3815.83,3796.99,16.72,0.44,338934,17202362,17.22,2.4,1053253626,2570259586.0
801001.SI,20251222,申万50,3756.85,3756.85,3783.19,3780.27,44.44,1.19,361979,18845805,17.14,2.39,1048578318,2552860072.0
801001.SI,20251219,申万50,3736.16,3725.92,3759.93,3735.83,8.49,0.23,306483,14408694,16.94,2.36,1036215398,2528526600.0
801001.SI,20251218,申万50,3737.44,3718.72,3745.91,3727.34,-36.32,-0.97,328742,15077397,16.9,2.36,1033869825,2531615116.0
801001.SI,20251217,申万50,3693.99,3693.99,3773.85,3763.66,69.92,1.89,398745,18877792,17.06,2.38,1043883166,2540469891.0
801001.SI,20251216,申万50,3735.43,3683.67,3745.45,3693.74,-52.24,-1.39,375642,16651589,16.75,2.33,1024571735,2503476576.0
801001.SI,20251215,申万50,3750.42,3745.98,3786.47,3745.98,-29.53,-0.78,393770,18144686,16.98,2.37,1039055327,2530350783.0
801001.SI,20251212,申万50,3757.45,3732.2,3779.65,3775.51,24.13,0.64,537428,24829987,17.12,2.39,1047223416,2560701326.0
801001.SI,20251211,申万50,3788.0,3746.4,3804.3,3751.38,-33.75,-0.89,409965,21247581,17.01,2.37,1040505252,2560488439.0
801001.SI,20251210,申万50,3787.35,3743.2,3790.45,3785.13,-15.78,-0.42,388732,19115826,17.16,2.39,1049860915,2573666300.0
801001.SI,20251209,申万50,3797.14,3787.14,3828.75,3800.91,-5.3,-0.14,423990,21270445,17.22,2.4,1052301524,2598115517.0
801001.SI,20251208,申万50,3770.07,3770.07,3825.94,3806.21,43.51,1.16,513249,23857286,17.25,2.4,1053740013,2590619830.0
801001.SI,20251205,申万50,3732.18,3717.68,3772.32,3762.7,33.38,0.9,545496,19405183,17.05,2.37,1041657418,2571388832.0
801001.SI,20251204,申万50,3704.09,3687.86,3729.32,3729.32,25.59,0.69,368870,16338840,16.9,2.35,1032414631,2563894182.0
801001.SI,20251203,申万50,3730.67,3697.42,3745.61,3703.73,-25.4,-0.68,421137,17325852,16.78,2.34,1025317505,2553794298.0
801001.SI,20251202,申万50,3744.18,3716.51,3750.66,3729.13,-14.77,-0.39,348703,17037850,16.89,2.35,1032165793,2569104048.0
801001.SI,20251201,申万50,3713.67,3708.07,3743.93,3743.9,40.16,1.08,397185,19769102,16.96,2.36,1036256350,2574539262.0
801001.SI,20251128,申万50,3693.6,3674.53,3710.53,3703.74,7.71,0.21,297744,15573504,16.77,2.34,1024886973,2555573145.0
801001.SI,20251127,申万50,3703.56,3690.44,3744.61,3696.03,-1.79,-0.05,366702,21141572,16.74,2.33,1022742973,2555302213.0
801001.SI,20251126,申万50,3648.62,3646.45,3713.27,3697.82,48.69,1.33,384967,21341691,16.74,2.33,1023238715,2546825294.0
801001.SI,20251125,申万50,3644.62,3634.61,3674.13,3649.13,33.9,0.94,370617,18468805,16.52,2.3,1009690191,2531322139.0
801001.SI,20251124,申万50,3639.23,3593.18,3639.23,3615.23,-5.72,-0.16,432418,19687225,16.36,2.28,1000251999,2512746720.0
801001.SI,20251121,申万50,3662.8,3620.6,3674.18,3620.95,-85.67,-2.31,488022,21128529,16.39,2.28,1001910930,2527438328.0
801001.SI,20251120,申万50,3765.21,3703.88,3765.21,3706.62,-22.27,-0.6,371146,16577386,16.78,2.34,1025636206,2578739481.0
801001.SI,20251119,申万50,3710.68,3710.68,3753.58,3728.89,18.39,0.5,346931,15566401,16.88,2.35,1031712564,2593660607.0
801001.SI,20251118,申万50,3711.66,3699.24,3742.78,3710.5,-13.89,-0.37,335749,16980646,16.8,2.34,1026630548,2577475524.0
801001.SI,20251117,申万50,3734.82,3708.02,3741.53,3724.39,-27.11,-0.72,370688,17224744,16.86,2.35,1030416371,2587633153.0
801001.SI,20251114,申万50,3782.43,3751.5,3804.91,3751.5,-68.76,-1.8,373633,17368663,16.99,2.37,1037971495,2605525182.0
801001.SI,20251113,申万50,3765.27,3763.53,3821.26,3820.26,50.86,1.35,411067,20358790,17.3,2.41,1057064149,2646365193.0
801001.SI,20251112,申万50,3748.43,3746.07,3783.57,3769.4,15.4,0.41,446829,20543847,17.07,2.38,1042962262,2622877826.0
801001.SI,20251111,申万50,3805.02,3749.56,3805.02,3754.0,-38.0,-1.0,373808,18904080,17.0,2.37,1038700468,2604791984.0
801001.SI,20251110,申万50,3799.25,3749.15,3799.25,3792.0,-3.1,-0.08,436931,23206029,17.16,2.39,1049139921,2623445133.0
801001.SI,20251107,申万50,3801.55,3790.48,3815.15,3795.1,-28.19,-0.74,384497,18088394,17.18,2.39,1049856092,2619683321.0
801001.SI,20251106,申万50,3775.53,3775.53,3827.51,3823.29,62.52,1.66,452632,24416049,17.31,2.41,1056669596,2639830801.0
801001.SI,20251105,申万50,3701.46,3701.46,3772.56,3760.77,7.51,0.2,413648,19616391,17.02,2.37,1039214217,2608222439.0
801001.SI,20251104,申万50,3783.46,3736.95,3795.96,3753.26,-34.35,-0.91,485637,21651031,16.98,2.37,1037136539,2603346549.0
801001.SI,20251103,申万50,3776.21,3736.0,3788.17,3787.61,3.34,0.09,476929,23164892,17.13,2.39,1047140752,2612481440.0
801001.SI,20251031,申万50,3842.92,3784.27,3847.24,3784.27,-64.72,-1.68,523858,28314821,17.12,2.39,1046214396,2595005234.0
801001.SI,20251030,申万50,3885.15,3845.64,3896.43,3848.99,-51.02,-1.31,566154,31800964,17.42,2.45,1064255350,2637053753.0
801001.SI,20251029,申万50,3872.44,3862.02,3900.01,3900.01,41.68,1.08,535597,29896698,17.65,2.49,1078159166,2665159951.0
801001.SI,20251028,申万50,3852.24,3850.18,3897.97,3858.33,-14.51,-0.37,499366,26109409,17.46,2.52,1066576575,2647409841.0
801001.SI,20251027,申万50,3868.83,3847.55,3877.02,3872.84,45.68,1.19,628468,31623104,17.53,2.53,1070691884,2647192599.0
801001.SI,20251024,申万50,3777.89,3777.89,3827.16,3827.16,64.82,1.72,512782,27748379,17.32,2.51,1058048789,2610617986.0
801001.SI,20251023,申万50,3739.88,3709.53,3765.83,3762.34,8.94,0.24,486676,19194632,17.03,2.46,1040116811,2579889812.0
801001.SI,20251022,申万50,3731.77,3725.69,3762.1,3753.4,-7.54,-0.2,445465,21329498,16.99,2.46,1037650587,2573805404.0
801001.SI,20251021,申万50,3702.41,3692.78,3771.13,3760.94,80.5,2.19,536324,27771389,17.02,2.46,1039670222,2569107773.0
801001.SI,20251020,申万50,3692.2,3665.94,3712.21,3680.44,35.21,0.97,494877,23270525,16.66,2.42,1017352613,2518954307.0
801001.SI,20251017,申万50,3723.73,3642.55,3723.78,3645.23,-85.04,-2.28,590536,25031888,16.49,2.4,1007644203,2494183429.0
801001.SI,20251016,申万50,3693.11,3693.11,3751.51,3730.27,21.04,0.57,559383,24838621,16.87,2.46,1030697215,2537827091.0
801001.SI,20251015,申万50,3641.29,3629.28,3710.13,3709.23,74.77,2.06,606743,25776879,16.77,2.44,1024965322,2512983961.0
801001.SI,20251014,申万50,3740.66,3623.0,3741.3,3634.46,-70.05,-1.89,824478,35124512,16.44,2.39,1004240416,2470787104.0
801001.SI,20251013,申万50,3627.59,3627.59,3705.77,3704.51,-34.87,-0.93,779967,31820144,16.75,2.44,1023537093,2492312557.0
801001.SI,20251010,申万50,3812.86,3726.6,3813.01,3739.38,-101.35,-2.64,810853,36541691,16.91,2.46,1033170254,2514075487.0
801001.SI,20251009,申万50,3813.09,3807.77,3875.34,3840.73,41.56,1.09,824126,39459414,17.36,2.53,1061251003,2561021074.0
801001.SI,20250930,申万50,3811.71,3788.07,3821.84,3799.17,-2.27,-0.06,615004,29721538,17.18,2.5,1049742881,2531783184.0
801001.SI,20250929,申万50,3742.84,3735.97,3825.81,3801.44,62.25,1.66,759730,33819351,17.2,2.5,1050471166,2532385690.0
801001.SI,20250926,申万50,3775.56,3739.19,3792.61,3739.19,-51.8,-1.37,623013,29465458,16.91,2.46,1033193352,2504308728.0
801001.SI,20250925,申万50,3750.26,3746.45,3807.89,3790.99,36.1,0.96,681483,33133934,17.14,2.5,1047578754,2532508063.0
801001.SI,20250924,申万50,3688.59,3688.59,3756.17,3754.89,45.45,1.23,689105,31166818,16.98,2.47,1037601219,2516486402.0
801001.SI,20250923,申万50,3727.59,3659.16,3745.32,3709.44,3.56,0.1,724213,34463317,16.79,2.44,1025055363,2499140892.0
801001.SI,20250922,申万50,3682.26,3668.26,3708.92,3705.88,33.65,0.92,506357,27019798,16.76,2.44,1023833722,2488489278.0
801001.SI,20250919,申万50,3678.28,3664.5,3701.24,3672.23,-6.86,-0.19,584531,28711858,16.61,2.42,1014362672,2472317967.0
801001.SI,20250918,申万50,3713.21,3639.41,3747.43,3679.09,-37.95,-1.02,864408,42349679,16.64,2.42,1016357130,2480210708.0
801001.SI,20250917,申万50,3682.74,3669.88,3721.79,3717.04,29.28,0.79,611995,29863800,16.81,2.45,1026794976,2509215328.0
801001.SI,20250916,申万50,3698.45,3664.64,3706.05,3687.76,-1.82,-0.05,567741,28894591,16.68,2.43,1018686202,2497452239.0
801001.SI,20250915,申万50,3685.8,3674.4,3724.89,3689.58,19.91,0.54,559278,28990083,16.52,2.41,1005888003,2491349323.0
801001.SI,20250912,申万50,3684.81,3667.56,3712.6,3669.67,-21.24,-0.58,631343,33004655,16.43,2.39,1000605483,2484186070.0
801001.SI,20250911,申万50,3574.41,3562.97,3690.91,3690.91,113.55,3.17,742578,35115201,16.47,2.4,996879705,2491192084.0
801001.SI,20250910,申万50,3562.07,3547.99,3596.36,3577.36,25.76,0.73,584874,26173532,15.96,2.33,966200391,2430843119.0
801001.SI,20250909,申万50,3566.11,3529.93,3590.85,3551.6,-37.97,-1.06,578098,26084854,15.84,2.31,959247124,2411576507.0
801001.SI,20250908,申万50,3602.1,3561.06,3613.82,3589.57,-8.09,-0.22,675721,31892156,16.0,2.34,970211148,2432143536.0
801001.SI,20250905,申万50,3501.01,3492.27,3603.87,3597.66,99.71,2.85,625398,31751267,16.05,2.34,972372995,2441710806.0
801001.SI,20250904,申万50,3605.17,3470.93,3605.17,3497.95,-98.65,-2.74,876236,38321703,15.61,2.28,945933705,2403746711.0
801001.SI,20250903,申万50,3618.29,3564.56,3622.06,3596.6,-14.22,-0.39,652427,30953994,16.04,2.34,972638102,2440839895.0
801001.SI,20250902,申万50,3627.02,3576.37,3664.82,3610.82,-17.33,-0.48,803301,36636052,16.09,2.35,976216383,2458401898.0
801001.SI,20250901,申万50,3613.4,3590.5,3633.06,3628.15,26.56,0.74,704389,34119823,16.17,2.36,980930977,2450953266.0
801001.SI,20250829,申万50,3540.37,3540.37,3617.73,3601.59,40.16,1.13,861247,39569321,17.5,2.35,973824751,2438352242.0
801001.SI,20250828,申万50,3470.7,3470.7,3562.64,3561.43,83.52,2.4,764774,34389144,17.26,2.36,963131166,2407531802.0
801001.SI,20250827,申万50,3534.89,3477.91,3564.49,3477.91,-48.5,-1.38,816710,34988562,16.92,2.31,940357860,2372513276.0
801001.SI,20250826,申万50,3527.79,3511.82,3548.2,3526.41,-21.65,-0.61,655830,27898853,17.18,2.36,953536248,2409795510.0
801001.SI,20250825,申万50,3497.8,3482.43,3548.56,3548.06,90.85,2.63,943480,36779009,17.27,2.38,959328976,2424440773.0
801001.SI,20250822,申万50,3358.83,3358.83,3457.4,3457.21,100.12,2.98,830909,30532586,16.86,2.32,934746055,2375607819.0
801001.SI,20250821,申万50,3359.29,3344.63,3373.93,3357.09,10.23,0.31,683568,24035321,16.44,2.25,907845921,2323208397.0
801001.SI,20250820,申万50,3295.04,3276.51,3347.2,3346.86,33.35,1.01,614520,23590548,16.38,2.25,904107407,2314250635.0
801001.SI,20250819,申万50,3330.82,3304.93,3353.85,3313.51,-15.88,-0.48,645559,25399522,16.25,2.23,895109399,2295219822.0
801001.SI,20250818,申万50,3305.44,3289.93,3359.26,3329.39,34.98,1.06,834159,29003577,16.32,2.24,899423657,2293889089.0
801001.SI,20250815,申万50,3257.99,3254.68,3303.68,3294.41,25.11,0.77,774846,24290145,16.16,2.21,889978115,2274665275.0
801001.SI,20250814,申万50,3259.11,3259.11,3306.83,3269.3,14.07,0.43,575321,21766564,16.02,2.2,883190166,2267373246.0
801001.SI,20250813,申万50,3214.67,3214.67,3260.32,3255.23,44.56,1.39,578456,21375108,15.98,2.19,879340321,2258132090.0
801001.SI,20250812,申万50,3177.33,3175.64,3215.96,3210.67,34.64,1.09,435686,17327450,15.77,2.16,867406803,2239296886.0
801001.SI,20250811,申万50,3155.01,3155.01,3185.07,3176.03,21.94,0.7,446787,14954652,15.64,2.14,858035307,2210489783.0
801001.SI,20250808,申万50,3162.88,3151.95,3169.64,3154.09,-12.57,-0.4,363409,12191111,15.54,2.09,852096977,2204125943.0
801001.SI,20250807,申万50,3174.64,3156.43,3184.04,3166.66,-2.3,-0.07,422182,14489306,15.6,2.13,855464241,2209264417.0
801001.SI,20250806,申万50,3159.41,3157.77,3172.11,3168.97,4.43,0.14,370477,12314875,15.61,2.13,856018022,2203129290.0
801001.SI,20250805,申万50,3148.84,3140.62,3167.74,3164.54,25.6,0.82,391284,12652476,15.59,2.13,854921333,2198893981.0
801001.SI,20250804,申万50,3113.42,3113.42,3138.94,3138.94,13.7,0.44,364879,11809734,15.47,2.11,847995608,2175712526.0
801001.SI,20250801,申万50,3136.75,3114.71,3147.48,3125.24,-17.4,-0.55,436134,14739958,15.4,2.1,844323839,2166419870.0
801001.SI,20250731,申万50,3198.05,3134.12,3198.05,3142.64,-57.9,-1.81,553536,20936096,15.48,2.12,848971877,2180504014.0
801001.SI,20250730,申万50,3199.13,3185.63,3227.13,3200.54,-5.53,-0.17,481775,17370733,15.78,2.17,864598929,2205339478.0
801001.SI,20250729,申万50,3188.23,3178.58,3206.22,3206.07,17.8,0.56,483192,17535018,15.79,2.17,866027974,2198768280.0
801001.SI,20250728,申万50,3182.3,3169.09,3192.76,3188.27,11.57,0.36,418695,15823125,15.72,2.16,861253522,2188823998.0
801001.SI,20250725,申万50,3187.53,3168.75,3189.08,3176.7,-15.19,-0.48,424223,14848872,15.66,2.15,858132630,2186275933.0
801001.SI,20250724,申万50,3176.54,3176.36,3193.28,3191.89,16.21,0.51,512956,16957623,15.76,2.16,862226209,2198593707.0
801001.SI,20250723,申万50,3167.88,3167.88,3197.06,3175.68,10.79,0.34,552322,16955079,15.66,2.15,857664437,2194470366.0
801001.SI,20250722,申万50,3142.32,3131.54,3166.71,3164.89,21.65,0.69,502466,17078999,15.61,2.14,854683942,2187677687.0
801001.SI,20250721,申万50,3137.52,3127.14,3143.43,3143.24,11.58,0.37,440848,14537187,15.5,2.12,848787176,2176646241.0
801001.SI,20250718,申万50,3118.2,3116.94,3139.77,3131.66,20.64,0.66,403973,14586921,15.45,2.12,845679020,2172163213.0
801001.SI,20250717,申万50,3087.14,3087.14,3111.08,3111.02,20.82,0.67,385373,13322999,15.34,2.1,840155197,2158701582.0
801001.SI,20250716,申万50,3097.73,3082.13,3109.21,3090.2,-4.21,-0.14,359287,13472548,15.24,2.09,834609147,2155353124.0
801001.SI,20250715,申万50,3090.83,3073.94,3108.56,3094.41,11.22,0.36,431650,14278714,15.27,2.09,835733745,2158631667.0
801001.SI,20250714,申万50,3090.88,3082.63,3094.47,3083.19,-4.82,-0.16,423925,12573301,15.21,2.08,832653492,2156279657.0
801001.SI,20250711,申万50,3073.2,3073.2,3125.26,3088.01,11.07,0.36,686818,19960674,15.24,2.09,833925396,2157412306.0
801001.SI,20250710,申万50,3062.29,3059.51,3093.55,3076.94,19.01,0.62,478474,14634223,15.2,2.08,830951170,2156153493.0
801001.SI,20250709,申万50,3057.43,3055.48,3077.69,3057.93,-0.76,-0.02,396687,12691022,15.1,2.07,825771705,2138580644.0
801001.SI,20250708,申万50,3030.09,3030.09,3061.36,3058.69,28.7,0.95,331200,11570559,15.1,2.07,825996560,2132647293.0
801001.SI,20250707,申万50,3045.95,3024.4,3047.22,3029.99,-22.47,-0.74,273871,9212860,14.95,2.05,817944527,2113988008.0
801001.SI,20250704,申万50,3039.2,3029.83,3078.79,3052.46,12.12,0.4,372744,12378270,15.06,2.06,823983335,2128604368.0
801001.SI,20250703,申万50,3020.1,3020.1,3042.78,3040.34,27.48,0.91,333043,11097867,15.0,2.05,820720470,2114824658.0
801001.SI,20250702,申万50,3017.64,3003.7,3022.0,3012.86,-4.59,-0.15,273075,9394579,14.86,2.03,813223411,2103046489.0
801001.SI,20250701,申万50,3015.41,3003.18,3021.01,3017.45,2.16,0.07,293197,9611974,14.88,2.04,814494170,2104703475.0
801001.SI,20250630,申万50,3003.91,2997.74,3019.42,3015.29,7.48,0.25,383539,11626809,14.27,1.9,807834093,2132117519.0
801001.SI,20250627,申万50,3033.44,3006.19,3045.49,3007.81,-21.99,-0.73,529126,14070186,14.25,1.89,805934998,2126531883.0
801001.SI,20250626,申万50,3035.24,3028.96,3046.88,3029.8,-14.3,-0.47,462945,13890224,14.35,1.9,811828228,2153366986.0
801001.SI,20250625,申万50,2997.42,2992.82,3046.8,3044.1,47.91,1.6,560686,16015776,14.41,1.9,815659408,2156070586.0
801001.SI,20250624,申万50,2959.99,2959.99,3009.32,2996.19,41.36,1.4,446786,12194926,14.18,1.87,802877914,2134681154.0
801001.SI,20250623,申万50,2936.55,2930.17,2962.14,2954.83,6.97,0.24,360356,8995424,14.0,1.85,791795000,2112723236.0
801001.SI,20250620,申万50,2936.76,2936.76,2955.58,2947.86,6.47,0.22,311775,8526383,13.97,1.84,789927049,2105157821.0
801001.SI,20250619,申万50,2960.8,2935.93,2963.3,2941.39,-23.0,-0.78,342319,8960555,13.93,1.83,788047145,2102358862.0
801001.SI,20250618,申万50,2968.29,2951.71,2976.14,2964.39,-0.23,-0.01,321065,8574253,14.04,1.85,794209154,2110282395.0
801001.SI,20250617,申万50,2970.29,2956.39,2973.7,2964.62,-3.99,-0.13,325220,8461857,14.04,1.85,794271040,2106724194.0
801001.SI,20250616,申万50,2953.17,2953.17,2970.94,2968.61,4.68,0.16,349035,9482326,14.05,1.85,795340798,2104819593.0
801001.SI,20250613,申万50,2976.22,2955.91,2982.63,2963.93,-25.67,-0.86,417276,12277254,14.03,1.82,794063926,2100622697.0
801001.SI,20250612,申万50,2987.76,2973.99,2998.55,2989.6,-8.15,-0.27,358414,11464568,14.15,1.83,800940133,2112343156.0
801001.SI,20250611,申万50,2976.18,2976.18,3012.85,2997.75,28.95,0.98,375091,11380420,14.19,1.84,803123447,2118286527.0
801001.SI,20250610,申万50,2984.7,2959.77,2994.24,2968.8,-10.16,-0.34,404497,11000645,14.06,1.82,795368042,2101180104.0
801001.SI,20250609,申万50,2977.43,2972.54,2989.44,2978.96,2.93,0.1,380289,10810257,14.1,1.83,798103986,2103180977.0
801001.SI,20250606,申万50,2984.89,2972.51,2991.73,2976.03,-8.59,-0.29,287378,7527301,14.09,1.82,797332506,2102840954.0
801001.SI,20250605,申万50,2978.98,2970.12,2988.33,2984.62,8.75,0.29,376516,9239405,14.13,1.83,799717409,2102972897.0
801001.SI,20250604,申万50,2968.69,2968.69,2983.6,2975.87,10.92,0.37,319918,8137126,14.09,1.82,797373366,2097289805.0
801001.SI,20250603,申万50,2955.49,2955.31,2977.73,2964.95,5.94,0.2,333325,8895798,14.04,1.82,794446768,2091360102.0
801001.SI,20250530,申万50,2971.43,2948.33,2977.57,2959.01,-19.85,-0.67,332147,8470999,14.01,1.81,792855476,2087804950.0
801001.SI,20250529,申万50,2969.96,2962.22,2993.02,2978.86,9.33,0.31,312147,8711582,14.1,1.83,798136266,2097797732.0
801001.SI,20250528,申万50,2978.91,2968.23,2982.53,2969.53,-4.82,-0.16,276472,6858520,14.06,1.82,795635756,2094088464.0
801001.SI,20250527,申万50,2991.11,2971.57,2997.93,2974.35,-19.64,-0.66,294940,7617762,14.08,1.82,796927224,2093594673.0
801001.SI,20250526,申万50,3015.53,2984.23,3019.6,2993.99,-29.36,-0.97,342608,9705489,14.16,1.84,802183448,2103727026.0
801001.SI,20250523,申万50,3042.24,3023.35,3061.24,3023.35,-21.17,-0.7,387678,10809011,14.3,1.85,810167501,2122904834.0
801001.SI,20250522,申万50,3048.14,3034.89,3051.79,3044.52,-4.34,-0.14,287575,7723644,14.4,1.87,815838040,2138593438.0
801001.SI,20250521,申万50,3032.93,3032.93,3061.92,3048.86,18.27,0.6,310849,9771041,14.42,1.87,816960964,2139090071.0
801001.SI,20250520,申万50,3019.97,3016.29,3041.79,3030.59,17.22,0.57,295242,8662308,14.32,1.86,812061414,2126710369.0
801001.SI,20250519,申万50,3018.28,3002.85,3018.99,3013.37,-11.98,-0.4,279409,7920820,14.24,1.85,807058850,2117795412.0
801001.SI,20250516,申万50,3035.65,3016.77,3038.63,3025.35,-18.18,-0.6,347431,9209174,14.3,1.85,810232977,2126651929.0
801001.SI,20250515,申万50,3060.93,3041.29,3062.95,3043.53,-26.11,-0.85,401888,10337042,14.39,1.87,815100077,2144235282.0
801001.SI,20250514,申万50,3021.75,3019.09,3086.96,3069.64,48.41,1.6,524999,14669618,14.51,1.88,822090614,2155028436.0
801001.SI,20250513,申万50,3042.25,3015.46,3042.25,3021.23,1.64,0.05,424726,11009484,14.27,1.85,809121032,2126140390.0
801001.SI,20250512,申万50,2998.72,2997.32,3019.8,3019.59,39.25,1.32,439832,12937749,14.27,1.85,808681080,2118929233.0
801001.SI,20250509,申万50,2976.03,2973.66,2984.94,2980.34,1.19,0.04,323943,8912614,14.07,1.83,798167948,2098942176.0
801001.SI,20250508,申万50,2947.88,2946.58,2996.45,2979.15,23.91,0.81,361172,10513689,14.06,1.83,797849715,2092502107.0
801001.SI,20250507,申万50,2980.51,2945.01,2984.04,2955.24,20.77,0.71,474459,12087543,13.94,1.81,791446575,2082379610.0
801001.SI,20250506,申万50,2933.26,2918.01,2937.32,2934.47,23.65,0.81,416179,10156406,13.85,1.8,786032184,2063502057.0
801001.SI,20250430,申万50,2920.93,2910.5,2928.11,2910.82,-6.29,-0.22,386690,9399376,13.34,1.78,779694481,2053574375.0
801001.SI,20250429,申万50,2925.57,2912.46,2927.45,2917.11,-11.01,-0.38,266436,7256637,13.37,1.81,781379800,2066547003.0
801001.SI,20250428,申万50,2931.21,2918.38,2935.12,2928.11,-0.31,-0.01,297814,8451132,13.42,1.82,784327450,2075380082.0
801001.SI,20250425,申万50,2932.0,2925.07,2941.61,2928.42,3.58,0.12,328049,8595625,13.43,1.84,784374904,2072309173.0
801001.SI,20250424,申万50,2925.59,2917.64,2942.85,2924.84,0.79,0.03,304616,7894259,13.42,1.84,783415615,2073498419.0
801001.SI,20250423,申万50,2939.46,2919.87,2941.19,2924.05,6.29,0.22,350537,10007122,13.41,1.84,783203212,2067010156.0
801001.SI,20250422,申万50,2912.11,2912.11,2929.77,2917.76,1.57,0.05,352735,8434500,13.38,1.83,781516576,2065541012.0
801001.SI,20250421,申万50,2905.26,2904.01,2923.13,2916.2,8.58,0.29,333487,8406367,13.37,1.83,781096886,2057675341.0
801001.SI,20250418,申万50,2897.61,2893.25,2914.9,2907.62,1.36,0.05,299711,7326979,13.34,1.83,778798536,2059575959.0
801001.SI,20250417,申万50,2890.45,2889.34,2911.48,2906.26,2.52,0.09,334836,8651760,13.33,1.83,778432979,2056344429.0
801001.SI,20250416,申万50,2896.18,2865.32,2908.32,2903.74,4.56,0.16,451709,11043401,13.33,1.83,777736258,2055066189.0
801001.SI,20250415,申万50,2893.52,2882.25,2902.27,2899.18,4.45,0.15,401650,9750683,13.32,1.83,776514069,2043476553.0
801001.SI,20250414,申万50,2906.25,2892.76,2910.14,2894.73,7.07,0.24,491848,12487534,13.29,1.83,775352570,2034080555.0
801001.SI,20250411,申万50,2867.15,2849.09,2895.74,2887.66,19.42,0.68,479448,13197269,13.27,1.82,773598707,2024752010.0
801001.SI,20250410,申万50,2881.89,2853.71,2889.45,2868.24,38.19,1.35,622558,16956113,13.18,1.81,768395094,2013576153.0
801001.SI,20250409,申万50,2773.6,2771.46,2835.89,2830.05,16.94,0.6,772076,19978433,13.0,1.79,758163987,1995169954.0
801001.SI,20250408,申万50,2775.86,2767.44,2813.11,2813.11,45.54,1.65,831776,20624311,12.94,1.78,753625947,1988104956.0
801001.SI,20250407,申万50,2830.0,2705.42,2849.86,2767.57,-212.3,-7.12,982236,24285073,12.72,1.75,741403869,1949826552.0
801001.SI,20250403,申万50,2962.94,2962.94,2999.42,2979.87,-20.47,-0.68,404288,11281194,13.68,1.88,798258662,2080451077.0
801001.SI,20250402,申万50,3005.82,2995.26,3018.22,3000.34,-7.16,-0.24,308735,8099323,13.77,1.89,803741106,2086435362.0
801001.SI,20250401,申万50,3025.14,3005.13,3027.13,3007.5,-13.62,-0.45,379414,10198491,13.81,1.9,805659873,2089531622.0
801001.SI,20250331,申万50,3036.47,3011.64,3055.18,3021.12,-21.74,-0.71,428323,10449911,13.88,1.91,809308242,2097919226.0
801001.SI,20250328,申万50,3052.46,3036.66,3054.63,3042.86,-11.29,-0.37,301535,8194652,13.97,1.93,815132327,2105426056.0
801001.SI,20250327,申万50,3032.78,3031.67,3069.74,3054.15,17.04,0.56,342290,9498661,14.02,1.94,818155646,2115299170.0
801001.SI,20250326,申万50,3047.71,3034.78,3056.7,3037.11,-11.63,-0.38,333098,8956696,13.93,1.93,813591933,2103716285.0
801001.SI,20250325,申万50,3058.57,3039.32,3061.85,3048.74,-5.87,-0.19,350455,9447791,13.99,1.95,816760799,2110394990.0
801001.SI,20250324,申万50,3036.92,3036.66,3056.52,3054.61,19.99,0.66,419323,10997090,14.0,1.96,818333241,2110451247.0
801001.SI,20250321,申万50,3086.03,3028.1,3096.68,3034.62,-59.03,-1.91,486837,13604598,13.91,1.95,812979177,2097393770.0
801001.SI,20250320,申万50,3130.88,3089.34,3130.88,3093.65,-35.79,-1.14,391924,10971416,14.18,1.99,828790502,2131465806.0
801001.SI,20250319,申万50,3116.59,3106.99,3141.13,3129.44,12.53,0.4,475033,12728423,14.34,2.02,838379015,2150034967.0
801001.SI,20250318,申万50,3118.83,3104.31,3125.56,3116.91,14.05,0.45,405502,12211740,14.26,2.01,835023275,2141132299.0
801001.SI,20250317,申万50,3129.83,3098.68,3129.83,3102.86,-9.85,-0.32,480250,13639809,14.2,2.0,831260149,2138680493.0
801001.SI,20250314,申万50,3025.49,3025.49,3120.91,3112.71,96.99,3.22,672836,20904250,14.24,2.01,833898549,2138058423.0
801001.SI,20250313,申万50,3027.58,3006.99,3044.36,3015.72,-11.19,-0.37,421793,11194353,13.8,1.95,808228930,2086414855.0
801001.SI,20250312,申万50,3038.63,3017.99,3048.33,3026.91,-6.01,-0.2,449384,12406372,13.83,1.95,811229234,2086753879.0
801001.SI,20250311,申万50,2992.13,2992.13,3032.92,3032.92,8.74,0.29,368302,10794436,13.85,1.96,812982698,2093619738.0
801001.SI,20250310,申万50,3038.76,3002.8,3038.76,3024.18,-13.78,-0.45,401279,11252291,13.82,1.95,810847817,2085659856.0
801001.SI,20250307,申万50,3038.03,3032.01,3054.93,3037.96,-9.97,-0.33,454837,13121562,13.89,1.96,814515481,2094994797.0
801001.SI,20250306,申万50,3013.33,3013.33,3054.84,3047.93,54.8,1.83,622021,17187077,13.92,1.97,816563474,2098314514.0
801001.SI,20250305,申万50,2983.83,2974.34,2995.67,2993.14,11.7,0.39,445423,11050205,13.69,1.93,801883407,2071448378.0
801001.SI,20250304,申万50,2977.5,2965.64,2991.0,2981.44,-16.23,-0.54,445913,11897072,13.64,1.93,798749568,2059170148.0
801001.SI,20250303,申万50,3017.03,2984.87,3033.51,2997.67,-14.31,-0.48,505946,14270482,13.72,1.94,803097312,2075545012.0
801001.SI,20250228,申万50,3058.0,3009.91,3078.26,3011.98,-60.21,-1.96,606599,17538536,13.77,1.95,806930787,2085681809.0
801001.SI,20250227,申万50,3063.88,3047.3,3078.1,3072.19,12.23,0.4,638593,18255540,14.03,1.98,823062314,2118567457.0
801001.SI,20250226,申万50,3040.41,3028.91,3060.06,3059.96,25.72,0.85,615092,16644543,13.96,1.98,819637199,2107197134.0
801001.SI,20250225,申万50,3040.93,3026.4,3058.38,3034.24,-37.37,-1.22,594169,16335243,13.85,1.96,812747417,2094640297.0
801001.SI,20250224,申万50,3072.51,3054.55,3095.74,3071.61,-8.6,-0.28,748898,19836824,14.03,1.98,822756583,2116452105.0
801001.SI,20250221,申万50,3035.9,3032.87,3082.66,3080.21,52.96,1.75,816982,23041217,14.09,1.99,825059267,2124414671.0
801001.SI,20250220,申万50,3036.26,3018.1,3037.42,3027.25,-14.0,-0.46,554096,13272639,13.89,1.95,810872524,2103580752.0
801001.SI,20250219,申万50,3016.36,3013.06,3048.22,3041.25,18.65,0.62,637793,15026799,13.95,1.96,814623025,2109258769.0
801001.SI,20250218,申万50,3044.8,3015.63,3065.43,3022.6,-24.06,-0.79,716132,16528887,13.86,1.95,809627090,2104757704.0
801001.SI,20250217,申万50,3053.34,3030.08,3055.87,3046.66,6.34,0.21,750607,18281852,13.96,1.97,816126923,2111739797.0
801001.SI,20250214,申万50,3005.9,3005.9,3042.32,3040.32,30.22,1.0,642164,15791950,13.94,1.96,814428044,2109177164.0
801001.SI,20250213,申万50,3008.97,3005.59,3038.34,3010.1,-3.06,-0.1,615383,17282826,13.8,1.94,806333201,2092774589.0
801001.SI,20250212,申万50,2974.96,2967.25,3013.49,3013.16,33.8,1.13,559122,15442785,13.8,1.95,807174085,2091015402.0
801001.SI,20250211,申万50,3005.17,2973.15,3005.17,2979.37,-18.38,-0.61,535981,14459383,13.64,1.92,798109422,2070836203.0
801001.SI,20250210,申万50,2996.18,2978.72,3002.53,2997.75,9.2,0.31,658101,16880869,13.73,1.94,803032594,2073149896.0
801001.SI,20250207,申万50,2946.74,2933.46,3010.22,2988.55,46.49,1.58,752979,22560035,13.7,1.93,800321543,2069195250.081601
801001.SI,20250206,申万50,2900.42,2898.34,2942.58,2942.06,37.6,1.29,519810,16337310,13.5,1.9,787870904,2043418404.093016
801001.SI,20250205,申万50,2946.44,2897.34,2946.44,2904.46,-16.56,-0.57,517127,15815303,13.32,1.87,777801864,2022535845.625346
801001.SI,20250127,申万50,2943.89,2921.02,2949.84,2921.02,-21.62,-0.73,479333,12996719,13.41,1.89,782185314,2044698446.60057
801001.SI,20250124,申万50,2917.54,2917.54,2959.53,2942.64,17.68,0.6,497819,13421860,13.5,1.9,787968796,2046511396.054126
801001.SI,20250123,申万50,2947.87,2923.79,2977.93,2924.96,3.55,0.12,661423,16734287,13.44,1.89,785174739,2039354212.272637
801001.SI,20250122,申万50,2948.22,2910.71,2948.63,2921.41,-36.03,-1.22,481760,14085903,13.42,1.89,784221826,2027945398.831437
801001.SI,20250121,申万50,2972.13,2947.95,2972.13,2957.44,1.85,0.06,442632,12017225,13.59,1.92,810032241,2053395481.306973
801001.SI,20250120,申万50,2951.78,2949.84,2976.14,2955.59,27.26,0.93,413777,13364078,13.59,1.92,809525375,2056072798.713679
801001.SI,20250117,申万50,2910.57,2903.41,2944.24,2928.33,7.68,0.26,378205,11851195,13.46,1.9,802057365,2048459367.585291
801001.SI,20250116,申万50,2941.8,2906.48,2963.69,2920.65,-7.92,-0.27,442569,14428345,13.42,1.9,799878202,2051688654.724055
801001.SI,20250115,申万50,2938.46,2923.54,2945.09,2928.57,-20.14,-0.68,442666,12414998,13.43,1.9,802048211,2053087035.306152
801001.SI,20250114,申万50,2882.46,2877.37,2955.74,2948.71,72.28,2.51,555776,16202335,13.53,1.92,807562933,2061931660.735015
801001.SI,20250113,申万50,2857.19,2857.19,2884.29,2876.43,-5.13,-0.18,407472,11010617,13.18,1.87,787766569,2022224766.482568
801001.SI,20250110,申万50,2919.44,2881.56,2923.19,2881.56,-36.87,-1.26,424598,12400054,13.21,1.87,789171754,2026107463.305074
801001.SI,20250109,申万50,2914.44,2906.84,2929.29,2918.43,-2.12,-0.07,395669,11054669,13.36,1.88,782187289,2048490320.394515
801001.SI,20250108,申万50,2916.54,2881.27,2938.04,2920.55,-10.34,-0.35,553575,13932636,13.37,1.88,782755064,2059859974.91315
801001.SI,20250107,申万50,2896.66,2894.35,2932.3,2930.89,20.72,0.71,511932,12789855,13.42,1.89,785525083,2062558769.853677
801001.SI,20250106,申万50,2917.55,2888.06,2935.78,2910.17,-8.34,-0.29,476575,11902211,13.35,1.88,779971617,2053732561.361557
801001.SI,20250103,申万50,2955.52,2914.45,2959.24,2918.51,-33.9,-1.15,573011,13925535,13.4,1.88,782205402,2057056241.635576
801001.SI,20250102,申万50,3037.61,2933.92,3037.61,2952.41,-87.64,-2.88,729138,18539423,13.54,1.91,791292332,2076921745.728505
801001.SI,20241231,申万50,3079.45,3040.05,3089.22,3040.05,-43.85,-1.42,603511,14078942,13.44,1.84,795048637,2161585573.164214
801001.SI,20241230,申万50,3067.28,3067.28,3092.7,3083.9,13.28,0.43,551132,12433473,13.63,1.87,806516997,2184385663.690056
801001.SI,20241227,申万50,3076.45,3056.15,3087.51,3070.62,-7.3,-0.24,540051,13119352,13.56,1.86,802602545,2174535500.850951
801001.SI,20241226,申万50,3076.65,3061.87,3081.3,3077.92,-0.56,-0.02,466989,11473851,13.6,1.87,804510590,2179238903.819578
801001.SI,20241225,申万50,3080.96,3070.21,3096.87,3078.48,3.18,0.1,551011,11591935,13.6,1.87,804656008,2182482906.435782
801001.SI,20241224,申万50,3034.45,3034.45,3076.2,3075.3,39.91,1.31,519689,12260849,13.58,1.86,803823752,2167917077.089984
801001.SI,20241223,申万50,3022.05,3022.05,3056.1,3035.38,14.26,0.47,606941,13211964,13.4,1.84,793390574,2140096920.643449
801001.SI,20241220,申万50,3038.87,3018.5,3044.65,3021.12,-25.53,-0.84,490848,12131034,13.33,1.83,789663428,2119056226.26183
801001.SI,20241219,申万50,3026.04,3018.07,3056.89,3046.65,-1.71,-0.06,518242,12339027,13.44,1.85,796333217,2135814556.77935
801001.SI,20241218,申万50,3045.57,3045.51,3062.24,3048.36,11.69,0.38,505282,11179478,13.45,1.85,796780353,2142923787.38816
801001.SI,20241217,申万50,3011.72,3011.72,3064.66,3036.67,23.17,0.77,533028,13480379,13.4,1.84,793725313,2133573449.00439
801001.SI,20241216,申万50,3024.43,3006.64,3027.91,3013.5,-13.32,-0.44,546933,12022122,13.29,1.83,787669042,2121840501.02147
801001.SI,20241213,申万50,3088.24,3026.3,3088.24,3026.82,-86.14,-2.77,707680,17010961,13.35,1.83,791057286,2115004976.97157
801001.SI,20241212,申万50,3072.77,3070.39,3115.32,3112.96,36.17,1.18,519164,13494237,13.72,1.89,813569542,2164360827.06376
801001.SI,20241211,申万50,3080.11,3069.35,3093.41,3076.79,-7.38,-0.24,507488,12499614,13.56,1.86,804117306,2140368382.23021
801001.SI,20241210,申万50,3164.7,3078.23,3164.7,3084.17,30.04,0.98,824151,22794824,13.59,1.87,806044860,2146009473.77312
801001.SI,20241209,申万50,3054.13,3042.05,3073.59,3054.13,-0.63,-0.02,547639,12765003,13.46,1.85,798190319,2130125854.75552
801001.SI,20241206,申万50,3011.9,3011.9,3073.92,3054.76,45.16,1.5,557838,14194924,13.46,1.85,798353369,2125562773.07247
801001.SI,20241205,申万50,3008.23,3001.89,3022.28,3009.6,-8.87,-0.29,422530,10491051,13.25,1.82,786551261,2101355043.65387
801001.SI,20241204,申万50,3023.2,3009.7,3034.55,3018.47,-10.98,-0.36,548101,12082396,13.3,1.83,788869808,2108819973.36541
801001.SI,20241203,申万50,3025.88,3006.68,3037.79,3029.45,3.33,0.11,516013,12569360,13.34,1.84,791738313,2102468139.07015
801001.SI,20241202,申万50,2997.09,2993.05,3032.18,3026.12,25.07,0.84,532393,13556803,13.32,1.83,790950614,2094705604.61999
801001.SI,20241129,申万50,2967.22,2967.22,3043.24,3001.05,31.69,1.07,589558,15600985,13.21,1.82,784398902,2082504573.42328
801001.SI,20241128,申万50,3000.24,2963.36,3000.24,2969.36,-33.42,-1.11,414508,10350895,13.08,1.8,775898228,2070474056.15675
801001.SI,20241127,申万50,2950.42,2943.59,3003.0,3002.78,44.84,1.52,524446,12453888,13.23,1.82,784629718,2087518632.72904
801001.SI,20241126,申万50,2948.38,2947.14,2980.52,2957.94,0.73,0.02,453086,10240596,13.04,1.79,772913526,2062294276.6301
801001.SI,20241125,申万50,2986.43,2935.95,2998.26,2957.21,-18.53,-0.62,544838,13355633,13.02,1.79,772872261,2057406370.2181
801001.SI,20241122,申万50,3065.21,2975.74,3069.87,2975.74,-93.65,-3.05,626381,15257782,13.11,1.8,777714101,2065567602.57528
801001.SI,20241121,申万50,3061.88,3054.41,3074.73,3069.39,1.09,0.04,502738,12476786,13.52,1.86,802188359,2120387379.65607
801001.SI,20241120,申万50,3056.21,3047.32,3080.2,3068.3,5.96,0.19,554754,13199934,13.51,1.86,801902495,2121892151.56293
801001.SI,20241119,申万50,3054.88,3007.83,3064.84,3062.34,13.41,0.44,818073,16752545,13.49,1.86,800368699,2116469186.84583
801001.SI,20241118,申万50,3071.98,3034.63,3106.47,3048.93,-15.96,-0.52,1002335,19151989,13.43,1.85,796863739,2116512612.08873
801001.SI,20241115,申万50,3110.87,3064.89,3125.02,3064.89,-57.81,-1.85,876847,19652485,13.49,1.86,800851396,2113554733.19042
801001.SI,20241114,申万50,3161.34,3119.13,3178.09,3122.7,-47.13,-1.49,754999,18818321,13.74,1.89,815957171,2140250805.97226
801001.SI,20241113,申万50,3118.83,3118.83,3181.36,3169.83,27.03,0.86,836868,21597615,13.94,1.92,828270664,2164581105.54186
801001.SI,20241112,申万50,3181.14,3124.97,3227.8,3142.8,-33.92,-1.07,918203,26350733,13.83,1.9,821207957,2143158621.11904
801001.SI,20241111,申万50,3122.12,3111.05,3178.42,3176.72,11.4,0.36,897730,24496052,13.98,1.92,830069021,2168234452.01685
801001.SI,20241108,申万50,3248.87,3158.27,3250.2,3165.32,-42.94,-1.34,983485,28468012,13.94,1.92,827090729,2169749006.86775
801001.SI,20241107,申万50,3069.39,3068.39,3208.26,3208.26,109.21,3.52,1022394,27516645,14.13,1.94,838309587,2195594490.7916
801001.SI,20241106,申万50,3137.08,3082.24,3164.55,3099.05,-36.65,-1.17,946955,25985894,13.64,1.88,809772720,2135537682.43636
801001.SI,20241105,申万50,3054.23,3041.81,3141.36,3135.7,74.34,2.43,908052,24018324,13.81,1.9,819349297,2157239331.81782
801001.SI,20241104,申万50,3020.88,3020.47,3061.36,3061.36,47.41,1.57,676920,15844960,13.48,1.86,799924638,2118430374.96428
801001.SI,20241101,申万50,2999.28,2998.13,3047.08,3013.95,7.81,0.26,911098,18961595,13.28,1.83,787330029,2098070414.42051
801001.SI,20241031,申万50,3008.7,2980.91,3036.04,3006.14,-6.68,-0.22,947220,21248673,13.23,1.84,785288751,2083433645.70531
801001.SI,20241030,申万50,3026.75,2995.65,3041.22,3012.82,-29.76,-0.98,693457,14913615,13.27,1.85,787032263,2089482809.46643
801001.SI,20241029,申万50,3076.26,3039.77,3095.13,3042.58,-31.52,-1.03,660997,17139010,13.4,1.87,794807358,2109587221.95404
801001.SI,20241028,申万50,3069.52,3034.83,3074.1,3074.1,0.95,0.03,668015,15817895,13.53,1.89,803041364,2128985369.04151
801001.SI,20241025,申万50,3057.44,3044.21,3100.7,3073.15,19.58,0.64,640366,16751527,13.53,1.9,802715279,2130215626.00985
801001.SI,20241024,申万50,3077.04,3043.58,3082.84,3053.57,-40.08,-1.3,564122,14123106,13.46,1.89,798040960,2125599611.27518
801001.SI,20241023,申万50,3076.03,3063.82,3123.69,3093.65,13.79,0.45,798126,19490252,13.63,1.92,808516287,2146397202.68158
801001.SI,20241022,申万50,3054.73,3053.81,3087.81,3079.86,17.82,0.58,733210,17681504,13.58,1.91,804912124,2140683060.02813
801001.SI,20241021,申万50,3082.55,3037.81,3089.64,3062.03,-1.26,-0.04,993541,23843969,13.5,1.89,800253488,2131572218.25921
801001.SI,20241018,申万50,2941.91,2936.76,3118.17,3063.29,113.61,3.85,1038812,26718439,13.52,1.91,800581620,2139952707.167
801001.SI,20241017,申万50,3008.79,2949.49,3026.72,2949.68,-42.58,-1.42,631502,14437031,13.01,1.83,770889893,2075799825.38173
801001.SI,20241016,申万50,2981.37,2970.05,3025.62,2992.26,-27.25,-0.9,696326,15898743,13.2,1.86,782016914,2103273135.51841
801001.SI,20241015,申万50,3093.43,3019.51,3110.16,3019.51,-87.36,-2.81,714985,17263388,13.33,1.88,789139049,2114400181.90521
801001.SI,20241014,申万50,3078.53,3040.83,3122.24,3106.87,49.64,1.62,952804,21469715,13.72,1.93,811968735,2175504300.84245
801001.SI,20241011,申万50,3111.92,3022.18,3123.55,3057.23,-82.3,-2.62,891114,20764824,13.5,1.9,798996266,2137830585.92409
801001.SI,20241010,申万50,3113.11,3076.69,3220.57,3139.53,40.35,1.3,1350630,31921407,13.86,1.95,820501835,2186338278.67546
801001.SI,20241009,申万50,3273.98,3095.58,3292.52,3099.18,-249.02,-7.44,1670026,46291789,13.67,1.93,809951756,2139507623.23912
801001.SI,20241008,申万50,3495.86,3215.88,3495.86,3348.2,196.06,6.22,1960071,51966144,14.76,2.08,875032649,2293639702.10352
801001.SI,20240930,申万50,3026.47,2989.51,3170.03,3152.14,240.33,8.25,1736914,39441932,13.91,1.96,823793041,2200888067.58084
801001.SI,20240927,申万50,2848.02,2828.24,2915.92,2911.81,135.55,4.88,996031,23117955,12.85,1.81,760984035,2054909886.39327
801001.SI,20240926,申万50,2652.65,2645.37,2776.39,2776.26,125.79,4.75,836952,17886950,12.27,1.73,725557983,1996879401.24296
801001.SI,20240925,申万50,2658.02,2638.47,2699.25,2650.47,43.07,1.65,805958,16757930,11.72,1.65,692618840,1924244920.07258
801001.SI,20240924,申万50,2517.53,2494.98,2607.4,2607.4,121.41,4.88,711991,14987923,11.53,1.62,681364290,1898925803.49367
801001.SI,20240923,申万50,2477.28,2475.35,2499.59,2485.99,10.07,0.41,303756,6781422,10.95,1.54,649573190,1810854000.83587
801001.SI,20240920,申万50,2469.44,2455.22,2480.9,2475.92,5.12,0.21,400700,7531986,10.92,1.54,649125516,1799700865.38545
801001.SI,20240919,申万50,2455.91,2433.86,2485.6,2470.8,16.14,0.66,428254,8536946,10.89,1.54,647796198,1793616921.05951
801001.SI,20240918,申万50,2444.02,2439.29,2461.56,2454.66,9.8,0.4,286092,5642774,10.83,1.53,643536320,1790903261.06372
801001.SI,20240913,申万50,2452.32,2444.86,2467.46,2444.86,-7.29,-0.3,307056,6600552,10.78,1.53,640967207,1780306049.07269
801001.SI,20240912,申万50,2468.04,2451.59,2475.81,2452.15,-11.28,-0.46,297841,6160501,10.81,1.53,642878882,1784794996.12076
801001.SI,20240911,申万50,2457.43,2449.35,2469.33,2463.43,0.78,0.03,339234,6172827,10.86,1.54,645835658,1790779893.20875
801001.SI,20240910,申万50,2458.88,2451.94,2470.62,2462.65,2.64,0.11,311241,5788189,10.86,1.54,645860901,1805347668.68009
801001.SI,20240909,申万50,2474.68,2451.25,2484.53,2460.01,-31.65,-1.27,359665,6493175,10.85,1.54,645168142,1797153310.15229
801001.SI,20240906,申万50,2512.99,2491.46,2524.03,2491.66,-20.41,-0.81,278213,4996639,10.99,1.56,653469284,1818745181.59125
801001.SI,20240905,申万50,2511.38,2506.28,2522.54,2512.07,-0.04,0.0,319482,5675571,11.08,1.57,658768537,1831839041.23723
801001.SI,20240904,申万50,2513.12,2508.24,2527.76,2512.11,-18.51,-0.73,361718,6005721,11.08,1.57,658779876,1838245530.80749
801001.SI,20240903,申万50,2518.93,2516.38,2535.46,2530.62,9.26,0.37,409332,6247350,11.16,1.58,663634428,1856238501.00524
801001.SI,20240902,申万50,2554.07,2521.36,2555.71,2521.36,-45.89,-1.79,446040,7979160,11.13,1.57,661206880,1870094168.44607
801001.SI,20240830,申万50,2519.09,2519.09,2592.2,2567.25,44.7,1.77,643903,11969563,12.8,1.62,673240051,1888461430.05176
801001.SI,20240829,申万50,2513.26,2513.26,2532.24,2522.55,-3.93,-0.16,421095,7544562,12.58,1.59,661517093,1874037517.53225
801001.SI,20240828,申万50,2543.89,2514.77,2545.83,2526.48,-24.45,-0.96,307308,6389568,12.6,1.59,662548678,1896646101.57352
801001.SI,20240827,申万50,2552.77,2543.51,2556.7,2550.93,-9.4,-0.37,322505,5500291,12.72,1.61,668578468,1915445068.56766
801001.SI,20240826,申万50,2567.16,2550.37,2570.7,2560.33,-2.52,-0.1,301401,6223895,12.76,1.61,671042977,1908210636.0423
801001.SI,20240823,申万50,2536.54,2536.54,2567.45,2562.85,18.96,0.75,301608,6038677,12.77,1.62,671702724,1909228531.03089
801001.SI,20240822,申万50,2547.44,2533.03,2549.94,2543.89,-0.82,-0.03,334186,6596162,12.67,1.61,664745659,1900083688.41482
801001.SI,20240821,申万50,2540.91,2527.69,2557.26,2544.71,-3.93,-0.15,286041,5218295,12.66,1.62,664960792,1895970347.78916
801001.SI,20240820,申万50,2567.44,2541.95,2567.44,2548.64,-13.2,-0.52,332865,5766924,12.68,1.62,665987347,1899728239.06598
801001.SI,20240819,申万50,2555.68,2555.68,2583.06,2561.84,6.52,0.26,321905,6041829,12.73,1.63,668705199,1907565573.89989
801001.SI,20240816,申万50,2542.6,2540.2,2559.41,2555.32,14.84,0.58,342981,6135651,12.7,1.62,666953518,1897442741.6116
801001.SI,20240815,申万50,2508.05,2505.18,2550.91,2540.48,25.85,1.03,333669,6335237,12.63,1.61,663081474,1882165238.31624
801001.SI,20240814,申万50,2530.84,2514.36,2530.84,2514.63,-17.11,-0.68,239953,4758003,12.49,1.59,656333659,1864709918.26166
801001.SI,20240813,申万50,2529.95,2514.36,2532.7,2531.74,3.7,0.15,276719,5346651,12.58,1.61,660799286,1871134404.24384
801001.SI,20240812,申万50,2525.65,2523.51,2535.9,2528.04,-0.73,-0.03,260445,4948443,12.56,1.6,659834402,1868163664.68872
801001.SI,20240809,申万50,2546.64,2528.77,2554.15,2528.77,-3.58,-0.14,322809,6234923,12.57,1.6,659767470,1867107822.90306
801001.SI,20240808,申万50,2519.01,2511.07,2547.8,2532.35,5.04,0.2,293096,6197689,12.58,1.6,660701317,1863164670.23334
801001.SI,20240807,申万50,2524.42,2516.43,2543.58,2527.31,0.09,0.0,293915,6045247,12.56,1.6,659387151,1859248578.50691
801001.SI,20240806,申万50,2557.94,2511.64,2561.4,2527.22,-10.87,-0.43,385438,7849908,12.55,1.6,659364111,1855965157.38022
801001.SI,20240805,申万50,2541.87,2538.09,2583.11,2538.09,-23.18,-0.91,469681,9711401,12.61,1.61,662200046,1863438174.50519
801001.SI,20240802,申万50,2568.51,2559.44,2588.52,2561.27,-30.02,-1.16,371086,7523889,12.73,1.62,668248948,1886538779.38081
801001.SI,20240801,申万50,2618.98,2590.99,2619.13,2591.29,-26.16,-1.0,423667,8434888,12.88,1.64,676081261,1904088396.64664
801001.SI,20240731,申万50,2550.72,2550.72,2621.34,2617.45,59.2,2.31,559078,11017380,13.01,1.66,682862480,1914780591.87644
801001.SI,20240730,申万50,2570.19,2544.14,2570.19,2558.25,-22.43,-0.87,342153,7473053,12.72,1.62,667416438,1889240490.21114
801001.SI,20240729,申万50,2588.78,2576.45,2591.39,2580.68,-13.47,-0.52,348677,7232583,12.83,1.63,673268862,1909810190.21545
801001.SI,20240726,申万50,2593.84,2577.39,2607.15,2594.15,6.78,0.26,435591,8349631,12.9,1.64,676751811,1911999455.48211
801001.SI,20240725,申万50,2595.03,2575.55,2605.55,2587.37,-19.99,-0.77,460732,8613694,12.87,1.63,674982051,1919835675.27513
801001.SI,20240724,申万50,2622.38,2598.64,2636.99,2607.36,-20.1,-0.76,461732,8065579,12.97,1.65,680168235,1940709406.00038
801001.SI,20240723,申万50,2684.03,2627.46,2684.03,2627.46,-59.73,-2.22,467876,8927513,13.06,1.66,685410502,1943933403.35723
801001.SI,20240722,申万50,2708.38,2671.8,2712.07,2687.19,-19.87,-0.73,473208,9636265,13.36,1.7,700991668,1970646431.47681
801001.SI,20240719,申万50,2678.04,2670.56,2712.34,2707.06,9.23,0.34,461844,9845718,13.46,1.71,706174905,1992255856.29731
801001.SI,20240718,申万50,2668.21,2668.21,2699.59,2697.83,14.85,0.55,405043,9468606,13.41,1.7,703766087,1992216335.03072
801001.SI,20240717,申万50,2675.11,2666.95,2690.67,2682.98,3.95,0.15,442750,9883526,13.34,1.7,699882121,1981375160.85782
801001.SI,20240716,申万50,2659.3,2655.13,2680.45,2679.03,11.22,0.42,447094,9003089,13.32,1.69,698851853,1988074306.26093
801001.SI,20240715,申万50,2658.92,2658.92,2674.89,2667.81,-0.43,-0.02,477259,8029390,13.26,1.69,695924746,1988265354.01251
801001.SI,20240712,申万50,2651.84,2651.84,2673.28,2668.24,12.24,0.46,438741,9446142,13.27,1.69,696007428,1976708671.61336
801001.SI,20240711,申万50,2642.6,2632.01,2662.74,2656.0,27.23,1.04,475680,10180556,13.2,1.68,692814138,1969475323.96729
801001.SI,20240710,申万50,2628.82,2625.13,2648.07,2628.77,-7.89,-0.3,406934,8546424,13.06,1.66,685711487,1957336571.06377
801001.SI,20240709,申万50,2602.01,2591.36,2644.76,2636.66,28.13,1.08,432109,9516438,13.1,1.67,687768536,1968789411.21986
801001.SI,20240708,申万50,2619.13,2605.14,2628.07,2608.53,-22.87,-0.87,369208,7738789,12.96,1.65,680421166,1949758857.56688
801001.SI,20240705,申万50,2649.26,2608.6,2657.14,2631.4,-19.71,-0.74,412804,8360657,13.07,1.66,686386482,1958425366.27201
801001.SI,20240704,申万50,2665.22,2651.11,2680.47,2651.11,-7.9,-0.3,339128,6948770,13.17,1.67,691528138,1976754732.45031
801001.SI,20240703,申万50,2660.46,2648.27,2667.97,2659.01,-0.68,-0.03,353553,7431431,13.21,1.68,693588796,1976653907.48056
801001.SI,20240702,申万50,2647.22,2645.18,2669.78,2659.69,5.91,0.22,389442,8424219,13.21,1.68,693741272,1982698200.42979
801001.SI,20240701,申万50,2647.7,2628.57,2654.72,2653.78,5.23,0.2,392252,8375612,13.18,1.68,692198724,1967869973.69088
801001.SI,20240628,申万50,2645.53,2644.5,2672.5,2648.55,-6.66,-0.25,428034,9220992,13.35,1.67,680402821,1806376574.90244
801001.SI,20240627,申万50,2662.45,2646.59,2663.4,2655.21,-16.95,-0.63,357642,7239777,13.39,1.68,682113345,1797675765.31196
801001.SI,20240626,申万50,2654.91,2652.19,2679.2,2672.16,11.12,0.42,312620,7404165,13.48,1.69,686197771,1802334933.42979
801001.SI,20240625,申万50,2675.04,2648.71,2683.7,2661.04,-17.17,-0.64,370366,8967959,13.42,1.68,683341569,1800787475.94848
801001.SI,20240624,申万50,2655.59,2655.45,2697.65,2678.21,-0.39,-0.01,356962,8812329,13.5,1.69,687749912,1808515322.96722
801001.SI,20240621,申万50,2688.5,2661.83,2693.36,2678.6,-15.46,-0.57,328988,8094633,13.48,1.69,685398921,1805112102.94309
801001.SI,20240620,申万50,2711.25,2691.95,2711.25,2694.06,-18.12,-0.67,331843,7812336,13.55,1.7,689322628,1816905050.91829
801001.SI,20240619,申万50,2721.37,2703.68,2721.37,2712.18,-11.41,-0.42,312096,7877692,13.65,1.71,693958243,1820904985.08619
801001.SI,20240618,申万50,2716.83,2716.83,2723.59,2723.59,3.23,0.12,363561,9477034,13.71,1.72,696906284,1822215369.95883
801001.SI,20240617,申万50,2703.28,2699.27,2724.58,2720.36,1.73,0.06,384453,9924801,13.69,1.72,696080574,1817715308.46585
801001.SI,20240614,申万50,2687.79,2678.24,2724.44,2718.63,24.04,0.89,457096,12406540,13.69,1.71,695767952,1824068697.10139
801001.SI,20240613,申万50,2714.82,2691.19,2718.7,2694.59,-11.88,-0.44,357945,9397675,13.57,1.7,689614558,1811789939.15742
801001.SI,20240612,申万50,2707.1,2703.8,2716.41,2706.47,-2.98,-0.11,374513,8571177,13.63,1.71,692655916,1814378185.91848
801001.SI,20240611,申万50,2718.03,2694.3,2728.18,2709.45,-29.14,-1.06,387299,9557659,13.64,1.71,693418591,1814896799.09598
801001.SI,20240607,申万50,2768.51,2722.64,2772.15,2738.6,-32.75,-1.18,395533,9548500,13.78,1.73,700719052,1838560778.74182
801001.SI,20240606,申万50,2778.33,2766.11,2796.89,2771.35,1.28,0.05,397331,9429279,13.95,1.73,709099456,1859103294.03701
801001.SI,20240605,申万50,2782.05,2770.07,2791.87,2770.07,-18.35,-0.66,310814,7174839,13.94,1.73,708766373,1852947906.07802
801001.SI,20240604,申万50,2763.9,2763.5,2794.59,2788.42,21.82,0.79,342135,7673451,14.04,1.74,713461018,1863463982.05488
801001.SI,20240603,申万50,2750.96,2742.2,2774.36,2766.6,15.82,0.57,366050,9085961,13.92,1.73,707877251,1854595734.74092
801001.SI,20240531,申万50,2769.37,2750.78,2782.46,2750.78,-13.17,-0.48,313333,7393191,13.85,1.72,703657590,1843610351.46451
801001.SI,20240530,申万50,2777.15,2759.33,2785.94,2763.95,-17.66,-0.64,339244,7782382,13.92,1.72,707012634,1851998394.46081
801001.SI,20240529,申万50,2779.56,2774.25,2796.74,2781.61,3.31,0.12,333019,7180697,14.0,1.73,711621801,1867502745.87922
801001.SI,20240528,申万50,2800.16,2776.12,2800.16,2778.3,-22.91,-0.82,363375,7194168,13.99,1.73,710773827,1865329596.34396
801001.SI,20240527,申万50,2783.66,2780.05,2802.86,2801.21,21.42,0.77,370317,8010565,14.12,1.75,717604306,1874276912.28897
801001.SI,20240524,申万50,2805.88,2778.38,2820.05,2779.79,-37.78,-1.34,365689,8000691,14.01,1.74,712116902,1856559916.37937
801001.SI,20240523,申万50,2837.32,2811.24,2837.32,2817.57,-29.86,-1.05,421151,8679144,14.21,1.76,721795420,1877664521.72224
801001.SI,20240522,申万50,2844.33,2834.07,2852.89,2847.43,2.27,0.08,436453,9067009,14.35,1.78,729444082,1894127762.0588
801001.SI,20240521,申万50,2850.09,2838.56,2852.23,2845.16,-13.25,-0.46,397572,8041286,14.34,1.78,728862207,1894895242.80054
801001.SI,20240520,申万50,2854.46,2850.55,2873.05,2858.41,8.42,0.3,557213,11484330,14.39,1.78,731387435,1901165924.24274
801001.SI,20240517,申万50,2814.79,2807.43,2849.99,2849.99,34.19,1.21,534265,10898632,14.36,1.78,729331757,1892717042.784506
801001.SI,20240516,申万50,2805.73,2793.88,2828.3,2815.8,22.41,0.8,471377,9935705,14.19,1.76,720566300,1872317546.34341
801001.SI,20240515,申万50,2812.25,2792.34,2815.21,2793.39,-23.29,-0.83,336266,7286086,14.07,1.74,714832410,1859877887.17049
801001.SI,20240514,申万50,2833.2,2809.57,2837.73,2816.68,-9.78,-0.35,355511,8406686,14.19,1.76,720767248,1870721118.6966
801001.SI,20240513,申万50,2820.22,2813.42,2832.71,2826.46,-11.83,-0.42,404709,9840509,14.24,1.76,723269179,1878825958.95793
801001.SI,20240510,申万50,2848.73,2822.34,2852.69,2838.29,-5.68,-0.2,423651,9121046,14.3,1.77,726295080,1886582945.08638
801001.SI,20240509,申万50,2824.49,2824.49,2847.63,2843.97,18.77,0.66,387145,8446562,14.33,1.77,727748844,1889896643.98271
801001.SI,20240508,申万50,2846.75,2824.49,2846.75,2825.2,-29.29,-1.03,404201,8143484,14.24,1.76,722946161,1885395931.66766
801001.SI,20240507,申万50,2856.56,2848.27,2864.53,2854.49,-2.44,-0.09,457215,10063180,14.39,1.78,730442469,1898200397.50763
801001.SI,20240506,申万50,2854.61,2847.83,2869.6,2856.93,50.4,1.8,652952,14493656,14.41,1.78,731065895,1895022348.8012
801001.SI,20240430,申万50,2825.07,2806.53,2836.44,2806.53,-21.83,-0.77,556807,12095635,12.59,1.72,698425643,1876691298.85604
801001.SI,20240429,申万50,2796.5,2790.8,2856.33,2828.36,34.29,1.23,628962,14901811,12.69,1.76,703669468,1884864693.95282
801001.SI,20240426,申万50,2741.86,2741.86,2797.44,2794.07,58.79,2.15,602683,13205943,12.53,1.74,695187024,1878018148.20635
801001.SI,20240425,申万50,2715.2,2709.78,2744.51,2735.28,9.91,0.36,342019,7503040,12.27,1.72,680867854,1850336960.66201
801001.SI,20240424,申万50,2722.09,2704.2,2727.7,2725.37,11.39,0.42,344360,7854326,12.22,1.71,678162200,1842092664.36778
801001.SI,20240423,申万50,2719.0,2705.5,2725.72,2713.98,-6.26,-0.23,402856,8755292,12.17,1.71,675903568,1834402354.06802
801001.SI,20240422,申万50,2716.87,2716.87,2737.69,2720.24,-1.33,-0.05,422526,9090822,12.2,1.71,677506415,1840820483.24947
801001.SI,20240419,申万50,2733.0,2707.8,2741.72,2721.57,-28.78,-1.05,428582,9487433,12.21,1.72,677673299,1848682984.74072
801001.SI,20240418,申万50,2732.2,2732.2,2776.44,2750.35,5.51,0.2,546689,11202239,12.34,1.74,684596531,1857363168.83844
801001.SI,20240417,申万50,2710.84,2705.12,2745.71,2744.84,31.23,1.15,504443,10231174,12.31,1.73,683058541,1859580030.57599
801001.SI,20240416,申万50,2720.55,2704.79,2731.99,2713.61,-19.28,-0.71,494293,10026809,12.18,1.71,675419346,1841307403.9047
801001.SI,20240415,申万50,2673.31,2673.31,2734.19,2732.89,59.06,2.21,516477,10889895,12.26,1.73,680061102,1845133936.10191
801001.SI,20240412,申万50,2700.19,2669.7,2710.48,2673.83,-23.85,-0.88,412808,9484518,11.99,1.69,665148487,1802146515.19654
801001.SI,20240411,申万50,2686.85,2685.6,2709.06,2697.68,-6.14,-0.23,351487,8140334,12.11,1.71,671543841,1811057266.77559
801001.SI,20240410,申万50,2724.58,2693.68,2724.74,2703.82,-24.73,-0.91,370370,8237911,12.13,1.71,673065697,1814555294.60465
801001.SI,20240409,申万50,2731.93,2721.24,2742.41,2728.55,-6.48,-0.24,359723,7803338,12.24,1.73,679086576,1824313613.42938
801001.SI,20240408,申万50,2751.24,2735.03,2756.18,2735.03,-29.48,-1.07,428006,10447343,12.27,1.73,680925192,1834269388.64639
801001.SI,20240403,申万50,2778.26,2759.4,2778.26,2764.51,-13.35,-0.48,374568,8482610,12.4,1.75,688078817,1843277441.30148
801001.SI,20240402,申万50,2792.47,2768.62,2793.93,2777.86,-16.92,-0.61,412129,8875736,12.46,1.76,691045182,1848234104.45716
801001.SI,20240401,申万50,2756.71,2756.71,2802.5,2794.78,52.88,1.93,486719,10485886,12.53,1.77,695144648,1851456166.96099
801001.SI,20240329,申万50,2734.36,2727.84,2749.93,2741.9,4.58,0.17,370788,8226016,12.3,1.74,682112643,1827637198.94401
801001.SI,20240328,申万50,2722.81,2714.91,2765.08,2737.32,12.07,0.44,440729,10173337,12.28,1.74,680763671,1814024941.47536
801001.SI,20240327,申万50,2748.65,2725.25,2753.11,2725.25,-28.0,-1.02,400779,9411099,12.22,1.74,678110767,1812238157.84469
801001.SI,20240326,申万50,2737.04,2737.04,2757.23,2753.25,16.98,0.62,381270,10466395,12.35,1.76,684724400,1825814478.76921
801001.SI,20240325,申万50,2744.98,2736.27,2760.68,2736.27,-16.09,-0.58,403231,9737442,12.25,1.76,679821548,1816521579.54188
801001.SI,20240322,申万50,2766.89,2734.25,2771.19,2752.36,-24.59,-0.89,437858,11100238,12.32,1.77,683572226,1819722733.40429
801001.SI,20240321,申万50,2784.56,2775.73,2794.23,2776.95,-0.86,-0.03,402560,9966946,12.43,1.78,690974035,1830462789.95164
801001.SI,20240320,申万50,2762.87,2762.87,2780.73,2777.81,6.52,0.24,386341,9635286,12.44,1.78,691086155,1829803096.30108
801001.SI,20240319,申万50,2779.67,2771.29,2794.14,2771.29,-18.97,-0.68,426788,11604416,12.42,1.78,689954807,1819799930.00757
801001.SI,20240318,申万50,2772.99,2768.62,2790.64,2790.26,28.04,1.02,477437,13231313,12.51,1.79,694416096,1828005777.8146
801001.SI,20240315,申万50,2750.97,2736.38,2765.15,2762.22,4.33,0.16,438223,11556598,12.4,1.78,687926932,1813045881.31376
801001.SI,20240314,申万50,2766.26,2747.53,2787.18,2757.89,-8.17,-0.3,458321,12294877,12.38,1.78,687111076,1809587336.07924
801001.SI,20240313,申万50,2786.41,2761.65,2786.41,2766.06,-20.99,-0.75,482110,12207889,12.41,1.79,688903790,1812453264.75126
801001.SI,20240312,申万50,2768.13,2756.8,2792.75,2787.05,22.21,0.8,603493,15931551,12.51,1.8,694460488,1824614614.49101
801001.SI,20240311,申万50,2712.72,2712.28,2764.84,2764.84,56.42,2.08,470676,13428118,12.4,1.79,688501635,1826415327.16139
801001.SI,20240308,申万50,2700.5,2683.13,2711.99,2708.42,7.04,0.26,389421,9909953,12.14,1.75,674266501,1801416781.13904
801001.SI,20240307,申万50,2713.93,2696.49,2728.76,2701.38,-15.58,-0.57,454551,11020593,12.11,1.74,672471069,1794040723.70097
801001.SI,20240306,申万50,2724.45,2713.79,2736.47,2716.96,-16.79,-0.61,444716,10637750,12.17,1.75,675953542,1798985875.97497
801001.SI,20240305,申万50,2694.21,2692.46,2736.71,2733.75,24.92,0.92,544748,13547496,12.25,1.76,679763794,1815269966.88814
801001.SI,20240304,申万50,2716.24,2697.69,2719.73,2708.83,-6.44,-0.24,499588,12342659,12.14,1.75,673685028,1795265998.56943
801001.SI,20240301,申万50,2697.8,2684.03,2719.38,2715.27,17.15,0.64,510153,12122685,12.17,1.75,675297260,1790444642.06929
801001.SI,20240229,申万50,2640.21,2640.21,2699.56,2698.12,50.99,1.93,487672,12578817,12.09,1.74,671022349,1781045560.23574
801001.SI,20240228,申万50,2683.8,2647.13,2698.15,2647.13,-32.73,-1.22,594229,14052976,11.88,1.71,658793602,1755725847.37322
801001.SI,20240227,申万50,2635.65,2635.35,2679.86,2679.86,35.68,1.35,477138,11613465,12.01,1.73,666489829,1772041270.08362
801001.SI,20240226,申万50,2669.35,2637.64,2676.1,2644.18,-29.83,-1.12,493691,10622976,11.88,1.71,658547775,1752547086.16002
801001.SI,20240223,申万50,2678.36,2661.46,2687.26,2674.01,-0.4,-0.02,492256,10669640,12.02,1.73,666157639,1780749014.15962
801001.SI,20240222,申万50,2653.62,2650.23,2674.61,2674.41,16.3,0.61,482675,9956465,12.03,1.73,666418313,1780672286.46116
801001.SI,20240221,申万50,2592.38,2591.38,2690.22,2658.11,49.08,1.88,621266,13608372,11.96,1.72,662670574,1762952408.28938
801001.SI,20240220,申万50,2608.58,2586.86,2612.89,2609.03,-3.23,-0.12,445158,9886228,11.73,1.69,650366290,1735547836.64567
801001.SI,20240219,申万50,2626.85,2592.08,2626.85,2612.26,19.75,0.76,561442,11824157,11.74,1.69,650813591,1733472762.54751
801001.SI,20240208,申万50,2586.9,2575.95,2608.39,2592.51,12.8,0.5,544478,11515607,11.67,1.68,646811002,1708084199.84268
801001.SI,20240207,申万50,2554.83,2546.16,2580.17,2579.71,27.43,1.07,678340,13200189,11.62,1.67,643940983,1706084184.67734
801001.SI,20240206,申万50,2453.32,2453.32,2552.71,2552.28,86.73,3.52,644484,13019884,11.49,1.65,636478725,1692777013.98358
801001.SI,20240205,申万50,2415.32,2399.54,2486.62,2465.55,35.48,1.46,634183,12702843,11.11,1.6,615390431,1649678467.492
801001.SI,20240202,申万50,2465.51,2392.19,2472.06,2430.07,-33.58,-1.36,526175,10014479,10.95,1.57,606541116,1620758781.33515
801001.SI,20240201,申万50,2445.63,2441.32,2487.02,2463.65,9.34,0.38,427869,8554700,11.1,1.6,614775992,1634991877.03011
801001.SI,20240131,申万50,2462.3,2443.89,2476.83,2454.31,-12.67,-0.51,433629,9028963,11.06,1.59,612615917,1633466552.69723
801001.SI,20240130,申万50,2498.97,2466.98,2507.29,2466.98,-46.06,-1.83,427972,8593376,11.12,1.6,615694598,1639237974.2524
801001.SI,20240129,申万50,2538.16,2513.04,2547.9,2513.04,-24.63,-0.97,559392,10330501,11.32,1.63,626669511,1663983440.61336
801001.SI,20240126,申万50,2538.04,2529.04,2551.8,2537.67,-14.37,-0.56,575350,9796255,11.42,1.64,632613861,1673511658.64692
801001.SI,20240125,申万50,2507.71,2501.69,2553.56,2552.04,41.15,1.64,620100,11133616,11.32,1.63,640014817,1669338517.5341
801001.SI,20240124,申万50,2495.01,2451.28,2513.63,2510.89,28.17,1.13,459955,8978154,11.14,1.6,629825114,1632340551.10605
801001.SI,20240123,申万50,2468.46,2457.42,2497.08,2482.72,5.5,0.22,388800,8671057,11.02,1.58,622731310,1610395825.67954
801001.SI,20240122,申万50,2495.46,2458.85,2516.32,2477.22,-22.52,-0.9,472747,10073924,11.0,1.58,621651730,1610118050.3761
801001.SI,20240119,申万50,2482.9,2481.66,2508.5,2499.74,5.58,0.22,373906,8354284,11.09,1.59,627122425,1621688969.67001
801001.SI,20240118,申万50,2433.59,2414.97,2496.31,2494.16,48.4,1.98,573269,11380948,11.06,1.59,625637588,1617269479.53292
801001.SI,20240117,申万50,2496.86,2445.76,2496.86,2445.76,-60.42,-2.41,345405,7771530,10.85,1.56,613706249,1591965018.4165
801001.SI,20240116,申万50,2480.92,2476.04,2506.18,2506.18,17.89,0.72,341721,7338311,11.12,1.6,628935648,1627302494.31956
801001.SI,20240115,申万50,2478.53,2471.72,2509.38,2488.29,-2.94,-0.12,247517,5525289,11.04,1.59,624677987,1617460688.1166
801001.SI,20240112,申万50,2491.88,2488.47,2512.12,2491.23,-12.05,-0.48,274077,5981951,11.05,1.59,625141839,1615997031.58191
801001.SI,20240111,申万50,2482.02,2477.42,2514.51,2503.28,21.44,0.86,341353,7603280,11.09,1.6,627672643,1619532921.48369
801001.SI,20240110,申万50,2481.03,2472.18,2506.97,2481.84,-7.72,-0.31,300573,6761095,11.0,1.58,622323812,1616084297.99811
801001.SI,20240109,申万50,2489.2,2477.03,2499.33,2489.56,2.59,0.1,344997,7239411,11.02,1.59,624147568,1622650306.03426
801001.SI,20240108,申万50,2515.27,2484.24,2522.33,2486.97,-32.92,-1.31,374069,7005124,11.0,1.58,623262181,1622378376.741
801001.SI,20240105,申万50,2526.15,2508.57,2550.15,2519.89,-11.19,-0.44,384156,7611212,11.14,1.6,631491044,1639798966.03087
801001.SI,20240104,申万50,2555.5,2514.3,2555.58,2531.08,-26.9,-1.05,332793,7105874,11.18,1.61,633862066,1646539730.30379
801001.SI,20240103,申万50,2563.68,2545.94,2571.62,2557.98,-12.34,-0.48,321847,6779451,11.3,1.63,640962174,1655998854.52251
801001.SI,20240102,申万50,2614.4,2570.32,2622.97,2570.32,-53.55,-2.04,354382,7913124,11.35,1.63,643701348,1657068488.17817
801001.SI,20231229,申万50,2611.03,2606.76,2627.32,2623.87,10.09,0.39,348482,7678588,10.96,1.65,665562529,1701587215.24453
801001.SI,20231228,申万50,2539.55,2536.84,2618.91,2613.78,74.83,2.95,498553,10831878,10.92,1.65,663003605,1695728808.81882
801001.SI,20231227,申万50,2538.2,2521.61,2542.61,2538.95,3.27,0.13,298759,5476005,10.6,1.6,644021429,1663329623.73011
801001.SI,20231226,申万50,2549.81,2529.08,2549.81,2535.68,-15.43,-0.6,220654,4313201,10.59,1.6,643191141,1657271455.21026
801001.SI,20231225,申万50,2539.09,2539.09,2554.38,2551.11,6.97,0.27,220329,4418151,10.66,1.61,647106036,1662907802.50267
801001.SI,20231222,申万50,2536.3,2523.31,2558.96,2544.14,5.53,0.22,308583,6688543,10.63,1.6,645338585,1656495631.37078
801001.SI,20231221,申万50,2494.15,2493.98,2545.61,2538.61,34.39,1.37,321797,7536058,10.61,1.6,643935003,1652770349.94191
801001.SI,20231220,申万50,2527.84,2504.08,2530.02,2504.22,-24.84,-0.98,276712,5745461,10.46,1.58,635211969,1637092934.57039
801001.SI,20231219,申万50,2518.03,2509.57,2536.26,2529.06,7.08,0.28,248811,5512871,10.56,1.59,641512150,1650148642.71366
801001.SI,20231218,申万50,2515.06,2513.66,2533.28,2521.98,-6.29,-0.25,253000,5716070,10.53,1.58,639716793,1645012750.70194
801001.SI,20231215,申万50,2543.03,2526.01,2567.81,2528.27,0.46,0.02,305468,7205577,10.56,1.59,641271665,1643746956.38601
801001.SI,20231214,申万50,2558.99,2527.2,2569.81,2527.81,-13.81,-0.54,258798,6501737,10.56,1.59,641091699,1646395403.89482
801001.SI,20231213,申万50,2588.7,2541.62,2588.7,2541.62,-53.94,-2.08,287752,6925126,10.61,1.6,644594560,1655423030.13078
801001.SI,20231212,申万50,2580.76,2580.76,2595.96,2595.56,5.15,0.2,307003,6000493,10.84,1.63,658336432,1685721685.76165
801001.SI,20231211,申万50,2557.06,2536.33,2597.15,2590.41,11.03,0.43,393778,8635284,10.82,1.63,657030429,1678124465.79585
801001.SI,20231208,申万50,2572.32,2566.13,2587.39,2579.38,7.04,0.27,357056,7795835,10.77,1.62,654233537,1673723543.19426
801001.SI,20231207,申万50,2573.9,2555.55,2582.44,2572.34,-6.65,-0.26,299699,6914387,10.74,1.62,652445840,1665480003.13673
801001.SI,20231206,申万50,2565.66,2565.08,2595.22,2578.99,8.71,0.34,355322,7752770,10.77,1.62,654129747,1668538916.96737
801001.SI,20231205,申万50,2613.36,2570.28,2613.36,2570.28,-52.78,-2.01,303253,7090068,10.74,1.61,651921283,1672846499.38164
801001.SI,20231204,申万50,2641.96,2623.06,2647.66,2623.06,-20.63,-0.78,288312,6652542,10.95,1.65,664161548,1704425052.10177
801001.SI,20231201,申万50,2660.76,2619.67,2660.76,2643.69,-18.79,-0.71,360989,7896385,11.04,1.66,669383853,1714481570.85444
801001.SI,20231130,申万50,2653.06,2650.4,2669.53,2662.48,6.53,0.25,310753,6565503,11.12,1.67,674072402,1724838696.20782
801001.SI,20231129,申万50,2679.44,2648.81,2679.58,2655.95,-22.6,-0.84,326752,6969420,11.1,1.67,672418084,1715340958.96045
801001.SI,20231128,申万50,2672.98,2664.32,2682.52,2678.55,4.86,0.18,298890,6646510,11.19,1.68,678138298,1725972035.54447
801001.SI,20231127,申万50,2697.97,2660.91,2697.97,2673.69,-27.83,-1.03,292587,6309588,11.17,1.68,676907788,1724211145.11659
801001.SI,20231124,申万50,2720.45,2698.6,2720.45,2701.52,-19.64,-0.72,273303,5982520,11.29,1.69,683954020,1739557933.33615
801001.SI,20231123,申万50,2708.33,2698.01,2721.47,2721.16,10.21,0.38,292898,5903013,11.37,1.71,688937985,1748814896.09624
801001.SI,20231122,申万50,2729.55,2710.95,2731.5,2710.95,-29.06,-1.06,257558,5166376,11.33,1.7,686275258,1744203718.9346
801001.SI,20231121,申万50,2742.45,2735.5,2763.11,2740.01,10.61,0.39,311168,6812689,11.45,1.72,693630681,1758067546.81696
801001.SI,20231120,申万50,2724.27,2706.24,2740.1,2729.4,5.88,0.22,253526,5665829,11.41,1.71,690944893,1751106452.27213
801001.SI,20231117,申万50,2721.48,2707.15,2729.16,2723.52,-9.28,-0.34,252165,5208205,11.39,1.71,689411816,1746084828.49319
801001.SI,20231116,申万50,2758.01,2731.42,2759.47,2732.8,-29.41,-1.06,265565,5552621,11.42,1.71,691944830,1753404553.39085
801001.SI,20231115,申万50,2768.76,2753.77,2769.93,2762.21,23.91,0.87,322999,7636013,11.52,1.73,696376386,1767956433.88718
801001.SI,20231114,申万50,2742.55,2727.62,2755.85,2738.3,-1.39,-0.05,289013,6304445,11.42,1.71,690350667,1755943924.05145
801001.SI,20231113,申万50,2757.28,2729.1,2757.67,2739.69,-11.47,-0.42,288467,6512890,11.43,1.71,690701541,1756295584.19484
801001.SI,20231110,申万50,2761.86,2745.52,2763.56,2751.16,-26.34,-0.95,302831,6283537,11.48,1.72,693592737,1761004050.27791
801001.SI,20231109,申万50,2771.14,2769.22,2786.78,2777.5,-3.32,-0.12,357942,7757496,11.59,1.74,700232015,1773836202.34062
801001.SI,20231108,申万50,2778.58,2767.78,2791.61,2780.82,-6.77,-0.24,308924,7147876,11.61,1.74,701069932,1769563534.41724
801001.SI,20231107,申万50,2796.74,2777.26,2796.74,2787.59,-17.28,-0.62,336573,7466122,11.63,1.74,702697020,1773159207.05323
801001.SI,20231106,申万50,2786.16,2783.28,2806.39,2804.87,38.41,1.39,456107,9932572,11.71,1.75,707054133,1780415660.48516
801001.SI,20231103,申万50,2744.35,2744.34,2771.83,2766.46,25.35,0.92,294161,6749374,11.54,1.73,697374383,1770823905.77898
801001.SI,20231102,申万50,2762.66,2740.81,2773.86,2741.11,-11.97,-0.43,286569,6277218,11.44,1.71,690984395,1759070259.0731
801001.SI,20231101,申万50,2791.26,2749.3,2791.26,2753.08,8.69,0.32,291092,8654771,11.49,1.72,694002970,1761500801.73683
801001.SI,20231031,申万50,2754.73,2731.79,2754.73,2744.39,-15.09,-0.55,368230,8406905,11.45,1.72,691818896,1750730522.03652
801001.SI,20231030,申万50,2733.04,2732.22,2766.19,2759.48,23.09,0.84,447750,9811696,11.56,1.75,699934800,1754163980.20499
801001.SI,20231027,申万50,2687.81,2682.64,2747.78,2736.39,39.41,1.46,386933,9458570,11.47,1.75,694078030,1751205270.24922
801001.SI,20231026,申万50,2676.29,2669.82,2697.24,2696.98,6.14,0.23,352492,7562183,11.31,1.73,684080337,1733319893.48209
801001.SI,20231025,申万50,2711.02,2688.22,2717.14,2690.84,12.08,0.45,444348,8612774,11.28,1.73,682523268,1722972269.74352
801001.SI,20231024,申万50,2682.02,2656.87,2687.55,2678.76,2.56,0.1,368830,7946875,11.25,1.72,680037393,1725539549.96782
801001.SI,20231023,申万50,2688.93,2656.4,2693.06,2676.2,-20.54,-0.76,276105,6016303,11.24,1.72,679388313,1725650523.08802
801001.SI,20231020,申万50,2696.32,2687.79,2713.34,2696.74,-14.38,-0.53,311534,7213615,11.32,1.74,684602895,1738121297.43173
801001.SI,20231019,申万50,2762.38,2709.8,2762.38,2711.11,-70.4,-2.53,359057,8411031,11.38,1.75,688251997,1748472704.68321
801001.SI,20231018,申万50,2789.38,2780.92,2798.97,2781.51,-13.29,-0.48,273557,6438644,11.67,1.8,706124851,1795819961.36674
801001.SI,20231017,申万50,2793.63,2779.5,2800.81,2794.8,10.1,0.36,246893,5397735,11.73,1.81,709326811,1800084373.81714
801001.SI,20231016,申万50,2816.75,2777.91,2816.75,2784.7,-32.86,-1.17,277958,6300051,11.68,1.8,706763106,1792181105.09567
801001.SI,20231013,申万50,2832.58,2808.44,2832.58,2817.56,-37.71,-1.32,315204,7028141,11.82,1.82,715103496,1805385411.59655
801001.SI,20231012,申万50,2857.93,2840.58,2864.42,2855.27,26.98,0.95,399279,8144040,11.98,1.85,724674536,1822903113.44298
801001.SI,20231011,申万50,2833.97,2822.24,2843.31,2828.29,13.28,0.47,316931,7451147,11.86,1.83,717536318,1807062512.78381
801001.SI,20231010,申万50,2848.01,2814.29,2849.51,2815.01,-19.35,-0.68,318468,6839533,11.8,1.82,714167264,1801430559.51431
801001.SI,20231009,申万50,2835.77,2803.16,2837.35,2834.36,-13.19,-0.46,317901,7637509,11.89,1.83,719075009,1812941559.74495
801001.SI,20230928,申万50,2871.89,2845.16,2872.69,2847.55,-14.66,-0.51,268443,6664560,11.94,1.84,722421662,1821327759.2011
801001.SI,20230927,申万50,2858.27,2854.41,2886.75,2862.21,6.27,0.22,296670,7289090,11.99,1.85,726071521,1826756259.66317
801001.SI,20230926,申万50,2871.63,2855.63,2880.43,2855.94,-20.97,-0.73,274310,5915888,11.96,1.85,724480714,1827666106.13244
801001.SI,20230925,申万50,2898.45,2873.49,2898.45,2876.91,-22.46,-0.77,290409,6297611,12.05,1.86,729799700,1840279238.04843
801001.SI,20230922,申万50,2835.45,2827.85,2899.37,2899.37,65.22,2.3,377404,8611751,12.15,1.88,735498295,1852292180.48343
801001.SI,20230921,申万50,2860.07,2834.15,2864.73,2834.15,-33.09,-1.15,253375,5663719,11.87,1.83,718952845,1814874978.95439
801001.SI,20230920,申万50,2875.49,2865.01,2876.25,2867.24,-12.61,-0.44,239034,4747922,12.03,1.86,729584056,1834377981.2581
801001.SI,20230919,申万50,2884.07,2864.36,2884.07,2879.85,-9.08,-0.31,249396,5477918,12.08,1.87,732792059,1842559095.71766
801001.SI,20230918,申万50,2852.72,2852.49,2896.13,2888.93,27.43,0.96,271093,6816609,12.12,1.87,735102365,1842333196.79677
801001.SI,20230915,申万50,2892.43,2854.45,2897.31,2861.5,-25.7,-0.89,327998,7701458,12.0,1.85,728123219,1829007246.15564
801001.SI,20230914,申万50,2893.7,2875.88,2900.6,2887.2,-5.58,-0.19,316197,6221771,12.11,1.87,734661738,1846257625.84804
801001.SI,20230913,申万50,2909.6,2879.12,2915.51,2892.78,-15.03,-0.52,260813,5707279,12.13,1.87,736080604,1842851046.1719
801001.SI,20230912,申万50,2911.91,2905.64,2919.12,2907.8,-7.54,-0.26,227156,5499461,12.19,1.88,739903538,1845687738.87047
801001.SI,20230911,申万50,2891.2,2886.95,2932.24,2915.34,22.73,0.79,307357,7501130,12.23,1.89,741822720,1849165254.89287
801001.SI,20230908,申万50,2904.13,2881.79,2905.56,2892.61,-21.35,-0.73,207203,4918634,12.13,1.87,736038342,1836671613.13922
801001.SI,20230907,申万50,2947.89,2912.7,2947.89,2913.96,-43.55,-1.47,281141,6696792,12.22,1.89,741470784,1850624086.92857
801001.SI,20230906,申万50,2955.38,2942.79,2962.43,2957.51,-7.62,-0.26,266842,6398044,12.41,1.92,752552952,1870365724.98879
801001.SI,20230905,申万50,2981.93,2961.42,2981.93,2965.13,-25.4,-0.85,288025,7081992,12.44,1.92,754492115,1871107466.78823
801001.SI,20230904,申万50,2966.07,2955.8,2998.46,2990.53,46.78,1.59,415823,9826473,12.54,1.94,760955547,1885181980.76911
801001.SI,20230901,申万50,2933.2,2933.2,2959.98,2943.75,24.55,0.84,322703,6900064,12.35,1.91,749051973,1855927834.62037
801001.SI,20230831,申万50,2937.42,2917.47,2938.9,2919.2,-15.34,-0.52,353018,7428865,13.86,1.89,742805253,1846860430.22541
801001.SI,20230830,申万50,2950.43,2930.11,2952.67,2934.54,-4.26,-0.15,418583,9126596,13.93,1.9,746707398,1855251254.86824
801001.SI,20230829,申万50,2900.51,2900.51,2957.51,2938.8,29.18,1.0,508072,11311734,13.95,1.91,747792348,1858815958.23283
801001.SI,20230828,申万50,3037.69,2901.62,3037.69,2909.62,33.94,1.18,668186,14926704,13.81,1.89,740366039,1848032901.67356
801001.SI,20230825,申万50,2864.07,2862.06,2894.16,2875.68,-5.72,-0.2,356056,7218029,13.65,1.87,731729990,1825257005.26348
801001.SI,20230824,申万50,2860.6,2858.44,2900.28,2881.4,35.7,1.25,418580,8405813,13.68,1.87,733185810,1827581764.44188
801001.SI,20230823,申万50,2887.5,2845.24,2889.27,2845.7,-47.07,-1.63,330599,6692344,13.51,1.85,724102508,1812862147.5167
801001.SI,20230822,申万50,2888.44,2856.09,2903.81,2892.76,22.0,0.77,461864,8975849,13.73,1.88,736078211,1835431095.23772
801001.SI,20230821,申万50,2898.24,2870.76,2909.07,2870.76,-40.48,-1.39,337394,7666807,13.63,1.87,730480519,1814745059.73657
801001.SI,20230818,申万50,2950.13,2911.24,2954.55,2911.24,-39.26,-1.33,309211,7322703,13.82,1.9,740781912,1836509412.78615
801001.SI,20230817,申万50,2922.16,2909.34,2953.8,2950.5,13.77,0.47,316697,7398627,14.0,1.92,750718841,1857387708.31908
801001.SI,20230816,申万50,2941.3,2935.48,2956.98,2936.73,-19.51,-0.66,315821,7362560,13.94,1.91,747214372,1850616947.5638
801001.SI,20230815,申万50,2965.52,2929.76,2969.7,2956.24,-6.81,-0.23,338580,7757956,14.03,1.92,752178401,1863553977.45777
801001.SI,20230814,申万50,2958.76,2932.24,2965.58,2963.05,-33.85,-1.13,409498,9271399,14.06,1.93,753908730,1863286827.26875
801001.SI,20230811,申万50,3071.45,2996.9,3071.45,2996.9,-69.86,-2.28,432757,8901605,14.23,1.95,762521885,1880700847.40262
801001.SI,20230810,申万50,3064.26,3042.96,3068.29,3066.76,-1.96,-0.06,315083,7455743,14.56,2.0,780267830,1919902196.03534
801001.SI,20230809,申万50,3061.47,3061.47,3078.71,3068.72,-5.39,-0.18,300857,7329275,14.57,2.0,780766661,1920171986.9735
801001.SI,20230808,申万50,3073.03,3058.05,3093.48,3074.11,-7.15,-0.23,354128,8801878,14.59,2.0,782137461,1924630345.41608
801001.SI,20230807,申万50,3088.17,3069.57,3089.88,3081.26,-22.52,-0.73,411038,9878501,14.62,2.01,783955749,1928632213.94337
801001.SI,20230804,申万50,3118.86,3097.16,3134.56,3103.78,13.77,0.45,617646,13489382,14.73,2.02,789517774,1938544918.48507
801001.SI,20230803,申万50,3058.13,3058.13,3090.08,3090.01,27.29,0.89,408518,9672962,14.66,2.01,786014508,1927352488.10579
801001.SI,20230802,申万50,3073.07,3053.36,3093.96,3062.72,-19.24,-0.62,413816,8895971,14.53,1.99,779073234,1914718697.05188
801001.SI,20230801,申万50,3098.01,3071.48,3112.56,3081.96,-19.82,-0.64,423613,10971089,14.63,2.0,783966082,1939000284.35167
801001.SI,20230731,申万50,3116.42,3092.98,3149.95,3101.78,17.31,0.56,650487,16001157,14.72,2.02,789008670,1943778694.87283
801001.SI,20230728,申万50,2996.52,2994.34,3091.67,3084.47,75.34,2.5,593220,13344554,14.64,2.0,784604568,1938759180.65644
801001.SI,20230727,申万50,3019.33,3003.69,3034.19,3009.13,-1.14,-0.04,332143,8126907,14.28,1.96,765438980,1897257451.63562
801001.SI,20230726,申万50,3009.89,2999.26,3013.62,3010.27,-7.34,-0.24,324449,7924349,14.29,1.96,765723986,1894131412.8264
801001.SI,20230725,申万50,2973.02,2973.02,3017.65,3017.61,101.47,3.48,560474,13676251,14.32,1.96,767591357,1901400293.27577
801001.SI,20230724,申万50,2909.41,2908.63,2932.04,2916.14,-16.74,-0.57,250358,6454029,13.84,1.89,741779506,1847874482.72485
801001.SI,20230721,申万50,2926.65,2918.35,2953.34,2932.88,2.08,0.07,264670,6927809,13.92,1.9,746037879,1854946871.03727
801001.SI,20230720,申万50,2953.67,2927.05,2973.6,2930.8,-15.29,-0.52,299951,7187370,13.91,1.9,745543070,1853137017.76954
801001.SI,20230719,申万50,2942.45,2930.99,2951.48,2946.09,-3.87,-0.13,257491,6010301,13.98,1.91,749185436,1863418847.27894
801001.SI,20230718,申万50,2967.96,2942.49,2967.96,2949.96,-13.23,-0.45,311520,6591067,14.0,1.91,750170051,1863848467.61661
801001.SI,20230717,申万50,2979.52,2951.19,2979.52,2963.19,-30.0,-1.0,359373,6958165,14.06,1.92,753535301,1879033835.57258
801001.SI,20230714,申万50,3000.62,2988.55,3002.32,2993.19,2.47,0.08,436568,9041414,14.2,1.94,761136537,1904518056.28297
801001.SI,20230713,申万50,2951.32,2951.32,2992.04,2990.72,51.08,1.74,418438,10320347,14.19,1.94,760509016,1896354054.3784
801001.SI,20230712,申万50,2946.5,2935.13,2960.59,2939.64,-7.09,-0.24,373077,8378397,13.96,1.91,748745571,1858810026.70682
801001.SI,20230711,申万50,2938.58,2927.9,2948.91,2946.73,20.02,0.68,271145,6717837,13.99,1.91,750550718,1863537025.84614
801001.SI,20230710,申万50,2922.18,2917.61,2944.4,2926.71,19.05,0.66,274032,7696861,13.89,1.9,745292641,1851927420.42549
801001.SI,20230707,申万50,2915.61,2904.09,2919.52,2907.66,-18.41,-0.63,277009,6465781,13.8,1.89,740439535,1842832696.77837
801001.SI,20230706,申万50,2937.0,2920.84,2953.98,2926.07,-20.46,-0.69,286289,6885667,13.89,1.9,745143575,1853100348.78521
801001.SI,20230705,申万50,2972.86,2943.38,2972.86,2946.53,-32.28,-1.08,275984,6779487,13.99,1.91,750337825,1866287542.29617
801001.SI,20230704,申万50,2971.62,2965.37,2979.23,2978.81,2.07,0.07,364542,8646837,14.14,1.93,758558761,1886351470.24157
801001.SI,20230703,申万50,2939.41,2939.41,2979.28,2976.74,47.94,1.64,443033,10795926,14.17,1.94,756951000,1886999352.51791
801001.SI,20230630,申万50,2915.39,2910.29,2945.74,2928.8,8.95,0.31,224981,6511052,12.64,1.91,725179669,1660009394.278325
801001.SI,20230629,申万50,2943.39,2919.74,2944.59,2919.84,-25.44,-0.86,224849,6123826,12.6,1.91,722962213,1654437204.337038
801001.SI,20230628,申万50,2932.85,2927.51,2947.68,2945.28,5.68,0.19,239806,6421897,12.71,1.92,729583097,1669337332.31848
801001.SI,20230627,申万50,2921.74,2915.53,2945.09,2939.6,16.58,0.57,260843,6652466,12.69,1.92,728176110,1665735486.93295
801001.SI,20230626,申万50,2931.62,2911.78,2939.79,2923.02,-31.18,-1.06,297978,7564006,12.61,1.91,724069328,1656256228.98724
801001.SI,20230621,申万50,2979.88,2954.2,2994.23,2954.2,-32.43,-1.09,245300,7051949,12.82,1.94,732045309,1675995588.2868
801001.SI,20230620,申万50,2995.76,2983.29,3005.88,2986.63,-10.3,-0.34,245849,7018257,12.96,1.96,740080349,1689544974.08943
801001.SI,20230619,申万50,3039.49,2990.58,3039.49,2996.93,-53.01,-1.74,300994,8052125,13.0,1.97,742632054,1695049750.48234
801001.SI,20230616,申万50,3030.77,3022.91,3054.08,3049.94,28.08,0.93,324108,9760804,13.23,2.01,755767862,1722990366.03868
801001.SI,20230615,申万50,2962.23,2962.23,3021.86,3021.86,68.4,2.32,331806,10713633,13.1,1.99,748641853,1709807189.01776
801001.SI,20230614,申万50,2961.95,2952.57,2981.02,2953.46,2.15,0.07,302061,7823675,12.78,1.94,729773759,1675336957.60768
801001.SI,20230613,申万50,2932.24,2927.29,2954.17,2951.31,12.05,0.41,225712,6040442,12.77,1.94,728909531,1677646617.36301
801001.SI,20230612,申万50,2919.0,2912.46,2952.02,2939.26,14.63,0.5,278151,7634086,12.72,1.93,725902983,1670680740.19007
801001.SI,20230609,申万50,2928.57,2914.69,2937.74,2924.63,2.3,0.08,273292,7510663,12.65,1.92,722289948,1544333228.76386
801001.SI,20230608,申万50,2900.45,2893.68,2932.86,2922.33,30.74,1.06,276302,6757206,12.65,1.92,721720222,1665849021.15789
801001.SI,20230607,申万50,2921.58,2887.48,2923.86,2891.59,-19.36,-0.67,233137,6764900,12.51,1.9,714128300,1647284381.15831
801001.SI,20230606,申万50,2921.86,2908.19,2951.03,2910.95,-13.16,-0.45,291239,7557933,12.6,1.91,718861141,1655250359.83668
801001.SI,20230605,申万50,2940.81,2916.01,2940.81,2924.11,-20.1,-0.68,249259,7007656,12.63,1.92,722258625,1660259695.16155
801001.SI,20230602,申万50,2898.88,2898.88,2946.82,2944.21,62.69,2.18,300617,8250224,12.72,1.93,727223874,1664258869.02169
801001.SI,20230601,申万50,2866.62,2866.62,2910.2,2881.52,8.84,0.31,306001,7705804,12.45,1.89,711834253,1635121918.72643
801001.SI,20230531,申万50,2915.3,2863.66,2915.3,2872.68,-52.56,-1.8,301464,8250953,12.41,1.88,709650666,1632078877.79243
801001.SI,20230530,申万50,2928.55,2889.65,2941.58,2925.24,-5.12,-0.17,316720,8072310,12.64,1.92,722632113,1658057522.83287
801001.SI,20230529,申万50,2967.19,2919.51,2967.19,2930.36,-28.8,-0.97,273653,7165946,12.66,1.92,723892115,1663550659.63524
801001.SI,20230526,申万50,2971.1,2933.06,2971.1,2959.16,-5.26,-0.18,237694,6582810,12.79,1.94,731007489,1674086395.29729
801001.SI,20230525,申万50,2973.61,2946.65,2978.48,2964.42,-19.58,-0.66,293379,7275568,12.85,1.95,734472557,1679016391.658728
801001.SI,20230524,申万50,3018.24,2984.0,3019.23,2984.0,-39.37,-1.3,332352,7182456,12.93,1.96,739323331,1689241731.832269
801001.SI,20230523,申万50,3063.47,3023.37,3064.95,3023.37,-39.48,-1.29,277437,6718153,13.1,1.99,749077842,1714379691.212102
801001.SI,20230522,申万50,3026.2,3022.37,3073.04,3062.85,33.46,1.1,232088,7226666,13.27,2.02,758859358,1739701755.7584
801001.SI,20230519,申万50,3020.52,3005.39,3043.03,3029.39,-3.41,-0.11,259020,6638603,13.13,1.99,750513064,1722238476.62897
801001.SI,20230518,申万50,3056.79,3021.42,3060.14,3032.8,-18.62,-0.61,293356,6925414,13.14,2.0,751358425,1726498952.5667
801001.SI,20230517,申万50,3068.25,3043.31,3071.58,3051.42,-20.28,-0.66,237095,6233345,13.22,2.01,755970104,1729363108.80855
801001.SI,20230516,申万50,3088.5,3062.45,3088.5,3071.7,-11.77,-0.38,312246,7712171,13.31,2.02,760994213,1740112395.42611
801001.SI,20230515,申万50,3030.14,3023.43,3083.47,3083.47,54.2,1.79,414467,9593851,13.36,2.03,763911390,1745699457.875264
801001.SI,20230512,申万50,3068.43,3029.27,3075.39,3029.27,-40.29,-1.31,313109,7462495,13.13,1.99,750482542,1720672011.916563
801001.SI,20230511,申万50,3074.95,3068.3,3088.52,3069.56,2.34,0.08,311148,7950628,13.3,2.02,760209387,1740524345.58965
801001.SI,20230510,申万50,3068.33,3052.83,3077.55,3067.22,-8.73,-0.28,486870,10160674,13.29,2.02,759629643,1740785979.965636
801001.SI,20230509,申万50,3093.17,3075.32,3120.68,3075.95,-18.79,-0.61,618349,12180320,13.33,2.02,761792234,1755658894.0392
801001.SI,20230508,申万50,3084.44,3065.86,3098.99,3094.74,18.76,0.61,587697,11978566,13.41,2.04,766392133,1764627801.42586
801001.SI,20230505,申万50,3084.23,3054.66,3089.93,3075.98,-4.69,-0.15,458158,10199244,13.32,2.02,761660876,1739682366.431152
801001.SI,20230504,申万50,3078.37,3065.85,3090.12,3080.67,-10.68,-0.35,509930,11834101,13.34,2.03,762822049,1739682907.276466
801001.SI,20230428,申万50,3082.86,3077.21,3098.39,3091.35,20.36,0.66,388323,11269270,12.67,2.06,765466355,1735065634.126102
801001.SI,20230427,申万50,3032.19,3028.23,3076.56,3070.99,34.36,1.13,358551,10941298,12.59,2.06,760401075,1727045216.94765
801001.SI,20230426,申万50,3009.38,3002.39,3045.34,3036.63,16.82,0.56,362352,10381443,12.45,2.06,751893985,1711565206.785994
801001.SI,20230425,申万50,3038.39,2995.91,3040.99,3019.81,-16.02,-0.53,379970,10720832,12.38,2.06,747572640,1704189905.47688
801001.SI,20230424,申万50,3080.31,3026.09,3080.31,3035.83,-46.62,-1.51,388499,10863927,12.44,2.07,751539208,1707407182.185669
801001.SI,20230421,申万50,3133.91,3080.15,3133.91,3082.45,-47.4,-1.51,346012,10210533,12.64,2.11,763080365,1726815104.237596
801001.SI,20230420,申万50,3160.15,3118.35,3160.15,3129.85,-31.96,-1.01,336447,9877063,12.83,2.15,774814933,1750400988.65172
801001.SI,20230419,申万50,3190.19,3158.53,3190.19,3161.81,-24.76,-0.78,317103,8973675,12.92,2.16,779660344,1768364479.171848
801001.SI,20230418,申万50,3167.29,3167.29,3202.72,3186.57,12.42,0.39,385121,10694308,13.03,2.18,785766258,1779109287.923952
801001.SI,20230417,申万50,3118.58,3118.58,3174.15,3174.15,54.71,1.75,389431,11532536,12.97,2.18,782703538,1770735762.25525
801001.SI,20230414,申万50,3111.77,3110.78,3134.44,3119.44,16.05,0.52,295671,10023142,12.75,2.14,769258537,1739585181.18738
801001.SI,20230413,申万50,3100.78,3088.2,3110.16,3103.39,-8.93,-0.29,276424,8644604,12.68,2.13,765254846,1732467845.285644
801001.SI,20230412,申万50,3139.26,3109.67,3139.26,3112.32,-23.77,-0.76,321155,9375225,12.71,2.13,767261286,1732666418.48414
801001.SI,20230411,申万50,3148.67,3127.98,3158.86,3136.09,-9.03,-0.29,315263,10086123,12.81,2.15,773121627,1743503971.98134
801001.SI,20230410,申万50,3149.02,3124.57,3149.02,3145.11,4.34,0.14,298982,10542797,12.86,2.16,775242332,1749060516.039091
801001.SI,20230407,申万50,3116.03,3113.26,3153.37,3140.77,21.78,0.7,251361,8037020,12.84,2.15,774172323,1748121388.464106
801001.SI,20230406,申万50,3119.95,3106.79,3121.37,3118.99,-17.35,-0.55,288610,8632412,12.75,2.14,768804419,1739602817.4013
801001.SI,20230404,申万50,3139.86,3114.05,3139.86,3136.34,-2.37,-0.08,387805,11304790,12.82,2.15,773080464,1748870835.943588
801001.SI,20230403,申万50,3132.23,3119.26,3145.07,3138.71,10.07,0.32,384966,11485249,12.83,2.15,773664221,1745144054.81482
801001.SI,20230331,申万50,3142.87,3126.28,3157.34,3128.64,-2.95,-0.09,275813,8715036,12.8,2.15,771182966,1745458938.1341
801001.SI,20230330,申万50,3098.24,3087.55,3131.59,3131.59,36.33,1.17,269771,8427425,12.81,2.16,771909608,1747100671.35274
801001.SI,20230329,申万50,3104.77,3094.03,3108.49,3095.26,9.79,0.32,247824,7589403,12.66,2.14,762955054,1728629093.95484
801001.SI,20230328,申万50,3096.8,3082.52,3100.14,3085.47,-9.39,-0.3,237674,6783727,12.62,2.13,760411730,1722603398.262469
801001.SI,20230327,申万50,3101.1,3078.38,3101.1,3094.86,-9.53,-0.31,312904,8836693,12.66,2.14,762726508,1723249769.9445
801001.SI,20230324,申万50,3111.78,3098.33,3117.17,3104.39,-9.72,-0.31,289092,7842974,12.7,2.15,764573238,1730673684.11348
801001.SI,20230323,申万50,3081.68,3081.01,3114.11,3114.11,19.08,0.62,269842,7616239,12.74,2.16,766793748,1739035157.007722
801001.SI,20230322,申万50,3097.12,3087.45,3115.74,3095.03,9.71,0.31,290003,8582977,12.66,2.14,762095943,1728917265.13203
801001.SI,20230321,申万50,3043.9,3043.33,3085.42,3085.32,50.03,1.65,270824,8205727,12.62,2.14,759703661,1720550898.196617
801001.SI,20230320,申万50,3047.89,3031.82,3062.47,3035.29,-10.74,-0.35,353296,8890214,12.41,2.1,747385135,1698844318.506588
801001.SI,20230317,申万50,3076.62,3037.44,3090.61,3046.03,-0.43,-0.01,372430,10137831,12.45,2.11,750030362,1704177075.556597
801001.SI,20230316,申万50,3054.12,3045.9,3078.71,3046.46,-34.58,-1.12,353916,8383091,12.45,2.11,750136452,1705586463.53278
801001.SI,20230315,申万50,3114.3,3081.04,3121.03,3081.04,-5.03,-0.16,285541,7589056,12.59,2.14,758650445,1718498292.63458
801001.SI,20230314,申万50,3100.98,3060.07,3100.98,3086.07,-21.05,-0.68,295151,9131102,12.61,2.15,759888543,1719750264.021065
801001.SI,20230313,申万50,3084.86,3084.86,3120.36,3107.12,17.63,0.57,282465,8147850,12.71,2.16,764988831,1728940531.50299
801001.SI,20230310,申万50,3102.72,3089.49,3120.11,3089.49,-36.85,-1.18,256084,8018812,12.64,2.15,760648643,1717752501.765067
801001.SI,20230309,申万50,3143.18,3113.08,3152.16,3126.34,-14.65,-0.47,248381,7194180,12.79,2.18,769721268,1738227390.992295
801001.SI,20230308,申万50,3150.22,3125.57,3152.66,3140.99,-26.65,-0.84,246418,6740991,12.84,2.19,773491403,1745988472.496863
801001.SI,20230307,申万50,3207.36,3165.22,3224.8,3167.64,-45.8,-1.43,448418,9520831,12.96,2.21,781131599,1758847705.864429
801001.SI,20230306,申万50,3232.16,3189.81,3232.16,3213.44,-21.31,-0.66,346289,9925114,13.14,2.24,792398952,1777464036.18424
801001.SI,20230303,申万50,3243.14,3214.16,3248.8,3234.75,4.31,0.13,307674,6882282,13.23,2.26,797653882,1787882874.64158
801001.SI,20230302,申万50,3239.67,3226.16,3248.66,3230.44,-16.09,-0.5,273746,7528667,13.21,2.26,796590049,1783898311.23657
801001.SI,20230301,申万50,3196.12,3193.29,3254.62,3246.53,48.84,1.53,292240,8523259,13.28,2.27,800557289,1791786901.839897
801001.SI,20230228,申万50,3194.85,3162.81,3204.65,3197.69,14.26,0.45,204393,6505846,13.08,2.23,788514274,1769538589.95056
801001.SI,20230227,申万50,3177.62,3173.36,3201.87,3183.43,-14.93,-0.47,200142,6906484,13.02,2.22,784992560,1762382877.404243
801001.SI,20230224,申万50,3241.0,3192.76,3241.0,3198.36,-48.87,-1.5,243980,7308195,13.08,2.23,788672756,1767282420.429246
801001.SI,20230223,申万50,3241.2,3234.58,3267.24,3247.23,5.4,0.17,235616,7663486,13.28,2.27,800723350,1791321976.29354
801001.SI,20230222,申万50,3257.83,3238.21,3268.81,3241.83,-39.35,-1.2,206532,7175990,13.25,2.26,798751344,1789810874.41487
801001.SI,20230221,申万50,3271.6,3260.24,3286.05,3281.18,4.75,0.14,306639,9266857,13.42,2.29,808445927,1808929371.225627
801001.SI,20230220,申万50,3196.76,3190.74,3277.18,3276.43,79.63,2.49,369276,10615035,13.4,2.29,807276299,1806934359.456345
801001.SI,20230217,申万50,3238.07,3195.52,3256.84,3196.8,-49.64,-1.53,261320,8738464,13.08,2.23,787655962,1766397032.58614
801001.SI,20230216,申万50,3261.86,3226.9,3299.19,3246.44,-13.06,-0.4,293969,9556049,13.28,2.27,799914887,1790489246.410293
801001.SI,20230215,申万50,3290.68,3253.96,3295.62,3259.5,-29.1,-0.88,231332,7431702,13.33,2.27,803133686,1795696735.51195
801001.SI,20230214,申万50,3300.03,3271.81,3300.03,3288.6,-3.14,-0.1,213165,7705631,13.43,2.29,807749823,1805832187.41471
801001.SI,20230213,申万50,3248.99,3243.83,3295.6,3291.74,35.16,1.08,291360,9574255,13.44,2.29,808520811,1807383504.60022
801001.SI,20230210,申万50,3277.54,3247.41,3277.54,3256.58,-26.99,-0.82,179461,6533480,13.3,2.27,799885756,1790288552.09746
801001.SI,20230209,申万50,3233.31,3233.31,3283.57,3283.57,41.63,1.28,198685,7706688,13.41,2.29,806515101,1803506553.210212
801001.SI,20230208,申万50,3260.51,3238.39,3269.81,3241.94,-13.84,-0.43,192170,6613219,13.22,2.26,795085728,1782346595.869788
801001.SI,20230207,申万50,3261.28,3243.84,3269.21,3255.78,6.18,0.19,205660,6750399,13.28,2.27,798490998,1789458427.439161
801001.SI,20230206,申万50,3264.72,3227.46,3264.72,3249.6,-59.81,-1.81,279288,9697590,13.25,2.26,796887627,1786622500.743327
801001.SI,20230203,申万50,3334.55,3280.68,3334.55,3309.41,-46.22,-1.38,281745,9630182,13.5,2.3,811557949,1813883480.688205
801001.SI,20230202,申万50,3384.34,3346.69,3384.34,3355.63,-19.32,-0.57,313702,10739903,13.69,2.34,822338831,1836162077.364316
801001.SI,20230201,申万50,3360.17,3325.55,3374.95,3374.95,29.68,0.89,334493,11354738,13.77,2.35,827072360,1843505199.641057
801001.SI,20230131,申万50,3393.36,3341.33,3405.89,3345.27,-42.05,-1.24,295980,10702988,13.65,2.33,819798240,1830349860.388002
801001.SI,20230130,申万50,3454.96,3385.01,3454.96,3387.32,24.23,0.72,405228,14804511,13.84,2.36,829314098,1851776169.323778
801001.SI,20230120,申万50,3356.86,3350.31,3375.7,3363.09,19.32,0.58,294122,9845259,13.74,2.34,823589472,1839560859.932741
801001.SI,20230119,申万50,3326.46,3302.7,3343.77,3343.77,14.3,0.43,231460,8176722,13.66,2.33,818858230,1830834811.700655
801001.SI,20230118,申万50,3345.75,3326.8,3356.57,3329.47,-11.0,-0.33,212354,7335295,13.61,2.32,815219436,1825551021.855388
801001.SI,20230117,申万50,3347.82,3325.89,3353.58,3340.47,-7.48,-0.22,247677,8611241,13.65,2.33,817912391,1830328731.117522
801001.SI,20230116,申万50,3295.23,3295.23,3383.83,3347.95,57.63,1.75,408973,13834441,13.68,2.33,819745085,1834897512.461183
801001.SI,20230113,申万50,3252.68,3250.47,3290.33,3290.33,53.28,1.65,254556,9370486,13.45,2.29,805471991,1808849045.07454
801001.SI,20230112,申万50,3243.4,3227.89,3250.64,3237.05,7.7,0.24,226163,7828555,13.23,2.25,792369171,1780438232.887947
801001.SI,20230111,申万50,3229.22,3218.23,3255.62,3229.34,3.37,0.1,251361,8384088,13.2,2.25,790483017,1777713422.343835
801001.SI,20230110,申万50,3217.33,3209.48,3238.17,3225.97,10.63,0.33,282874,9669191,13.19,2.25,788807831,1775553760.967978
801001.SI,20230109,申万50,3203.14,3190.47,3221.11,3215.34,31.3,0.98,289854,9460880,13.14,2.24,786208505,1769717785.290488
801001.SI,20230106,申万50,3170.25,3166.36,3197.37,3184.04,17.56,0.55,284308,9983821,13.02,2.22,778554245,1755601293.468608
801001.SI,20230105,申万50,3111.04,3111.04,3171.36,3166.48,80.41,2.61,317742,11597949,12.88,2.2,769787662,1747913645.319452
801001.SI,20230104,申万50,3076.87,3068.27,3099.56,3086.07,6.54,0.21,294489,8465139,12.55,2.14,750238417,1709321334.662796
801001.SI,20230103,申万50,3069.39,3033.15,3084.59,3079.53,2.61,0.08,282713,8165007,12.52,2.14,748648183,1705463697.141306
801001.SI,20221230,申万50,3079.78,3076.92,3096.62,3076.92,13.76,0.45,214807,6128580,13.13,2.18,735100547,1649515008.1062
801001.SI,20221229,申万50,3059.38,3044.85,3069.47,3063.16,-15.8,-0.51,211726,6065691,13.08,2.17,731663528,1642150792.469561
801001.SI,20221228,申万50,3077.87,3054.74,3087.01,3078.96,-10.57,-0.34,215329,6730028,13.14,2.18,735436751,1651795919.961573
801001.SI,20221227,申万50,3072.94,3068.74,3095.09,3089.53,31.81,1.04,201173,6236665,13.19,2.19,737960410,1655720223.638315
801001.SI,20221226,申万50,3057.26,3047.05,3071.76,3057.72,3.01,0.1,201958,6558382,13.03,2.16,728478996,1641018679.22747
801001.SI,20221223,申万50,3039.08,3036.49,3073.68,3054.71,-6.53,-0.21,159885,5421601,13.02,2.16,727760842,1639716697.12598
801001.SI,20221222,申万50,3073.56,3049.49,3094.73,3061.24,16.5,0.54,223946,6986350,13.05,2.16,729347981,1642166968.314089
801001.SI,20221221,申万50,3048.79,3039.76,3061.05,3044.74,7.61,0.25,170477,5065923,12.98,2.15,725416913,1632163933.476134
801001.SI,20221220,申万50,3092.79,3019.19,3092.79,3037.13,-67.19,-2.16,235096,7692532,12.95,2.15,723602641,1627720184.859802
801001.SI,20221219,申万50,3144.49,3092.14,3159.78,3104.32,-38.59,-1.23,258198,7164780,13.24,2.2,739744586,1661360149.018615
801001.SI,20221216,申万50,3124.09,3122.33,3146.45,3142.91,0.65,0.02,237759,6878305,13.41,2.22,748940912,1681296545.185579
801001.SI,20221215,申万50,3142.05,3114.73,3152.89,3142.26,2.12,0.07,232687,7726396,13.4,2.22,748786065,1679857307.059363
801001.SI,20221214,申万50,3128.3,3113.94,3152.97,3140.14,15.36,0.49,252498,8079510,13.39,2.22,748279791,1679399360.22791
801001.SI,20221213,申万50,3133.82,3119.49,3141.06,3124.78,-7.53,-0.24,226778,7145738,13.32,2.21,744620268,1671704942.447305
801001.SI,20221212,申万50,3155.16,3129.93,3165.14,3132.31,-44.95,-1.41,294236,8733860,13.36,2.22,746415760,1673107777.059425
801001.SI,20221209,申万50,3130.37,3119.96,3180.64,3177.26,51.7,1.65,373105,11213539,13.55,2.25,757125953,1695030103.40693
801001.SI,20221208,申万50,3117.17,3109.92,3135.39,3125.56,5.07,0.16,261787,7812806,13.33,2.21,744804003,1670967149.22079
801001.SI,20221207,申万50,3108.05,3108.05,3158.39,3120.49,4.62,0.15,333529,10991215,13.3,2.21,743594595,1669745625.73128
801001.SI,20221206,申万50,3072.13,3070.92,3137.03,3115.87,29.06,0.94,373627,11614846,13.28,2.2,742389011,1669984469.01451
801001.SI,20221205,申万50,3067.08,3052.74,3087.23,3086.81,56.63,1.87,522168,12626986,13.15,2.18,735003905,1654388057.82403
801001.SI,20221202,申万50,3047.34,3026.82,3053.84,3030.18,-21.81,-0.71,296802,8153224,12.9,2.14,721519451,1625710404.695591
801001.SI,20221201,申万50,3078.23,3050.63,3098.51,3051.99,47.61,1.58,433037,13050027,13.0,2.16,726713431,1636427361.3213
801001.SI,20221130,申万50,2983.02,2982.96,3011.48,3004.38,10.4,0.35,388152,10285311,12.8,2.12,715376097,1616295339.122537
801001.SI,20221129,申万50,2920.3,2920.3,2998.34,2993.98,113.45,3.94,500077,12901131,12.76,2.12,712900113,1609020575.362493
801001.SI,20221128,申万50,2850.61,2821.14,2884.18,2880.53,-37.69,-1.29,316629,8180849,12.27,2.04,685885583,1553549821.986231
801001.SI,20221125,申万50,2902.74,2893.99,2932.03,2918.22,10.21,0.35,338269,7293684,12.43,2.06,694859128,1571712087.134373
801001.SI,20221124,申万50,2941.34,2903.3,2947.09,2908.01,-13.43,-0.46,241560,6407136,12.39,2.06,692428684,1563881514.468125
801001.SI,20221123,申万50,2910.7,2904.02,2934.92,2921.44,0.95,0.03,350374,7921217,12.45,2.06,695627420,1571930709.650635
801001.SI,20221122,申万50,2918.12,2906.74,2955.88,2920.49,-0.3,-0.01,358468,7674874,12.44,2.06,695387420,1569022647.000176
801001.SI,20221121,申万50,2925.05,2891.18,2925.05,2920.79,-34.62,-1.17,258439,7542872,12.44,2.06,695459821,1565490727.033864
801001.SI,20221118,申万50,2973.39,2955.16,2984.19,2955.41,-8.29,-0.28,273207,8336907,12.59,2.09,703703332,1582456125.089421
801001.SI,20221117,申万50,2982.45,2934.46,2982.45,2963.7,-27.61,-0.92,291703,8629250,12.62,2.09,705677892,1584978648.856357
801001.SI,20221116,申万50,3013.68,2988.38,3028.16,2991.31,-28.27,-0.94,334700,9215719,12.74,2.11,712251505,1600349253.187968
801001.SI,20221115,申万50,2958.2,2941.37,3025.21,3019.58,59.44,2.01,442687,12317796,12.86,2.13,718981586,1612082682.433028
801001.SI,20221114,申万50,2985.42,2950.89,3010.51,2960.14,8.47,0.29,529959,14305126,12.6,2.09,704827940,1584647370.522035
801001.SI,20221111,申万50,2948.86,2909.59,2984.94,2951.67,97.19,3.4,595149,16036301,12.57,2.09,702825124,1583593802.321555
801001.SI,20221110,申万50,2851.15,2834.23,2863.71,2854.48,-26.8,-0.93,251264,7964237,12.15,2.02,679682389,1536551768.22401
801001.SI,20221109,申万50,2917.39,2876.65,2924.79,2881.28,-34.88,-1.2,265239,7473433,12.22,2.03,686392260,1548854508.407963
801001.SI,20221108,申万50,2941.48,2892.31,2951.83,2916.16,-27.71,-0.94,274451,8555508,12.37,2.06,694701468,1567264081.095661
801001.SI,20221107,申万50,2921.38,2916.72,2962.08,2943.87,12.81,0.44,396572,11187424,12.48,2.08,701141475,1580624714.024666
801001.SI,20221104,申万50,2813.76,2813.76,2944.83,2931.06,116.08,4.12,436710,14471739,12.39,2.06,695395640,1574336534.47123
801001.SI,20221103,申万50,2820.26,2801.46,2836.61,2814.98,-33.38,-1.17,281733,8735219,11.9,1.98,667854606,1517097907.61168
801001.SI,20221102,申万50,2806.8,2802.39,2874.04,2848.36,30.42,1.08,392990,12573525,12.04,2.01,675773788,1533951997.380667
801001.SI,20221101,申万50,2705.26,2705.26,2817.94,2817.94,127.46,4.74,451528,13557187,11.91,1.98,668555465,1518577657.41642
801001.SI,20221031,申万50,2688.04,2685.06,2729.19,2690.48,-28.8,-1.06,416177,10772048,11.37,1.89,638296667,1458096415.48034
801001.SI,20221028,申万50,2778.75,2714.52,2783.38,2719.28,-84.15,-3.0,335647,11214204,11.49,1.96,645052966,1477932242.88177
801001.SI,20221027,申万50,2853.03,2803.43,2863.57,2803.43,-36.79,-1.3,335321,11624412,11.84,2.03,665015181,1516043383.50229
801001.SI,20221026,申万50,2836.88,2829.17,2886.4,2840.22,11.66,0.41,347721,10538445,11.99,2.06,673741519,1536689001.13341
801001.SI,20221025,申万50,2821.71,2804.36,2867.57,2828.56,-6.15,-0.22,315078,10022397,11.92,2.05,671143276,1534952067.77941
801001.SI,20221024,申万50,2923.33,2822.99,2944.26,2834.71,-112.43,-3.82,387442,12337137,11.95,2.06,672602092,1539806911.15179
801001.SI,20221021,申万50,2961.04,2929.92,2970.45,2947.14,-18.03,-0.61,262774,7690601,12.42,2.15,699279473,1595773370.70555
801001.SI,20221020,申万50,2964.12,2948.31,3008.71,2965.17,-31.65,-1.06,263919,9101363,12.5,2.16,703556778,1603294916.85363
801001.SI,20221019,申万50,3047.72,2996.82,3059.12,2996.82,-59.92,-1.96,251397,8960390,12.63,2.19,711065681,1615113891.79531
801001.SI,20221018,申万50,3081.41,3051.51,3085.56,3056.74,-4.11,-0.13,245677,8093112,12.88,2.23,725283584,1644993936.67264
801001.SI,20221017,申万50,3047.33,3025.95,3062.54,3060.85,-5.37,-0.18,313174,9453515,12.9,2.23,726257852,1646545952.92118
801001.SI,20221014,申万50,3010.86,3009.47,3085.57,3066.22,85.71,2.88,359236,11960382,12.92,2.24,727531571,1650602328.85359
801001.SI,20221013,申万50,2996.0,2979.4,3007.61,2980.51,-40.91,-1.35,288042,8854392,12.55,2.18,707125784,1608593988.12299
801001.SI,20221012,申万50,2979.58,2919.58,3021.65,3021.42,36.91,1.24,329766,9634937,12.73,2.21,716832090,1632205172.39133
801001.SI,20221011,申万50,2985.11,2969.26,2993.09,2984.51,13.6,0.46,232702,7279363,12.57,2.18,708159888,1616710013.19129
801001.SI,20221010,申万50,3058.35,2969.12,3058.35,2970.91,-83.97,-2.75,291239,8731843,12.52,2.17,704933155,1610725049.10698
801001.SI,20220930,申万50,3086.53,3054.05,3094.68,3054.88,-23.41,-0.76,244988,7383321,12.89,2.23,724856392,1650794438.32614
801001.SI,20220929,申万50,3109.4,3064.57,3110.14,3078.29,2.16,0.07,265566,7846090,12.99,2.25,730411289,1660524705.5855
801001.SI,20220928,申万50,3116.23,3074.63,3116.23,3076.13,-50.43,-1.61,256533,7862833,12.98,2.25,729897937,1658118876.21941
801001.SI,20220927,申万50,3088.74,3071.27,3128.37,3126.56,45.55,1.48,266791,8253465,13.2,2.29,741358204,1679907133.22063
801001.SI,20220926,申万50,3054.8,3054.8,3121.21,3081.01,4.07,0.13,316240,8938890,13.01,2.25,730556444,1656783197.80071
801001.SI,20220923,申万50,3078.2,3057.27,3102.21,3076.94,-5.32,-0.17,252278,7060645,12.98,2.25,729591478,1659124795.95831
801001.SI,20220922,申万50,3089.97,3074.16,3106.34,3082.26,-35.17,-1.13,233505,6923082,13.01,2.25,730852079,1660637087.22282
801001.SI,20220921,申万50,3141.65,3111.19,3143.42,3117.43,-34.8,-1.1,243154,7354044,13.15,2.28,739161469,1673999719.13403
801001.SI,20220920,申万50,3162.35,3143.51,3171.95,3152.23,3.89,0.12,243723,8002901,13.29,2.31,747272145,1690685792.56351
801001.SI,20220919,申万50,3137.95,3130.62,3171.44,3148.34,7.19,0.23,276396,8005700,13.27,2.3,746348741,1691188068.8527
801001.SI,20220916,申万50,3204.64,3141.15,3208.73,3141.15,-76.04,-2.36,424393,10808260,13.24,2.3,744642219,1685545340.99219
801001.SI,20220915,申万50,3251.28,3196.91,3260.77,3217.19,-24.54,-0.76,357252,11317550,13.57,2.35,762647137,1723481984.04951
801001.SI,20220914,申万50,3241.03,3226.97,3262.36,3241.73,-44.51,-1.35,249152,7944892,13.67,2.37,768465170,1733968395.36505
801001.SI,20220913,申万50,3286.1,3268.55,3297.57,3286.24,21.72,0.67,309661,9591130,13.86,2.4,779017137,1755381886.5138
801001.SI,20220909,申万50,3224.67,3216.57,3269.6,3264.52,53.39,1.66,337374,9955723,13.75,2.39,774052702,1743652410.86181
801001.SI,20220908,申万50,3232.73,3209.71,3238.06,3211.13,-17.28,-0.54,240160,7761438,13.52,2.35,761073001,1717337396.6083
801001.SI,20220907,申万50,3211.2,3211.2,3236.87,3228.41,-0.91,-0.03,270744,9378004,13.6,2.36,765167419,1727700964.08818
801001.SI,20220906,申万50,3213.22,3192.63,3230.56,3229.32,23.39,0.73,312565,10322388,13.64,2.37,768093964,1728724364.78692
801001.SI,20220905,申万50,3202.98,3179.57,3206.1,3205.93,-14.35,-0.45,262686,9174463,13.54,2.35,762530407,1718433242.53858
801001.SI,20220902,申万50,3256.05,3202.34,3256.05,3220.28,-22.26,-0.69,247151,7989027,13.6,2.36,765923919,1722958838.98095
801001.SI,20220901,申万50,3265.48,3242.21,3283.82,3242.54,-35.75,-1.09,301475,9493823,13.7,2.38,771219075,1733436842.52526
801001.SI,20220831,申万50,3248.05,3248.05,3302.12,3278.29,7.77,0.24,412289,14332758,16.34,2.4,779722419,1751637876.99277
801001.SI,20220830,申万50,3286.98,3251.17,3287.56,3270.52,-18.05,-0.55,273334,8316660,16.28,2.4,776774281,1747576641.50678
801001.SI,20220829,申万50,3275.84,3271.11,3295.57,3288.57,-25.3,-0.76,262271,8623970,16.37,2.41,781061262,1756308141.02254
801001.SI,20220826,申万50,3333.18,3311.39,3337.7,3313.87,-4.28,-0.13,298304,10441641,16.49,2.42,787070040,1768442192.47746
801001.SI,20220825,申万50,3297.98,3268.18,3321.0,3318.15,28.23,0.86,343075,11067834,16.57,2.44,791336465,1770782032.33018
801001.SI,20220824,申万50,3361.35,3286.59,3361.35,3289.92,-60.9,-1.82,327551,11802913,16.43,2.42,784602867,1751988537.03537
801001.SI,20220823,申万50,3368.33,3336.62,3377.58,3350.82,-20.07,-0.6,271985,10220552,16.73,2.49,799127306,1779577133.11529
801001.SI,20220822,申万50,3329.92,3329.92,3375.85,3370.89,30.45,0.91,329372,11610633,16.83,2.51,803913996,1787881992.07488
801001.SI,20220819,申万50,3360.9,3340.44,3365.9,3340.44,-22.27,-0.66,327671,10605891,16.69,2.49,797435772,1770897846.1083
801001.SI,20220818,申万50,3382.83,3356.24,3389.37,3362.71,-30.66,-0.9,251745,9657555,16.8,2.5,802751590,1778234655.46751
801001.SI,20220817,申万50,3357.82,3336.17,3400.0,3393.37,42.7,1.27,315876,10682981,17.16,2.56,826388171,1795385325.3045
801001.SI,20220816,申万50,3363.23,3345.47,3378.61,3350.67,-8.15,-0.24,263691,10054036,16.95,2.52,815988784,1775517392.50814
801001.SI,20220815,申万50,3346.11,3346.11,3390.04,3358.82,3.03,0.09,303586,10511212,16.99,2.53,817972725,1780244188.86705
801001.SI,20220812,申万50,3349.27,3337.53,3363.13,3355.79,-0.79,-0.02,277255,8632807,16.97,2.53,817234669,1781260095.48293
801001.SI,20220811,申万50,3298.86,3285.51,3357.12,3356.58,76.16,2.32,362266,11361396,16.98,2.53,817427128,1779088956.32418
801001.SI,20220810,申万50,3322.22,3266.92,3325.7,3280.42,-45.6,-1.37,230347,8904343,16.59,2.47,798849473,1743174902.79814
801001.SI,20220809,申万50,3309.89,3303.45,3334.51,3326.02,11.77,0.36,219590,8575872,16.82,2.51,809953350,1764690496.05866
801001.SI,20220808,申万50,3312.97,3302.53,3323.34,3314.25,-16.54,-0.5,228757,8427606,16.66,2.48,799418248,1759010977.77185
801001.SI,20220805,申万50,3300.62,3282.42,3334.27,3330.79,34.5,1.05,283604,9492042,16.75,2.49,803407724,1767638586.63312
801001.SI,20220804,申万50,3284.37,3265.25,3301.71,3296.29,28.22,0.86,240487,9150105,16.57,2.46,795085327,1751580155.96121
801001.SI,20220803,申万50,3317.68,3258.76,3346.62,3268.07,-44.07,-1.33,305664,10883734,16.2,2.42,770930592,1735386325.44664
801001.SI,20220802,申万50,3336.41,3285.45,3336.41,3312.14,-65.43,-1.94,383609,11370509,16.41,2.45,781325665,1755612291.43979
801001.SI,20220801,申万50,3348.58,3327.45,3387.91,3377.57,21.96,0.65,279129,10358713,17.06,2.55,791889341,1788032267.08202
801001.SI,20220729,申万50,3408.98,3349.03,3424.51,3355.61,-50.34,-1.48,289850,10663150,16.95,2.53,786740545,1777221155.01322
801001.SI,20220728,申万50,3426.36,3405.93,3451.69,3405.95,-3.59,-0.11,307668,10585777,17.16,2.56,796560749,1801517890.84885
801001.SI,20220727,申万50,3429.08,3403.62,3429.08,3409.53,-29.35,-0.85,222897,8383839,17.22,2.57,799347369,1804522135.45719
801001.SI,20220726,申万50,3425.04,3420.66,3454.68,3438.88,21.91,0.64,242355,8204919,17.37,2.59,806228829,1821490855.72582
801001.SI,20220725,申万50,3429.63,3406.47,3429.63,3416.97,-16.3,-0.47,222898,7643530,17.26,2.58,801092340,1810771865.86913
801001.SI,20220722,申万50,3439.36,3407.15,3462.04,3433.27,12.21,0.36,276098,9362193,17.34,2.59,804913509,1816920301.09156
801001.SI,20220721,申万50,3451.37,3421.06,3463.27,3421.06,-41.61,-1.2,315870,9821161,17.28,2.58,802072997,1810268383.27431
801001.SI,20220720,申万50,3483.1,3454.76,3488.83,3462.67,3.34,0.1,246043,8383404,17.49,2.61,811827493,1832950556.19686
801001.SI,20220719,申万50,3492.59,3435.25,3492.59,3459.33,-36.77,-1.05,283295,9821966,17.47,2.61,811044690,1829911567.31392
801001.SI,20220718,申万50,3482.7,3433.33,3503.62,3496.1,32.27,0.93,371038,12476654,17.66,2.64,819675196,1846502687.88527
801001.SI,20220715,申万50,3499.94,3463.83,3548.11,3463.83,-53.25,-1.51,432081,14355507,17.62,2.61,811111921,1828222276.952143
801001.SI,20220714,申万50,3507.27,3495.65,3544.4,3517.08,-1.57,-0.04,439037,14033296,17.89,2.65,823580932,1852848501.42013
801001.SI,20220713,申万50,3504.34,3479.59,3535.49,3518.65,13.24,0.38,414623,13473273,17.94,2.66,827011122,1854105427.50248
801001.SI,20220712,申万50,3538.37,3484.74,3549.58,3505.41,-31.22,-0.88,372458,13219457,17.88,2.65,824887760,1849787843.47963
801001.SI,20220711,申万50,3582.61,3515.33,3582.61,3536.63,-70.44,-1.95,403682,13750814,18.04,2.68,832232676,1872299969.88698
801001.SI,20220708,申万50,3646.45,3604.54,3654.34,3607.07,-11.27,-0.31,367474,13773167,18.4,2.73,848764822,1910902097.37659
801001.SI,20220707,申万50,3601.41,3569.84,3630.85,3618.34,21.25,0.59,412764,15718779,18.46,2.74,851354615,1913555216.75202
801001.SI,20220706,申万50,3645.39,3574.3,3649.44,3597.09,-57.57,-1.58,423956,15567494,18.35,2.72,846338906,1904127263.99286
801001.SI,20220705,申万50,3668.38,3613.65,3690.81,3654.66,-0.9,-0.02,423373,16231982,18.64,2.77,859884440,1937653429.39044
801001.SI,20220704,申万50,3612.19,3599.22,3655.86,3655.56,15.3,0.42,398499,15588855,18.65,2.77,860096554,1933897327.35398
801001.SI,20220701,申万50,3668.46,3623.33,3671.42,3640.26,-24.08,-0.66,369293,13041085,18.63,2.77,860793473,1920060901.01521
801001.SI,20220630,申万50,3588.68,3588.68,3694.5,3664.34,75.14,2.09,441763,15744182,20.58,3.16,868971371,1700207050.33907
801001.SI,20220629,申万50,3639.62,3582.19,3664.25,3589.2,-68.82,-1.88,493009,16478720,20.16,3.09,851152420,1666169157.27183
801001.SI,20220628,申万50,3617.57,3585.63,3663.8,3658.02,39.99,1.11,575981,16195716,20.55,3.15,867471651,1697039738.10987
801001.SI,20220627,申万50,3597.59,3597.59,3649.37,3618.03,43.21,1.21,602415,17875027,20.31,3.11,857119825,1678110580.390967
801001.SI,20220624,申万50,3526.06,3518.56,3579.72,3574.82,64.02,1.82,621988,16591409,20.07,3.08,846584427,1657298637.37971
801001.SI,20220623,申万50,3460.16,3443.12,3510.8,3510.8,60.66,1.76,611674,14843552,19.71,3.02,831423990,1627550824.25154
801001.SI,20220622,申万50,3501.14,3448.92,3501.14,3450.13,-41.06,-1.18,547833,13499222,19.37,2.97,817057251,1599773761.64689
801001.SI,20220621,申万50,3491.11,3460.71,3516.34,3491.19,-1.82,-0.05,535083,14124455,19.6,3.0,826781502,1618050877.13872
801001.SI,20220620,申万50,3481.6,3462.31,3531.19,3493.01,26.15,0.75,410080,15603009,19.61,3.01,827212493,1619539691.11952
801001.SI,20220617,申万50,3373.78,3373.78,3474.19,3466.86,65.46,1.92,409751,15757739,19.46,2.98,821018460,1605490218.14024
801001.SI,20220616,申万50,3425.76,3392.86,3444.18,3401.4,-20.93,-0.61,487889,13969714,19.08,2.92,804244600,1573258114.32678
801001.SI,20220615,申万50,3369.33,3368.61,3478.52,3422.33,59.38,1.77,689547,20508151,19.2,2.94,809193298,1581119576.80118
801001.SI,20220614,申万50,3304.16,3274.13,3363.57,3362.95,18.99,0.57,437369,14428123,18.86,2.89,795154110,1556059097.44763
801001.SI,20220613,申万50,3355.39,3318.15,3366.18,3343.96,-56.11,-1.65,423637,14784339,18.76,2.87,790636502,1548171751.614
801001.SI,20220610,申万50,3316.36,3315.88,3402.75,3400.07,57.82,1.73,428696,14762926,19.07,2.92,803903780,1575325543.34623
801001.SI,20220609,申万50,3380.23,3332.99,3392.19,3342.25,-45.12,-1.33,388471,12784023,18.75,2.87,790233937,1547095672.65247
801001.SI,20220608,申万50,3356.46,3331.63,3388.32,3387.37,41.64,1.24,422935,16093075,18.94,2.9,797290120,1568805458.45629
801001.SI,20220607,申万50,3338.26,3331.69,3369.19,3345.73,10.98,0.33,394270,13656862,18.76,2.87,789627049,1547571825.18532
801001.SI,20220606,申万50,3252.68,3234.46,3334.75,3334.75,90.06,2.78,488755,15709993,18.48,2.83,777960349,1540032333.18387
801001.SI,20220602,申万50,3222.7,3222.56,3248.19,3244.69,3.5,0.11,325373,10289612,18.2,2.79,765779071,1501191545.060413
801001.SI,20220601,申万50,3243.56,3221.82,3249.43,3241.19,-5.64,-0.17,287186,10197622,18.17,2.78,764816268,1500445619.357654
801001.SI,20220531,申万50,3188.62,3180.55,3252.66,3246.83,63.25,1.99,342802,12616026,18.21,2.79,766147489,1502989482.721181
801001.SI,20220530,申万50,3169.37,3164.08,3194.55,3183.58,33.4,1.06,289157,9967685,17.85,2.73,751222652,1473692528.710704
801001.SI,20220527,申万50,3171.24,3138.1,3200.79,3150.18,14.63,0.47,306413,9812347,17.66,2.71,743364844,1456161139.605421
801001.SI,20220526,申万50,3144.03,3094.49,3158.55,3135.55,-3.75,-0.12,334881,9746457,17.58,2.69,739913049,1448388866.800709
801001.SI,20220525,申万50,3135.49,3114.24,3148.53,3139.3,6.17,0.2,277740,8126005,17.6,2.7,740798559,1452042476.24263
801001.SI,20220524,申万50,3210.66,3133.13,3210.66,3133.13,-82.37,-2.56,436600,10864103,17.57,2.69,739338691,1449334960.795172
801001.SI,20220523,申万50,3248.2,3192.29,3248.2,3215.5,-30.46,-0.94,399885,10566166,18.03,2.76,758775283,1486692969.79207
801001.SI,20220520,申万50,3193.25,3193.25,3245.96,3245.96,75.93,2.4,412156,12740620,18.2,2.8,770642371,1499638430.6145
801001.SI,20220519,申万50,3119.85,3119.85,3170.17,3170.03,3.08,0.1,294166,9527856,17.78,2.73,752616000,1463391590.24995
801001.SI,20220518,申万50,3190.22,3136.41,3190.22,3166.95,-13.35,-0.42,264700,9115834,17.76,2.73,751884835,1463364345.08844
801001.SI,20220517,申万50,3128.34,3127.42,3181.09,3180.3,62.23,2.0,293110,10124847,17.84,2.74,755053281,1469784505.07781
801001.SI,20220516,申万50,3173.12,3112.33,3177.13,3118.07,-32.19,-1.02,273104,8846022,17.49,2.69,740277724,1442128052.4271
801001.SI,20220513,申万50,3162.1,3125.93,3174.92,3150.26,14.99,0.48,274820,8994939,17.67,2.71,747920482,1456707467.517175
801001.SI,20220512,申万50,3130.5,3120.3,3157.66,3135.27,-21.4,-0.68,323053,9368534,17.58,2.7,744388114,1449089136.00371
801001.SI,20220511,申万50,3084.54,3083.55,3202.28,3156.67,70.51,2.28,478891,15169884,17.73,2.72,751620118,1457681169.92458
801001.SI,20220510,申万50,2988.2,2985.11,3096.58,3086.16,44.1,1.45,348827,11389283,17.31,2.66,732631585,1426306499.87045
801001.SI,20220509,申万50,3057.32,3021.49,3079.55,3042.06,-39.2,-1.27,248418,8212634,17.05,2.62,721349226,1406717727.47925
801001.SI,20220506,申万50,3103.05,3078.67,3117.32,3081.26,-93.44,-2.94,306028,9793535,17.27,2.65,730624862,1427671638.677651
801001.SI,20220505,申万50,3166.46,3155.62,3205.48,3174.7,-21.03,-0.66,373196,13829806,17.78,2.73,752092525,1471208119.969337
801001.SI,20220429,申万50,3143.39,3096.26,3198.46,3195.73,69.05,2.21,464062,15388627,17.65,2.78,757079841,1480182775.003888
801001.SI,20220428,申万50,3098.79,3090.72,3146.71,3126.68,20.0,0.64,390740,12836784,17.27,2.76,740466349,1452847570.336497
801001.SI,20220427,申万50,2975.87,2975.87,3106.68,3106.68,112.95,3.77,443546,14096111,17.16,2.77,735730492,1441697183.386885
801001.SI,20220426,申万50,3010.28,2987.96,3060.85,2993.73,-13.89,-0.46,382983,11776760,16.53,2.69,708980826,1389825293.657551
801001.SI,20220425,申万50,3093.88,3005.56,3119.47,3007.62,-165.31,-5.21,425041,12860382,16.6,2.71,711616110,1391646287.386989
801001.SI,20220422,申万50,3128.85,3122.91,3192.45,3172.93,19.68,0.62,286234,9394424,17.5,2.88,750815723,1468120733.997411
801001.SI,20220421,申万50,3192.61,3137.65,3223.34,3153.25,-57.42,-1.79,331754,10650872,17.39,2.87,746739045,1459156106.418495
801001.SI,20220420,申万50,3266.57,3204.21,3268.5,3210.67,-62.12,-1.9,301876,10580392,17.71,2.92,760356480,1485414140.44808
801001.SI,20220419,申万50,3303.7,3258.3,3326.47,3272.79,-32.94,-1.0,284888,10278825,18.05,2.98,775219561,1511597762.300393
801001.SI,20220418,申万50,3299.72,3265.65,3309.21,3305.73,-24.86,-0.75,282557,9543592,18.24,3.01,783022062,1525325384.267116
801001.SI,20220415,申万50,3312.22,3300.58,3349.17,3330.59,-11.63,-0.35,316714,10229816,18.37,3.04,788498251,1537175546.845461
801001.SI,20220414,申万50,3329.3,3312.16,3367.64,3342.22,48.15,1.46,324590,11754562,18.43,3.05,791250373,1542657574.322974
801001.SI,20220413,申万50,3296.29,3287.7,3337.4,3294.07,-22.86,-0.69,310005,9741197,18.16,3.01,779849858,1519877306.889101
801001.SI,20220412,申万50,3249.89,3226.24,3316.93,3316.93,77.42,2.39,333921,11205090,18.29,3.03,785260418,1530036861.144365
801001.SI,20220411,申万50,3331.13,3233.38,3331.13,3239.51,-123.05,-3.66,373900,12258725,17.86,2.96,766930530,1492198775.462886
801001.SI,20220408,申万50,3352.04,3325.55,3372.28,3362.56,11.63,0.35,345431,9847880,18.58,3.08,798197638,1548649876.283086
801001.SI,20220407,申万50,3361.63,3350.93,3398.33,3350.93,-34.54,-1.02,330664,9272574,18.52,3.07,795392855,1543520950.670157
801001.SI,20220406,申万50,3397.42,3368.28,3408.72,3385.47,-30.1,-0.88,380428,10925538,18.72,3.11,802706111,1557457861.344219
801001.SI,20220401,申万50,3342.38,3336.48,3433.36,3415.57,54.78,1.63,331848,11249009,18.89,3.13,809352894,1571937575.10865
801001.SI,20220331,申万50,3380.29,3352.1,3386.3,3360.79,-40.84,-1.2,313510,10150977,18.59,3.08,796372496,1544554436.338666
801001.SI,20220330,申万50,3306.37,3306.37,3401.63,3401.63,124.96,3.81,357727,12590130,18.78,3.14,806647637,1562477175.399722
801001.SI,20220329,申万50,3302.84,3268.92,3322.8,3276.67,-17.88,-0.54,240399,8734501,18.08,3.03,776922049,1504733671.407627
801001.SI,20220328,申万50,3291.24,3256.27,3319.12,3294.55,-39.63,-1.19,266501,9680492,18.18,3.05,781099148,1510502834.468851
801001.SI,20220325,申万50,3408.94,3332.89,3415.68,3334.18,-77.79,-2.28,269957,9713592,18.4,3.08,790495165,1532013073.082983
801001.SI,20220324,申万50,3403.35,3372.52,3428.04,3411.97,-18.45,-0.54,276599,9593690,18.83,3.17,809140593,1567865747.528571
801001.SI,20220323,申万50,3429.93,3402.39,3440.17,3430.42,18.13,0.53,284931,9968339,18.78,3.16,813514184,1577686005.030015
801001.SI,20220322,申万50,3420.08,3399.77,3436.47,3412.29,-9.03,-0.26,299867,9188721,18.69,3.14,808660712,1566596869.44293
801001.SI,20220321,申万50,3450.37,3397.32,3452.51,3421.32,-9.04,-0.26,340685,11822655,18.74,3.15,810800334,1572126414.961287
801001.SI,20220318,申万50,3395.27,3364.91,3445.32,3430.36,15.81,0.46,364359,12449944,18.79,3.19,812943375,1575905908.875164
801001.SI,20220317,申万50,3412.44,3400.1,3471.86,3414.55,85.53,2.57,498745,19532415,18.71,3.19,809192373,1571594653.549098
801001.SI,20220316,申万50,3232.7,3144.21,3337.29,3329.02,162.65,5.14,547243,19154675,18.24,3.11,788868514,1530303891.558955
801001.SI,20220315,申万50,3252.91,3166.37,3309.68,3166.37,-135.87,-4.11,516991,16695114,17.35,2.96,750322599,1456576496.58571
801001.SI,20220314,申万50,3377.04,3302.24,3392.43,3302.24,-131.93,-3.84,321327,12096646,18.06,3.08,780997924,1519341269.99286
801001.SI,20220311,申万50,3377.64,3324.62,3437.12,3434.17,-0.19,-0.01,389345,13937645,18.78,3.21,812082492,1581525703.64035
801001.SI,20220310,申万50,3462.55,3431.77,3472.99,3434.36,69.03,2.05,410549,15333663,18.78,3.21,811924053,1582691757.94808
801001.SI,20220309,申万50,3391.49,3236.18,3413.85,3365.33,-13.11,-0.39,487029,15949606,18.4,3.14,795604013,1550283905.24985
801001.SI,20220308,申万50,3444.58,3364.18,3468.49,3378.44,-48.59,-1.42,443954,15266010,18.47,3.16,798655826,1554141555.63325
801001.SI,20220307,申万50,3522.87,3415.38,3522.87,3427.03,-137.74,-3.86,446762,14854046,18.74,3.2,810141834,1573036133.07175
801001.SI,20220304,申万50,3591.44,3553.74,3610.41,3564.77,-69.21,-1.9,350942,11985971,19.49,3.33,842703012,1638108965.73984
801001.SI,20220303,申万50,3689.65,3631.15,3691.99,3633.98,-40.11,-1.09,337994,10824613,19.87,3.4,859063097,1669701893.06936
801001.SI,20220302,申万50,3701.27,3657.01,3701.27,3674.09,-53.89,-1.45,282265,9594334,20.1,3.44,869248969,1690273295.27794
801001.SI,20220301,申万50,3713.63,3693.99,3730.57,3727.98,33.5,0.91,368821,13188959,20.39,3.49,881998948,1714700242.5944
801001.SI,20220228,申万50,3672.9,3648.52,3694.48,3694.48,8.89,0.24,443201,12079994,20.21,3.45,874071861,1696860620.37863
801001.SI,20220225,申万50,3674.14,3674.14,3718.68,3685.59,49.2,1.35,482364,13031476,20.16,3.45,871944048,1692024065.26798
801001.SI,20220224,申万50,3680.22,3602.91,3700.01,3636.39,-76.93,-2.07,488748,15718625,19.89,3.4,860195726,1667269620.138527
801001.SI,20220223,申万50,3674.16,3671.03,3714.94,3713.32,52.41,1.43,333595,12231921,20.36,3.48,878233186,1704415243.08997
801001.SI,20220222,申万50,3681.93,3633.58,3681.93,3660.91,-50.23,-1.35,333276,11911862,20.07,3.43,865836574,1680511475.69166
801001.SI,20220221,申万50,3730.04,3693.54,3730.04,3711.14,-26.24,-0.7,304936,9661758,20.34,3.47,877715441,1705834229.73846
801001.SI,20220218,申万50,3706.37,3702.48,3737.38,3737.38,8.86,0.24,261299,8750525,20.49,3.5,883921680,1719034360.621852
801001.SI,20220217,申万50,3708.26,3704.85,3751.45,3728.52,21.35,0.58,329348,11430143,20.44,3.49,881826794,1714016367.01559
801001.SI,20220216,申万50,3710.45,3698.76,3730.6,3707.17,16.08,0.44,308465,10162121,20.32,3.47,876777547,1705331749.87055
801001.SI,20220215,申万50,3642.99,3642.46,3692.12,3691.09,52.03,1.43,320066,12590532,20.13,3.43,863008568,1697761968.46367
801001.SI,20220214,申万50,3640.86,3620.29,3672.1,3639.06,-20.69,-0.57,364672,13180129,19.79,3.38,846995071,1673673197.02951
801001.SI,20220211,申万50,3672.31,3656.03,3720.11,3659.75,-35.01,-0.95,373484,14752257,19.9,3.4,851722397,1678326756.107112
801001.SI,20220210,申万50,3735.74,3666.48,3735.74,3694.76,-31.27,-0.84,348530,13442837,20.09,3.43,859941831,1695414504.854898
801001.SI,20220209,申万50,3677.47,3662.64,3734.14,3726.03,49.63,1.35,359055,12683871,20.26,3.46,867247719,1708980530.273733
801001.SI,20220208,申万50,3726.68,3599.7,3726.68,3676.41,-60.91,-1.63,341054,13176748,19.99,3.41,855650689,1682852710.15892
801001.SI,20220207,申万50,3759.24,3721.21,3791.39,3737.32,51.68,1.4,352964,12564600,20.33,3.47,869884211,1710796432.709281
801001.SI,20220128,申万50,3763.88,3679.11,3775.2,3685.64,-53.45,-1.43,331606,13269297,20.05,3.42,857889172,1690905003.699491
801001.SI,20220127,申万50,3816.6,3736.47,3816.6,3739.09,-76.89,-2.01,332424,11791068,20.34,3.47,870424885,1718658846.779275
801001.SI,20220126,申万50,3800.76,3756.59,3820.9,3815.98,37.24,0.99,246379,9989385,20.79,3.55,889521653,1747962060.772223
801001.SI,20220125,申万50,3834.89,3778.74,3851.8,3778.74,-81.17,-2.1,335970,10954603,20.58,3.51,880840552,1730305433.397689
801001.SI,20220124,申万50,3822.66,3819.01,3874.0,3859.91,12.84,0.33,292743,10921948,21.03,3.59,899493209,1765275455.465879
801001.SI,20220121,申万50,3857.12,3826.77,3876.14,3847.07,-21.67,-0.56,369684,11841418,20.96,3.57,896501202,1762149714.618625
801001.SI,20220120,申万50,3813.86,3813.86,3885.69,3868.74,50.82,1.33,379813,13120380,21.09,3.6,902706288,1770398139.742799
801001.SI,20220119,申万50,3866.17,3794.49,3867.66,3817.92,-37.91,-0.98,301594,11774494,20.82,3.55,890848290,1747192560.637813
801001.SI,20220118,申万50,3829.82,3813.14,3873.01,3855.83,24.03,0.63,322070,11532299,21.02,3.59,899694077,1764762272.52198
801001.SI,20220117,申万50,3797.43,3795.68,3838.33,3831.8,39.01,1.03,315737,11719810,20.89,3.56,894079672,1751318772.992772
801001.SI,20220114,申万50,3791.66,3787.95,3824.69,3792.79,-19.15,-0.5,365745,11855350,20.68,3.53,884977115,1735084443.538524
801001.SI,20220113,申万50,3900.01,3811.94,3900.01,3811.94,-77.59,-1.99,380552,13368723,20.78,3.54,889444412,1742480178.139721
801001.SI,20220112,申万50,3859.1,3855.42,3893.45,3889.53,58.01,1.51,456872,14109904,21.21,3.62,907548879,1781027624.319939
801001.SI,20220111,申万50,3866.75,3827.59,3874.01,3831.52,-37.98,-0.98,388113,12399690,20.89,3.56,894013552,1753774630.794836
801001.SI,20220110,申万50,3846.46,3812.22,3883.38,3869.5,10.67,0.28,415021,12969763,21.08,3.59,901580846,1771719997.621421
801001.SI,20220107,申万50,3870.03,3844.91,3886.9,3858.83,-2.45,-0.06,472073,14136298,21.02,3.58,899095363,1767626114.485116
801001.SI,20220106,申万50,3894.66,3836.48,3907.24,3861.28,-58.69,-1.5,395921,14193495,21.04,3.59,899665872,1774268457.690031
801001.SI,20220105,申万50,3956.24,3906.57,3961.21,3919.97,-48.16,-1.21,488653,16897840,21.36,3.64,913341281,1801948915.167812
801001.SI,20220104,申万50,4029.19,3926.81,4029.19,3968.13,-37.28,-0.93,404566,16058895,21.62,3.69,924563502,1825982415.409108
801001.SI,20211231,申万50,4011.0,3989.11,4020.24,4005.41,11.48,0.29,239930,10952169,19.77,3.31,924544720,1962074559.499962
801001.SI,20211230,申万50,3963.04,3958.63,4014.0,3993.93,29.83,0.75,267909,11183588,19.72,3.3,921882556,1959672452.768576
801001.SI,20211229,申万50,4051.96,3964.1,4051.96,3964.1,-81.56,-2.02,221214,11770664,19.57,3.27,914996551,1945374408.112598
801001.SI,20211228,申万50,4008.5,4008.5,4048.88,4045.66,40.07,1.0,255114,11248993,19.97,3.34,934013304,1987989293.08323
801001.SI,20211227,申万50,4010.32,3985.4,4021.52,4005.6,-8.92,-0.22,209178,10087507,19.78,3.31,924763477,1971178699.874125
801001.SI,20211224,申万50,4044.15,3999.58,4057.8,4014.52,-24.13,-0.6,235543,12710742,19.82,3.32,926822203,1977581622.99393
801001.SI,20211223,申万50,4017.21,3990.69,4038.65,4038.65,33.48,0.84,213442,10055846,19.94,3.34,932392135,1982209109.517055
801001.SI,20211222,申万50,4011.62,3995.6,4024.84,4005.17,4.61,0.12,224940,9772346,19.77,3.31,924662106,1963427000.570959
801001.SI,20211221,申万50,3975.07,3968.11,4005.83,4000.56,19.81,0.5,224371,10260495,19.75,3.3,923598041,1961081329.305093
801001.SI,20211220,申万50,4031.6,3972.56,4058.88,3980.75,-65.05,-1.61,273255,12850760,19.65,3.29,919024671,1953419853.204589
801001.SI,20211217,申万50,4106.93,4044.69,4107.4,4045.8,-77.7,-1.88,253370,12298130,19.97,3.34,934002039,1978611073.82228
801001.SI,20211216,申万50,4112.1,4086.48,4123.5,4123.5,11.77,0.29,245965,11709031,20.33,3.4,951870292,2013875900.911994
801001.SI,20211215,申万50,4145.88,4111.04,4169.23,4111.73,-47.63,-1.15,263583,11130632,20.27,3.39,949116405,2009960796.301261
801001.SI,20211214,申万50,4173.23,4149.05,4185.89,4159.36,-25.86,-0.62,310692,12695805,20.5,3.43,960110301,2033255326.660087
801001.SI,20211213,申万50,4186.01,4184.27,4238.41,4185.22,30.37,0.73,422042,17809072,20.63,3.45,966079286,2043407063.895576
801001.SI,20211210,申万50,4128.06,4124.9,4157.82,4154.85,-6.85,-0.16,463390,16817381,20.48,3.43,959092781,2030347775.419096
801001.SI,20211209,申万50,4101.04,4098.8,4188.61,4161.7,70.41,1.72,544194,19855906,20.51,3.43,960573411,2034060925.067666
801001.SI,20211208,申万50,4030.51,4014.37,4093.61,4091.29,75.59,1.88,324169,15421156,20.16,3.37,944320731,1999305373.289075
801001.SI,20211207,申万50,4038.94,3997.83,4038.94,4015.7,10.67,0.27,377180,16361378,19.78,3.31,926380168,1961561774.314836
801001.SI,20211206,申万50,4017.18,4001.88,4046.76,4005.03,-12.25,-0.3,348847,14548538,19.73,3.3,923928027,1957940520.065298
801001.SI,20211203,申万50,3987.8,3980.91,4017.28,4017.28,30.71,0.77,266258,13174421,19.79,3.31,926753315,1962781291.9151
801001.SI,20211202,申万50,3968.61,3960.05,3992.74,3986.57,13.41,0.34,266521,11132880,19.64,3.29,919668029,1945617129.760289
801001.SI,20211201,申万50,3981.34,3957.07,3986.06,3973.16,-4.66,-0.12,241534,10603483,19.57,3.28,916574768,1939342612.745944
801001.SI,20211130,申万50,4011.62,3961.5,4011.63,3977.82,-27.69,-0.69,275886,12016780,19.6,3.28,917648528,1941477600.894585
801001.SI,20211129,申万50,3962.85,3962.85,4007.37,4005.51,16.98,0.43,296785,13402029,19.73,3.3,923505902,1955671833.190087
801001.SI,20211126,申万50,4007.66,3979.86,4016.1,3988.53,-24.93,-0.62,223149,10371463,19.65,3.29,919366312,1946847406.797657
801001.SI,20211125,申万50,4037.16,4005.36,4040.3,4013.46,-22.7,-0.56,217147,11034145,19.77,3.31,925112646,1959394358.469928
801001.SI,20211124,申万50,4035.9,4020.91,4052.17,4036.16,3.13,0.08,246374,13073519,19.88,3.33,930345029,1969530155.866451
801001.SI,20211123,申万50,4031.47,4021.54,4049.22,4033.03,-8.3,-0.21,254850,12305793,19.87,3.32,929624634,1965497224.449129
801001.SI,20211122,申万50,4013.45,4013.45,4041.65,4041.33,40.02,1.0,285756,14257195,19.91,3.33,931537594,1969931671.220461
801001.SI,20211119,申万50,3949.89,3947.05,4003.27,4001.31,47.48,1.2,248200,11540712,19.71,3.3,922312195,1952669768.699075
801001.SI,20211118,申万50,3982.53,3943.89,3982.53,3953.83,-43.5,-1.09,232016,10112651,19.47,3.26,911061184,1927580470.219264
801001.SI,20211117,申万50,3998.84,3983.45,4005.02,3997.33,3.94,0.1,228598,10546967,19.69,3.29,921083658,1945709996.895528
801001.SI,20211116,申万50,3980.02,3980.02,4016.15,3993.39,15.32,0.39,283647,12783596,19.66,3.29,921100159,1946361278.369071
801001.SI,20211115,申万50,3999.59,3957.67,3999.59,3978.07,-14.3,-0.36,242636,11610938,19.59,3.28,917523970,1935084586.68716
801001.SI,20211112,申万50,4030.16,3980.5,4031.2,3992.37,-30.75,-0.76,262319,11455278,19.66,3.29,920888901,1939503481.369667
801001.SI,20211111,申万50,3952.51,3950.11,4023.12,4023.12,69.31,1.75,385075,14477203,19.81,3.31,927974128,1952140218.912344
801001.SI,20211110,申万50,3969.12,3898.6,3970.38,3953.81,-34.7,-0.87,325209,14701157,19.47,3.26,911986172,1923439533.288836
801001.SI,20211109,申万50,4008.39,3969.69,4011.26,3988.51,-7.01,-0.18,240277,11528251,19.64,3.29,919989330,1941476458.613683
801001.SI,20211108,申万50,3978.14,3978.14,4010.61,3995.52,15.3,0.38,279455,13154855,19.67,3.29,921423209,1945456475.225934
801001.SI,20211105,申万50,3978.61,3974.33,4020.39,3980.22,-12.88,-0.32,282160,13434846,19.6,3.28,917895554,1942972219.155862
801001.SI,20211104,申万50,3963.43,3956.2,4001.18,3993.1,55.32,1.4,310717,14878151,19.66,3.29,920866450,1948985917.407763
801001.SI,20211103,申万50,3972.92,3923.88,3991.81,3937.78,-42.2,-1.06,370261,14595208,19.39,3.24,908045086,1919050141.499735
801001.SI,20211102,申万50,4018.17,3950.15,4040.53,3979.99,-40.34,-1.0,422921,18196764,19.6,3.28,917780623,1938034704.634994
801001.SI,20211101,申万50,4001.0,3981.34,4044.63,4020.33,-18.65,-0.46,394568,18257564,19.47,3.26,910093376,1956725201.544421
801001.SI,20211029,申万50,3991.85,3987.99,4038.98,4038.98,49.33,1.24,386811,18346317,19.6,3.31,917996355,1967778553.13846
801001.SI,20211028,申万50,3997.02,3976.33,4030.17,3989.65,-17.45,-0.44,317014,13993204,19.36,3.35,906783345,1944720145.35513
801001.SI,20211027,申万50,4047.56,3993.31,4047.56,4007.1,-56.68,-1.39,306066,13394987,19.45,3.37,910749836,1952719080.08667
801001.SI,20211026,申万50,4101.06,4060.36,4112.99,4063.78,-21.05,-0.52,298986,13338103,19.72,3.42,923632387,1977890796.90106
801001.SI,20211025,申万50,4066.9,4051.77,4088.04,4084.83,0.65,0.02,305140,14235887,19.85,3.44,930435050,1988028572.86356
801001.SI,20211022,申万50,4049.45,4045.2,4107.19,4084.18,53.0,1.31,303356,13369142,19.85,3.46,930273459,1988655413.76557
801001.SI,20211021,申万50,4008.53,4001.0,4041.89,4031.18,26.17,0.65,336764,12732066,19.58,3.42,917306286,1963869703.68759
801001.SI,20211020,申万50,4029.33,3996.17,4046.54,4005.01,-10.41,-0.26,301855,12960288,19.37,3.38,904680315,1952233675.13855
801001.SI,20211019,申万50,3978.17,3978.17,4021.64,4015.42,41.32,1.04,311005,13683485,19.42,3.39,907030469,1957746330.70034
801001.SI,20211018,申万50,4036.46,3948.24,4036.46,3974.1,-67.6,-1.67,340157,15841226,19.22,3.36,897695924,1938037483.54992
801001.SI,20211015,申万50,3988.93,3988.34,4045.13,4041.7,29.93,0.75,359299,15205391,19.54,3.42,912966323,1976571142.4449
801001.SI,20211014,申万50,4039.48,4003.2,4054.15,4011.77,-27.84,-0.69,265414,11557964,19.4,3.4,906022591,1964098194.11338
801001.SI,20211013,申万50,3958.54,3954.98,4053.88,4039.61,78.23,1.97,273081,13875203,19.53,3.42,912372613,1977753120.65926
801001.SI,20211012,申万50,3976.31,3927.21,3994.42,3961.38,-26.7,-0.67,341039,13014050,19.15,3.36,894702911,1938723063.33723
801001.SI,20211011,申万50,3998.56,3985.88,4044.26,3988.08,2.31,0.06,370316,14869973,19.28,3.38,900733479,1947411642.04363
801001.SI,20211008,申万50,3950.78,3933.43,3993.76,3985.77,77.52,1.98,414166,17585505,19.27,3.38,900057548,1945925791.04611
801001.SI,20210930,申万50,3884.32,3883.88,3919.83,3908.25,33.54,0.87,261586,13293832,18.89,3.31,882552648,1910767661.54455
801001.SI,20210929,申万50,3858.72,3836.53,3904.18,3874.71,-13.6,-0.35,359382,14106154,18.73,3.28,874978165,1894038808.52308
801001.SI,20210928,申万50,3889.11,3862.16,3920.16,3888.31,-11.91,-0.31,320205,14136980,18.79,3.29,878048274,1900501308.32942
801001.SI,20210927,申万50,3837.88,3837.88,3923.73,3900.22,90.02,2.36,427707,20558290,18.85,3.3,880738334,1910206352.26087
801001.SI,20210924,申万50,3767.17,3766.59,3844.43,3810.2,33.78,0.89,363727,15051063,18.41,3.23,860276527,1860658700.02776
801001.SI,20210923,申万50,3790.58,3765.87,3804.12,3776.42,7.45,0.2,330450,12587041,18.25,3.2,852648795,1840586084.27252
801001.SI,20210922,申万50,3753.61,3748.49,3790.21,3768.97,-60.28,-1.57,330420,11686270,18.22,3.19,850966404,1840145520.70823
801001.SI,20210917,申万50,3769.76,3760.95,3832.44,3829.25,50.09,1.33,344061,14370000,18.51,3.24,864575855,1869749237.43863
801001.SI,20210916,申万50,3817.75,3769.86,3827.51,3779.16,-47.04,-1.23,401169,15835753,18.26,3.2,853266210,1841411107.3545
801001.SI,20210915,申万50,3872.05,3807.61,3872.05,3826.2,-55.79,-1.44,340299,15058686,18.49,3.24,863627586,1858998197.66006
801001.SI,20210914,申万50,3926.76,3874.12,3945.1,3881.99,-41.2,-1.05,427733,17092881,18.76,3.29,876219368,1886991930.41488
801001.SI,20210913,申万50,3941.18,3903.14,3968.91,3923.19,-26.15,-0.66,460632,16724612,18.96,3.32,885517801,1902591601.91853
801001.SI,20210910,申万50,3885.56,3883.79,3955.86,3949.34,53.3,1.37,511737,17791042,19.08,3.34,891420161,1912583407.14271
801001.SI,20210909,申万50,3896.9,3860.54,3915.23,3896.04,-12.67,-0.32,402774,13868602,18.83,3.3,879390364,1886323908.17349
801001.SI,20210908,申万50,3939.94,3895.86,3958.16,3908.71,-34.78,-0.88,507430,16449225,18.89,3.31,882249903,1890953604.50701
801001.SI,20210907,申万50,3910.22,3894.67,3954.0,3943.49,31.23,0.8,405880,16020298,19.06,3.34,890099798,1908997626.68818
801001.SI,20210906,申万50,3821.83,3817.74,3920.75,3912.26,89.41,2.34,446290,20057231,18.9,3.31,883051353,1897239406.15228
801001.SI,20210903,申万50,3829.98,3794.7,3843.55,3822.84,-10.14,-0.26,423276,17773629,18.47,3.24,862869072,1851827343.49805
801001.SI,20210902,申万50,3858.85,3815.5,3874.48,3832.98,-21.15,-0.55,475183,18273999,18.42,3.23,868505132,1854649825.5266
801001.SI,20210901,申万50,3794.87,3750.24,3886.23,3854.13,52.07,1.37,591295,24171262,18.49,3.24,870748720,1866660089.19192
801001.SI,20210831,申万50,3839.11,3756.76,3851.81,3802.06,-37.71,-0.98,512100,20505251,21.68,3.19,858985508,1840878721.18208
801001.SI,20210830,申万50,3867.89,3816.59,3867.89,3839.77,-10.13,-0.26,512188,22641242,21.88,3.25,866845550,1858919671.20995
801001.SI,20210827,申万50,3816.62,3816.62,3888.97,3849.9,29.06,0.76,368437,16351956,21.94,3.27,869132517,1864867302.27276
801001.SI,20210826,申万50,3920.33,3820.01,3920.33,3820.84,-98.47,-2.51,334172,15658596,21.77,3.26,862572106,1856743599.25359
801001.SI,20210825,申万50,3907.79,3884.42,3924.95,3919.31,18.35,0.47,353789,16083899,22.33,3.34,884801500,1904192445.31056
801001.SI,20210824,申万50,3864.0,3864.0,3919.52,3900.96,45.84,1.19,407749,18585431,22.23,3.33,880659460,1891978104.12329
801001.SI,20210823,申万50,3803.26,3790.06,3863.03,3855.12,60.56,1.6,364000,17930865,21.97,3.29,870310030,1866987503.91906
801001.SI,20210820,申万50,3849.64,3759.22,3859.04,3794.56,-113.75,-2.91,413870,19566903,21.62,3.22,856637249,1835412792.59716
801001.SI,20210819,申万50,3946.14,3887.76,3946.14,3908.31,-41.58,-1.05,421851,16780348,22.24,3.32,881706471,1893129321.886138
801001.SI,20210818,申万50,3912.78,3887.19,3973.02,3949.89,41.89,1.07,407870,17491385,22.48,3.35,891067463,1910179617.987466
801001.SI,20210817,申万50,4003.34,3896.2,4029.68,3908.0,-96.92,-2.42,404005,17465530,22.24,3.32,881616922,1891488116.009953
801001.SI,20210816,申万50,4009.45,3996.34,4037.82,4004.92,-17.97,-0.45,355033,15296454,22.79,3.4,903480455,1939986353.369961
801001.SI,20210813,申万50,4015.32,3997.67,4065.64,4022.89,-18.38,-0.45,374001,16318299,22.9,3.42,907536463,1949176724.799384
801001.SI,20210812,申万50,4074.03,4031.16,4086.17,4041.27,-48.85,-1.19,400989,17038209,23.0,3.43,911681810,1957213243.078675
801001.SI,20210811,申万50,4114.88,4086.26,4129.41,4090.12,-30.38,-0.74,405158,16495739,23.28,3.47,922701834,1983427698.928716
801001.SI,20210810,申万50,4051.29,4009.67,4120.5,4120.5,61.35,1.51,409384,20313154,23.46,3.5,930542384,1997571242.149108
801001.SI,20210809,申万50,3993.62,3993.62,4077.13,4059.15,28.66,0.71,463494,19777724,23.11,3.45,916688051,1960849883.372754
801001.SI,20210806,申万50,4052.21,4009.42,4052.21,4030.49,-28.46,-0.7,374324,17593889,22.95,3.43,910216253,1946237505.952909
801001.SI,20210805,申万50,4054.53,4032.68,4102.78,4058.95,-31.97,-0.78,395349,19422790,23.11,3.45,916642364,1960581076.86148
801001.SI,20210804,申万50,4041.47,4032.14,4093.0,4090.92,44.25,1.09,443226,21779719,23.29,3.48,923863352,1976858014.372462
801001.SI,20210803,申万50,4012.89,3987.08,4054.15,4046.67,18.34,0.46,472577,21786122,23.07,3.44,915148650,1962840474.585457
801001.SI,20210802,申万50,3904.16,3869.38,4036.2,4028.33,105.69,2.69,548916,25167609,22.96,3.43,911001257,1955105407.836134
801001.SI,20210730,申万50,3976.19,3889.06,3976.19,3922.64,-74.56,-1.87,412133,20504762,22.36,3.34,887100083,1901630101.866317
801001.SI,20210729,申万50,4005.46,3948.38,4005.46,3997.2,80.82,2.06,438712,20333254,22.78,3.4,903962451,1944707993.684998
801001.SI,20210728,申万50,3833.38,3816.55,3931.68,3916.38,51.49,1.33,507130,20842550,22.32,3.33,885685580,1910658905.115947
801001.SI,20210727,申万50,4051.67,3864.89,4063.57,3864.89,-192.33,-4.74,606167,24948141,22.04,3.29,873706324,1882472593.465398
801001.SI,20210726,申万50,4205.63,3996.49,4210.09,4057.22,-172.78,-4.08,545446,24675473,23.13,3.45,917185779,1974272857.329418
801001.SI,20210723,申万50,4300.25,4224.06,4300.25,4230.0,-78.26,-1.82,531932,20661277,24.12,3.61,956244861,2058715828.378537
801001.SI,20210722,申万50,4319.27,4291.67,4341.11,4308.26,-1.87,-0.04,466537,20859707,24.56,3.67,973953399,2095504208.466607
801001.SI,20210721,申万50,4289.93,4288.13,4325.14,4310.13,39.01,0.91,485036,20465947,24.57,3.67,974376153,2100637157.242034
801001.SI,20210720,申万50,4248.75,4240.18,4285.99,4271.12,-8.68,-0.2,329922,13710222,24.35,3.64,965556809,2084842165.150802
801001.SI,20210719,申万50,4246.43,4209.06,4282.69,4279.8,31.37,0.74,394856,16713670,24.4,3.65,967516985,2089479635.3715
801001.SI,20210716,申万50,4315.89,4242.55,4315.89,4248.43,-72.42,-1.68,468667,17507621,24.22,3.62,960424806,2072729372.39457
801001.SI,20210715,申万50,4234.27,4226.96,4325.76,4320.85,78.53,1.85,499986,18759919,24.63,3.68,976749000,2109764055.325298
801001.SI,20210714,申万50,4281.04,4226.4,4281.04,4242.32,-52.93,-1.23,521382,18041558,24.12,3.61,956479207,2073375711.768809
801001.SI,20210713,申万50,4288.33,4270.64,4318.27,4295.25,2.74,0.06,377024,16244691,24.49,3.66,970962130,2096765341.112006
801001.SI,20210712,申万50,4263.81,4232.91,4317.87,4292.51,68.89,1.63,524228,21113810,24.47,3.66,970341929,2093275447.971214
801001.SI,20210709,申万50,4237.48,4170.14,4239.73,4223.62,-35.64,-0.84,426591,17666297,24.08,3.6,954769740,2062411643.780879
801001.SI,20210708,申万50,4317.49,4250.22,4317.49,4259.26,-46.89,-1.09,504745,20771357,24.23,3.62,957706750,2083546418.349851
801001.SI,20210707,申万50,4219.86,4214.08,4316.65,4306.15,65.7,1.55,381723,17517954,24.51,3.67,969512893,2108471236.310815
801001.SI,20210706,申万50,4250.19,4186.76,4252.32,4240.45,-4.69,-0.11,423270,19084888,24.14,3.61,954720756,2077211853.853922
801001.SI,20210705,申万50,4231.4,4208.69,4261.8,4245.14,1.3,0.03,354081,16634443,24.08,3.6,952352761,2087027383.15968
801001.SI,20210702,申万50,4352.17,4237.85,4352.17,4243.84,-159.07,-3.61,402969,18427312,24.16,3.61,955519642,2086656208.995468
801001.SI,20210701,申万50,4399.88,4342.38,4408.12,4402.91,18.8,0.43,382700,16620376,25.06,3.75,991109047,2162701484.846448
801001.SI,20210630,申万50,4342.37,4342.19,4391.17,4384.11,35.43,0.81,292085,12876510,22.43,3.26,961631959,2121684017.911214
801001.SI,20210629,申万50,4407.54,4341.35,4407.54,4348.68,-54.0,-1.23,341328,14496831,22.25,3.23,954785473,2106252281.445247
801001.SI,20210628,申万50,4403.55,4376.44,4411.07,4402.68,13.55,0.31,342891,15149534,22.53,3.27,966638124,2131219579.233925
801001.SI,20210625,申万50,4319.55,4319.55,4400.45,4389.13,72.22,1.67,398602,16352649,22.45,3.26,962833085,2124808514.162772
801001.SI,20210624,申万50,4310.34,4273.31,4319.12,4316.91,22.28,0.52,329005,13703915,22.07,3.21,946725448,2091131641.047273
801001.SI,20210623,申万50,4265.0,4257.5,4315.84,4294.63,33.24,0.78,348096,15992138,21.76,3.16,933037974,2078172128.409452
801001.SI,20210622,申万50,4248.52,4229.61,4262.53,4261.39,28.05,0.66,363224,14991538,21.79,3.16,934280899,2069711463.691012
801001.SI,20210621,申万50,4239.81,4208.72,4266.03,4233.34,-19.95,-0.47,371247,15778387,21.64,3.14,928131385,2055645060.729886
801001.SI,20210618,申万50,4261.54,4217.94,4286.48,4253.29,-6.66,-0.16,453861,17511091,21.74,3.16,931322656,2063073818.17604
801001.SI,20210617,申万50,4237.85,4237.85,4286.13,4259.95,18.48,0.44,299605,12527877,21.75,3.16,931375935,2066191138.85839
801001.SI,20210616,申万50,4328.15,4237.99,4328.15,4241.47,-92.18,-2.13,338921,14404030,21.66,3.14,927334756,2057415118.765156
801001.SI,20210615,申万50,4381.52,4299.48,4389.1,4333.65,-52.67,-1.2,370711,15820377,22.13,3.21,947489475,2099477342.20712
801001.SI,20210611,申万50,4421.45,4359.75,4421.45,4386.32,-28.78,-0.65,445905,17700594,22.4,3.25,959005964,2120700654.094688
801001.SI,20210610,申万50,4372.37,4371.46,4443.86,4415.1,44.41,1.02,359611,14660734,22.44,3.26,961066166,2138479921.942134
801001.SI,20210609,申万50,4358.65,4351.82,4386.39,4370.68,5.82,0.13,277038,11340614,22.32,3.24,955586634,2118020842.799552
801001.SI,20210608,申万50,4405.72,4340.18,4448.71,4364.86,-42.98,-0.98,303321,14596489,22.18,3.22,949250056,2116584260.867702
801001.SI,20210607,申万50,4430.28,4374.28,4430.28,4407.84,-26.81,-0.6,309354,13340509,22.5,3.27,962958993,2138385315.459835
801001.SI,20210604,申万50,4379.87,4372.84,4483.52,4434.65,31.86,0.72,362063,14350033,22.63,3.29,968814978,2150233380.912839
801001.SI,20210603,申万50,4436.0,4399.94,4456.51,4402.79,-37.11,-0.84,302175,12957056,22.47,3.26,961854705,2130940545.655757
801001.SI,20210602,申万50,4495.29,4417.64,4501.5,4439.9,-44.45,-0.99,314640,13651728,22.66,3.29,969961686,2147909134.020442
801001.SI,20210601,申万50,4462.65,4420.49,4485.78,4484.35,9.47,0.21,341436,15188664,22.89,3.31,979671564,2167130310.99986
801001.SI,20210531,申万50,4462.6,4423.77,4475.01,4474.88,8.03,0.18,334307,14674784,22.84,3.31,977372954,2164040369.721171
801001.SI,20210528,申万50,4474.54,4436.35,4507.3,4466.85,-7.76,-0.17,413013,15574383,22.8,3.3,975619541,2162848085.986203
801001.SI,20210527,申万50,4459.64,4428.4,4524.29,4474.61,10.44,0.23,336420,14432985,22.84,3.31,977314994,2164740909.516209
801001.SI,20210526,申万50,4481.29,4450.87,4486.16,4464.17,-6.23,-0.14,384215,16020229,22.78,3.3,974806113,2159526558.192125
801001.SI,20210525,申万50,4318.03,4318.03,4474.84,4470.4,164.73,3.83,506413,21094080,22.81,3.3,976167100,2160467036.114085
801001.SI,20210524,申万50,4289.39,4238.28,4305.67,4305.67,24.32,0.57,342812,13836414,21.98,3.18,939487693,2080829682.235825
801001.SI,20210521,申万50,4349.69,4272.59,4366.75,4281.35,-53.72,-1.24,312833,12909716,21.82,3.16,932636463,2066992927.917238
801001.SI,20210520,申万50,4316.52,4305.91,4343.51,4335.07,23.13,0.54,309662,12255138,22.13,3.2,946199505,2092172680.867671
801001.SI,20210519,申万50,4302.6,4287.48,4336.02,4311.94,-5.74,-0.13,298905,11826922,22.02,3.19,941151059,2080258009.58369
801001.SI,20210518,申万50,4334.02,4292.02,4341.45,4317.68,-7.8,-0.18,275533,10141747,22.04,3.19,942402772,2083665553.945748
801001.SI,20210517,申万50,4250.78,4250.78,4342.94,4325.47,79.54,1.87,390869,16213679,22.08,3.19,943937905,2086162291.478451
801001.SI,20210514,申万50,4152.17,4125.78,4248.93,4245.93,108.98,2.63,404639,15591838,21.67,3.14,926527909,2048121739.541219
801001.SI,20210513,申万50,4139.13,4120.12,4158.91,4136.95,-51.01,-1.22,301473,10273709,21.12,3.06,902701562,1996172178.812592
801001.SI,20210512,申万50,4161.07,4151.64,4194.99,4187.96,10.54,0.25,266332,10087703,21.38,3.09,913780207,2018609184.995969
801001.SI,20210511,申万50,4106.98,4086.52,4185.46,4177.42,36.96,0.89,322625,11817935,21.32,3.09,911440766,2010510246.483813
801001.SI,20210510,申万50,4142.22,4109.23,4170.39,4140.46,0.61,0.01,331564,12131323,21.07,3.05,899968496,1990418959.10622
801001.SI,20210507,申万50,4230.8,4139.85,4247.64,4139.85,-75.23,-1.78,431388,14107637,21.06,3.05,899832123,1990912186.480748
801001.SI,20210506,申万50,4265.81,4197.62,4294.4,4215.08,-83.56,-1.94,412375,15693108,21.45,3.1,916221751,2023221588.290171
801001.SI,20210430,申万50,4317.18,4270.79,4334.85,4298.64,-19.42,-0.45,393931,14808367,23.82,3.17,934384832,2061723682.299556
801001.SI,20210429,申万50,4283.87,4270.95,4323.27,4318.06,50.03,1.17,346313,13916543,23.93,3.23,938605448,2071675745.770846
801001.SI,20210428,申万50,4220.37,4212.06,4268.03,4268.03,25.44,0.6,344093,13854957,23.65,3.21,927730324,2050887964.357358
801001.SI,20210427,申万50,4222.65,4197.09,4244.82,4242.59,19.16,0.45,341756,11880508,23.51,3.21,922201054,2040562209.324031
801001.SI,20210426,申万50,4315.34,4217.57,4327.52,4223.43,-66.09,-1.54,460091,16227544,23.41,3.19,917989791,2030025814.780143
801001.SI,20210423,申万50,4224.0,4224.0,4301.58,4289.52,66.96,1.59,356878,13498062,23.77,3.26,932353904,2060567209.621316
801001.SI,20210422,申万50,4245.39,4194.45,4245.39,4222.56,-6.32,-0.15,311363,11446262,23.4,3.22,917795775,2028239533.710257
801001.SI,20210421,申万50,4183.75,4178.34,4237.64,4228.88,17.31,0.41,330115,11455427,23.41,3.22,917892957,2031459913.115971
801001.SI,20210420,申万50,4188.56,4178.97,4246.22,4211.57,0.84,0.02,342275,13265299,23.31,3.22,913738501,2023963600.592018
801001.SI,20210419,申万50,4087.36,4064.06,4212.14,4210.73,125.22,3.06,444811,15494352,23.3,3.22,913556781,2024569672.71195
801001.SI,20210416,申万50,4092.56,4035.98,4099.72,4085.51,11.65,0.29,302285,10252974,22.61,3.13,886389429,1967236906.422325
801001.SI,20210415,申万50,4096.64,4026.48,4096.64,4073.86,-36.6,-0.89,336024,11379108,22.55,3.13,883861470,1958324742.26347
801001.SI,20210414,申万50,4080.62,4074.94,4115.6,4110.46,43.82,1.08,401238,11647663,22.75,3.15,891802980,1977302740.54087
801001.SI,20210413,申万50,4068.85,4053.66,4124.11,4066.64,3.41,0.08,385578,10947143,22.51,3.12,882295224,1958732106.236679
801001.SI,20210412,申万50,4129.13,4048.31,4145.77,4063.23,-68.42,-1.66,396894,12165757,22.49,3.12,881555504,1956907911.912233
801001.SI,20210409,申万50,4205.63,4121.94,4205.63,4131.65,-84.12,-2.0,304625,9505215,22.86,3.18,896384295,1986549288.385284
801001.SI,20210408,申万50,4173.53,4162.84,4227.19,4215.77,15.72,0.37,282768,9244429,23.33,3.24,914680516,2027770617.397381
801001.SI,20210407,申万50,4265.18,4171.5,4265.18,4200.05,-61.3,-1.44,356701,11574660,23.24,3.23,911269638,2019635021.06961
801001.SI,20210406,申万50,4311.57,4245.4,4312.37,4261.35,-35.17,-0.82,271771,10031552,23.58,3.28,924570147,2049339959.854008
801001.SI,20210402,申万50,4255.6,4245.24,4302.1,4296.52,62.26,1.47,322681,12021751,23.77,3.31,932201174,2066983819.539034
801001.SI,20210401,申万50,4180.22,4180.22,4238.22,4234.26,70.7,1.7,257308,9679992,23.43,3.26,918692850,2036307342.620115
801001.SI,20210331,申万50,4206.41,4134.78,4206.41,4163.56,-51.05,-1.21,300446,11101234,23.09,3.21,902079967,2004746912.736068
801001.SI,20210330,申万50,4163.05,4150.23,4227.91,4214.61,51.55,1.24,299337,11570421,23.38,3.3,913139249,2027470750.419154
801001.SI,20210329,申万50,4174.64,4134.21,4205.81,4163.06,4.39,0.11,327306,12492726,23.09,3.26,901969847,2004056944.215915
801001.SI,20210326,申万50,4077.65,4077.65,4171.62,4158.67,112.58,2.78,379395,13936443,23.07,3.27,901019046,1997525247.877053
801001.SI,20210325,申万50,4024.77,4006.84,4062.85,4046.09,-4.19,-0.1,317426,10469989,22.39,3.18,880881929,1947512635.414973
801001.SI,20210324,申万50,4104.82,4041.88,4138.15,4050.28,-70.25,-1.7,350458,12088394,22.37,3.18,879449207,1952187349.116094
801001.SI,20210323,申万50,4156.37,4079.13,4160.09,4120.53,-34.91,-0.84,380133,11692096,22.75,3.24,894703119,1982043380.84545
801001.SI,20210322,申万50,4137.31,4108.0,4183.05,4155.44,20.73,0.5,407369,12521389,22.95,3.26,902282871,1995133466.626113
801001.SI,20210319,申万50,4203.9,4108.97,4219.99,4134.71,-137.58,-3.22,387677,13802583,22.83,3.26,897782528,1985267420.371304
801001.SI,20210318,申万50,4248.73,4247.41,4286.64,4272.29,40.97,0.97,325203,12043658,23.59,3.37,927656377,2052357716.261534
801001.SI,20210317,申万50,4192.22,4149.23,4259.96,4231.32,22.77,0.54,370468,12975194,23.34,3.33,917134839,2032849359.053853
801001.SI,20210316,申万50,4181.52,4144.0,4208.55,4208.55,50.7,1.22,353200,12752943,23.21,3.32,912198973,2023560764.545678
801001.SI,20210315,申万50,4261.29,4116.06,4261.33,4157.85,-129.62,-3.02,439187,16120998,22.93,3.28,901209753,1996556121.481317
801001.SI,20210312,申万50,4310.73,4238.59,4310.73,4287.47,9.46,0.22,434829,14694736,23.65,3.38,929304599,2053404737.422546
801001.SI,20210311,申万50,4179.2,4176.31,4292.1,4278.01,122.89,2.96,440885,16339721,23.59,3.37,927254080,2048687545.839463
801001.SI,20210310,申万50,4188.49,4136.74,4199.54,4155.12,50.76,1.24,379907,15066621,22.3,3.19,869550573,1992082743.989863
801001.SI,20210309,申万50,4192.12,4064.97,4220.79,4104.36,-100.07,-2.38,540065,20399937,22.04,3.16,859451925,1969875284.74498
801001.SI,20210308,申万50,4418.02,4203.56,4445.4,4204.44,-182.52,-4.16,494039,19472972,22.58,3.23,880566596,2014264960.549873
801001.SI,20210305,申万50,4330.72,4308.98,4432.45,4386.96,-35.22,-0.8,457637,16618298,23.55,3.37,918352844,2101971266.581563
801001.SI,20210304,申万50,4537.57,4397.89,4537.57,4422.18,-181.62,-3.94,455911,18546359,23.72,3.4,924986882,2113168527.743949
801001.SI,20210303,申万50,4486.07,4473.02,4603.8,4603.8,98.88,2.2,448666,16217166,24.67,3.53,962233917,2194597629.508801
801001.SI,20210302,申万50,4610.89,4460.87,4614.94,4504.92,-65.67,-1.44,416735,17903499,24.13,3.46,941007203,2145865656.711252
801001.SI,20210301,申万50,4549.03,4511.52,4577.16,4570.59,78.32,1.74,404279,17246584,24.49,3.51,954988402,2179599650.484814
801001.SI,20210226,申万50,4494.98,4476.07,4573.85,4492.27,-119.94,-2.6,493506,19962269,24.08,3.45,939273745,2144322800.89205
801001.SI,20210225,申万50,4633.45,4592.01,4667.05,4612.21,34.66,0.76,503227,19212133,24.74,3.54,964774288,2202052624.49397
801001.SI,20210224,申万50,4731.1,4524.64,4738.49,4577.55,-139.43,-2.96,518229,23363592,24.53,3.51,956846538,2186092362.160858
801001.SI,20210223,申万50,4657.3,4657.3,4769.15,4716.97,6.44,0.14,497720,19021691,25.3,3.62,986840026,2257861287.707358
801001.SI,20210222,申万50,4924.92,4710.53,4924.92,4710.53,-214.06,-4.35,644153,25671573,25.26,3.62,985501107,2254721617.386507
801001.SI,20210219,申万50,4890.74,4818.87,4936.24,4924.59,-3.03,-0.06,512830,21679204,26.36,3.78,1028284572,2354059057.70337
801001.SI,20210218,申万50,5101.98,4907.35,5108.63,4927.62,-80.75,-1.61,468084,24799689,26.39,3.78,1028477317,2356343593.74148
801001.SI,20210210,申万50,4903.55,4903.55,5023.6,5008.37,133.27,2.73,459808,21146465,26.82,3.84,1045047233,2400399742.080968
801001.SI,20210209,申万50,4792.42,4761.27,4875.1,4875.1,100.82,2.11,410551,17940256,26.08,3.73,1016061367,2331585230.39904
801001.SI,20210208,申万50,4727.65,4694.41,4780.6,4774.28,72.35,1.54,394757,18211402,25.51,3.65,993356506,2286014480.546234
801001.SI,20210205,申万50,4697.5,4694.75,4763.36,4701.93,29.69,0.64,452249,19133496,25.14,3.6,978476112,2254123193.3796
801001.SI,20210204,申万50,4621.67,4614.75,4697.71,4672.24,24.72,0.53,470635,19994890,24.96,3.58,971268931,2238358171.308
801001.SI,20210203,申万50,4647.22,4628.08,4680.09,4647.52,6.41,0.14,466201,19171803,24.79,3.59,964852247,2225850942.95883
801001.SI,20210202,申万50,4570.45,4546.27,4643.16,4641.11,79.93,1.75,425986,18757187,24.75,3.58,963238450,2219471363.10009
801001.SI,20210201,申万50,4518.68,4503.82,4566.06,4561.18,54.17,1.2,430600,16224873,24.34,3.53,947198406,2184540548.59336
801001.SI,20210129,申万50,4571.54,4456.26,4586.86,4507.01,-27.14,-0.6,549939,20094159,24.04,3.48,935452857,2157930812.06907
801001.SI,20210128,申万50,4603.77,4519.78,4611.17,4534.15,-145.21,-3.1,498883,18736762,24.19,3.51,940469439,2166469138.65134
801001.SI,20210127,申万50,4658.65,4592.42,4681.35,4679.36,21.86,0.47,416799,18368909,24.94,3.62,970001398,2226186084.25517
801001.SI,20210126,申万50,4749.41,4652.28,4749.41,4657.5,-115.74,-2.42,464959,20060819,24.82,3.6,965899890,2217995216.10999
801001.SI,20210125,申万50,4687.31,4678.95,4795.09,4773.24,76.3,1.62,533511,25543834,25.4,3.69,988156585,2267477588.771676
801001.SI,20210122,申万50,4676.69,4645.19,4697.56,4696.94,21.97,0.47,492100,21405428,24.98,3.63,972168005,2228089639.34193
801001.SI,20210121,申万50,4610.72,4606.63,4704.17,4674.98,84.38,1.84,537100,21943798,24.88,3.61,967157152,2220636575.182661
801001.SI,20210120,申万50,4559.55,4548.17,4610.76,4590.6,45.34,1.0,450618,18683766,24.42,3.54,949150240,2182296897.28779
801001.SI,20210119,申万50,4643.65,4529.02,4645.88,4545.26,-86.94,-1.88,552793,20353748,24.21,3.51,940905835,2161886242.96979
801001.SI,20210118,申万50,4570.07,4545.29,4657.67,4632.2,45.62,0.99,597504,20578194,25.05,3.64,956014554,2198824308.20738
801001.SI,20210115,申万50,4582.32,4522.4,4628.26,4586.58,13.61,0.3,685317,23588852,24.86,3.61,948901463,2184729743.24519
801001.SI,20210114,申万50,4681.22,4565.2,4681.61,4572.97,-127.25,-2.71,655900,23620015,24.78,3.6,945848676,2177130382.02841
801001.SI,20210113,申万50,4755.76,4662.81,4786.5,4700.22,-46.91,-0.99,706286,25797363,25.49,3.7,973055281,2229293071.55225
801001.SI,20210112,申万50,4563.83,4563.83,4747.13,4747.13,160.16,3.49,679044,23983845,25.74,3.74,982511610,2254050677.79865
801001.SI,20210111,申万50,4636.2,4562.25,4677.15,4586.97,-39.54,-0.85,649861,25380297,24.87,3.61,948690485,2183746457.84845
801001.SI,20210108,申万50,4689.13,4573.05,4698.06,4626.51,-41.27,-0.88,574448,23590069,25.1,3.65,957527775,2199535921.36319
801001.SI,20210107,申万50,4574.26,4562.08,4667.78,4667.78,106.66,2.34,550413,22089166,25.33,3.68,966009645,2220477800.48705
801001.SI,20210106,申万50,4519.63,4476.02,4573.12,4561.12,66.64,1.48,556883,22277034,24.74,3.59,943293725,2174571725.3219
801001.SI,20210105,申万50,4365.03,4356.8,4494.48,4494.48,104.99,2.39,656360,24122465,24.35,3.54,928178698,2140067473.91682
801001.SI,20210104,申万50,4322.57,4317.36,4400.75,4389.49,65.47,1.51,616328,21877711,23.81,3.46,907543005,2093968906.95575
801001.SI,20201231,申万50,4248.75,4248.75,4329.14,4324.02,85.48,2.02,451739,15942958,23.5,3.47,845683066,1908374149.04049
801001.SI,20201230,申万50,4153.74,4153.74,4238.54,4238.54,88.42,2.13,439698,13661354,23.04,3.4,828909720,1870803568.8366
801001.SI,20201229,申万50,4172.67,4141.57,4177.23,4150.12,-11.69,-0.28,356620,11518949,22.55,3.33,811517694,1832476948.834825
801001.SI,20201228,申万50,4125.27,4125.27,4179.25,4161.81,40.73,0.99,313880,11660641,22.63,3.34,814303840,1837858154.918179
801001.SI,20201225,申万50,4087.56,4080.72,4127.2,4121.08,19.43,0.47,279480,9992442,22.39,3.31,805937720,1822774177.66223
801001.SI,20201224,申万50,4106.78,4081.72,4128.58,4101.65,-7.79,-0.19,295485,10298045,22.29,3.29,801981418,1813212152.30173
801001.SI,20201223,申万50,4087.31,4078.31,4142.72,4109.44,35.2,0.86,373756,13493709,22.33,3.3,803794482,1816455865.32089
801001.SI,20201222,申万50,4117.15,4073.66,4142.05,4074.24,-49.05,-1.19,402647,14246327,22.11,3.26,794965029,1805209726.518554
801001.SI,20201221,申万50,4069.03,4047.59,4123.29,4123.29,51.27,1.26,360826,12986375,22.36,3.3,804008602,1822980119.01546
801001.SI,20201218,申万50,4094.74,4055.1,4097.43,4072.02,-27.71,-0.68,253186,10400053,22.09,3.26,794876602,1799077533.296584
801001.SI,20201217,申万50,4054.94,4047.84,4103.56,4099.73,58.16,1.44,281219,11463480,22.24,3.29,800336160,1810053997.12206
801001.SI,20201216,申万50,4036.07,4026.84,4052.45,4041.57,21.87,0.54,246547,9884856,21.93,3.24,789170994,1788345782.54507
801001.SI,20201215,申万50,4008.21,3979.82,4026.27,4019.7,8.69,0.22,296709,11214224,21.81,3.22,784827420,1779433550.945716
801001.SI,20201214,申万50,3980.42,3976.92,4012.59,4011.01,49.3,1.24,280021,10328009,21.75,3.21,782959059,1775672557.518365
801001.SI,20201211,申万50,4014.23,3933.06,4014.23,3961.71,-37.24,-0.93,326278,11440287,21.49,3.18,773705705,1757459763.89657
801001.SI,20201210,申万50,3990.3,3984.26,4019.05,3998.95,-0.34,-0.01,274306,9634664,21.7,3.21,780868013,1770106855.077014
801001.SI,20201209,申万50,4064.88,3997.97,4069.91,3999.29,-50.96,-1.26,313144,11269559,21.72,3.21,781805139,1770353761.31463
801001.SI,20201208,申万50,4070.36,4044.05,4078.5,4050.25,-13.02,-0.32,281169,10597171,21.98,3.25,790183473,1792272176.74852
801001.SI,20201207,申万50,4086.39,4054.54,4087.74,4063.27,-12.58,-0.31,312141,11687241,22.05,3.26,792792650,1795029649.047708
801001.SI,20201204,申万50,4057.05,4037.78,4081.41,4075.85,13.56,0.33,318151,10862483,22.12,3.27,795235576,1800889918.759195
801001.SI,20201203,申万50,4064.37,4036.9,4070.79,4062.29,-2.42,-0.06,360368,10300207,22.05,3.26,792654427,1794564439.99615
801001.SI,20201202,申万50,4070.28,4040.65,4076.51,4064.71,1.51,0.04,457919,12517035,22.06,3.26,793199293,1794612684.28942
801001.SI,20201201,申万50,3979.93,3979.27,4065.58,4063.2,87.4,2.2,478074,13469179,22.06,3.26,793197199,1795544366.17239
801001.SI,20201130,申万50,4009.74,3975.8,4052.63,3975.8,-22.77,-0.57,647286,17138805,21.59,3.19,776124246,1759645778.144219
801001.SI,20201127,申万50,3961.75,3951.38,3998.57,3998.57,48.46,1.23,364193,10193199,21.73,3.21,781355130,1771705439.34581
801001.SI,20201126,申万50,3941.28,3908.02,3953.72,3950.11,9.45,0.24,292462,9757455,21.45,3.17,771727124,1746220757.226752
801001.SI,20201125,申万50,4000.36,3940.66,4007.83,3940.66,-45.56,-1.14,320693,10694692,21.39,3.17,769469173,1741414298.09218
801001.SI,20201124,申万50,4014.82,3972.63,4014.82,3986.22,-32.39,-0.81,296093,10754611,21.65,3.2,778402166,1765571107.6165
801001.SI,20201123,申万50,3979.7,3973.4,4031.85,4018.61,50.69,1.28,385233,13488036,21.82,3.23,784558985,1778058056.34291
801001.SI,20201120,申万50,3965.61,3955.86,3975.24,3967.92,4.25,0.11,264180,9520216,21.53,3.18,774043663,1756199051.61549
801001.SI,20201119,申万50,3908.23,3903.74,3975.27,3963.67,47.55,1.21,312090,10840432,21.5,3.18,773131682,1753300679.256375
801001.SI,20201118,申万50,3922.63,3900.8,3942.8,3916.12,-12.13,-0.31,420111,13406780,21.23,3.14,763750779,1733638866.23219
801001.SI,20201117,申万50,3930.2,3901.01,3938.56,3928.25,-0.08,0.0,334555,12420081,21.27,3.15,764946589,1740312792.735178
801001.SI,20201116,申万50,3919.75,3878.49,3928.33,3928.33,29.74,0.76,300913,11785533,21.28,3.15,764755858,1743623431.24847
801001.SI,20201113,申万50,3929.23,3872.43,3929.23,3898.59,-51.33,-1.3,350554,12255907,21.11,3.12,758784452,1731414439.15961
801001.SI,20201112,申万50,3961.72,3936.76,3967.39,3949.92,7.93,0.2,316851,10575983,21.41,3.17,769199310,1751845461.66371
801001.SI,20201111,申万50,3984.7,3941.88,3998.87,3941.99,-57.44,-1.44,415425,13770870,21.38,3.16,767960586,1749678175.510848
801001.SI,20201110,申万50,4025.93,3978.77,4025.93,3999.43,-23.98,-0.6,427752,15139541,21.64,3.2,777508206,1774977901.50396
801001.SI,20201109,申万50,3978.83,3978.83,4040.7,4023.41,78.14,1.98,506826,17216916,21.76,3.22,781215157,1784349682.241411
801001.SI,20201106,申万50,3955.1,3906.14,3955.1,3945.27,6.17,0.16,429640,14293015,21.37,3.16,767181979,1751085992.984055
801001.SI,20201105,申万50,3928.71,3901.42,3947.24,3939.1,59.17,1.53,351768,13009976,21.35,3.15,766292517,1752855851.22898
801001.SI,20201104,申万50,3847.99,3844.0,3888.99,3879.93,38.28,1.0,276579,10261659,21.03,3.11,754761299,1730448693.52889
801001.SI,20201103,申万50,3825.18,3815.93,3857.84,3841.66,36.65,0.96,363707,12176396,20.81,3.07,746968769,1714595091.72744
801001.SI,20201102,申万50,3777.16,3777.16,3817.06,3805.01,34.69,0.92,387288,13482763,20.58,3.04,738039291,1698278824.606998
801001.SI,20201030,申万50,3818.96,3761.0,3829.96,3770.32,-52.63,-1.38,378397,14196318,20.38,3.07,730834644,1682317197.07346
801001.SI,20201029,申万50,3739.93,3739.93,3852.62,3822.95,43.65,1.15,315586,12151006,20.71,3.15,742607407,1703023556.11949
801001.SI,20201028,申万50,3738.66,3737.23,3797.68,3779.3,39.1,1.05,307794,11459828,20.46,3.12,734054305,1685189466.642442
801001.SI,20201027,申万50,3731.07,3719.08,3748.83,3740.2,3.11,0.08,255264,8926398,20.25,3.11,726326529,1667443766.90745
801001.SI,20201026,申万50,3718.41,3691.69,3755.41,3737.09,-16.32,-0.43,312589,10110350,20.25,3.11,726526565,1664797316.03452
801001.SI,20201023,申万50,3808.65,3753.41,3830.85,3753.41,-56.34,-1.48,265981,9137890,20.34,3.14,729692593,1671999021.83299
801001.SI,20201022,申万50,3803.59,3760.03,3818.08,3809.75,-1.05,-0.03,243721,8593303,20.64,3.18,740103337,1696464483.963757
801001.SI,20201021,申万50,3825.43,3783.2,3825.43,3810.8,-7.87,-0.21,258450,8507651,20.64,3.2,740488995,1697091398.85791
801001.SI,20201020,申万50,3777.49,3770.71,3818.67,3818.67,40.79,1.08,271481,8801577,20.69,3.2,741949730,1701830311.058469
801001.SI,20201019,申万50,3833.65,3769.71,3857.69,3777.88,-23.93,-0.63,314788,9895495,20.47,3.18,734073860,1685535061.38693
801001.SI,20201016,申万50,3816.2,3782.31,3840.05,3801.81,-13.69,-0.36,289840,8910301,20.58,3.19,738316299,1694180282.051169
801001.SI,20201015,申万50,3818.97,3811.51,3838.98,3815.5,-2.08,-0.05,273805,9472232,20.65,3.2,740857463,1699666027.31648
801001.SI,20201014,申万50,3838.1,3805.09,3838.1,3817.58,-30.93,-0.8,285608,10183314,20.66,3.21,741311915,1701469380.292903
801001.SI,20201013,申万50,3830.81,3815.71,3855.51,3848.51,12.8,0.33,276408,10336358,20.83,3.23,747048364,1713915977.75577
801001.SI,20201012,申万50,3732.11,3732.02,3835.71,3835.71,123.07,3.31,409524,14235443,20.76,3.22,744619304,1710247039.524264
801001.SI,20201009,申万50,3698.85,3695.75,3725.57,3712.64,81.48,2.24,301912,11382417,20.1,3.12,720996624,1657917043.14997
801001.SI,20200930,申万50,3640.85,3615.47,3672.32,3631.16,6.21,0.17,220060,7701955,19.66,3.05,705206584,1625206705.677659
801001.SI,20200929,申万50,3637.34,3621.73,3645.24,3624.95,11.74,0.32,221979,7326846,19.63,3.05,704054410,1619740280.59903
801001.SI,20200928,申万50,3602.63,3602.63,3636.1,3613.21,22.87,0.64,191637,7151082,19.57,3.04,702126470,1614391514.906896
801001.SI,20200925,申万50,3600.6,3580.99,3610.43,3590.34,6.99,0.2,198270,6646296,19.4,3.01,696057481,1602061678.09167
801001.SI,20200924,申万50,3630.6,3580.13,3638.31,3583.35,-70.7,-1.93,263858,8232883,19.36,3.0,694387961,1599957739.49082
801001.SI,20200923,申万50,3638.64,3623.47,3661.59,3654.05,11.52,0.32,208451,8208650,19.75,3.06,708297927,1628378956.562544
801001.SI,20200922,申万50,3648.15,3632.91,3689.82,3642.53,-30.49,-0.83,250474,8526700,19.68,3.05,705899242,1625419512.67445
801001.SI,20200921,申万50,3728.29,3673.02,3728.29,3673.02,-45.68,-1.23,305521,9997461,19.84,3.08,711531793,1636258922.16261
801001.SI,20200918,申万50,3643.02,3635.85,3719.21,3718.7,81.28,2.23,423018,13183431,20.08,3.12,720210254,1655785397.688151
801001.SI,20200917,申万50,3646.68,3614.78,3665.82,3637.42,-24.46,-0.67,266987,10733070,19.63,3.05,704055082,1623611718.02326
801001.SI,20200916,申万50,3699.07,3650.28,3700.61,3661.88,-42.76,-1.15,226778,9133170,19.76,3.07,708716134,1637181820.315197
801001.SI,20200915,申万50,3671.61,3657.51,3707.45,3704.64,31.32,0.85,222353,9156359,20.01,3.1,717410056,1654950234.433701
801001.SI,20200914,申万50,3665.0,3654.28,3685.3,3673.32,30.31,0.83,243257,9890593,19.83,3.08,711237038,1643868466.37365
801001.SI,20200911,申万50,3590.43,3583.54,3647.29,3643.01,45.28,1.26,255809,8951552,19.67,3.05,705214680,1630077428.468341
801001.SI,20200910,申万50,3619.18,3590.26,3638.52,3597.73,16.68,0.47,312757,9546662,19.43,3.02,697032313,1610387805.68868
801001.SI,20200909,申万50,3608.27,3558.48,3622.48,3581.05,-79.28,-2.17,318366,10376312,19.32,3.0,691952712,1603039147.497772
801001.SI,20200908,申万50,3660.44,3619.41,3671.32,3660.33,13.31,0.36,346215,11871742,19.73,3.06,706851749,1637091644.02317
801001.SI,20200907,申万50,3728.92,3634.0,3747.06,3647.02,-92.26,-2.47,401755,14088444,19.65,3.05,703897537,1632963262.140004
801001.SI,20200904,申万50,3718.83,3706.05,3745.39,3739.28,-43.32,-1.15,305533,11086399,20.13,3.12,721032085,1673524473.70728
801001.SI,20200903,申万50,3796.64,3767.71,3819.51,3782.6,-16.2,-0.43,385988,12183793,20.38,3.16,728377527,1691962897.13061
801001.SI,20200902,申万50,3814.6,3762.44,3816.22,3798.8,3.78,0.1,447754,12940223,20.49,3.17,732248945,1698754334.700749
801001.SI,20200901,申万50,3758.32,3754.39,3795.02,3795.02,26.45,0.7,313985,11326139,20.47,3.17,731667391,1698569769.730222
801001.SI,20200831,申万50,3820.79,3768.57,3840.74,3768.57,-25.32,-0.67,539770,16005147,20.17,3.15,725413014,1687125122.170711
801001.SI,20200828,申万50,3694.19,3687.9,3796.85,3793.89,99.53,2.69,482229,14620725,20.3,3.21,730117074,1698458874.87319
801001.SI,20200827,申万50,3688.5,3650.94,3694.38,3694.36,20.63,0.56,275786,10000906,19.76,3.15,710708650,1657587002.279158
801001.SI,20200826,申万50,3718.16,3660.05,3735.99,3673.73,-44.35,-1.19,372183,11928615,19.66,3.14,706956726,1648062932.080253
801001.SI,20200825,申万50,3704.91,3704.91,3739.12,3718.08,25.34,0.69,353801,11646723,19.88,3.17,715062200,1665115770.37513
801001.SI,20200824,申万50,3678.94,3656.55,3703.63,3692.74,45.32,1.24,434920,12344470,19.74,3.15,709993850,1654483767.25218
801001.SI,20200821,申万50,3630.77,3622.08,3666.17,3647.42,33.54,0.93,333690,10563035,19.49,3.12,700945539,1635010848.924154
801001.SI,20200820,申万50,3633.0,3600.5,3644.12,3613.88,-44.18,-1.21,340565,10521294,19.3,3.08,694296229,1620850038.01165
801001.SI,20200819,申万50,3719.15,3658.06,3721.47,3658.06,-68.17,-1.83,395330,12246508,19.5,3.11,701290162,1641088571.045297
801001.SI,20200818,申万50,3728.28,3706.53,3739.6,3726.23,-1.53,-0.04,417028,12555993,19.9,3.18,715700629,1666800513.8617
801001.SI,20200817,申万50,3671.07,3670.24,3748.36,3727.76,71.55,1.96,661977,17327752,19.91,3.18,716137251,1666820107.239818
801001.SI,20200814,申万50,3595.03,3594.91,3659.55,3656.21,54.74,1.52,360334,10447321,19.52,3.12,701926769,1638138502.941991
801001.SI,20200813,申万50,3634.59,3594.39,3638.95,3601.47,-15.2,-0.42,354105,9780945,19.21,3.07,690713886,1616347930.63806
801001.SI,20200812,申万50,3625.18,3549.08,3636.23,3616.67,-16.28,-0.45,458703,14214988,19.28,3.08,693095811,1622622874.40149
801001.SI,20200811,申万50,3660.72,3630.41,3718.35,3632.95,-20.7,-0.57,436145,14056112,19.36,3.09,695848257,1626428133.760845
801001.SI,20200810,申万50,3617.99,3592.59,3679.61,3653.65,10.93,0.3,445087,14317541,19.46,3.11,699766407,1635337912.430618
801001.SI,20200807,申万50,3674.56,3590.01,3683.31,3642.72,-48.92,-1.33,458440,15744289,19.41,3.1,697664359,1629950347.99746
801001.SI,20200806,申万50,3713.83,3646.73,3716.12,3691.64,-20.25,-0.55,492060,14892907,19.65,3.14,706570775,1650247564.67714
801001.SI,20200805,申万50,3717.63,3672.87,3722.05,3711.89,-11.94,-0.32,387536,12998248,19.75,3.16,709958045,1659632446.198507
801001.SI,20200804,申万50,3724.26,3699.82,3741.72,3723.83,3.76,0.1,451108,15602229,19.83,3.17,712749956,1663322385.938091
801001.SI,20200803,申万50,3713.7,3690.71,3725.98,3720.07,35.64,0.97,444406,15706085,19.8,3.16,712162008,1659040313.26765
801001.SI,20200731,申万50,3649.94,3623.57,3724.27,3684.43,33.9,0.93,400805,15031713,19.61,3.13,705223936,1645586763.760605
801001.SI,20200730,申万50,3678.3,3650.53,3690.24,3650.53,-22.06,-0.6,338794,13136485,19.43,3.1,698906375,1631062465.08241
801001.SI,20200729,申万50,3580.73,3571.34,3673.83,3672.59,88.86,2.48,429402,15933535,19.55,3.12,702929904,1639644231.848124
801001.SI,20200728,申万50,3570.9,3553.74,3600.06,3583.73,49.21,1.39,336141,12540833,19.05,3.04,684754597,1603204402.275325
801001.SI,20200727,申万50,3550.94,3501.82,3571.6,3534.52,9.7,0.28,363547,12961486,18.79,3.0,675304543,1580877524.013744
801001.SI,20200724,申万50,3663.06,3499.12,3665.23,3524.82,-168.17,-4.55,542794,19527703,18.73,2.99,673262921,1574527748.84381
801001.SI,20200723,申万50,3651.98,3612.7,3707.88,3692.99,7.22,0.2,524318,16907017,19.6,3.13,704553021,1646343051.467061
801001.SI,20200722,申万50,3659.0,3651.91,3746.12,3685.77,17.05,0.46,474396,16377010,19.57,3.12,703160070,1645935097.584867
801001.SI,20200721,申万50,3671.63,3647.93,3686.41,3668.72,9.54,0.26,436278,14815380,19.47,3.1,699498748,1638788588.369137
801001.SI,20200720,申万50,3612.03,3542.85,3662.94,3659.18,94.64,2.66,541203,18798386,19.44,3.1,698587531,1626646767.098983
801001.SI,20200717,申万50,3532.53,3514.05,3608.81,3564.54,40.22,1.14,507304,17644902,18.91,3.02,679371454,1591263085.038171
801001.SI,20200716,申万50,3731.03,3524.21,3743.26,3524.32,-209.11,-5.6,713472,24114783,18.69,2.98,671382371,1572653584.111897
801001.SI,20200715,申万50,3788.54,3722.74,3799.38,3733.43,-41.02,-1.09,587924,20573257,19.78,3.16,710296066,1665447815.320231
801001.SI,20200714,申万50,3795.13,3711.76,3812.07,3774.45,-37.73,-0.99,625988,20893439,19.98,3.19,717426251,1684185785.17983
801001.SI,20200713,申万50,3720.94,3720.94,3830.77,3812.18,86.16,2.31,677452,22255025,20.2,3.22,725132411,1700650328.841705
801001.SI,20200710,申万50,3755.67,3708.24,3774.02,3726.02,-68.64,-1.81,670483,19929668,19.73,3.15,708472872,1662276135.504931
801001.SI,20200709,申万50,3748.96,3740.42,3802.83,3794.66,42.95,1.14,729768,22209213,20.1,3.17,721709119,1689507761.68771
801001.SI,20200708,申万50,3704.86,3685.64,3778.51,3751.71,47.99,1.3,724787,22294531,19.89,3.13,714073228,1670186786.507303
801001.SI,20200707,申万50,3721.84,3703.24,3788.89,3703.72,47.04,1.29,914129,27804779,19.63,3.09,704845926,1655086730.31885
801001.SI,20200706,申万50,3487.66,3487.66,3664.59,3656.68,197.6,5.71,942180,26683051,19.39,3.06,696180133,1632825236.82723
801001.SI,20200703,申万50,3414.77,3406.39,3459.08,3459.08,57.36,1.69,665001,19315886,18.34,2.89,658599447,1545065758.215327
801001.SI,20200702,申万50,3336.04,3336.04,3404.59,3401.72,57.89,1.73,641279,18090733,18.02,2.84,647058779,1518081072.70175
801001.SI,20200701,申万50,3275.86,3261.57,3343.83,3343.83,76.21,2.33,452248,14637260,17.71,2.79,635690782,1492385620.31397
801001.SI,20200630,申万50,3242.17,3242.17,3274.68,3267.62,43.39,1.35,407292,10230976,15.78,2.39,632837334,1532528314.17251
801001.SI,20200629,申万50,3232.65,3208.43,3238.73,3224.23,-19.11,-0.59,429099,9995675,15.56,2.36,623911530,1521716391.374088
801001.SI,20200624,申万50,3229.86,3228.55,3247.72,3243.34,20.32,0.63,414100,10107854,15.65,2.37,627603680,1527202152.28695
801001.SI,20200623,申万50,3203.65,3191.14,3224.85,3223.02,13.05,0.41,424398,10616001,15.56,2.36,624010112,1517180254.268302
801001.SI,20200622,申万50,3209.23,3199.75,3227.84,3209.97,-5.23,-0.16,498678,11819365,15.5,2.35,621610919,1510250101.087705
801001.SI,20200619,申万50,3164.47,3164.47,3223.76,3215.2,53.96,1.71,494446,12433752,15.53,2.35,621913647,1511043913.071655
801001.SI,20200618,申万50,3130.94,3121.51,3162.88,3161.24,24.04,0.77,423724,9106264,15.27,2.32,611697289,1485995280.344092
801001.SI,20200617,申万50,3141.66,3118.16,3141.66,3137.2,-4.84,-0.15,293611,7104997,15.13,2.29,606963390,1478415633.577131
801001.SI,20200616,申万50,3133.64,3122.17,3143.0,3142.03,46.21,1.49,317388,7794378,15.16,2.3,607966177,1480424585.806266
801001.SI,20200615,申万50,3122.05,3095.82,3141.59,3095.82,-52.03,-1.65,425949,9363325,14.93,2.27,598946404,1459872249.079528
801001.SI,20200612,申万50,3091.98,3091.98,3151.56,3147.85,4.13,0.13,421303,8836986,15.19,2.31,609159472,1480561991.68643
801001.SI,20200611,申万50,3172.29,3127.68,3181.64,3143.72,-41.78,-1.31,428786,9936365,15.17,2.3,608383905,1479753541.686039
801001.SI,20200610,申万50,3192.75,3174.11,3192.75,3185.5,-3.0,-0.09,398417,7851234,15.37,2.33,616336049,1496609287.436752
801001.SI,20200609,申万50,3177.29,3171.25,3196.24,3188.5,16.48,0.52,398905,7740005,15.38,2.34,616915036,1497852459.440195
801001.SI,20200608,申万50,3165.81,3164.87,3196.88,3172.02,26.62,0.85,501432,9581061,15.3,2.32,613730491,1489294640.960297
801001.SI,20200605,申万50,3133.16,3117.72,3145.4,3145.4,16.02,0.51,304750,6951593,15.13,2.3,606717375,1487071375.299981
801001.SI,20200604,申万50,3139.16,3118.98,3140.47,3129.38,4.48,0.14,338899,6713288,15.09,2.29,605346807,1478509017.98693
801001.SI,20200603,申万50,3142.0,3123.74,3153.08,3124.9,2.37,0.08,462867,9403559,15.07,2.29,604556122,1478288963.309321
801001.SI,20200602,申万50,3107.21,3101.95,3130.96,3122.53,13.97,0.45,509371,9180977,15.06,2.29,604270821,1478020175.731477
801001.SI,20200601,申万50,3048.26,3048.26,3113.73,3108.56,93.76,3.11,406372,9744786,15.0,2.28,601577509,1473506571.519987
801001.SI,20200529,申万50,2988.62,2988.1,3021.72,3014.8,7.11,0.24,222797,5763008,14.54,2.21,583402418,1433209000.91354
801001.SI,20200528,申万50,3001.27,2977.16,3030.28,3007.69,9.2,0.31,241789,6292463,14.52,2.2,582293622,1430515219.291048
801001.SI,20200527,申万50,3024.54,2992.79,3027.07,2998.49,-24.94,-0.82,196961,5538575,14.47,2.2,580279173,1425543708.865413
801001.SI,20200526,申万50,3006.76,3000.85,3025.74,3023.43,36.83,1.23,214151,5964261,14.58,2.21,584781410,1435868486.421323
801001.SI,20200525,申万50,2983.59,2958.39,2986.6,2986.6,7.49,0.25,210361,6027758,14.31,2.17,573959146,1421648616.390232
801001.SI,20200522,申万50,3052.25,2976.97,3052.25,2979.11,-80.84,-2.64,292468,7783655,14.37,2.18,576263610,1415866996.730543
801001.SI,20200521,申万50,3088.63,3053.68,3088.63,3059.94,-13.63,-0.44,253283,6870943,14.76,2.24,591873602,1450133065.566696
801001.SI,20200520,申万50,3084.82,3064.4,3085.54,3073.57,-7.52,-0.24,296827,7450685,14.81,2.25,594219700,1454363747.243193
801001.SI,20200519,申万50,3089.59,3071.57,3089.59,3081.09,28.65,0.94,267937,7509445,14.85,2.26,595664616,1457108735.531718
801001.SI,20200518,申万50,3039.17,3039.17,3070.13,3052.44,13.62,0.45,336565,8992596,14.71,2.23,590115179,1444997861.024437
801001.SI,20200515,申万50,3066.74,3031.03,3068.46,3038.82,-13.37,-0.44,281436,7405517,14.64,2.22,586938221,1438617081.081786
801001.SI,20200514,申万50,3073.28,3051.55,3073.28,3052.19,-35.68,-1.16,245188,6436582,14.7,2.23,589678376,1443885090.699556
801001.SI,20200513,申万50,3072.85,3059.94,3091.26,3087.87,2.68,0.09,222943,6269097,14.88,2.26,596611627,1460025431.597832
801001.SI,20200512,申万50,3080.16,3063.29,3091.38,3085.19,4.97,0.16,254318,6892045,14.87,2.26,596346121,1458072831.18948
801001.SI,20200511,申万50,3092.88,3067.72,3115.45,3080.22,-4.5,-0.15,350799,8824820,14.85,2.26,595412632,1457240921.40409
801001.SI,20200508,申万50,3067.31,3061.01,3098.02,3084.72,32.03,1.05,335814,8704973,14.87,2.26,596209872,1460037532.31225
801001.SI,20200507,申万50,3062.85,3045.66,3064.83,3052.69,-8.11,-0.26,279173,7533093,14.72,2.24,590136827,1447552202.717103
801001.SI,20200506,申万50,3004.51,3004.51,3061.18,3060.8,12.85,0.42,398610,9955316,14.75,2.24,591690610,1450776600.309442
801001.SI,20200430,申万50,3029.6,3029.6,3068.85,3047.95,30.45,1.01,391485,9382054,13.59,2.23,589170842,1445313118.140861
801001.SI,20200429,申万50,2992.95,2991.27,3031.91,3017.5,8.63,0.29,278369,7271810,13.45,2.23,583315930,1432067543.541468
801001.SI,20200428,申万50,2983.11,2943.11,3016.08,3008.87,39.35,1.33,367936,9029739,13.38,2.24,581035418,1428198361.248646
801001.SI,20200427,申万50,2953.68,2940.72,2983.74,2969.52,28.78,0.98,242042,6552648,13.21,2.23,573616591,1412531796.001832
801001.SI,20200424,申万50,2957.64,2933.34,2960.68,2940.74,-22.36,-0.75,232549,5802812,13.09,2.22,567425552,1398009524.280431
801001.SI,20200423,申万50,2980.36,2961.48,2987.86,2963.1,-5.91,-0.2,218488,5981103,13.18,2.25,571465764,1406892190.420711
801001.SI,20200422,申万50,2922.58,2917.76,2969.01,2969.01,31.94,1.09,215064,6198447,13.12,2.25,567956109,1410844428.394426
801001.SI,20200421,申万50,2968.33,2913.65,2968.33,2937.07,-43.42,-1.46,275980,6927600,12.99,2.23,561822806,1396010482.993595
801001.SI,20200420,申万50,2971.52,2959.81,2980.88,2980.49,13.04,0.44,289447,7055782,13.18,2.28,570038723,1414714640.2771
801001.SI,20200417,申万50,2951.43,2945.18,2985.13,2967.45,46.51,1.59,397554,9964824,13.13,2.27,567813452,1410165493.01891
801001.SI,20200416,申万50,2906.13,2903.26,2923.15,2920.94,-1.86,-0.06,255370,6492590,12.92,2.23,559553175,1391852999.096555
801001.SI,20200415,申万50,2943.3,2918.54,2951.62,2922.8,-24.05,-0.82,294421,7720568,12.93,2.24,559805464,1390510532.21018
801001.SI,20200414,申万50,2914.46,2901.09,2946.85,2946.85,57.11,1.98,295076,8007652,12.95,2.24,566881668,1398062996.967938
801001.SI,20200413,申万50,2887.74,2878.71,2904.58,2889.74,-13.85,-0.48,221095,5667756,12.78,2.21,560462822,1371528657.365813
801001.SI,20200410,申万50,2908.7,2895.52,2942.9,2903.59,-3.42,-0.12,307549,7722405,12.84,2.22,563082829,1379486129.248644
801001.SI,20200409,申万50,2914.49,2898.72,2916.71,2907.01,6.31,0.22,279091,6761639,12.85,2.22,563464387,1384594267.16224
801001.SI,20200408,申万50,2903.19,2891.24,2911.32,2900.7,-19.1,-0.65,262637,6600847,12.92,2.23,567362575,1382389207.276941
801001.SI,20200407,申万50,2914.54,2900.41,2925.48,2919.8,64.02,2.24,387111,9672080,13.06,2.26,570102855,1390716801.62867
801001.SI,20200403,申万50,2857.56,2844.59,2873.68,2855.78,-14.09,-0.49,283267,7079146,12.8,2.21,559279216,1365007359.184293
801001.SI,20200402,申万50,2804.79,2801.28,2869.87,2869.87,47.75,1.69,332933,7906443,12.87,2.22,562018299,1371062101.88977
801001.SI,20200401,申万50,2822.66,2817.28,2865.38,2822.12,-0.15,-0.01,353664,7891483,12.66,2.18,553062735,1348023287.93244
801001.SI,20200331,申万50,2836.96,2815.82,2848.14,2822.27,15.81,0.56,298241,7288144,12.66,2.18,553068773,1348410007.942919
801001.SI,20200330,申万50,2786.43,2775.43,2814.54,2806.46,-25.27,-0.89,379835,8218399,12.6,2.18,550168702,1342744120.205012
801001.SI,20200327,申万50,2868.15,2831.73,2869.11,2831.73,5.66,0.2,343351,8374694,12.71,2.2,554807326,1352433861.496705
801001.SI,20200326,申万50,2818.52,2812.55,2862.36,2826.07,-20.66,-0.73,321371,7972645,12.67,2.19,553544688,1348608418.380879
801001.SI,20200325,申万50,2835.63,2819.45,2854.75,2846.73,86.12,3.12,473748,11036561,12.77,2.21,557514788,1357829737.904665
801001.SI,20200324,申万50,2733.2,2699.37,2761.28,2760.61,87.18,3.26,448364,9838362,12.38,2.14,540818350,1319572239.257738
801001.SI,20200323,申万50,2672.95,2665.96,2709.01,2673.42,-96.02,-3.47,439883,9520607,11.99,2.07,523880172,1278778382.535639
801001.SI,20200320,申万50,2744.54,2716.59,2776.54,2769.44,59.22,2.19,437637,10045647,12.42,2.16,542416412,1321887771.49219
801001.SI,20200319,申万50,2746.87,2638.22,2761.03,2710.22,-50.19,-1.82,575957,13554109,12.12,2.1,529677631,1292068037.154054
801001.SI,20200318,申万50,2832.42,2759.72,2873.18,2760.41,-58.47,-2.07,485207,11813432,12.34,2.14,539671772,1313870494.696152
801001.SI,20200317,申万50,2845.66,2751.37,2887.41,2818.88,-23.02,-0.81,514724,11995938,12.61,2.19,551170569,1339826352.388323
801001.SI,20200316,申万50,2985.46,2835.56,2989.92,2841.9,-148.02,-4.95,586434,13519035,12.72,2.21,555969691,1350566817.0142
801001.SI,20200313,申万50,2891.92,2890.14,3023.62,2989.92,-48.88,-1.61,556661,12749649,13.37,2.33,584354919,1413878374.08986
801001.SI,20200312,申万50,3063.62,3022.42,3071.57,3038.8,-67.86,-2.18,467929,10492732,13.59,2.37,593865392,1435704291.593569
801001.SI,20200311,申万50,3161.47,3106.66,3161.47,3106.66,-47.96,-1.52,419783,10476629,13.88,2.42,606784364,1463567728.684811
801001.SI,20200310,申万50,3073.76,3057.94,3165.64,3154.62,72.35,2.35,549368,13470907,14.08,2.46,615790091,1483440906.35764
801001.SI,20200309,申万50,3129.9,3081.01,3129.9,3082.27,-115.18,-3.6,593680,14239455,13.75,2.4,601531010,1451283045.495026
801001.SI,20200306,申万50,3216.62,3194.43,3239.8,3197.45,-57.75,-1.77,468076,11197164,14.27,2.49,623770569,1500629963.470771
801001.SI,20200305,申万50,3197.76,3182.73,3263.34,3255.2,87.49,2.76,638346,17104219,14.55,2.54,635395714,1524977614.14696
801001.SI,20200304,申万50,3146.52,3130.47,3168.91,3167.71,14.54,0.46,507098,12671613,14.14,2.46,617797384,1486193158.19429
801001.SI,20200303,申万50,3179.12,3135.47,3194.07,3153.17,22.73,0.73,624105,15031194,14.08,2.45,614885317,1481671050.94152
801001.SI,20200302,申万50,3058.47,3058.22,3151.84,3130.44,93.11,3.07,647747,14665522,13.99,2.44,611044321,1470289055.49447
801001.SI,20200228,申万50,3079.78,3030.28,3108.15,3037.33,-114.84,-3.64,714370,15777804,13.57,2.37,592755581,1430693012.900689
801001.SI,20200227,申万50,3148.97,3146.38,3172.48,3152.17,11.0,0.35,510906,12682653,14.09,2.45,615096437,1483730764.50748
801001.SI,20200226,申万50,3150.53,3131.97,3189.44,3141.17,-52.48,-1.64,739985,16027066,14.03,2.45,612654218,1479664512.744682
801001.SI,20200225,申万50,3144.34,3116.09,3193.65,3193.65,2.26,0.07,702677,16709854,14.24,2.48,621936875,1501548273.944528
801001.SI,20200224,申万50,3191.92,3167.35,3202.41,3191.39,-14.89,-0.46,638110,14611264,14.26,2.48,621926312,1502054245.35295
801001.SI,20200221,申万50,3197.95,3196.02,3230.36,3206.28,-3.13,-0.1,661464,14805802,14.33,2.5,625091432,1508303833.2386
801001.SI,20200220,申万50,3143.13,3142.87,3213.18,3209.41,78.7,2.51,654935,14643940,14.36,2.52,625905608,1507405251.65235
801001.SI,20200219,申万50,3121.49,3120.2,3154.2,3130.71,5.51,0.18,449090,11367131,13.99,2.45,610297867,1475011667.92433
801001.SI,20200218,申万50,3137.21,3106.73,3140.3,3125.2,-22.5,-0.71,493490,10567695,13.97,2.45,609267592,1471351924.17598
801001.SI,20200217,申万50,3089.8,3089.8,3147.7,3147.7,63.5,2.06,546418,12344908,14.08,2.47,613806635,1481193755.770996
801001.SI,20200214,申万50,3060.16,3060.16,3095.71,3084.2,19.06,0.62,390067,9699924,13.8,2.42,601684687,1453038824.25229
801001.SI,20200213,申万50,3088.55,3059.12,3096.4,3065.14,-23.84,-0.77,369693,9306744,13.73,2.41,597936775,1445322338.92453
801001.SI,20200212,申万50,3065.58,3061.78,3089.19,3088.98,16.65,0.54,356387,8999405,13.84,2.43,602828329,1456762914.722655
801001.SI,20200211,申万50,3044.59,3041.03,3085.99,3072.33,38.83,1.28,387387,9966362,13.77,2.42,599902907,1450269765.58426
801001.SI,20200210,申万50,2997.01,2990.46,3037.12,3033.5,9.63,0.32,405940,10176988,13.59,2.39,592131910,1432716839.80717
801001.SI,20200207,申万50,3015.45,2991.26,3024.11,3023.87,-15.54,-0.51,414142,10472615,13.55,2.38,590045955,1430205002.36492
801001.SI,20200206,申万50,2997.39,2975.23,3046.91,3039.41,55.05,1.84,521535,12256234,13.62,2.39,592903053,1437330088.33888
801001.SI,20200205,申万50,2966.84,2954.29,3013.98,2984.36,34.34,1.16,502246,12609997,13.4,2.35,582649233,1414584628.96214
801001.SI,20200204,申万50,2849.69,2849.69,2950.5,2950.02,103.37,3.63,641745,14493405,13.24,2.32,575840451,1398549769.53858
801001.SI,20200203,申万50,2799.76,2799.76,2888.03,2846.65,-225.58,-7.34,475597,13449763,12.78,2.25,555527179,1353393666.99596
801001.SI,20200123,申万50,3141.75,3043.72,3145.29,3072.23,-101.3,-3.19,478540,11964163,13.79,2.43,599669175,1454493113.32819
801001.SI,20200122,申万50,3131.26,3094.73,3178.08,3173.53,25.41,0.81,388762,9850159,14.25,2.51,619909521,1496773413.656245
801001.SI,20200121,申万50,3190.81,3146.53,3190.81,3148.12,-61.87,-1.93,363413,8983622,14.14,2.49,615061337,1481044818.4182
801001.SI,20200120,申万50,3206.4,3187.22,3212.78,3209.99,25.38,0.8,340825,8739890,14.42,2.54,627444018,1507652121.32991
801001.SI,20200117,申万50,3190.41,3175.06,3201.13,3184.61,6.64,0.21,267128,7230605,14.32,2.52,622495120,1497848295.68361
801001.SI,20200116,申万50,3197.16,3173.15,3197.16,3177.97,-10.14,-0.32,305115,7133107,14.28,2.51,621124583,1494392284.67195
801001.SI,20200115,申万50,3200.42,3174.97,3208.64,3188.11,-12.43,-0.39,302299,7327903,14.34,2.52,623356486,1500961665.02348
801001.SI,20200114,申万50,3227.85,3199.05,3228.81,3200.54,-17.29,-0.54,355847,8237957,14.4,2.53,626025796,1506307210.46501
801001.SI,20200113,申万50,3184.89,3178.29,3217.83,3217.83,37.88,1.19,358082,9381400,14.48,2.55,629479714,1514194219.202879
801001.SI,20200110,申万50,3190.1,3171.56,3190.72,3179.95,0.53,0.02,334501,8509167,14.31,2.52,622484523,1497520766.69552
801001.SI,20200109,申万50,3160.38,3160.38,3179.42,3179.42,47.31,1.51,386310,8932847,14.32,2.52,622777348,1496456278.08984
801001.SI,20200108,申万50,3141.66,3123.76,3156.07,3132.11,-27.23,-0.86,511036,9108574,14.11,2.48,613806786,1476000429.15904
801001.SI,20200107,申万50,3142.28,3142.28,3160.78,3159.34,27.35,0.87,351855,8348033,14.23,2.51,619099714,1489840881.31141
801001.SI,20200106,申万50,3131.68,3111.83,3166.03,3131.99,-19.33,-0.61,463184,10750398,14.11,2.48,613804748,1478004140.73856
801001.SI,20200103,申万50,3173.08,3142.11,3175.45,3151.32,-14.54,-0.46,406970,10198715,14.19,2.5,617349347,1487172591.80003
801001.SI,20200102,申万50,3139.79,3139.79,3179.38,3165.86,37.56,1.2,509484,12657244,14.25,2.51,620006231,1494143862.45717
801001.SI,20191231,申万50,3121.36,3109.95,3129.22,3128.3,1.7,0.05,384003,7232484,11.92,1.9,631713891,1688725093.32681
801001.SI,20191230,申万50,3071.83,3065.35,3128.32,3126.6,53.61,1.74,551047,10185996,11.92,1.9,631371070,1688015309.48226
801001.SI,20191227,申万50,3074.81,3071.85,3103.91,3072.99,3.35,0.11,444152,7522639,11.71,1.87,620545413,1665473905.67941
801001.SI,20191226,申万50,3048.51,3047.47,3069.64,3069.64,24.28,0.8,362171,5430531,11.71,1.87,619869273,1661447881.91646
801001.SI,20191225,申万50,3049.67,3036.19,3050.67,3045.36,-6.66,-0.22,276378,4721675,11.6,1.85,611249396,1648989913.5614
801001.SI,20191224,申万50,3039.59,3036.27,3054.34,3052.02,15.77,0.52,284968,4486712,11.62,1.86,612585124,1652627450.37588
801001.SI,20191223,申万50,3073.15,3034.96,3084.36,3036.25,-32.79,-1.07,400304,6337396,11.56,1.85,609419856,1646021459.15755
801001.SI,20191220,申万50,3079.26,3066.93,3089.32,3069.04,-5.43,-0.18,375981,5971088,11.68,1.87,615675404,1664130865.67073
801001.SI,20191219,申万50,3081.06,3065.95,3083.6,3074.47,-4.65,-0.15,429003,6064674,11.7,1.87,616765418,1665622903.38099
801001.SI,20191218,申万50,3081.3,3073.93,3100.08,3079.12,-2.01,-0.07,509409,7987533,11.72,1.87,617698959,1666907254.61154
801001.SI,20191217,申万50,3041.2,3036.88,3100.14,3081.13,41.45,1.36,739227,10807283,11.73,1.87,618101688,1666935856.0196
801001.SI,20191216,申万50,3037.31,3021.52,3039.68,3039.68,-1.26,-0.04,533719,8435610,11.57,1.85,609786236,1645135095.98962
801001.SI,20191213,申万50,3003.76,3003.76,3040.94,3040.94,68.52,2.31,508747,8685575,11.57,1.85,610038017,1643640500.56906
801001.SI,20191212,申万50,2988.51,2968.34,2988.51,2972.42,-9.78,-0.33,256626,4460305,11.31,1.81,596292465,1609599891.53467
801001.SI,20191211,申万50,2988.19,2971.57,2988.19,2982.2,1.63,0.05,305284,4781059,11.35,1.81,598231280,1615377941.71635
801001.SI,20191210,申万50,2972.46,2969.67,2980.81,2980.57,0.75,0.03,271093,4499697,11.34,1.81,597904589,1612783564.93209
801001.SI,20191209,申万50,2997.01,2971.73,2998.27,2979.82,-10.65,-0.36,319509,5164195,11.32,1.81,597351442,1613159469.13925
801001.SI,20191206,申万50,2976.35,2974.22,2990.47,2990.47,19.77,0.67,269910,4767125,11.36,1.82,599486760,1615962225.89449
801001.SI,20191205,申万50,2961.59,2955.62,2972.91,2970.7,21.14,0.72,303836,5096850,11.29,1.81,595523973,1607479226.78949
801001.SI,20191204,申万50,2944.11,2931.33,2951.03,2949.55,0.72,0.02,310143,4796984,11.21,1.79,591284999,1596425642.37544
801001.SI,20191203,申万50,2933.91,2919.3,2948.86,2948.83,13.03,0.44,260680,4738014,11.2,1.79,591141505,1598954985.25563
801001.SI,20191202,申万50,2933.33,2933.33,2946.75,2935.8,7.93,0.27,247273,4458084,11.15,1.78,588529293,1596139893.9231
801001.SI,20191129,申万50,2958.67,2909.19,2958.67,2927.87,-37.0,-1.25,270111,5483088,11.13,1.78,587383013,1593333058.03972
801001.SI,20191128,申万50,2976.92,2957.56,2983.77,2964.87,-9.39,-0.32,213160,3545278,11.27,1.8,594791668,1611454474.88989
801001.SI,20191127,申万50,2977.3,2963.07,2983.96,2974.26,-6.68,-0.22,239696,4096510,11.31,1.81,596675575,1618686373.25376
801001.SI,20191126,申万50,2988.92,2972.37,2993.78,2980.94,4.49,0.15,399853,5933820,11.33,1.81,598016147,1619584356.35062
801001.SI,20191125,申万50,2953.72,2944.11,2976.45,2976.45,24.84,0.84,325863,5974266,11.31,1.81,597114886,1617170697.70869
801001.SI,20191122,申万50,2990.73,2942.0,3006.99,2951.61,-33.5,-1.12,290738,6253020,11.22,1.79,592130564,1602385394.83531
801001.SI,20191121,申万50,2992.45,2975.66,2993.6,2985.11,-18.01,-0.6,236806,4409966,11.34,1.81,598851851,1616508602.87075
801001.SI,20191120,申万50,3028.45,2999.42,3030.69,3003.12,-33.04,-1.09,250455,4582659,11.41,1.83,602464955,1620648502.22126
801001.SI,20191119,申万50,3006.45,3006.45,3036.16,3036.16,25.93,0.86,273508,4891623,11.54,1.85,609092501,1634954902.76907
801001.SI,20191118,申万50,2988.87,2982.95,3014.08,3010.23,21.0,0.7,260685,4264394,11.45,1.83,603146836,1623167179.12322
801001.SI,20191115,申万50,3011.3,2989.23,3011.99,2989.23,-19.25,-0.64,274411,4544222,11.37,1.81,598939407,1616052065.50603
801001.SI,20191114,申万50,3013.74,3003.73,3017.72,3008.48,2.29,0.08,294525,4746482,11.44,1.83,602796941,1624965106.63123
801001.SI,20191113,申万50,3008.69,2994.88,3013.0,3006.19,-2.26,-0.08,220808,4359237,11.43,1.83,602337213,1624628251.41369
801001.SI,20191112,申万50,3011.28,2991.48,3018.06,3008.45,-0.72,-0.02,245158,4467460,11.44,1.83,602790306,1627015813.07863
801001.SI,20191111,申万50,3038.4,3005.92,3038.4,3009.17,-50.94,-1.66,306294,5525455,11.45,1.83,602934292,1625612885.2209
801001.SI,20191108,申万50,3097.57,3059.41,3097.57,3060.11,-16.03,-0.52,305775,5749761,11.64,1.86,613140598,1652469738.72164
801001.SI,20191107,申万50,3072.22,3061.42,3086.1,3076.14,3.84,0.12,263470,4494165,11.68,1.86,617092074,1661390523.57376
801001.SI,20191106,申万50,3087.89,3065.36,3087.89,3072.3,-10.01,-0.32,292279,5773436,11.66,1.86,616321998,1662310036.78078
801001.SI,20191105,申万50,3071.43,3064.13,3109.22,3082.31,15.0,0.49,382616,7193530,11.7,1.87,618330339,1666169843.62871
801001.SI,20191104,申万50,3061.27,3058.35,3071.81,3067.31,17.55,0.58,298937,6180802,11.64,1.86,615321163,1657428098.58451
801001.SI,20191101,申万50,2990.62,2985.74,3055.82,3049.76,58.54,1.96,320274,6930108,11.58,1.85,611801240,1650718297.69063
801001.SI,20191031,申万50,3006.09,2986.76,3006.09,2991.22,1.85,0.06,295915,5713018,11.37,1.81,595324665,1629033702.57927
801001.SI,20191030,申万50,3002.98,2985.05,3003.69,2989.37,-17.44,-0.58,252030,4701310,11.36,1.84,594956137,1632949195.00572
801001.SI,20191029,申万50,3013.63,3003.96,3021.31,3006.81,-0.91,-0.03,280926,5679555,11.43,1.86,598426231,1640080009.93739
801001.SI,20191028,申万50,2995.22,2989.85,3009.66,3007.72,15.53,0.52,334872,6118337,11.43,1.87,598607382,1644160183.6992
801001.SI,20191025,申万50,2975.57,2957.17,2994.56,2992.19,14.24,0.48,282558,6207961,11.37,1.88,595515546,1638244636.84672
801001.SI,20191024,申万50,2982.78,2964.37,2995.6,2977.95,2.43,0.08,286951,4771356,11.33,1.89,592680960,1628907579.34618
801001.SI,20191023,申万50,2990.2,2968.55,2997.35,2975.52,-17.41,-0.58,286663,4457737,11.32,1.88,592196527,1625769679.56488
801001.SI,20191022,申万50,3000.85,2975.84,3000.85,2992.93,8.3,0.28,247338,4346032,11.39,1.9,595662128,1630511732.55774
801001.SI,20191021,申万50,2969.71,2963.47,2988.15,2984.63,11.07,0.37,281499,5122651,11.36,1.9,593911781,1626433315.48414
801001.SI,20191018,申万50,3023.5,2971.55,3027.57,2973.56,-41.64,-1.38,288098,5402533,11.32,1.9,591708752,1618351962.95769
801001.SI,20191017,申万50,3016.15,3004.8,3018.08,3015.2,5.55,0.18,226918,4346837,11.48,1.92,599993698,1637436520.47583
801001.SI,20191016,申万50,3020.05,3006.82,3040.5,3009.65,-11.83,-0.39,300558,5885687,11.46,1.92,598820604,1634395938.91888
801001.SI,20191015,申万50,3027.61,3012.2,3027.61,3021.48,-1.03,-0.03,284873,5106960,11.52,1.93,600594000,1641189458.39987
801001.SI,20191014,申万50,3023.78,3012.05,3046.01,3022.51,24.11,0.8,452602,7495825,11.52,1.93,600797995,1641950288.44355
801001.SI,20191011,申万50,2970.64,2961.05,3003.95,2998.4,37.89,1.28,350582,6582171,11.43,1.92,596005740,1628254003.8941
801001.SI,20191010,申万50,2933.88,2925.8,2963.16,2960.51,17.82,0.61,268035,5705314,11.29,1.89,588473755,1607586493.2531
801001.SI,20191009,申万50,2936.55,2921.98,2946.47,2942.69,-6.98,-0.24,271656,5140013,11.23,1.88,584932121,1600987893.98831
801001.SI,20191008,申万50,2924.53,2924.53,2965.25,2949.67,30.44,1.04,272804,5293921,11.25,1.89,586318702,1603352805.43063
801001.SI,20190930,申万50,2940.45,2919.23,2953.05,2919.23,-33.0,-1.12,232081,4368047,11.14,1.87,580267111,1590233446.70001
801001.SI,20190927,申万50,2944.32,2935.52,2955.64,2952.23,9.17,0.31,255083,4467416,11.27,1.89,586810186,1604864746.67473
801001.SI,20190926,申万50,2971.55,2942.41,2975.54,2943.06,-17.17,-0.58,358927,6306119,11.24,1.88,584987444,1601783325.21881
801001.SI,20190925,申万50,2960.92,2953.85,2971.01,2960.23,-12.32,-0.41,312110,5192446,11.3,1.89,588400223,1607597420.91796
801001.SI,20190924,申万50,2968.31,2961.13,2990.23,2972.55,9.67,0.33,293682,5949203,11.35,1.9,590848063,1616286628.48986
801001.SI,20190923,申万50,2989.51,2947.12,2989.51,2962.88,-34.3,-1.14,293253,5459278,11.31,1.89,588926750,1610629962.10741
801001.SI,20190920,申万50,2998.98,2989.84,3004.91,2997.18,5.3,0.18,360788,6504842,11.44,1.92,595779450,1627334180.9691
801001.SI,20190919,申万50,2997.02,2974.36,2997.02,2991.88,6.43,0.22,284976,5309916,11.42,1.91,594726400,1623202511.11495
801001.SI,20190918,申万50,2978.34,2978.13,2997.35,2985.45,17.53,0.59,291340,5892319,11.39,1.91,593365200,1618640460.43396
801001.SI,20190917,申万50,3003.95,2959.67,3003.95,2967.92,-46.07,-1.53,423070,6961955,11.33,1.9,589880392,1612688224.92448
801001.SI,20190916,申万50,3039.64,3005.55,3039.64,3013.99,-21.87,-0.72,397981,6807750,11.5,1.92,599037705,1636634549.75245
801001.SI,20190912,申万50,3006.61,3003.16,3037.61,3035.86,40.4,1.35,419537,7663619,11.59,1.94,603385094,1641281460.30229
801001.SI,20190911,申万50,3029.99,2987.68,3029.99,2995.46,-29.17,-0.96,557628,9829340,11.44,1.91,595354424,1626027872.40748
801001.SI,20190910,申万50,3042.7,3010.58,3042.7,3024.63,-12.99,-0.43,527223,8240856,11.54,1.93,601151742,1638347359.16994
801001.SI,20190909,申万50,3053.22,3029.52,3055.36,3037.62,6.85,0.23,608136,9921319,11.59,1.94,603733658,1642999054.0166
801001.SI,20190906,申万50,3028.2,3008.71,3030.77,3030.77,23.48,0.78,469483,8376106,11.56,1.94,602336650,1639157771.86767
801001.SI,20190905,申万50,2995.04,2995.04,3040.49,3007.29,31.81,1.07,691671,11305771,11.48,1.92,598816252,1628202587.95357
801001.SI,20190904,申万50,2948.31,2946.39,2975.48,2975.48,21.75,0.74,458312,7975768,11.36,1.9,592391009,1611140830.50143
801001.SI,20190903,申万50,2958.79,2938.71,2963.08,2953.73,0.28,0.01,330871,6221320,11.27,1.88,588061539,1598358706.1492
801001.SI,20190902,申万50,2926.84,2923.91,2959.84,2953.45,30.36,1.04,405833,7383959,11.27,1.88,587280242,1596086813.39276
801001.SI,20190830,申万50,2926.87,2903.99,2938.03,2923.09,20.1,0.69,353286,6802510,14.24,1.9,581243421,1583596099.47783
801001.SI,20190829,申万50,2913.77,2888.88,2915.92,2902.99,-8.23,-0.28,312792,5748923,14.14,1.9,577246786,1574516667.49262
801001.SI,20190828,申万50,2921.77,2898.6,2925.47,2911.22,-11.56,-0.4,343852,6459324,14.18,1.91,578882953,1577008287.4806
801001.SI,20190827,申万50,2907.46,2907.46,2950.58,2922.78,36.55,1.27,492503,8570272,14.24,1.96,581180617,1583933722.45704
801001.SI,20190826,申万50,2891.15,2875.52,2903.61,2886.23,-56.55,-1.92,360855,6617874,14.06,1.94,573913240,1564492004.82631
801001.SI,20190823,申万50,2917.45,2911.84,2950.54,2942.78,29.02,1.0,351545,6535640,14.34,1.99,585157848,1591105623.5744
801001.SI,20190822,申万50,2910.16,2898.11,2915.19,2913.76,14.96,0.52,363458,5391447,14.19,1.98,579387841,1579418107.62288
801001.SI,20190821,申万50,2896.49,2893.74,2906.36,2898.8,-2.83,-0.1,303225,5267218,14.12,1.97,576412408,1574516483.24587
801001.SI,20190820,申万50,2896.56,2890.99,2910.32,2901.63,-0.64,-0.02,412948,6495948,14.13,1.97,576974346,1575694102.52493
801001.SI,20190819,申万50,2867.61,2847.0,2902.27,2902.27,53.52,1.88,571176,9299166,14.14,1.97,577091930,1576653313.05007
801001.SI,20190816,申万50,2839.22,2829.01,2873.0,2848.75,12.05,0.42,337416,6115706,13.88,1.94,566449517,1553637412.72415
801001.SI,20190815,申万50,2776.89,2773.59,2836.75,2836.7,8.92,0.32,337264,5405645,13.82,1.95,564053393,1551195206.43423
801001.SI,20190814,申万50,2854.14,2827.31,2857.12,2827.78,13.97,0.5,357980,6055723,13.78,1.94,562278929,1547217508.70338
801001.SI,20190813,申万50,2828.28,2807.39,2837.38,2813.81,-31.76,-1.12,276176,4681727,13.71,1.93,559500210,1539066227.43589
801001.SI,20190812,申万50,2803.8,2802.8,2845.69,2845.57,59.75,2.14,328675,6194131,13.86,1.95,565814462,1552432860.402
801001.SI,20190809,申万50,2829.57,2781.16,2831.81,2785.82,-29.28,-1.04,349951,5657179,13.57,1.91,553934135,1524502851.74401
801001.SI,20190808,申万50,2795.56,2794.9,2818.49,2815.1,44.97,1.62,345480,5416220,13.7,1.93,559756842,1536144893.56438
801001.SI,20190807,申万50,2800.39,2770.13,2801.34,2770.13,-18.47,-0.66,298689,4997941,13.48,1.91,550814962,1515659851.88937
801001.SI,20190806,申万50,2752.95,2733.26,2797.05,2788.59,-20.77,-0.74,492078,8180759,13.57,1.92,554486367,1523681342.61299
801001.SI,20190805,申万50,2842.2,2809.36,2855.07,2809.36,-54.73,-1.91,387704,6239065,13.67,1.93,558617081,1535568452.15452
801001.SI,20190802,申万50,2847.18,2840.76,2870.81,2864.09,-44.07,-1.52,420242,6681222,13.94,1.96,569500477,1564185694.9126
801001.SI,20190801,申万50,2920.08,2898.69,2929.83,2908.16,-23.98,-0.82,299518,5242639,14.13,1.99,577236204,1587807270.63365
801001.SI,20190731,申万50,2952.98,2929.1,2953.89,2932.14,-32.43,-1.09,344473,5509357,14.25,2.01,581995042,1601247207.61097
801001.SI,20190730,申万50,2958.71,2958.71,2981.35,2964.57,13.85,0.47,416151,5940503,14.41,2.03,588408141,1613921637.52435
801001.SI,20190729,申万50,2950.18,2938.91,2953.87,2950.72,-1.67,-0.06,340505,5267496,14.34,2.02,585659625,1607679589.8397
801001.SI,20190726,申万50,2935.09,2934.31,2956.44,2952.39,3.42,0.12,344595,5219584,14.35,2.02,585990829,1607225236.23704
801001.SI,20190725,申万50,2923.12,2914.5,2948.97,2948.97,28.52,0.98,409829,6134086,14.33,2.02,585292569,1605253877.51463
801001.SI,20190724,申万50,2911.12,2911.12,2937.99,2920.45,23.02,0.79,376623,6368444,14.19,2.0,579632693,1593251439.56469
801001.SI,20190723,申万50,2904.46,2883.87,2906.01,2897.43,-3.55,-0.12,287224,5020159,14.09,1.99,575063736,1582681067.08544
801001.SI,20190722,申万50,2914.15,2891.39,2919.76,2900.98,-8.63,-0.3,370754,5593443,14.11,1.99,575768583,1582496810.18173
801001.SI,20190719,申万50,2894.62,2894.62,2923.72,2909.61,31.7,1.1,349861,5623081,14.15,1.99,577480587,1586834159.71324
801001.SI,20190718,申万50,2891.6,2877.8,2894.03,2877.91,-21.91,-0.76,394825,5489886,13.99,1.97,571188351,1572294716.40888
801001.SI,20190717,申万50,2898.3,2887.56,2912.68,2899.82,-4.97,-0.17,454921,5741324,14.09,1.99,575563807,1584294243.90088
801001.SI,20190716,申万50,2925.56,2900.49,2930.56,2904.79,-23.44,-0.8,354820,5145671,14.12,1.99,576677938,1587931419.10839
801001.SI,20190715,申万50,2904.56,2874.05,2944.15,2928.23,7.02,0.24,391254,6816466,14.23,2.01,581331959,1596544377.36439
801001.SI,20190712,申万50,2896.91,2896.7,2930.08,2921.21,22.61,0.78,325077,5458167,14.2,2.0,579939037,1595144594.99225
801001.SI,20190711,申万50,2914.15,2891.62,2936.15,2898.6,4.44,0.15,283746,5510603,14.1,1.97,575171123,1585630947.6187
801001.SI,20190710,申万50,2908.08,2883.51,2908.08,2894.16,1.04,0.04,280986,4574027,14.08,1.97,574289701,1583569084.5275
801001.SI,20190709,申万50,2901.22,2880.5,2908.66,2893.12,-11.64,-0.4,280773,5264625,14.07,1.97,574082716,1585205340.8672
801001.SI,20190708,申万50,2952.4,2881.91,2952.4,2904.76,-61.78,-2.08,426107,7238071,14.13,1.96,576391560,1591719228.09905
801001.SI,20190705,申万50,2941.98,2932.47,2970.5,2966.54,24.63,0.84,294676,5921357,14.43,2.0,588651062,1623331441.47072
801001.SI,20190704,申万50,2959.35,2927.83,2968.23,2941.91,-14.67,-0.5,383936,6878466,14.31,1.97,583764069,1615268597.93126
801001.SI,20190703,申万50,2992.79,2942.71,2992.79,2956.58,-45.64,-1.52,452369,8307011,14.38,1.98,586676021,1620053816.95801
801001.SI,20190702,申万50,2997.12,2989.64,3005.4,3002.22,0.18,0.01,566337,8214696,14.6,2.01,594725175,1644020395.34642
801001.SI,20190701,申万50,2968.22,2964.07,3003.9,3002.03,95.87,3.3,648460,10638720,14.6,2.01,594688440,1642507696.14978
801001.SI,20190628,申万50,2907.44,2886.26,2913.44,2906.16,-5.6,-0.19,258198,4687943,13.22,1.88,548178003,1582344665.36197
801001.SI,20190627,申万50,2887.59,2887.59,2923.64,2911.76,37.96,1.32,357368,7048467,13.25,1.88,549131436,1588331072.45696
801001.SI,20190626,申万50,2863.54,2859.23,2884.4,2873.8,-0.86,-0.03,256954,4680280,13.04,1.85,539953101,1570924261.61179
801001.SI,20190625,申万50,2909.62,2837.47,2910.13,2874.66,-37.17,-1.28,402938,7710322,13.05,1.85,540297872,1570867471.25794
801001.SI,20190624,申万50,2903.02,2894.49,2922.17,2911.83,8.8,0.3,312808,6126726,13.22,1.87,547292656,1588199428.30015
801001.SI,20190621,申万50,2905.36,2892.65,2923.64,2903.03,-4.57,-0.16,516888,8692255,13.18,1.87,545648308,1583016966.01348
801001.SI,20190620,申万50,2812.39,2812.39,2915.66,2907.6,99.69,3.55,589326,10586253,13.17,1.87,545686920,1582743587.95082
801001.SI,20190619,申万50,2838.83,2807.91,2844.61,2807.91,41.7,1.51,459427,8053552,12.71,1.81,526756934,1542950646.99137
801001.SI,20190618,申万50,2758.12,2741.91,2769.45,2766.21,13.76,0.5,241198,3830886,12.53,1.77,518878320,1530989847.32625
801001.SI,20190617,申万50,2750.2,2745.36,2775.25,2752.45,2.89,0.11,215225,3813433,12.46,1.76,516218040,1526930946.65287
801001.SI,20190614,申万50,2767.37,2746.32,2786.05,2749.56,-14.33,-0.52,265468,4583575,12.45,1.76,515701639,1523708990.02078
801001.SI,20190613,申万50,2771.1,2739.32,2773.28,2763.89,-5.58,-0.2,269519,4595447,12.51,1.76,518400615,1530323441.63508
801001.SI,20190612,申万50,2780.65,2763.49,2780.65,2769.47,-21.6,-0.77,303849,5119195,12.45,1.76,514818860,1533789892.85181
801001.SI,20190611,申万50,2715.68,2715.68,2794.95,2791.07,81.08,2.99,496151,8635638,12.55,1.77,518871359,1542904066.9581
801001.SI,20190610,申万50,2679.21,2678.0,2719.42,2709.99,42.31,1.59,327468,5567685,12.18,1.72,503161149,1511294540.6089
801001.SI,20190606,申万50,2694.78,2660.87,2694.78,2667.68,-20.6,-0.77,266749,4304376,12.0,1.69,495302555,1495120344.83331
801001.SI,20190605,申万50,2711.66,2686.4,2715.43,2688.28,0.83,0.03,301321,4996500,12.08,1.7,499119263,1505780994.07609
801001.SI,20190604,申万50,2716.15,2681.32,2716.15,2687.45,-26.28,-0.97,280505,4618807,12.08,1.7,498858308,1503134025.93957
801001.SI,20190603,申万50,2711.81,2695.79,2735.7,2713.73,11.39,0.42,331638,5210009,12.2,1.72,503708906,1512735164.07736
801001.SI,20190531,申万50,2713.49,2702.34,2736.38,2702.34,-14.81,-0.55,263595,4172610,12.15,1.7,501538554,1508926640.53992
801001.SI,20190530,申万50,2723.53,2697.43,2723.53,2717.15,-18.55,-0.68,317894,4695304,12.22,1.71,504263034,1519074525.59401
801001.SI,20190529,申万50,2708.53,2707.38,2757.57,2735.7,3.59,0.13,279132,5330451,12.31,1.72,507787203,1522955174.98081
801001.SI,20190528,申万50,2698.93,2696.22,2742.87,2732.11,30.77,1.14,387620,6522336,12.29,1.72,507156415,1523772603.2133
801001.SI,20190527,申万50,2676.39,2643.78,2709.3,2701.34,20.28,0.76,354773,5562692,12.15,1.7,501398540,1509056596.34439
801001.SI,20190524,申万50,2668.16,2668.16,2698.97,2681.06,18.99,0.71,253369,4305366,12.06,1.68,497654939,1500535059.63826
801001.SI,20190523,申万50,2697.74,2658.89,2697.74,2662.07,-56.19,-2.07,350873,5722162,11.97,1.67,494085627,1493060289.42378
801001.SI,20190522,申万50,2727.07,2708.69,2740.56,2718.26,-13.71,-0.5,303533,5101854,12.22,1.7,504497942,1515110149.58156
801001.SI,20190521,申万50,2704.65,2702.1,2756.5,2731.97,29.39,1.09,349931,5655513,12.29,1.71,507036725,1521971658.20065
801001.SI,20190520,申万50,2716.85,2679.84,2728.14,2702.58,-23.79,-0.87,372563,5684083,12.16,1.69,501567358,1509258837.30365
801001.SI,20190517,申万50,2786.67,2718.92,2786.67,2726.37,-59.56,-2.14,362950,6011307,12.26,1.71,505757018,1514743074.86957
801001.SI,20190516,申万50,2772.8,2761.39,2790.7,2785.93,6.73,0.24,323336,5498811,12.52,1.74,516696132,1541992130.68073
801001.SI,20190515,申万50,2731.21,2731.21,2790.73,2779.2,72.14,2.66,345616,6607676,12.49,1.74,515518260,1537426646.52836
801001.SI,20190514,申万50,2696.36,2696.36,2737.0,2707.06,-16.01,-0.59,306348,5664825,12.16,1.69,502020657,1504212422.94304
801001.SI,20190513,申万50,2728.24,2715.55,2750.62,2723.07,-50.23,-1.81,330337,5685949,12.23,1.7,505004722,1512179742.90061
801001.SI,20190510,申万50,2704.85,2669.83,2777.4,2773.3,105.52,3.96,478761,8695295,12.46,1.74,514339611,1536362491.82657
801001.SI,20190509,申万50,2706.91,2653.72,2711.62,2667.78,-58.3,-2.14,356275,6782074,11.99,1.67,494721407,1490518123.29421
801001.SI,20190508,申万50,2715.67,2715.67,2767.48,2726.08,-44.14,-1.59,369313,6144998,12.25,1.71,505534241,1517032797.89976
801001.SI,20190507,申万50,2766.16,2738.42,2789.78,2770.22,18.49,0.67,425277,8262126,12.45,1.73,513765999,1538565300.35033
801001.SI,20190506,申万50,2807.73,2723.12,2819.23,2751.73,-161.69,-5.55,723219,12279753,12.37,1.72,510296954,1533836239.81976
801001.SI,20190430,申万50,2904.62,2897.71,2929.69,2913.42,-6.39,-0.22,383476,7067326,12.23,1.82,540226737,1609276814.97524
801001.SI,20190429,申万50,2883.51,2878.46,2951.28,2919.81,44.87,1.56,504940,8653643,12.25,1.88,541429737,1610380751.17672
801001.SI,20190426,申万50,2896.21,2874.93,2910.65,2874.94,-37.93,-1.3,435137,7211333,12.05,1.87,532830442,1592477898.76499
801001.SI,20190425,申万50,2955.1,2910.45,2965.16,2912.87,-58.49,-1.97,519476,7540414,12.19,1.89,540054170,1610930640.55564
801001.SI,20190424,申万50,2986.9,2925.45,2989.84,2971.36,-1.61,-0.05,530911,7848584,12.43,1.94,550871378,1640426041.61328
801001.SI,20190423,申万50,2959.54,2956.2,3000.34,2972.97,8.05,0.27,474156,8176172,12.44,1.94,551201977,1642235109.22194
801001.SI,20190422,申万50,3040.78,2957.97,3045.72,2964.92,-79.46,-2.61,642376,10280907,12.4,1.92,549625837,1641572206.23414
801001.SI,20190419,申万50,2995.99,2976.15,3044.38,3044.38,53.86,1.8,447787,7755366,12.73,1.97,564299303,1678216565.34406
801001.SI,20190418,申万50,2997.51,2981.59,3003.63,2990.51,-6.53,-0.22,431076,6821411,12.52,1.94,554261091,1662818275.41615
801001.SI,20190417,申万50,2996.7,2972.67,3010.84,2997.04,-4.93,-0.16,616220,9020030,12.54,1.94,555410700,1667101813.72794
801001.SI,20190416,申万50,2892.19,2889.82,3001.97,3001.97,96.05,3.31,753074,10945690,12.56,1.95,556298321,1664160962.17391
801001.SI,20190415,申万50,2951.49,2905.77,2984.05,2905.92,8.33,0.29,624212,9996473,12.17,1.88,538444895,1615881101.18086
801001.SI,20190412,申万50,2898.11,2877.63,2912.05,2897.59,-12.41,-0.43,360793,6610036,12.14,1.87,536855719,1612194005.29664
801001.SI,20190411,申万50,2977.46,2901.41,2986.81,2910.0,-66.67,-2.24,499575,9441475,12.15,1.88,535946810,1615562268.12256
801001.SI,20190410,申万50,2954.63,2932.3,2993.87,2976.67,20.6,0.7,598912,11681664,12.43,1.93,548264100,1645115187.97157
801001.SI,20190409,申万50,2943.58,2930.58,2956.61,2956.07,29.37,1.0,528737,8849264,12.35,1.91,544469743,1640859563.79925
801001.SI,20190408,申万50,2948.68,2904.22,2970.72,2926.7,4.14,0.14,805216,11771498,12.22,1.89,538206104,1633357383.40774
801001.SI,20190404,申万50,2892.7,2892.7,2928.72,2922.56,35.33,1.22,803673,11252658,12.22,1.89,536128587,1628967110.62153
801001.SI,20190403,申万50,2842.3,2839.11,2890.88,2887.23,26.2,0.92,673979,9725990,12.07,1.87,529623060,1609265276.3888
801001.SI,20190402,申万50,2872.03,2849.41,2872.57,2861.03,-6.2,-0.22,648830,9902999,11.96,1.85,524775502,1596575800.30004
801001.SI,20190401,申万50,2824.83,2824.83,2874.01,2867.23,63.49,2.26,872490,13354578,11.98,1.86,525962580,1600277636.92579
801001.SI,20190329,申万50,2705.75,2705.75,2807.71,2803.74,107.11,3.97,703461,12026240,11.72,1.83,514427187,1569326959.52691
801001.SI,20190328,申万50,2689.15,2671.9,2707.12,2696.63,-1.81,-0.07,410731,6905272,11.21,1.75,492260534,1519288565.90516
801001.SI,20190327,申万50,2672.93,2664.58,2706.53,2698.44,42.05,1.58,423667,6946528,11.29,1.76,495109743,1522892714.62508
801001.SI,20190326,申万50,2686.49,2643.8,2686.89,2656.39,-10.91,-0.41,503860,6894435,11.11,1.73,487322856,1504734366.74278
801001.SI,20190325,申万50,2707.21,2666.22,2718.1,2667.3,-81.48,-2.96,632587,8469100,11.14,1.74,489229863,1513341059.40912
801001.SI,20190322,申万50,2755.39,2720.68,2765.87,2748.78,-4.44,-0.16,526968,7060701,11.49,1.8,504151172,1554517757.01406
801001.SI,20190321,申万50,2766.19,2748.46,2769.31,2753.22,-11.0,-0.4,542409,8104969,11.5,1.81,504939054,1555331129.79674
801001.SI,20190320,申万50,2752.36,2736.46,2778.35,2764.22,4.45,0.16,507770,7798264,11.55,1.81,506968713,1558401271.36503
801001.SI,20190319,申万50,2780.75,2750.21,2789.47,2759.77,-19.16,-0.69,552543,8249789,11.53,1.81,506078555,1561327109.82577
801001.SI,20190318,申万50,2706.05,2693.66,2778.93,2778.93,75.92,2.81,712466,11196135,11.61,1.82,509614113,1570469932.15751
801001.SI,20190315,申万50,2677.72,2677.66,2728.38,2703.01,34.39,1.29,510610,8603365,11.29,1.78,495734798,1532953740.68646
801001.SI,20190314,申万50,2655.85,2654.31,2687.72,2668.62,8.81,0.33,563272,8344762,11.15,1.75,489395319,1519352551.72574
801001.SI,20190313,申万50,2673.18,2641.21,2682.65,2659.81,-6.36,-0.24,691510,9931304,11.11,1.75,487691021,1517856827.13977
801001.SI,20190312,申万50,2677.41,2649.79,2702.73,2666.17,10.74,0.4,831777,11513003,11.12,1.76,488840300,1527891973.3653
801001.SI,20190311,申万50,2619.62,2609.91,2658.4,2655.43,35.61,1.36,693135,9376578,11.08,1.75,486847530,1520794150.47001
801001.SI,20190308,申万50,2655.95,2619.02,2685.9,2619.82,-98.21,-3.61,912301,12492000,10.94,1.73,480351102,1501802465.01875
801001.SI,20190307,申万50,2767.81,2702.0,2767.81,2718.03,-61.61,-2.22,928574,13272267,11.34,1.79,498237082,1557415014.97695
801001.SI,20190306,申万50,2773.22,2737.57,2784.93,2779.64,7.25,0.26,1025364,12811878,11.6,1.84,509651313,1585728853.51783
801001.SI,20190305,申万50,2770.23,2750.88,2778.84,2772.39,0.7,0.03,781564,10267630,11.57,1.83,508424643,1578623133.84657
801001.SI,20190304,申万50,2776.75,2754.89,2844.92,2771.69,19.9,0.72,1159891,15931474,11.58,1.83,508356368,1580883381.8169
801001.SI,20190301,申万50,2696.66,2683.05,2751.79,2751.79,78.47,2.94,770394,10670981,11.5,1.82,504772463,1569611446.77757
801001.SI,20190228,申万50,2671.2,2658.4,2692.68,2673.32,1.04,0.04,671806,8911946,11.16,1.77,490252834,1534728918.76391
801001.SI,20190227,申万50,2668.14,2646.24,2712.35,2672.28,7.13,0.27,1069404,12969350,11.16,1.77,490066076,1536699772.03147
801001.SI,20190226,申万50,2711.61,2661.84,2726.71,2665.16,-49.2,-1.81,1299690,16361109,11.12,1.76,488661512,1530381290.627
801001.SI,20190225,申万50,2599.47,2599.47,2714.36,2714.36,156.05,6.1,1209657,16131626,11.33,1.8,497837905,1556001202.53708
801001.SI,20190222,申万50,2511.9,2490.01,2558.31,2558.31,43.76,1.74,632603,7906969,10.69,1.69,469168891,1474454274.04369
801001.SI,20190221,申万50,2520.64,2505.34,2551.77,2514.55,-6.2,-0.25,616613,7103188,10.51,1.66,461121956,1458091968.96599
801001.SI,20190220,申万50,2522.31,2499.2,2529.92,2520.75,10.89,0.43,539142,5663433,10.54,1.67,462197756,1463492606.70064
801001.SI,20190219,申万50,2521.75,2498.25,2544.14,2509.86,-6.6,-0.26,641348,7362202,10.48,1.65,460250220,1456632447.64578
801001.SI,20190218,申万50,2467.46,2467.46,2516.46,2516.46,74.1,3.03,733610,7553949,10.5,1.66,461457733,1461491836.3074
801001.SI,20190215,申万50,2494.35,2441.43,2494.35,2442.36,-63.43,-2.53,612011,6372949,10.2,1.61,447898869,1425324530.89872
801001.SI,20190214,申万50,2496.7,2490.81,2513.7,2505.78,6.4,0.26,702970,6329019,10.47,1.67,459607661,1457518921.77357
801001.SI,20190213,申万50,2458.39,2452.28,2506.32,2499.38,49.17,2.01,585436,6928186,10.44,1.66,458358422,1458608818.89943
801001.SI,20190212,申万50,2442.67,2431.92,2455.93,2450.21,7.79,0.32,491638,5183001,10.24,1.63,449367661,1430980956.67703
801001.SI,20190211,申万50,2387.62,2387.62,2443.06,2442.42,44.1,1.84,346861,4936610,10.21,1.63,447937313,1425775915.78839
801001.SI,20190201,申万50,2395.7,2374.12,2399.75,2398.32,22.8,0.96,280401,4249112,10.03,1.6,439910692,1409614998.69153
801001.SI,20190131,申万50,2345.34,2342.46,2376.09,2375.51,45.92,1.97,330568,4774850,9.93,1.58,435752336,1399231480.7928
801001.SI,20190130,申万50,2339.41,2329.59,2354.94,2329.59,-20.36,-0.87,209291,3178119,9.74,1.55,427289806,1376434998.06092
801001.SI,20190129,申万50,2328.03,2317.42,2353.68,2349.95,18.48,0.79,256634,3673507,9.83,1.57,431081224,1384742247.65586
801001.SI,20190128,申万50,2347.21,2325.45,2368.95,2331.47,-1.4,-0.06,285597,4482952,9.75,1.55,427633197,1375731042.37738
801001.SI,20190125,申万50,2311.08,2311.08,2344.98,2332.87,27.96,1.21,300199,4223082,9.75,1.55,427829231,1376291978.63233
801001.SI,20190124,申万50,2293.32,2278.27,2308.11,2304.91,17.29,0.76,230921,3424245,9.63,1.53,422717134,1361349880.64436
801001.SI,20190123,申万50,2283.56,2283.15,2303.34,2287.62,-1.93,-0.08,188308,2598896,9.56,1.52,419425642,1353638497.38447
801001.SI,20190122,申万50,2320.88,2282.74,2320.88,2289.55,-34.38,-1.48,224963,3318216,9.56,1.52,419753356,1352478536.04657
801001.SI,20190121,申万50,2309.02,2309.02,2336.31,2323.93,18.07,0.78,320683,4704474,9.7,1.55,426033573,1370629444.13278
801001.SI,20190118,申万50,2271.82,2268.61,2309.11,2305.86,46.42,2.05,339537,4809151,9.63,1.53,422723124,1360523615.61624
801001.SI,20190117,申万50,2275.83,2258.79,2283.48,2259.44,-11.75,-0.52,258066,3676849,9.44,1.5,414228698,1335757118.56746
801001.SI,20190116,申万50,2263.33,2256.53,2275.68,2271.19,5.29,0.23,239270,3542077,9.48,1.51,416752856,1340779497.03876
801001.SI,20190115,申万50,2214.54,2212.13,2267.2,2265.9,56.69,2.57,287402,4583101,9.46,1.51,415334765,1339385178.02969
801001.SI,20190114,申万50,2228.98,2208.21,2231.11,2209.21,-24.5,-1.1,222386,2857736,9.23,1.47,404902336,1314789475.39939
801001.SI,20190111,申万50,2221.3,2215.13,2237.97,2233.71,22.04,1.0,237598,3497182,9.33,1.49,409407623,1327763495.44979
801001.SI,20190110,申万50,2207.74,2199.39,2224.54,2211.67,3.73,0.17,277223,3914200,9.23,1.47,404964909,1316456451.93982
801001.SI,20190109,申万50,2190.81,2189.85,2232.66,2207.94,36.24,1.67,380258,5502985,9.21,1.47,404095026,1319808874.31479
801001.SI,20190108,申万50,2174.51,2163.49,2176.64,2171.7,-4.72,-0.22,260664,3098107,9.06,1.44,397411332,1302779697.30511
801001.SI,20190107,申万50,2188.09,2167.86,2188.09,2176.42,3.78,0.17,308851,4351231,9.08,1.45,398185345,1305750646.65401
801001.SI,20190104,申万50,2110.85,2109.08,2173.07,2172.64,46.24,2.17,321106,4531669,9.06,1.44,397524011,1303942005.67194
801001.SI,20190103,申万50,2123.89,2119.03,2147.01,2126.4,-1.13,-0.05,224361,3171709,8.86,1.41,386877562,1279967954.88963
801001.SI,20190102,申万50,2165.08,2121.2,2165.73,2127.53,-27.68,-1.28,253376,3582420,8.86,1.41,387101188,1279676596.27576
801001.SI,20181228,申万50,2146.11,2142.04,2168.45,2155.22,13.27,0.62,280826,3627499,8.64,1.36,402886737,1189107969.43841
801001.SI,20181227,申万50,2181.49,2141.95,2181.89,2141.95,-9.29,-0.43,328325,3698545,8.58,1.35,400399104,1183587747.19908
801001.SI,20181226,申万50,2161.82,2148.45,2171.82,2151.24,-14.45,-0.67,209322,2345479,8.62,1.35,402071211,1189405156.84962
801001.SI,20181225,申万50,2149.67,2127.43,2175.82,2165.69,-8.15,-0.37,300038,3464519,8.67,1.36,404735596,1193380410.33599
801001.SI,20181224,申万50,2158.07,2152.67,2175.2,2173.84,4.12,0.19,220155,2733919,8.71,1.37,406171560,1197196843.24893
801001.SI,20181221,申万50,2193.84,2153.51,2193.84,2169.72,-33.12,-1.5,336925,3976195,8.69,1.36,405410582,1193189871.38339
801001.SI,20181220,申万50,2223.82,2187.58,2231.58,2202.84,-27.12,-1.22,308197,3826801,8.83,1.38,411515414,1207420498.43387
801001.SI,20181219,申万50,2261.24,2226.71,2262.98,2229.96,-27.42,-1.21,219573,3043523,8.94,1.4,416602506,1221811234.40835
801001.SI,20181218,申万50,2267.47,2248.13,2286.58,2257.38,-26.95,-1.18,252371,3163518,9.05,1.42,421709841,1234259576.55773
801001.SI,20181217,申万50,2283.51,2268.55,2290.89,2284.33,-2.45,-0.11,247403,3293492,9.16,1.44,426809348,1248518032.04201
801001.SI,20181214,申万50,2309.16,2286.78,2311.99,2286.78,-33.53,-1.45,295203,3855482,9.17,1.44,427362793,1246237247.90823
801001.SI,20181213,申万50,2287.25,2282.8,2330.68,2320.31,39.79,1.74,336148,4927847,9.3,1.46,433594196,1261189004.51843
801001.SI,20181212,申万50,2291.51,2270.45,2291.51,2280.52,9.59,0.42,179166,2552744,9.14,1.43,426128910,1243095756.53886
801001.SI,20181211,申万50,2260.01,2258.65,2271.96,2270.93,10.86,0.48,177410,2432467,9.1,1.43,424373390,1237897126.4825
801001.SI,20181210,申万50,2264.34,2251.9,2277.84,2260.07,-26.04,-1.14,225155,3108152,9.06,1.42,422376790,1233799074.15703
801001.SI,20181207,申万50,2298.52,2282.88,2301.7,2286.11,-5.13,-0.22,178571,2783701,9.16,1.44,427160696,1244729200.84966
801001.SI,20181206,申万50,2312.95,2289.89,2317.82,2291.24,-52.1,-2.22,307976,4480782,9.18,1.44,428086399,1245528687.63452
801001.SI,20181205,申万50,2328.53,2327.38,2355.22,2343.34,-14.62,-0.62,270182,3855959,9.38,1.47,437878651,1269854752.37631
801001.SI,20181204,申万50,2353.39,2340.84,2358.18,2357.96,2.3,0.1,304112,4065271,9.44,1.48,440732409,1276142036.34601
801001.SI,20181203,申万50,2354.34,2329.38,2363.03,2355.66,68.66,3.0,476815,6977489,9.43,1.48,440283437,1274786378.77617
801001.SI,20181130,申万50,2263.78,2263.78,2288.95,2287.0,24.42,1.08,246142,3320282,9.16,1.44,427449144,1241825423.90143
801001.SI,20181129,申万50,2302.44,2262.58,2305.53,2262.58,-22.57,-0.99,275393,3616406,9.07,1.42,422981214,1229726742.91499
801001.SI,20181128,申万50,2258.51,2256.66,2289.23,2285.15,27.32,1.21,259560,3167193,9.15,1.44,427195580,1239915435.10434
801001.SI,20181127,申万50,2271.43,2250.89,2277.83,2257.83,-8.72,-0.38,200545,2663600,9.04,1.42,422094666,1227198772.48173
801001.SI,20181126,申万50,2269.11,2259.43,2285.25,2266.55,4.1,0.18,210485,2580369,9.08,1.42,423791245,1232688614.86516
801001.SI,20181123,申万50,2297.89,2261.04,2303.53,2262.45,-40.35,-1.75,285305,3424397,9.07,1.42,422940669,1231463326.81543
801001.SI,20181122,申万50,2318.01,2290.97,2318.52,2302.8,-10.11,-0.44,219218,2958207,9.22,1.45,430320114,1251029189.80945
801001.SI,20181121,申万50,2286.39,2285.92,2315.99,2312.91,4.36,0.19,289659,3708013,9.26,1.45,432181548,1255298750.44332
801001.SI,20181120,申万50,2340.37,2303.44,2346.02,2308.56,-50.31,-2.13,382086,4800618,9.24,1.45,431305699,1253088993.75955
801001.SI,20181119,申万50,2333.44,2328.75,2358.95,2358.87,28.3,1.21,369983,5031166,9.44,1.48,440736849,1277268052.16606
801001.SI,20181116,申万50,2324.76,2311.14,2350.18,2330.57,5.55,0.24,429470,5583692,9.33,1.46,435364525,1261505485.45326
801001.SI,20181115,申万50,2298.19,2294.57,2325.02,2325.02,25.54,1.11,351840,4310156,9.31,1.46,434338223,1260570720.58797
801001.SI,20181114,申万50,2329.53,2295.29,2329.53,2299.48,-31.34,-1.34,394103,4563303,9.21,1.44,429572508,1247824848.21564
801001.SI,20181113,申万50,2278.92,2276.99,2342.05,2330.82,21.14,0.92,419588,5181945,9.33,1.46,435411777,1265023167.54153
801001.SI,20181112,申万50,2286.71,2277.4,2311.06,2309.68,15.41,0.67,353695,4444809,9.25,1.45,431455625,1256067545.86285
801001.SI,20181109,申万50,2324.84,2293.75,2324.84,2294.27,-47.57,-2.03,399050,4406938,9.19,1.44,428559561,1249972791.12327
801001.SI,20181108,申万50,2366.14,2336.9,2367.02,2341.84,0.3,0.01,290017,3986635,9.38,1.47,437440815,1278767092.15306
801001.SI,20181107,申万50,2358.7,2338.78,2380.39,2341.54,-11.5,-0.49,367713,4809677,9.38,1.47,437250966,1277362150.18609
801001.SI,20181106,申万50,2364.68,2330.48,2364.68,2353.04,-16.37,-0.69,304644,4021963,9.43,1.48,439593966,1283566049.67194
801001.SI,20181105,申万50,2377.26,2348.34,2382.96,2369.41,-28.85,-1.2,404932,5561657,9.5,1.49,442601672,1291253375.14664
801001.SI,20181102,申万50,2378.99,2344.18,2400.52,2398.26,91.0,3.94,658718,9042019,9.62,1.51,448040284,1307091637.90963
801001.SI,20181101,申万50,2314.65,2303.54,2337.24,2307.26,20.13,0.88,506634,6953799,9.26,1.45,431191129,1267702377.56739
801001.SI,20181031,申万50,2260.04,2250.06,2294.96,2287.13,34.88,1.55,390264,5412869,9.17,1.44,427357184,1263842626.14221
801001.SI,20181030,申万50,2214.55,2214.55,2286.17,2252.25,17.07,0.76,440515,6824116,9.03,1.45,420937325,1248592582.62213
801001.SI,20181029,申万50,2310.36,2226.09,2310.36,2235.18,-93.23,-4.0,389887,5780357,8.97,1.45,417846529,1240914584.10291
801001.SI,20181026,申万50,2348.27,2309.28,2356.73,2328.41,-14.54,-0.62,357279,4772784,9.34,1.52,435264910,1281580340.39998
801001.SI,20181025,申万50,2283.16,2280.75,2345.73,2342.95,2.06,0.09,393332,5449027,9.4,1.53,438042073,1282940539.34056
801001.SI,20181024,申万50,2325.65,2325.65,2388.38,2340.89,9.76,0.42,451746,6067859,9.39,1.53,437601232,1281822515.857
801001.SI,20181023,申万50,2406.06,2317.08,2407.24,2331.13,-76.49,-3.18,463166,7213058,9.36,1.53,435842023,1271648287.39213
801001.SI,20181022,申万50,2334.44,2334.44,2431.85,2407.62,90.51,3.91,629522,8742577,9.66,1.58,450047972,1311880201.69957
801001.SI,20181019,申万50,2229.5,2222.54,2320.94,2317.11,72.86,3.25,441301,5869577,9.3,1.52,433244919,1267026640.01728
801001.SI,20181018,申万50,2282.93,2242.44,2282.93,2244.25,-52.16,-2.27,295379,3835188,9.01,1.47,419583127,1230907711.39265
801001.SI,20181017,申万50,2315.55,2253.04,2319.29,2296.41,11.81,0.52,341215,4355809,9.22,1.51,429317696,1259792680.20043
801001.SI,20181016,申万50,2288.84,2276.26,2327.52,2284.6,-1.37,-0.06,273067,3490333,9.17,1.5,426886377,1253217190.19994
801001.SI,20181015,申万50,2315.3,2280.92,2320.26,2285.97,-28.58,-1.23,279393,3664946,9.17,1.5,427118063,1252298635.78232
801001.SI,20181012,申万50,2269.35,2261.15,2321.35,2314.55,53.91,2.38,408877,5172471,9.29,1.52,432421541,1269502050.64415
801001.SI,20181011,申万50,2281.36,2243.8,2313.73,2260.64,-100.33,-4.25,505827,6247634,9.07,1.48,422109510,1241124158.40639
801001.SI,20181010,申万50,2371.09,2341.53,2387.58,2360.97,-5.65,-0.24,268056,3860565,9.46,1.54,440543897,1292158941.20041
801001.SI,20181009,申万50,2360.67,2353.78,2378.05,2366.62,4.31,0.18,277491,3763668,9.48,1.55,441511859,1293174368.22658
801001.SI,20181008,申万50,2422.18,2358.8,2425.25,2362.31,-124.8,-5.02,439466,6250509,9.46,1.55,440718132,1293861419.82417
801001.SI,20180928,申万50,2462.96,2460.68,2497.58,2487.11,29.71,1.21,353464,4821517,9.97,1.63,463127207,1358781534.14463
801001.SI,20180927,申万50,2464.04,2446.99,2468.42,2457.4,-9.25,-0.37,289730,4066987,9.84,1.61,457525262,1342470911.82212
801001.SI,20180926,申万50,2441.86,2438.7,2493.47,2466.65,32.33,1.33,431974,6242190,9.88,1.61,459185141,1346906966.35257
801001.SI,20180925,申万50,2432.2,2422.91,2446.57,2434.32,-27.13,-1.1,310382,4104678,9.75,1.59,453096641,1331230662.49747
801001.SI,20180921,申万50,2383.93,2375.37,2461.45,2461.45,86.81,3.66,535348,6549969,9.86,1.61,458225497,1347273475.94875
801001.SI,20180920,申万50,2377.94,2369.05,2392.07,2374.64,0.33,0.01,287566,3807333,9.51,1.55,442077120,1295765713.56606
801001.SI,20180919,申万50,2336.31,2334.67,2392.45,2374.31,32.84,1.4,391785,5610809,9.51,1.55,442112759,1294610546.75186
801001.SI,20180918,申万50,2284.99,2284.99,2341.82,2341.47,48.5,2.12,303117,4165316,9.38,1.53,435961874,1279199733.59617
801001.SI,20180917,申万50,2303.19,2290.16,2310.76,2292.97,-23.98,-1.03,211321,2764379,9.17,1.5,425723876,1255185374.5721
801001.SI,20180914,申万50,2311.12,2301.31,2325.16,2316.95,12.53,0.54,235742,3496531,9.26,1.51,430004335,1266832705.97439
801001.SI,20180913,申万50,2304.5,2270.45,2309.84,2304.42,31.49,1.39,296527,4190208,9.21,1.51,427694560,1262504845.39602
801001.SI,20180912,申万50,2288.09,2268.23,2290.95,2272.93,-24.27,-1.06,228701,3288155,9.09,1.49,421863792,1245000649.37313
801001.SI,20180911,申万50,2305.93,2285.43,2317.33,2297.2,-9.56,-0.41,250419,3300659,9.19,1.5,426520752,1257823943.32296
801001.SI,20180910,申万50,2331.54,2305.2,2336.72,2306.76,-31.04,-1.33,276457,3522490,9.23,1.51,428359243,1263063175.72683
801001.SI,20180907,申万50,2331.88,2318.86,2363.2,2337.8,15.27,0.66,279173,3968411,9.35,1.53,433965194,1274974074.603
801001.SI,20180906,申万50,2343.52,2316.75,2360.38,2322.53,-29.86,-1.27,295085,4162205,9.29,1.52,431065602,1268408345.40524
801001.SI,20180905,申万50,2397.07,2352.39,2399.63,2352.39,-57.52,-2.39,294728,4156157,9.4,1.53,436609897,1278921618.63782
801001.SI,20180904,申万50,2377.13,2360.38,2415.33,2409.91,35.33,1.49,283780,4112358,9.64,1.57,447228274,1307310868.37198
801001.SI,20180903,申万50,2371.45,2356.38,2379.27,2374.58,-8.61,-0.36,278831,3931679,9.49,1.55,440573808,1291447984.8078
801001.SI,20180831,申万50,2376.13,2365.59,2398.84,2383.19,-14.3,-0.6,355798,5349076,11.41,1.55,442303825,1294540548.0712
801001.SI,20180830,申万50,2424.8,2397.21,2436.54,2397.49,-25.24,-1.04,324702,4074528,11.47,1.58,444844425,1295856758.13103
801001.SI,20180829,申万50,2425.86,2416.23,2432.85,2422.73,-10.08,-0.41,318195,4017838,11.6,1.61,449520835,1310949425.51514
801001.SI,20180828,申万50,2445.14,2424.45,2451.28,2432.81,-9.34,-0.38,338659,4642562,11.64,1.65,451308438,1313031562.91504
801001.SI,20180827,申万50,2393.99,2393.99,2442.15,2442.15,62.0,2.6,454197,5859951,11.69,1.66,453140292,1316880769.5821
801001.SI,20180824,申万50,2363.05,2352.34,2403.93,2380.15,4.93,0.21,302567,3928490,11.39,1.63,441653927,1287855754.62404
801001.SI,20180823,申万50,2366.94,2348.76,2387.82,2375.22,9.11,0.39,281834,4138695,11.36,1.64,440579140,1282839367.64421
801001.SI,20180822,申万50,2378.78,2356.59,2378.78,2366.11,-6.17,-0.26,212329,3272997,11.32,1.63,438923743,1280466508.68967
801001.SI,20180821,申万50,2327.82,2327.82,2377.38,2372.28,47.98,2.06,341879,5008881,11.35,1.65,439978352,1285037996.12222
801001.SI,20180820,申万50,2299.77,2283.37,2324.3,2324.3,36.33,1.59,310482,4252465,11.12,1.61,431029801,1264706880.5215
801001.SI,20180817,申万50,2345.24,2283.75,2347.23,2287.97,-33.95,-1.46,292271,4105841,10.95,1.59,424431010,1243562614.95727
801001.SI,20180816,申万50,2296.93,2284.18,2351.68,2321.92,-5.57,-0.24,360706,4560940,11.11,1.61,430760683,1258746721.10293
801001.SI,20180815,申万50,2389.18,2324.02,2389.18,2327.49,-63.62,-2.66,288304,3957031,11.13,1.62,431667539,1261979863.86544
801001.SI,20180814,申万50,2401.6,2378.1,2406.08,2391.11,-12.32,-0.51,250405,3318556,11.44,1.67,443423697,1293120540.86078
801001.SI,20180813,申万50,2400.2,2365.72,2409.64,2403.43,-21.55,-0.89,342828,4308052,11.5,1.68,445668086,1297402260.23137
801001.SI,20180810,申万50,2425.59,2407.91,2439.56,2424.98,1.7,0.07,286155,4023331,11.6,1.69,449823606,1310357993.36745
801001.SI,20180809,申万50,2349.79,2347.92,2431.55,2423.28,66.32,2.81,399911,5383606,11.58,1.69,449507930,1311606597.68229
801001.SI,20180808,申万50,2397.63,2354.43,2400.51,2356.96,-43.27,-1.8,308558,4252229,11.27,1.64,437313075,1282970376.99156
801001.SI,20180807,申万50,2339.07,2325.42,2400.23,2400.23,71.99,3.09,399406,5285425,11.47,1.67,445110977,1303926950.39998
801001.SI,20180806,申万50,2340.91,2315.42,2370.65,2328.24,-11.02,-0.47,336840,4634949,11.12,1.62,431565627,1267746565.52653
801001.SI,20180803,申万50,2377.71,2339.26,2386.09,2339.26,-40.21,-1.69,301505,4461529,11.16,1.63,433054289,1271679128.21023
801001.SI,20180802,申万50,2430.26,2352.98,2430.26,2379.47,-60.21,-2.47,407753,5771500,11.34,1.66,440337928,1287015832.83951
801001.SI,20180801,申万50,2508.78,2439.47,2517.94,2439.68,-55.79,-2.24,367128,4895857,11.63,1.7,451474370,1318560604.02421
801001.SI,20180731,申万50,2489.3,2474.94,2502.21,2495.47,2.13,0.09,273373,3523020,11.89,1.74,461681492,1346228809.58345
801001.SI,20180730,申万50,2487.17,2468.27,2515.95,2493.35,7.23,0.29,319343,4299227,11.88,1.74,461065202,1340947110.71903
801001.SI,20180727,申万50,2495.29,2478.53,2503.72,2486.12,-10.01,-0.4,252103,3497716,11.85,1.73,459779127,1336505801.27778
801001.SI,20180726,申万50,2538.18,2491.33,2545.55,2496.13,-35.4,-1.4,365295,4762936,11.89,1.73,461551145,1340820917.38709
801001.SI,20180725,申万50,2545.78,2522.27,2545.78,2531.53,-4.51,-0.18,374252,4924356,12.06,1.76,467871531,1357797456.29114
801001.SI,20180724,申万50,2504.57,2504.57,2549.18,2536.04,38.02,1.52,663824,8355786,12.08,1.76,468522377,1359052235.61098
801001.SI,20180723,申万50,2460.93,2456.46,2501.22,2498.02,22.76,0.92,541793,6946111,11.89,1.73,461435043,1340873883.00424
801001.SI,20180720,申万50,2419.19,2394.9,2487.43,2475.26,56.36,2.33,509328,6679749,11.79,1.71,457324386,1324337757.39092
801001.SI,20180719,申万50,2424.37,2410.86,2442.74,2418.9,9.97,0.41,298452,4219115,11.52,1.67,446854485,1288803056.67034
801001.SI,20180718,申万50,2431.13,2408.18,2450.88,2408.93,-13.6,-0.56,289304,4315762,11.47,1.67,444935019,1287956636.03896
801001.SI,20180717,申万50,2439.6,2403.6,2439.6,2422.53,-21.12,-0.86,286457,4230878,11.53,1.68,447317325,1294056280.16035
801001.SI,20180716,申万50,2463.91,2432.99,2479.51,2443.65,-22.46,-0.91,314210,4227927,11.63,1.68,451251706,1305938605.52155
801001.SI,20180713,申万50,2464.48,2451.18,2469.61,2466.11,8.25,0.34,350877,4921345,11.74,1.69,455340936,1320738432.61837
801001.SI,20180712,申万50,2404.26,2404.26,2475.57,2457.86,50.91,2.12,460166,5563839,11.71,1.66,454490606,1329106187.6278
801001.SI,20180711,申万50,2390.66,2380.59,2419.95,2406.95,-41.66,-1.7,316517,4112814,11.46,1.61,445001974,1302254870.18806
801001.SI,20180710,申万50,2454.98,2425.41,2457.01,2448.61,-1.37,-0.06,305465,4228159,11.67,1.64,452865745,1322776650.23738
801001.SI,20180709,申万50,2386.66,2386.66,2450.17,2449.98,75.43,3.18,358012,5009768,11.65,1.64,453415690,1312806396.56949
801001.SI,20180706,申万50,2351.33,2320.4,2397.39,2374.55,31.14,1.33,362743,5287994,11.29,1.59,439446184,1272136795.94759
801001.SI,20180705,申万50,2346.09,2327.41,2374.85,2343.41,4.75,0.2,367588,4936276,11.08,1.56,431198905,1259318046.72943
801001.SI,20180704,申万50,2365.73,2336.01,2385.81,2338.66,-34.63,-1.46,333977,4660649,11.12,1.55,432625814,1253663846.75935
801001.SI,20180703,申万50,2380.92,2305.84,2386.56,2373.29,-4.12,-0.17,447196,6799663,11.28,1.58,438940389,1266056983.66018
801001.SI,20180702,申万50,2465.86,2361.29,2465.86,2377.41,-94.45,-3.82,373271,5359554,11.3,1.58,439247268,1268157459.34573
801001.SI,20180629,申万50,2417.1,2412.58,2471.98,2471.86,64.72,2.69,299381,4331101,11.79,1.61,441580398,1291190655.67248
801001.SI,20180628,申万50,2414.03,2401.42,2445.33,2407.14,-26.08,-1.07,303937,4668248,11.55,1.58,432780991,1262305904.1916
801001.SI,20180627,申万50,2488.61,2422.29,2500.44,2433.22,-61.71,-2.47,326943,5192297,11.68,1.6,437470460,1276854430.23706
801001.SI,20180626,申万50,2493.38,2456.7,2504.51,2494.93,-21.89,-0.87,339701,5035871,11.97,1.64,448565183,1301018442.17335
801001.SI,20180625,申万50,2569.55,2516.17,2573.73,2516.82,-42.83,-1.67,321215,5169389,12.08,1.65,452314240,1316833163.42468
801001.SI,20180622,申万50,2537.41,2522.61,2559.65,2559.65,5.01,0.2,253335,3814588,12.28,1.68,460268046,1339120202.09825
801001.SI,20180621,申万50,2579.81,2552.6,2609.93,2554.64,-27.54,-1.07,316365,4962048,12.25,1.68,459366962,1339646039.34915
801001.SI,20180620,申万50,2570.69,2549.62,2594.78,2582.18,-3.58,-0.14,303408,4823856,12.39,1.7,464318446,1350655290.72185
801001.SI,20180619,申万50,2634.04,2564.36,2642.11,2585.76,-83.97,-3.15,669525,9383303,12.4,1.7,465639540,1356384209.77336
801001.SI,20180615,申万50,2664.48,2660.37,2680.67,2669.73,-8.85,-0.33,300206,4602503,12.8,1.75,480760846,1383877147.29372
801001.SI,20180614,申万50,2676.8,2667.45,2704.18,2678.58,-9.39,-0.35,252787,4618385,12.84,1.74,482355004,1383647370.53814
801001.SI,20180613,申万50,2701.45,2681.36,2705.83,2687.97,-23.12,-0.85,233179,4152321,12.89,1.75,484045413,1385202688.29669
801001.SI,20180612,申万50,2679.17,2669.63,2715.07,2711.09,35.34,1.32,251265,5311272,13.0,1.77,488207852,1394212791.61518
801001.SI,20180611,申万50,2654.61,2647.76,2683.82,2675.75,15.49,0.58,242020,4611344,12.83,1.74,481844037,1379183929.26277
801001.SI,20180608,申万50,2687.93,2646.61,2687.93,2660.26,-35.52,-1.32,306390,4881437,12.76,1.73,479054885,1375969485.93738
801001.SI,20180607,申万50,2705.09,2694.45,2721.35,2695.78,-2.12,-0.08,281842,5074015,12.93,1.75,485464664,1396618515.79605
801001.SI,20180606,申万50,2708.25,2695.06,2711.24,2697.9,-14.21,-0.52,252507,4704076,12.94,1.75,485805128,1394032026.87369
801001.SI,20180605,申万50,2694.72,2679.8,2714.71,2712.11,23.85,0.89,307378,5965620,13.0,1.76,488395907,1401710165.41251
801001.SI,20180604,申万50,2655.44,2650.95,2692.46,2688.26,52.98,2.01,292849,5450215,12.89,1.74,484052196,1397342338.19956
801001.SI,20180601,申万50,2643.51,2623.62,2654.34,2635.28,-16.93,-0.64,280852,4340094,12.64,1.7,474512144,1373000439.23033
801001.SI,20180531,申万50,2606.31,2606.05,2652.7,2652.21,67.82,2.62,396517,6412840,12.72,1.72,477561412,1379005338.77496
801001.SI,20180530,申万50,2605.47,2583.73,2613.5,2584.39,-56.16,-2.13,327679,4870672,12.39,1.67,465349890,1351212214.95375
801001.SI,20180529,申万50,2645.98,2627.01,2658.41,2640.55,-11.55,-0.44,307191,4827463,12.66,1.71,475462517,1380270389.05425
801001.SI,20180528,申万50,2632.54,2624.4,2661.38,2652.1,18.84,0.72,248513,4118527,12.72,1.72,477542609,1384251608.03543
801001.SI,20180525,申万50,2637.73,2624.16,2653.51,2633.26,-7.52,-0.28,284076,3910874,12.63,1.7,474130602,1379220916.62375
801001.SI,20180524,申万50,2661.37,2638.63,2667.38,2640.78,-20.75,-0.78,263052,3947112,12.66,1.71,475484326,1385578255.9571
801001.SI,20180523,申万50,2700.62,2661.53,2700.62,2661.53,-46.06,-1.7,314817,4585734,12.76,1.72,478572805,1396351274.27093
801001.SI,20180522,申万50,2725.42,2689.95,2725.42,2707.59,-20.85,-0.76,258209,4106706,12.98,1.75,486853945,1422191147.7629
801001.SI,20180521,申万50,2737.23,2722.92,2744.47,2728.44,7.1,0.26,341848,5121860,13.08,1.77,490602932,1432182733.40299
801001.SI,20180518,申万50,2683.64,2671.03,2721.47,2721.34,35.44,1.32,273598,4285560,13.04,1.76,489325393,1431391872.4703
801001.SI,20180517,申万50,2711.26,2681.88,2713.49,2685.9,-21.79,-0.8,211933,3756347,12.87,1.74,482953189,1410332880.15917
801001.SI,20180516,申万50,2727.7,2704.15,2733.07,2707.69,-32.17,-1.17,276932,4489051,12.98,1.75,486871272,1417963924.3285
801001.SI,20180515,申万50,2751.83,2718.29,2752.33,2739.86,-3.44,-0.13,297444,4591518,13.13,1.77,492655438,1435821894.2682
801001.SI,20180514,申万50,2717.94,2717.59,2750.07,2743.3,40.51,1.5,348402,5892118,13.15,1.78,493274435,1437293852.06259
801001.SI,20180511,申万50,2723.13,2702.05,2723.55,2702.79,-11.8,-0.43,285015,4544534,12.95,1.75,485990350,1422312412.50984
801001.SI,20180510,申万50,2712.38,2696.83,2723.66,2714.59,12.34,0.46,268811,4405226,13.01,1.76,487989663,1424283450.7881
801001.SI,20180509,申万50,2707.06,2690.09,2707.91,2702.25,-6.53,-0.24,254915,4079129,12.95,1.75,485624248,1417990529.84121
801001.SI,20180508,申万50,2665.78,2665.78,2721.39,2708.78,44.21,1.66,411658,6795616,12.98,1.75,486797596,1419463403.08354
801001.SI,20180507,申万50,2624.89,2619.22,2666.18,2664.57,45.26,1.73,353528,6083523,12.77,1.72,478852779,1400766864.56425
801001.SI,20180504,申万50,2635.16,2616.85,2644.45,2619.3,-22.14,-0.84,287887,4452545,12.55,1.69,470718135,1378679479.44218
801001.SI,20180503,申万50,2612.15,2595.54,2645.44,2641.44,21.63,0.83,396690,5698154,12.65,1.7,474137630,1388528846.13752
801001.SI,20180502,申万50,2624.38,2601.91,2633.74,2619.81,4.22,0.16,346405,5642886,12.52,1.68,470062546,1379392438.25806
801001.SI,20180427,申万50,2646.93,2581.91,2648.97,2615.59,-17.52,-0.67,410311,7916406,12.34,1.7,469305202,1379131652.04351
801001.SI,20180426,申万50,2685.11,2621.6,2691.37,2633.11,-62.65,-2.32,395308,6766624,12.42,1.72,472449135,1377875910.61222
801001.SI,20180425,申万50,2702.21,2689.44,2709.62,2695.76,-23.03,-0.85,332101,4558061,12.71,1.77,483596231,1400633176.98296
801001.SI,20180424,申万50,2665.63,2665.63,2731.83,2718.79,54.91,2.06,552920,7353113,12.82,1.79,487726849,1414133521.86344
801001.SI,20180423,申万50,2632.0,2631.34,2664.17,2663.88,27.04,1.03,426458,5111987,12.56,1.76,477876015,1387519155.30044
801001.SI,20180420,申万50,2663.98,2626.93,2675.65,2636.84,-33.79,-1.27,413249,5592832,12.44,1.74,473025034,1375555468.59966
801001.SI,20180419,申万50,2637.38,2631.46,2677.31,2670.63,44.1,1.68,423276,5859497,12.59,1.76,479086759,1389505500.88878
801001.SI,20180418,申万50,2645.75,2587.99,2647.01,2626.53,11.47,0.44,479797,6576788,12.38,1.73,471175115,1370362257.45399
801001.SI,20180417,申万50,2656.41,2612.43,2662.64,2615.06,-36.71,-1.38,366910,5569109,12.33,1.73,469117091,1360944492.53509
801001.SI,20180416,申万50,2701.55,2638.55,2708.98,2651.77,-59.89,-2.21,427852,5764377,12.48,1.75,474661071,1377352345.03748
801001.SI,20180413,申万50,2750.05,2707.15,2756.06,2711.66,-18.63,-0.68,270405,4019707,12.76,1.79,485381544,1411399364.82135
801001.SI,20180412,申万50,2769.72,2728.19,2769.72,2730.29,-39.65,-1.43,300352,4449729,12.85,1.8,488715282,1421960501.35536
801001.SI,20180411,申万50,2768.98,2757.36,2788.97,2769.94,5.37,0.19,448196,6202515,13.03,1.83,495812727,1443732726.62816
801001.SI,20180410,申万50,2703.7,2695.48,2764.78,2764.57,66.11,2.45,447227,6429251,13.01,1.83,494851191,1437068127.40093
801001.SI,20180409,申万50,2698.25,2676.43,2710.0,2698.46,2.93,0.11,345755,5346212,12.7,1.79,483017976,1400858439.50029
801001.SI,20180404,申万50,2698.92,2689.21,2725.78,2695.53,4.77,0.18,348951,5976716,12.68,1.78,482494110,1397932328.11035
801001.SI,20180403,申万50,2682.44,2676.92,2704.12,2690.76,-15.3,-0.57,373541,5630461,12.66,1.78,481563909,1397179097.36409
801001.SI,20180402,申万50,2717.0,2704.64,2753.43,2706.06,-17.2,-0.63,416700,6558372,12.73,1.79,484301606,1407495215.20374
801001.SI,20180330,申万50,2734.81,2713.86,2743.1,2723.26,-15.93,-0.58,396525,6045038,12.83,1.8,488878604,1418535515.89367
801001.SI,20180329,申万50,2698.84,2647.23,2757.96,2739.19,49.3,1.83,487994,8051206,12.91,1.82,491738595,1427941081.30953
801001.SI,20180328,申万50,2716.25,2682.79,2744.01,2689.89,-66.65,-2.42,422431,7724193,12.68,1.79,482888338,1402733811.37793
801001.SI,20180327,申万50,2782.69,2732.72,2788.39,2756.54,14.08,0.51,469830,7591720,12.99,1.84,494852867,1428899046.92287
801001.SI,20180326,申万50,2755.15,2709.29,2764.47,2742.46,-41.15,-1.48,490250,7547136,12.92,1.84,492324849,1424329153.99008
801001.SI,20180323,申万50,2765.97,2735.91,2794.1,2783.61,-79.28,-2.77,739952,10408206,13.12,1.88,499711611,1455436214.16652
801001.SI,20180322,申万50,2899.47,2849.59,2906.13,2862.89,-33.17,-1.15,365025,6233001,13.48,1.93,513706733,1490534757.17639
801001.SI,20180321,申万50,2937.62,2884.05,2941.91,2896.06,-16.59,-0.57,392558,6592649,13.64,1.95,519779441,1503302260.13434
801001.SI,20180320,申万50,2891.81,2886.75,2915.41,2912.65,-0.82,-0.03,325770,4969250,13.73,1.98,522720305,1509923820.76791
801001.SI,20180319,申万50,2888.84,2874.76,2913.5,2913.47,25.27,0.87,311979,5468657,13.73,1.98,522867470,1504666105.60929
801001.SI,20180316,申万50,2923.78,2888.2,2935.41,2888.2,-35.03,-1.2,354923,5983455,13.61,1.96,518332299,1495992392.87691
801001.SI,20180315,申万50,2880.11,2880.11,2923.23,2923.23,30.8,1.06,336318,5877697,13.78,1.98,524619016,1513604020.59082
801001.SI,20180314,申万50,2889.35,2884.04,2902.18,2892.43,-10.65,-0.37,383014,5993684,13.63,1.96,519091386,1501994019.91987
801001.SI,20180313,申万50,2927.1,2899.51,2936.97,2903.08,-25.15,-0.86,467199,6583144,13.68,1.97,521001860,1507178243.63944
801001.SI,20180312,申万50,2936.49,2915.32,2942.44,2928.23,11.68,0.4,560426,8414624,13.8,1.99,525514893,1513995616.92314
801001.SI,20180309,申万50,2907.8,2898.25,2918.2,2916.55,19.82,0.68,462732,6712787,13.74,1.98,523418670,1511431467.51236
801001.SI,20180308,申万50,2866.49,2854.63,2896.98,2896.73,33.2,1.16,325531,5510774,13.65,1.96,519862543,1503106147.13059
801001.SI,20180307,申万50,2880.73,2857.43,2906.79,2863.53,-18.63,-0.65,456252,6485893,13.49,1.94,513904683,1495819513.73572
801001.SI,20180306,申万50,2866.49,2829.05,2882.19,2882.16,31.36,1.1,625978,8070667,13.58,1.95,517247692,1500429085.30058
801001.SI,20180305,申万50,2858.89,2834.64,2877.66,2850.8,-4.23,-0.15,340866,5134990,13.43,1.94,511620235,1489533531.65591
801001.SI,20180302,申万50,2852.67,2846.27,2880.71,2855.03,-26.54,-0.92,362166,5614928,13.45,1.94,512378632,1493183630.29196
801001.SI,20180301,申万50,2841.77,2836.36,2896.76,2881.57,17.7,0.62,467319,6668427,13.58,1.96,517140873,1505764675.85014
801001.SI,20180228,申万50,2872.99,2853.27,2890.73,2863.86,-41.68,-1.43,402938,6698461,13.49,1.95,513963342,1499364984.12967
801001.SI,20180227,申万50,2970.59,2900.4,2970.59,2905.54,-60.73,-2.05,505895,8099730,13.69,1.98,521443212,1522502928.56779
801001.SI,20180226,申万50,2961.18,2922.2,2976.75,2966.27,23.07,0.78,560572,8313586,13.98,2.02,532341585,1555948607.96844
801001.SI,20180223,申万50,2933.75,2912.76,2955.14,2943.2,17.31,0.59,376979,5994137,13.87,2.0,528201196,1545163424.51508
801001.SI,20180222,申万50,2908.7,2894.13,2932.88,2925.89,63.39,2.21,425669,6850037,13.78,1.99,525095385,1535969709.91558
801001.SI,20180214,申万50,2839.97,2825.54,2866.07,2862.5,31.72,1.12,277472,4608613,13.49,1.95,513234964,1500952723.83042
801001.SI,20180213,申万50,2815.74,2815.74,2869.38,2830.78,46.18,1.66,510902,7583842,13.34,1.93,507547368,1489429289.16768
801001.SI,20180212,申万50,2760.75,2741.84,2800.67,2784.6,28.01,1.02,499424,7692080,13.12,1.89,499268272,1465708581.58294
801001.SI,20180209,申万50,2787.52,2680.32,2800.18,2756.59,-121.32,-4.22,944050,13357588,12.98,1.87,493985065,1463041863.75727
801001.SI,20180208,申万50,2895.17,2850.92,2930.87,2877.91,-40.97,-1.4,727276,10608200,13.55,1.96,515658225,1521666213.00878
801001.SI,20180207,申万50,3046.9,2917.21,3053.81,2918.88,-90.16,-3.0,926372,13701438,13.75,1.98,522998733,1558299246.22408
801001.SI,20180206,申万50,3013.53,2981.78,3035.16,3009.04,-76.13,-2.47,966086,14779534,14.17,2.05,539152801,1613316656.28389
801001.SI,20180205,申万50,3034.82,3033.29,3085.18,3085.17,-2.76,-0.09,701630,11058816,14.53,2.1,552793282,1648996866.78554
801001.SI,20180202,申万50,3053.43,3033.34,3088.89,3087.93,9.62,0.31,569231,9034273,14.54,2.1,553288471,1635463569.49355
801001.SI,20180201,申万50,3079.81,3042.69,3088.1,3078.31,0.47,0.02,810153,11813019,14.5,2.09,551564643,1628646444.11978
801001.SI,20180131,申万50,3022.86,3022.46,3080.9,3077.84,39.78,1.31,569721,9233684,14.49,2.09,551480480,1618586778.3909
801001.SI,20180130,申万50,3061.71,3035.18,3078.61,3038.06,-37.9,-1.23,549453,8800158,14.31,2.07,544352378,1597798518.06342
801001.SI,20180129,申万50,3156.53,3064.22,3161.33,3075.96,-74.81,-2.37,845176,13188890,14.48,2.09,551038963,1622469289.09234
801001.SI,20180126,申万50,3125.51,3124.17,3171.32,3150.77,14.29,0.46,824948,11443742,14.84,2.14,564440857,1647253887.47067
801001.SI,20180125,申万50,3153.61,3107.88,3156.2,3136.48,-24.54,-0.78,785231,11695124,14.77,2.13,561881241,1641026120.81924
801001.SI,20180124,申万50,3175.76,3133.65,3179.25,3161.02,-4.86,-0.15,1046583,14907807,14.89,2.15,566276685,1649817208.40755
801001.SI,20180123,申万50,3143.8,3139.26,3169.2,3165.88,35.48,1.13,993013,13702894,14.91,2.15,567147125,1649808607.98417
801001.SI,20180122,申万50,3076.1,3076.1,3131.84,3130.4,44.57,1.44,805816,12296390,14.74,2.13,560790707,1618911078.42892
801001.SI,20180119,申万50,3096.16,3071.49,3119.91,3085.83,2.14,0.07,952079,13229252,14.53,2.1,552690364,1607316319.41954
801001.SI,20180118,申万50,3077.49,3061.84,3107.51,3083.69,24.65,0.81,848764,12702010,14.53,2.1,550208950,1603044981.26499
801001.SI,20180117,申万50,3082.19,3049.17,3104.35,3059.04,-17.8,-0.58,950809,14911994,14.41,2.08,545810252,1579131977.97739
801001.SI,20180116,申万50,3055.25,3051.63,3088.23,3076.84,12.84,0.42,691486,11669271,14.5,2.09,548457543,1579217467.98811
801001.SI,20180115,申万50,3040.55,3040.02,3085.69,3064.0,30.48,1.0,775225,12546336,14.44,2.08,546168556,1572827090.73184
801001.SI,20180112,申万50,3000.82,2995.03,3033.61,3033.52,34.07,1.14,425008,7664710,14.3,2.06,540734692,1555241850.28504
801001.SI,20180111,申万50,2989.58,2983.04,3012.12,2999.45,-1.24,-0.04,473507,8231042,14.13,2.04,534605429,1541629819.74945
801001.SI,20180110,申万50,2971.08,2962.22,3004.15,3000.7,29.39,0.99,685317,10012596,14.13,2.04,534479652,1539935301.89591
801001.SI,20180109,申万50,2934.0,2931.06,2974.0,2971.31,37.56,1.28,573154,8791754,13.99,2.02,529244150,1522746230.39579
801001.SI,20180108,申万50,2924.19,2910.76,2936.84,2933.75,9.03,0.31,587029,9874013,13.81,1.99,522553182,1512161228.38248
801001.SI,20180105,申万50,2923.06,2913.7,2931.67,2924.72,8.27,0.28,504647,7695930,13.77,1.98,520847680,1505883804.62575
801001.SI,20180104,申万50,2904.54,2898.76,2926.73,2916.45,17.18,0.59,458164,8044971,13.73,1.98,519375135,1501190039.94739
801001.SI,20180103,申万50,2898.52,2893.31,2934.23,2899.27,5.18,0.18,535436,9566985,13.65,1.97,516028982,1494830632.34019
801001.SI,20180102,申万50,2856.87,2856.87,2894.92,2894.09,49.89,1.75,589784,8391971,13.61,1.96,514650734,1491880117.63115
801001.SI,20171229,申万50,2849.79,2836.41,2868.72,2844.2,-1.91,-0.07,315947,4916900,12.95,1.87,467376702,1370095475.68009
801001.SI,20171228,申万50,2828.38,2815.21,2861.94,2846.11,23.84,0.84,362831,6044620,12.96,1.88,467693386,1366794103.69165
801001.SI,20171227,申万50,2876.18,2818.46,2880.64,2822.27,-61.09,-2.12,371660,5644504,12.85,1.87,463771766,1354252487.93067
801001.SI,20171226,申万50,2879.23,2855.4,2888.61,2883.36,3.16,0.11,338212,4886894,13.13,1.91,473829213,1374467225.50782
801001.SI,20171225,申万50,2882.15,2865.5,2914.8,2880.2,0.41,0.01,321829,5188428,13.13,1.91,473665094,1367179987.91827
801001.SI,20171222,申万50,2888.22,2876.38,2894.23,2879.79,-11.71,-0.41,260376,3950724,13.13,1.91,473598095,1365013043.20449
801001.SI,20171221,申万50,2858.88,2853.07,2897.62,2891.5,26.91,0.94,383055,5752152,13.18,1.91,475524062,1369619270.4267
801001.SI,20171220,申万50,2856.18,2853.2,2869.74,2864.59,9.44,0.33,334543,5227205,13.06,1.9,471098779,1362240328.89759
801001.SI,20171219,申万50,2809.97,2809.89,2855.15,2855.15,45.49,1.62,309798,5111652,13.01,1.89,469546107,1358578013.14417
801001.SI,20171218,申万50,2796.12,2794.89,2820.5,2809.66,14.03,0.5,265420,4357408,12.8,1.86,462064433,1341676111.79738
801001.SI,20171215,申万50,2826.34,2793.66,2831.81,2795.63,-36.39,-1.28,369665,4931851,12.74,1.85,459757338,1336093998.47117
801001.SI,20171214,申万50,2853.56,2821.38,2855.56,2832.02,-18.69,-0.66,277131,4303427,12.91,1.87,465741220,1351290654.25022
801001.SI,20171213,申万50,2818.52,2807.46,2855.57,2850.71,33.35,1.18,289503,4743728,12.99,1.89,468815374,1358415091.54906
801001.SI,20171212,申万50,2861.21,2817.08,2864.14,2817.36,-44.02,-1.54,328324,5046208,12.84,1.86,463219459,1346031401.1528
801001.SI,20171211,申万50,2808.48,2807.08,2861.38,2861.38,54.85,1.95,394972,6457635,13.04,1.89,470456828,1363606009.91743
801001.SI,20171208,申万50,2770.37,2765.73,2815.05,2806.53,31.58,1.14,339578,5244258,12.79,1.86,461357552,1345787620.66647
801001.SI,20171207,申万50,2806.25,2761.57,2814.72,2774.95,-38.95,-1.38,340790,5025951,12.64,1.84,456166269,1339638489.06864
801001.SI,20171206,申万50,2836.13,2778.39,2837.66,2813.9,-32.98,-1.16,431300,6055927,12.82,1.86,462569251,1354988484.15227
801001.SI,20171205,申万50,2799.22,2799.22,2854.09,2846.88,37.1,1.32,650317,8803102,12.97,1.88,467990367,1367212742.52733
801001.SI,20171204,申万50,2770.3,2765.24,2820.31,2809.78,30.63,1.1,400417,5916135,12.8,1.86,461891264,1348967449.40737
801001.SI,20171201,申万50,2802.01,2776.53,2813.62,2779.15,-23.68,-0.84,380746,5780525,12.66,1.84,456856511,1340181390.82361
801001.SI,20171130,申万50,2823.34,2790.43,2839.27,2802.83,-38.51,-1.36,435073,6479259,12.77,1.85,460749314,1347235072.92106
801001.SI,20171129,申万50,2858.25,2804.83,2864.97,2841.34,-9.05,-0.32,473712,6806357,12.94,1.88,467080264,1360512390.40831
801001.SI,20171128,申万50,2845.67,2821.63,2861.88,2850.39,-10.37,-0.36,468377,6173145,12.99,1.89,468567617,1361736927.59978
801001.SI,20171127,申万50,2891.06,2835.91,2891.06,2860.76,-43.12,-1.48,751084,9456178,13.03,1.89,470271945,1368046111.73255
801001.SI,20171124,申万50,2900.28,2865.84,2918.57,2903.88,-2.56,-0.09,623400,9110388,13.23,1.92,477360302,1384980472.4223
801001.SI,20171123,申万50,2991.25,2890.14,2993.78,2906.44,-95.99,-3.2,836570,11551032,13.24,1.92,477780872,1387433619.58588
801001.SI,20171122,申万50,3000.63,2974.99,3031.44,3002.43,11.68,0.39,935394,12699375,13.68,1.99,493559925,1424145794.01592
801001.SI,20171121,申万50,2913.78,2913.64,2999.53,2990.75,64.99,2.22,853001,12213382,13.72,2.0,487101989,1408826278.10613
801001.SI,20171120,申万50,2885.83,2868.18,2926.02,2925.76,17.89,0.62,597203,8712226,13.42,1.95,476517472,1390871043.78716
801001.SI,20171117,申万50,2859.72,2858.47,2909.14,2907.86,35.01,1.22,834162,11724438,13.34,1.94,473602827,1382573822.85633
801001.SI,20171116,申万50,2821.06,2819.48,2873.45,2872.85,41.27,1.46,520693,7528550,13.18,1.92,467901276,1365272819.29508
801001.SI,20171115,申万50,2829.45,2815.42,2849.74,2831.58,-10.09,-0.36,474298,7121428,12.99,1.89,461178866,1359832888.96571
801001.SI,20171114,申万50,2867.52,2832.49,2869.86,2841.67,-23.87,-0.83,580811,7773632,13.04,1.9,462822589,1363483063.79439
801001.SI,20171113,申万50,2858.18,2858.18,2875.98,2865.54,11.9,0.42,633413,8204240,13.15,1.91,466710659,1375243979.37483
801001.SI,20171110,申万50,2808.69,2807.88,2856.95,2853.64,40.32,1.43,599554,8595274,13.09,1.91,464772334,1367870947.13814
801001.SI,20171109,申万50,2788.19,2784.7,2814.13,2813.32,22.12,0.79,517003,6667337,12.91,1.88,458204808,1363351464.09615
801001.SI,20171108,申万50,2799.61,2784.22,2828.92,2791.2,-10.71,-0.38,645955,8535258,12.8,1.86,454602758,1360647301.10589
801001.SI,20171107,申万50,2773.38,2772.62,2814.35,2801.91,29.28,1.06,689554,8594255,12.85,1.86,456347507,1356839554.93785
801001.SI,20171106,申万50,2756.52,2743.81,2773.23,2772.63,15.74,0.57,555425,7043864,12.71,1.84,451578728,1345066503.71514
801001.SI,20171103,申万50,2749.51,2734.83,2758.16,2756.89,3.31,0.12,551628,6612187,12.64,1.83,449015092,1343460844.57669
801001.SI,20171102,申万50,2749.83,2731.02,2754.89,2753.58,1.99,0.07,597311,6779619,12.62,1.85,448475969,1343161770.51377
801001.SI,20171101,申万50,2760.6,2744.6,2782.79,2751.59,-7.09,-0.26,567109,7493033,12.61,1.84,448151197,1342737486.75193
801001.SI,20171031,申万50,2755.74,2744.61,2761.7,2758.68,-9.41,-0.34,477305,6377603,12.65,1.85,449305474,1342879945.2128
801001.SI,20171030,申万50,2763.92,2733.45,2776.55,2768.09,4.02,0.15,720974,8817335,12.69,1.89,450838338,1350756337.20523
801001.SI,20171027,申万50,2715.71,2714.58,2764.07,2764.07,48.74,1.79,585337,7232116,12.67,1.93,450183771,1347652142.43375
801001.SI,20171026,申万50,2698.75,2692.25,2732.77,2715.33,26.13,0.97,558277,7582379,12.45,1.91,442245923,1328916696.07864
801001.SI,20171025,申万50,2675.43,2671.93,2690.3,2689.2,13.81,0.52,375324,4221072,12.33,1.89,437990082,1324645460.92579
801001.SI,20171024,申万50,2651.75,2648.93,2679.3,2675.39,20.07,0.76,332287,4557386,12.26,1.88,435741320,1323792072.88294
801001.SI,20171023,申万50,2661.28,2650.07,2665.63,2655.32,-1.09,-0.04,317351,3697364,12.17,1.87,432472081,1314765740.77609
801001.SI,20171020,申万50,2661.75,2648.32,2662.19,2656.41,-17.31,-0.65,250433,3412880,12.17,1.87,432648753,1320089104.65549
801001.SI,20171019,申万50,2674.54,2666.37,2680.09,2673.72,-3.53,-0.13,418437,5243819,12.25,1.88,435381612,1328064676.82771
801001.SI,20171018,申万50,2649.15,2647.33,2677.39,2677.25,29.35,1.11,393507,4884343,12.27,1.88,435955711,1326880635.25604
801001.SI,20171017,申万50,2641.13,2635.86,2657.15,2647.9,5.97,0.23,293616,3970018,12.13,1.86,431176253,1312892303.59425
801001.SI,20171016,申万50,2640.65,2634.81,2665.32,2641.93,5.87,0.22,462564,5811166,12.11,1.86,430204182,1314465630.09823
801001.SI,20171013,申万50,2634.36,2627.78,2641.31,2636.06,1.01,0.04,366529,4341524,12.08,1.86,429248372,1309340155.35717
801001.SI,20171012,申万50,2619.68,2615.57,2638.59,2635.05,14.92,0.57,370238,4736827,12.07,1.86,429083966,1311258078.8521
801001.SI,20171011,申万50,2601.17,2600.6,2629.15,2620.13,16.65,0.64,376289,5692000,12.0,1.85,426654376,1309593378.15785
801001.SI,20171010,申万50,2598.63,2576.04,2616.15,2603.48,6.1,0.23,407088,5668945,11.93,1.83,423942891,1300045069.00528
801001.SI,20171009,申万50,2623.62,2592.99,2627.99,2597.38,36.92,1.44,597324,7240931,11.89,1.83,422605774,1296905540.60563
801001.SI,20170929,申万50,2550.7,2548.82,2570.7,2560.46,11.52,0.45,407354,4531492,11.72,1.8,416579665,1283296824.00753
801001.SI,20170928,申万50,2545.89,2538.57,2553.19,2548.94,4.45,0.17,381660,4279788,11.67,1.79,414704827,1281564379.99229
801001.SI,20170927,申万50,2547.13,2543.51,2554.41,2544.49,-6.52,-0.26,346424,4114763,11.65,1.79,413981021,1280278465.81934
801001.SI,20170926,申万50,2544.93,2543.23,2553.6,2551.01,-0.45,-0.02,351577,3865191,11.68,1.8,415041339,1285122648.59837
801001.SI,20170925,申万50,2552.22,2545.65,2561.06,2551.46,-3.77,-0.15,357533,4940479,11.68,1.79,415114686,1286008352.6854
801001.SI,20170922,申万50,2540.12,2539.38,2558.47,2555.23,7.17,0.28,320666,4549260,11.7,1.79,415727512,1283571728.13118
801001.SI,20170921,申万50,2539.45,2535.73,2559.73,2548.06,9.53,0.38,345280,4634859,11.66,1.79,414561153,1281237994.02557
801001.SI,20170920,申万50,2535.58,2534.47,2545.99,2538.53,1.48,0.06,312129,4293072,11.62,1.78,413010579,1273301664.80071
801001.SI,20170919,申万50,2547.97,2529.62,2555.06,2537.05,-5.35,-0.21,356516,4874540,11.61,1.78,412769188,1273697027.81461
801001.SI,20170918,申万50,2536.72,2536.0,2559.51,2542.4,6.77,0.27,407672,5412957,11.64,1.78,413640192,1273401293.97679
801001.SI,20170915,申万50,2530.11,2524.31,2544.24,2535.63,4.39,0.17,379298,5332692,11.61,1.78,412539187,1271222348.89646
801001.SI,20170914,申万50,2544.2,2525.91,2550.35,2531.24,-12.13,-0.48,342961,4668717,11.59,1.77,411824854,1273660361.91586
801001.SI,20170913,申万50,2536.18,2528.57,2548.92,2543.37,5.67,0.22,264734,3995848,11.64,1.78,413797717,1279853801.78666
801001.SI,20170912,申万50,2532.32,2521.31,2540.85,2537.7,11.55,0.46,374921,5612608,11.62,1.78,412874731,1279313848.94325
801001.SI,20170911,申万50,2541.04,2523.98,2557.58,2526.15,-10.25,-0.4,359824,5287376,11.54,1.77,410995576,1272641336.44377
801001.SI,20170908,申万50,2543.33,2530.13,2550.02,2536.4,-6.87,-0.27,303491,4442209,11.58,1.77,412662910,1275077432.9592
801001.SI,20170907,申万50,2561.98,2543.21,2562.24,2543.27,-17.39,-0.68,362604,4966339,11.62,1.78,413779923,1278922334.94389
801001.SI,20170906,申万50,2562.86,2549.9,2569.61,2560.66,-8.15,-0.32,448928,5546085,11.7,1.79,416608909,1286761082.42753
801001.SI,20170905,申万50,2550.31,2548.4,2574.92,2568.81,19.45,0.76,390963,4737888,11.73,1.79,417357293,1289164338.15878
801001.SI,20170904,申万50,2538.86,2528.31,2550.49,2549.36,4.13,0.16,401736,5215021,11.64,1.78,414196698,1278764818.92174
801001.SI,20170901,申万50,2547.93,2536.67,2563.41,2545.23,-2.9,-0.11,493701,6113492,11.62,1.77,413566830,1273163603.94468
801001.SI,20170831,申万50,2566.78,2534.67,2569.83,2548.13,-15.97,-0.62,450993,5802206,13.94,1.77,413988012,1279364823.66128
801001.SI,20170830,申万50,2573.05,2558.92,2588.65,2564.1,-7.9,-0.31,448780,5640398,14.03,1.81,416624868,1290210183.37464
801001.SI,20170829,申万50,2568.58,2562.77,2577.97,2572.0,0.58,0.02,401943,5292044,14.08,1.85,417907986,1296614573.4347
801001.SI,20170828,申万50,2553.81,2545.82,2596.27,2571.42,25.6,1.01,582865,7972692,14.05,1.86,416677349,1293959946.73009
801001.SI,20170825,申万50,2503.74,2502.57,2546.38,2545.82,43.42,1.74,470512,5728128,13.91,1.85,412528573,1287603657.53523
801001.SI,20170824,申万50,2512.72,2498.66,2524.43,2502.4,-9.41,-0.37,319601,3986553,13.67,1.82,405492155,1260206322.42854
801001.SI,20170823,申万50,2496.12,2494.86,2521.84,2511.81,14.42,0.58,384750,4637922,13.72,1.82,407017366,1261180840.15352
801001.SI,20170822,申万50,2477.4,2468.66,2497.52,2497.39,28.35,1.15,322133,4771364,13.64,1.82,404681020,1249723025.41292
801001.SI,20170821,申万50,2467.96,2461.96,2476.21,2469.04,6.94,0.28,254998,3403001,13.49,1.8,400086831,1239801227.04233
801001.SI,20170818,申万50,2448.39,2444.01,2469.52,2462.1,10.86,0.44,271677,4068866,13.45,1.8,398961174,1236270623.32493
801001.SI,20170817,申万50,2448.52,2440.26,2452.59,2451.24,6.91,0.28,278747,3686528,13.39,1.8,397201081,1235072737.6379
801001.SI,20170816,申万50,2450.39,2433.75,2452.52,2444.32,-8.73,-0.36,271692,3524563,13.35,1.8,396080090,1230798495.08559
801001.SI,20170815,申万50,2442.88,2442.88,2466.39,2453.05,12.48,0.51,329678,4075565,13.41,1.8,397493922,1234394146.40036
801001.SI,20170814,申万50,2415.92,2415.05,2444.07,2440.57,28.79,1.19,339437,4645444,13.34,1.79,395470757,1224298438.57085
801001.SI,20170811,申万50,2436.75,2410.98,2447.6,2411.78,-44.23,-1.8,440718,5336697,13.18,1.77,390805736,1217272556.15936
801001.SI,20170810,申万50,2464.03,2438.11,2480.68,2456.01,-10.64,-0.43,358877,4725377,13.42,1.81,397972030,1233513411.60661
801001.SI,20170809,申万50,2466.49,2457.42,2479.98,2466.65,-3.0,-0.12,353168,4405146,13.48,1.82,399696515,1234974927.25886
801001.SI,20170808,申万50,2470.44,2463.07,2475.86,2469.65,-2.38,-0.1,349020,3863938,13.49,1.82,400182043,1242829698.82491
801001.SI,20170807,申万50,2452.69,2446.08,2477.95,2472.03,13.32,0.54,322853,4106400,13.51,1.82,400568255,1242564969.58143
801001.SI,20170804,申万50,2478.44,2458.71,2484.37,2458.71,-20.37,-0.82,380730,4827452,13.44,1.81,398409668,1239797307.92698
801001.SI,20170803,申万50,2511.74,2478.77,2511.74,2479.08,-37.37,-1.49,403414,5267494,13.55,1.83,401709950,1245550754.23475
801001.SI,20170802,申万50,2517.33,2513.79,2528.94,2516.45,-1.88,-0.07,493682,6205941,13.75,1.86,407764840,1261178587.02184
801001.SI,20170801,申万50,2485.28,2482.06,2518.33,2518.33,34.99,1.41,437873,5846523,13.76,1.86,408022562,1257520339.08195
801001.SI,20170731,申万50,2481.17,2469.83,2490.85,2483.34,1.92,0.08,410327,5084920,13.57,1.83,402353131,1244195762.87127
801001.SI,20170728,申万50,2465.73,2459.8,2485.42,2481.42,11.04,0.45,318903,4088333,13.55,1.83,402041808,1244270954.56394
801001.SI,20170727,申万50,2476.38,2451.61,2477.79,2470.38,-8.56,-0.35,385555,4923455,13.5,1.82,400252937,1239694387.52313
801001.SI,20170726,申万50,2494.8,2462.8,2510.82,2478.94,-16.14,-0.65,397008,5034755,13.54,1.83,401640072,1244855177.58196
801001.SI,20170725,申万50,2509.83,2493.3,2519.42,2495.08,-13.53,-0.54,411772,4885486,13.63,1.84,404254987,1245509020.23693
801001.SI,20170724,申万50,2488.09,2482.09,2517.25,2508.61,19.53,0.78,414072,5743716,13.7,1.85,406447323,1245947093.8008
801001.SI,20170721,申万50,2502.47,2485.8,2511.08,2489.08,-21.32,-0.85,353703,5253395,13.59,1.84,403282536,1239699152.15805
801001.SI,20170720,申万50,2492.37,2487.13,2511.45,2510.4,14.49,0.58,415013,5908277,13.7,1.84,406368709,1244527174.26772
801001.SI,20170719,申万50,2463.75,2462.17,2502.02,2495.91,28.61,1.16,556914,7120736,13.64,1.83,404389402,1237553040.41211
801001.SI,20170718,申万50,2463.51,2439.38,2476.19,2467.3,-6.05,-0.24,436447,5801895,13.48,1.81,399754042,1228703352.71706
801001.SI,20170717,申万50,2480.92,2441.31,2500.1,2473.35,-4.91,-0.2,619517,7629218,13.51,1.82,400733348,1230974344.24571
801001.SI,20170714,申万50,2457.04,2452.09,2478.4,2478.26,19.65,0.8,386306,4824286,13.53,1.82,401528362,1227158173.36893
801001.SI,20170713,申万50,2434.06,2431.06,2461.16,2458.61,22.74,0.93,478442,5970338,13.43,1.8,398344278,1221781386.29003
801001.SI,20170712,申万50,2446.02,2425.6,2471.26,2435.87,-5.13,-0.21,497078,6222636,13.3,1.77,394659052,1213720150.04729
801001.SI,20170711,申万50,2405.2,2405.2,2459.95,2441.0,30.64,1.27,439728,6115976,13.33,1.77,395490045,1214033404.67595
801001.SI,20170710,申万50,2401.74,2395.79,2417.47,2410.36,5.42,0.23,403043,4984558,13.17,1.74,390525574,1206342199.60061
801001.SI,20170707,申万50,2409.46,2396.24,2411.82,2404.94,-13.63,-0.56,306677,4298115,13.13,1.74,389646618,1202825168.67755
801001.SI,20170706,申万50,2411.93,2395.34,2425.96,2418.57,1.61,0.07,319687,4947594,13.21,1.74,391855549,1207159046.89154
801001.SI,20170705,申万50,2371.3,2370.93,2418.28,2416.96,38.92,1.64,299354,4986461,13.19,1.74,391594224,1206705118.7719
801001.SI,20170704,申万50,2400.65,2372.46,2400.65,2378.04,-25.88,-1.08,346652,5139616,12.99,1.7,385288903,1194484891.75692
801001.SI,20170703,申万50,2428.86,2393.66,2428.86,2403.92,-24.87,-1.02,290735,4270604,13.13,1.72,389481152,1203271467.28319
801001.SI,20170630,申万50,2425.45,2418.26,2433.36,2428.79,-4.66,-0.19,266045,3527621,14.59,1.86,357948483,796367653.991875
801001.SI,20170629,申万50,2421.34,2413.15,2433.95,2433.45,17.27,0.71,274355,3853990,14.62,1.86,358634949,797186059.295076
801001.SI,20170628,申万50,2434.51,2415.47,2438.23,2416.18,-26.05,-1.07,303326,4554246,14.52,1.85,356089914,793586285.685169
801001.SI,20170627,申万50,2428.91,2416.63,2442.54,2442.23,10.72,0.44,303084,4390215,14.67,1.87,359929482,800942716.178152
801001.SI,20170626,申万50,2406.3,2406.3,2440.69,2431.51,30.52,1.27,451329,6345920,14.61,1.86,358349288,797729382.578058
801001.SI,20170623,申万50,2368.27,2360.92,2400.99,2400.99,28.84,1.22,311160,4708118,14.43,1.84,353851867,787095006.98425
801001.SI,20170622,申万50,2359.09,2358.57,2406.04,2372.15,8.99,0.38,418168,6049584,14.25,1.82,349602176,778966466.693605
801001.SI,20170621,申万50,2347.72,2329.37,2363.16,2363.16,31.25,1.34,250836,3989052,14.2,1.81,348277344,774861959.254481
801001.SI,20170620,申万50,2343.04,2326.62,2345.03,2331.91,-4.17,-0.18,244752,3518751,14.03,1.79,342352646,766314624.880277
801001.SI,20170619,申万50,2302.04,2302.04,2336.08,2336.08,38.18,1.66,244533,3613048,14.05,1.79,342965116,767519895.684247
801001.SI,20170616,申万50,2302.41,2296.07,2314.58,2297.9,-9.42,-0.41,225098,3115418,13.82,1.76,337359915,757792786.779251
801001.SI,20170615,申万50,2315.36,2295.47,2321.8,2307.32,-9.61,-0.41,236549,3719392,13.88,1.76,338742878,763268522.418956
801001.SI,20170614,申万50,2345.6,2313.15,2345.6,2316.93,-39.72,-1.69,273055,3831214,13.94,1.77,340154384,766021893.513065
801001.SI,20170613,申万50,2354.16,2341.38,2357.91,2356.65,-0.2,-0.01,221591,3196355,14.18,1.79,345986356,777883095.927279
801001.SI,20170612,申万50,2344.79,2343.82,2376.05,2356.85,10.35,0.44,277907,4169288,14.18,1.79,346015523,776519135.064659
801001.SI,20170609,申万50,2337.99,2337.42,2362.56,2346.5,8.64,0.37,305558,4340425,14.11,1.79,344496310,774422396.144415
801001.SI,20170608,申万50,2306.06,2304.78,2337.86,2337.86,29.88,1.29,273010,3835495,14.06,1.78,343227420,771845416.006899
801001.SI,20170607,申万50,2286.24,2284.83,2314.67,2307.98,23.78,1.04,318176,4409212,13.88,1.75,338840882,765282179.03473
801001.SI,20170606,申万50,2258.08,2256.61,2284.2,2284.2,24.39,1.08,192669,2963607,13.74,1.74,335350062,757064409.014124
801001.SI,20170605,申万50,2268.28,2252.41,2272.2,2259.81,-12.66,-0.56,237375,3071531,13.59,1.72,331769423,750340833.412254
801001.SI,20170602,申万50,2286.06,2265.72,2290.45,2272.47,-15.37,-0.67,254711,3388382,13.67,1.73,333627648,756189868.651056
801001.SI,20170601,申万50,2274.94,2268.94,2288.05,2287.84,9.8,0.43,293911,3983396,13.77,1.74,336157737,759651935.646984
801001.SI,20170531,申万50,2282.17,2265.72,2301.94,2278.04,3.79,0.17,343782,4515235,13.71,1.73,334661038,756447107.928623
801001.SI,20170526,申万50,2275.59,2268.31,2287.85,2274.25,-5.35,-0.23,301304,4134576,13.69,1.73,334104474,754082125.686402
801001.SI,20170525,申万50,2219.91,2219.91,2280.09,2279.6,53.93,2.42,427029,5538448,13.72,1.73,334890187,755240407.301873
801001.SI,20170524,申万50,2218.64,2201.63,2226.75,2225.67,-0.87,-0.04,257711,3487502,13.39,1.69,326967700,740208339.665152
801001.SI,20170523,申万50,2208.7,2207.62,2234.33,2226.54,16.1,0.73,354487,4461833,13.4,1.69,327094972,740855420.728321
801001.SI,20170522,申万50,2194.54,2192.91,2217.56,2210.44,13.65,0.62,263168,3489039,13.3,1.68,324729887,734872880.586161
801001.SI,20170519,申万50,2183.82,2183.82,2198.2,2196.79,10.51,0.48,186554,2666740,13.21,1.67,322383104,732461625.952247
801001.SI,20170518,申万50,2177.83,2177.83,2193.32,2186.28,-5.27,-0.24,210499,2766505,13.15,1.66,320840886,729974443.015127
801001.SI,20170517,申万50,2203.83,2190.85,2207.04,2191.55,-17.12,-0.78,259521,3373294,13.18,1.67,321613712,731769890.721609
801001.SI,20170516,申万50,2187.84,2179.84,2208.67,2208.67,13.96,0.64,300733,3716172,13.28,1.68,324126133,736410099.288054
801001.SI,20170515,申万50,2192.57,2192.57,2205.72,2194.71,6.18,0.28,246577,3250306,13.2,1.67,322077919,733012555.238219
801001.SI,20170512,申万50,2160.07,2159.59,2189.38,2188.53,26.28,1.22,248446,3355025,13.11,1.66,319554672,731661818.179667
801001.SI,20170511,申万50,2137.41,2134.53,2163.6,2162.25,18.83,0.88,286594,3526128,12.95,1.64,315717129,723681508.818435
801001.SI,20170510,申万50,2136.04,2136.04,2158.56,2143.42,6.46,0.3,257758,3370046,12.84,1.62,312967402,717455402.355319
801001.SI,20170509,申万50,2129.08,2121.06,2139.0,2136.96,-2.57,-0.12,215527,2763301,12.8,1.61,312024551,717181476.458406
801001.SI,20170508,申万50,2146.64,2127.84,2152.04,2139.53,-16.86,-0.78,400288,4361602,12.81,1.62,312400029,717875963.316109
801001.SI,20170505,申万50,2162.97,2146.88,2165.81,2156.39,-11.63,-0.54,282179,3708762,12.91,1.63,314861053,723354537.001771
801001.SI,20170504,申万50,2172.5,2164.79,2178.74,2168.02,-8.47,-0.39,229214,2848977,12.98,1.64,316558683,726660356.434024
801001.SI,20170503,申万50,2181.07,2169.48,2188.68,2176.49,-4.29,-0.2,227782,2755500,13.03,1.65,317223860,728965998.544598
801001.SI,20170502,申万50,2176.96,2175.23,2187.49,2180.78,-3.08,-0.14,206285,2689983,13.05,1.65,317849536,730449822.704938
801001.SI,20170428,申万50,2189.43,2183.86,2189.43,2183.86,-7.33,-0.33,233253,3327882,11.56,1.66,318931201,732480434.400069
801001.SI,20170427,申万50,2182.15,2164.47,2191.78,2191.19,3.38,0.15,313613,3962477,11.6,1.69,320001550,735018270.750717
801001.SI,20170426,申万50,2184.48,2183.79,2206.19,2187.81,3.34,0.15,312712,4364710,11.58,1.71,319508437,734484408.192533
801001.SI,20170425,申万50,2170.77,2168.39,2184.47,2184.47,14.21,0.65,228395,3102865,11.58,1.7,319021085,734285969.866118
801001.SI,20170424,申万50,2186.72,2160.36,2186.72,2170.26,-20.72,-0.95,327567,3924138,11.5,1.69,316945126,730276532.710753
801001.SI,20170421,申万50,2189.13,2181.89,2199.21,2190.98,2.56,0.12,304883,3673128,11.6,1.71,319971265,737509091.68008
801001.SI,20170420,申万50,2177.26,2176.66,2193.01,2188.42,11.63,0.53,296096,4183513,11.6,1.71,319597710,737080578.302922
801001.SI,20170419,申万50,2182.04,2160.56,2187.25,2176.79,-10.18,-0.47,301800,3975644,11.53,1.7,317425308,732847179.63338
801001.SI,20170418,申万50,2191.56,2186.82,2200.47,2186.97,-7.55,-0.34,272673,3735004,11.58,1.71,318910127,736570121.458296
801001.SI,20170417,申万50,2184.65,2177.31,2195.73,2194.52,4.55,0.21,259677,3469016,11.62,1.72,319999618,738850789.453293
801001.SI,20170414,申万50,2208.06,2183.29,2208.06,2189.97,-18.4,-0.83,274016,3544327,11.44,1.7,319449619,735971412.499492
801001.SI,20170413,申万50,2202.95,2201.57,2212.97,2208.37,-1.11,-0.05,270936,3531121,11.53,1.71,322128190,742319936.395395
801001.SI,20170412,申万50,2210.31,2200.5,2219.91,2209.48,-2.92,-0.13,384676,5178342,11.54,1.72,322283875,742781938.719398
801001.SI,20170411,申万50,2205.66,2178.95,2215.22,2212.4,2.85,0.13,501829,6272408,11.55,1.72,322717780,743555583.666102
801001.SI,20170410,申万50,2219.42,2208.53,2221.28,2209.55,-10.26,-0.46,397331,4884061,11.55,1.72,322641967,740789961.092607
801001.SI,20170407,申万50,2224.12,2214.91,2226.73,2219.81,-3.91,-0.18,384285,4736645,11.61,1.73,324684624,743817165.193289
801001.SI,20170406,申万50,2215.47,2209.19,2225.79,2223.72,8.66,0.39,415807,5388582,11.64,1.73,325256153,745235302.466289
801001.SI,20170405,申万50,2202.3,2201.55,2218.55,2215.06,20.22,0.92,425298,5464835,11.59,1.72,323988679,741330082.484238
801001.SI,20170331,申万50,2180.07,2176.45,2195.78,2194.84,12.89,0.59,260136,3576399,11.49,1.71,321031205,734462372.840921
801001.SI,20170330,申万50,2196.25,2172.93,2200.73,2181.95,-17.07,-0.78,343896,4233147,11.43,1.71,319143916,730102558.656789
801001.SI,20170329,申万50,2203.77,2192.88,2209.15,2199.02,-2.02,-0.09,335717,4462194,11.51,1.72,321640227,735564033.419138
801001.SI,20170328,申万50,2210.44,2196.55,2210.83,2201.04,-5.01,-0.23,295741,3881249,11.52,1.72,321865528,736270510.454891
801001.SI,20170327,申万50,2213.57,2204.34,2230.26,2206.05,-9.79,-0.44,356284,4981467,11.55,1.73,322598255,738213125.863735
801001.SI,20170324,申万50,2201.82,2198.75,2225.24,2215.84,17.89,0.81,465390,5826131,11.61,1.75,324030265,740948793.319408
801001.SI,20170323,申万50,2186.29,2183.16,2199.08,2197.95,12.69,0.58,289217,4180382,11.52,1.73,321414307,734083023.573288
801001.SI,20170322,申万50,2186.28,2174.34,2193.0,2185.26,-10.81,-0.49,318551,4123382,11.45,1.73,319557888,730814533.897977
801001.SI,20170321,申万50,2180.61,2178.99,2196.07,2196.07,17.01,0.78,278877,4128504,11.51,1.73,321138738,735034049.002284
801001.SI,20170320,申万50,2180.29,2166.64,2184.0,2179.06,1.22,0.06,255901,3493750,11.42,1.72,318650756,730284927.42451
801001.SI,20170317,申万50,2204.13,2175.91,2205.24,2177.84,-23.47,-1.07,319255,4369580,11.42,1.72,318425995,729487367.883839
801001.SI,20170316,申万50,2197.93,2196.05,2209.51,2201.31,9.78,0.45,306586,4447951,11.54,1.74,321857003,737297022.144636
801001.SI,20170315,申万50,2181.61,2176.72,2191.75,2191.53,7.2,0.33,214718,3053323,11.49,1.73,320426786,733148435.60902
801001.SI,20170314,申万50,2183.8,2180.63,2189.78,2184.33,-0.26,-0.01,210072,2960054,11.45,1.73,319373483,731078546.182041
801001.SI,20170313,申万50,2168.0,2158.31,2184.59,2184.59,15.69,0.72,295543,3821759,11.45,1.73,319410846,730875770.828529
801001.SI,20170310,申万50,2166.92,2166.34,2175.4,2168.9,-0.33,-0.02,204435,2789988,11.37,1.71,317117214,725972161.041395
801001.SI,20170309,申万50,2176.51,2160.11,2176.51,2169.23,-10.83,-0.5,255309,3165066,11.37,1.72,317165630,726636667.947319
801001.SI,20170308,申万50,2178.16,2173.2,2186.56,2180.06,1.11,0.05,275074,3265331,11.43,1.72,318748568,730589439.531215
801001.SI,20170307,申万50,2172.86,2171.42,2178.95,2178.95,6.46,0.3,237816,3037805,11.44,1.73,319219654,730951566.684131
801001.SI,20170306,申万50,2158.68,2158.25,2174.36,2172.49,12.68,0.59,229144,3040761,11.4,1.72,318250012,728926767.885166
801001.SI,20170303,申万50,2159.47,2152.06,2161.13,2159.81,-7.06,-0.33,226208,3053875,11.33,1.71,316392505,725723927.600547
801001.SI,20170302,申万50,2188.02,2165.99,2189.86,2166.87,-17.68,-0.81,271776,3600938,11.37,1.72,317426590,728916023.640279
801001.SI,20170301,申万50,2181.83,2180.67,2194.3,2184.55,3.22,0.15,311840,3900963,11.46,1.73,320016089,734372156.945643
801001.SI,20170228,申万50,2176.37,2173.89,2186.18,2181.33,4.88,0.22,201321,2686394,11.45,1.73,319544936,733490708.131213
801001.SI,20170227,申万50,2196.03,2174.13,2196.03,2176.45,-22.35,-1.02,244250,3270041,11.42,1.72,318830172,730921587.984717
801001.SI,20170224,申万50,2194.52,2185.89,2198.8,2198.8,2.75,0.13,241424,3026118,11.53,1.74,322338326,738455121.271166
801001.SI,20170223,申万50,2206.88,2188.64,2210.18,2196.05,-11.88,-0.54,249702,3253002,11.52,1.74,321935077,737149292.361213
801001.SI,20170222,申万50,2203.45,2198.13,2207.93,2207.93,3.75,0.17,258035,3381500,11.58,1.75,323675890,740522310.365642
801001.SI,20170221,申万50,2203.26,2198.78,2212.63,2204.18,2.86,0.13,319014,4175910,11.56,1.75,323125740,738939346.379178
801001.SI,20170220,申万50,2167.49,2167.49,2202.97,2201.32,33.89,1.56,373222,5014310,11.56,1.75,322706713,737665074.504373
801001.SI,20170217,申万50,2178.4,2166.42,2189.97,2167.43,-8.91,-0.41,308571,4187465,11.37,1.72,317737780,725769926.312691
801001.SI,20170216,申万50,2165.83,2161.78,2176.34,2176.34,10.66,0.49,248711,3158827,11.42,1.73,319044193,730205387.592784
801001.SI,20170215,申万50,2172.22,2162.85,2180.04,2165.68,-5.09,-0.23,335757,4140534,11.36,1.72,317481758,726618689.776135
801001.SI,20170214,申万50,2179.13,2165.53,2181.38,2170.77,-6.13,-0.28,261018,3414537,11.39,1.72,318227430,728190366.954429
801001.SI,20170213,申万50,2159.99,2159.99,2178.89,2176.9,16.38,0.76,342191,4671054,11.42,1.73,319125550,729695360.032208
801001.SI,20170210,申万50,2151.72,2151.72,2167.8,2160.52,11.3,0.53,384971,4579744,11.33,1.71,316724149,724652225.142708
801001.SI,20170209,申万50,2138.19,2137.56,2158.78,2149.22,10.57,0.49,315999,3846623,11.28,1.7,315067127,720177613.413479
801001.SI,20170208,申万50,2122.22,2113.13,2138.65,2138.65,13.92,0.66,254139,3113913,11.22,1.7,313517641,715837680.456665
801001.SI,20170207,申万50,2131.65,2118.8,2134.92,2124.73,-7.26,-0.34,183896,2368926,11.14,1.68,311476678,710929701.644429
801001.SI,20170206,申万50,2133.0,2124.97,2139.05,2131.99,2.37,0.11,201962,2400256,11.19,1.69,312541370,713617982.021005
801001.SI,20170203,申万50,2152.51,2128.87,2152.66,2129.62,-20.34,-0.95,216499,2158719,11.17,1.69,312194221,712727658.962645
801001.SI,20170126,申万50,2145.41,2145.41,2157.7,2149.96,6.49,0.3,177977,2223625,11.25,1.7,314751251,716713768.484789
801001.SI,20170125,申万50,2133.3,2128.91,2143.61,2143.47,7.54,0.35,185699,2220773,11.22,1.7,313801563,714503588.681528
801001.SI,20170124,申万50,2136.95,2130.38,2140.36,2135.93,-0.61,-0.03,187680,2244442,11.18,1.69,312697168,711645813.225765
801001.SI,20170123,申万50,2137.01,2130.52,2148.74,2136.54,3.46,0.16,240613,2809024,11.18,1.69,312786878,711378479.369303
801001.SI,20170120,申万50,2115.18,2115.18,2134.37,2133.08,18.86,0.89,219964,2789570,11.17,1.69,312280367,710310536.036955
801001.SI,20170119,申万50,2116.3,2112.04,2127.36,2114.22,-8.18,-0.39,215622,2248129,11.08,1.68,309518664,704823949.654089
801001.SI,20170118,申万50,2109.06,2109.06,2131.32,2122.4,12.82,0.61,214872,3020347,11.13,1.69,310715873,707345499.026725
801001.SI,20170117,申万50,2094.32,2089.74,2110.61,2109.58,5.9,0.28,211942,2847375,11.06,1.68,308839474,703566121.188049
801001.SI,20170116,申万50,2098.13,2071.57,2106.81,2103.68,1.45,0.07,513169,5892128,11.02,1.67,307701574,701447003.551382
801001.SI,20170113,申万50,2099.82,2093.74,2114.27,2102.23,2.96,0.14,294296,3252814,11.0,1.67,307489743,701523282.380253
801001.SI,20170112,申万50,2105.5,2098.97,2114.65,2099.27,-6.86,-0.33,289272,2729362,10.97,1.67,307056958,701266791.208199
801001.SI,20170111,申万50,2119.65,2106.11,2125.42,2106.13,-15.11,-0.71,270559,2877700,11.02,1.67,308059760,704170513.892171
801001.SI,20170110,申万50,2125.87,2120.47,2129.97,2121.23,-5.82,-0.27,243596,2694798,11.1,1.68,310269009,709382482.783445
801001.SI,20170109,申万50,2118.73,2115.71,2127.5,2127.05,7.41,0.35,271538,3044126,11.13,1.69,311092164,711887407.812453
801001.SI,20170106,申万50,2134.32,2118.7,2135.46,2119.64,-15.23,-0.71,247051,3118737,11.1,1.68,310009076,709120532.548107
801001.SI,20170105,申万50,2135.85,2130.98,2139.02,2134.87,-0.91,-0.04,269562,3195384,11.18,1.7,312236503,713916046.650843
801001.SI,20170104,申万50,2115.82,2115.82,2136.14,2135.78,18.6,0.88,289106,3507406,11.18,1.7,312295395,714275485.90445
801001.SI,20170103,申万50,2094.42,2094.42,2120.17,2117.18,24.76,1.18,315485,3143010,11.08,1.68,309575859,707529049.07168
801001.SI,20161230,申万50,2084.8,2082.91,2093.15,2092.42,9.97,0.48,193242,2379605,10.69,1.61,320618150,670480069.29707
801001.SI,20161229,申万50,2083.73,2076.51,2089.8,2082.45,-4.45,-0.21,185414,2357310,10.64,1.61,319090205,668134266.347206
801001.SI,20161228,申万50,2097.02,2080.25,2100.13,2086.9,-10.24,-0.49,178916,2228957,10.67,1.61,319772673,670109024.265065
801001.SI,20161227,申万50,2096.36,2095.99,2106.39,2097.14,-1.94,-0.09,186807,2422073,10.72,1.62,321342139,673900780.972128
801001.SI,20161226,申万50,2074.01,2060.94,2099.26,2099.08,15.4,0.74,235400,2936423,10.73,1.62,321639296,675478165.573419
801001.SI,20161223,申万50,2099.58,2079.75,2099.93,2083.68,-18.69,-0.89,258540,3128462,10.61,1.6,320820268,670174650.355626
801001.SI,20161222,申万50,2106.05,2093.92,2106.92,2102.37,-5.89,-0.28,211053,2583489,10.71,1.62,323697621,676079790.479395
801001.SI,20161221,申万50,2098.69,2098.69,2111.02,2108.26,12.63,0.6,267004,3121606,10.74,1.62,324604448,677368653.457063
801001.SI,20161220,申万50,2113.3,2083.03,2113.3,2095.63,-16.17,-0.77,255671,3134904,10.67,1.61,322658939,672200402.747314
801001.SI,20161219,申万50,2125.88,2109.26,2125.88,2111.8,-18.64,-0.87,214569,2826253,10.76,1.63,325148597,677043704.984496
801001.SI,20161216,申万50,2123.8,2122.24,2138.92,2130.44,1.6,0.08,259349,3469425,10.85,1.64,328027066,683256322.143893
801001.SI,20161215,申万50,2155.35,2121.53,2162.8,2128.84,-36.87,-1.7,336827,4384721,10.85,1.64,327780496,682160771.902738
801001.SI,20161214,申万50,2175.57,2165.4,2187.67,2165.71,-12.41,-0.57,368947,4569375,11.04,1.67,333456705,693050212.830329
801001.SI,20161213,申万50,2178.32,2161.96,2186.52,2178.12,-10.35,-0.47,345065,4297715,11.11,1.68,335368005,697256192.218312
801001.SI,20161212,申万50,2229.62,2178.78,2236.19,2188.47,-46.23,-2.07,558461,7658590,11.16,1.68,336961216,699694030.261645
801001.SI,20161209,申万50,2205.86,2205.41,2244.13,2234.7,24.85,1.12,504892,6505477,11.39,1.72,344079354,715391807.912563
801001.SI,20161208,申万50,2210.72,2204.78,2217.45,2209.85,2.92,0.13,350787,4647456,11.26,1.7,340623396,706331369.023784
801001.SI,20161207,申万50,2198.33,2190.83,2206.93,2206.93,6.84,0.31,320979,4223775,11.25,1.7,340173069,706410629.590743
801001.SI,20161206,申万50,2198.25,2198.25,2212.1,2200.09,-0.55,-0.03,384810,5442785,11.22,1.69,339118220,704336606.936305
801001.SI,20161205,申万50,2205.62,2191.42,2222.16,2200.64,-46.16,-2.05,634375,8060653,11.23,1.69,339203308,704756042.444098
801001.SI,20161202,申万50,2267.74,2237.89,2267.74,2246.8,-25.96,-1.14,578699,7809743,11.46,1.73,346319104,720708854.120496
801001.SI,20161201,申万50,2266.82,2258.61,2285.68,2272.76,13.3,0.59,556067,8340892,11.61,1.75,350283380,727212697.356293
801001.SI,20161130,申万50,2269.28,2252.37,2277.43,2259.46,-11.85,-0.52,544668,7829575,11.53,1.74,349442388,722819075.482006
801001.SI,20161129,申万50,2235.44,2233.52,2281.73,2271.31,31.85,1.42,752468,9920528,11.6,1.75,351275014,726634717.530101
801001.SI,20161128,申万50,2246.24,2235.32,2258.34,2239.46,7.84,0.35,646873,9056603,11.46,1.73,347804657,715772735.240988
801001.SI,20161125,申万50,2211.58,2193.75,2231.62,2231.62,21.56,0.98,377522,5608716,11.42,1.72,346928013,712132516.756031
801001.SI,20161124,申万50,2194.62,2192.7,2224.57,2210.06,9.06,0.41,365234,5906946,11.31,1.7,343576474,705195750.534517
801001.SI,20161123,申万50,2192.99,2191.51,2207.42,2201.0,14.26,0.65,432889,6365238,11.25,1.7,343545322,703493920.046886
801001.SI,20161122,申万50,2169.28,2169.23,2188.46,2186.74,18.69,0.86,531100,6709580,11.16,1.68,341088986,698868486.396861
801001.SI,20161121,申万50,2145.21,2145.21,2183.67,2168.05,19.19,0.89,448768,5962874,11.07,1.67,338173363,692884464.986207
801001.SI,20161118,申万50,2160.73,2147.85,2163.56,2148.86,-8.24,-0.38,301952,4147934,10.97,1.66,335179462,686685474.771726
801001.SI,20161117,申万50,2148.29,2143.28,2157.19,2157.1,3.88,0.18,287387,4055381,11.01,1.66,336381837,689140749.99584
801001.SI,20161116,申万50,2156.07,2147.97,2157.23,2153.22,-0.89,-0.04,295725,4052312,10.99,1.66,335776893,688066106.429607
801001.SI,20161115,申万50,2149.05,2145.42,2154.46,2154.11,2.45,0.11,282901,4267297,11.0,1.66,335915169,688699866.462885
801001.SI,20161114,申万50,2145.53,2145.36,2171.45,2151.66,2.06,0.1,508758,7146256,10.98,1.66,335493629,688024122.974678
801001.SI,20161111,申万50,2132.53,2130.5,2154.13,2149.6,14.48,0.68,460997,6593514,10.97,1.66,335172937,687177890.253142
801001.SI,20161110,申万50,2127.04,2124.33,2148.07,2135.12,20.47,0.97,308409,4448093,10.89,1.64,332915482,682665296.944984
801001.SI,20161109,申万50,2124.85,2097.25,2128.59,2114.65,-10.09,-0.47,420170,5740752,10.78,1.63,329723997,676006848.995274
801001.SI,20161108,申万50,2125.86,2120.95,2134.76,2124.74,5.88,0.28,271576,3397532,10.84,1.64,331297549,678908749.302712
801001.SI,20161107,申万50,2115.54,2108.64,2121.79,2118.86,2.18,0.1,320644,3264893,10.81,1.63,330379990,676804497.567187
801001.SI,20161104,申万50,2120.52,2113.56,2130.57,2116.68,-5.5,-0.26,282109,3809303,10.81,1.63,330039812,676194666.022028
801001.SI,20161103,申万50,2096.49,2095.91,2132.01,2122.18,20.49,0.97,350740,4931728,10.84,1.63,330841676,677979916.146448
801001.SI,20161102,申万50,2114.74,2100.97,2116.6,2101.69,-19.29,-0.91,230956,3464728,10.73,1.62,327647197,671337951.395571
801001.SI,20161101,申万50,2105.51,2103.66,2121.02,2120.98,16.61,0.79,183116,2884473,10.83,1.63,330557371,677696521.617132
801001.SI,20161031,申万50,2102.73,2092.82,2107.17,2104.37,-3.34,-0.16,178567,2745881,10.75,1.62,327969059,672974519.197618
801001.SI,20161028,申万50,2106.78,2104.85,2126.0,2107.71,3.5,0.17,253588,3998674,10.76,1.69,328489618,674073981.867755
801001.SI,20161027,申万50,2108.51,2099.12,2109.61,2104.21,-6.73,-0.32,192509,2906063,10.74,1.7,327944602,673162505.922769
801001.SI,20161026,申万50,2117.46,2109.17,2119.07,2110.94,-8.15,-0.38,222686,3433881,10.77,1.71,328993028,675122151.913533
801001.SI,20161025,申万50,2117.55,2112.97,2122.47,2119.09,1.2,0.06,243670,3487693,10.81,1.72,330251095,676131611.83874
801001.SI,20161024,申万50,2096.2,2093.23,2129.9,2117.89,27.45,1.31,387809,5300579,10.8,1.72,330064834,676084519.737894
801001.SI,20161021,申万50,2079.2,2078.0,2096.38,2090.44,9.07,0.44,261628,3521636,10.66,1.69,325758754,667155530.371923
801001.SI,20161020,申万50,2080.02,2077.53,2084.72,2081.37,3.14,0.15,158600,2291991,10.61,1.69,324344837,664222133.785249
801001.SI,20161019,申万50,2084.93,2075.48,2088.2,2078.23,-5.69,-0.27,193730,2511330,10.59,1.69,323855547,663188147.586496
801001.SI,20161018,申万50,2055.25,2055.25,2084.22,2083.92,25.83,1.26,224662,3255693,10.61,1.69,325446007,664648861.866883
801001.SI,20161017,申万50,2074.3,2054.69,2075.41,2058.09,-17.1,-0.82,189862,2588575,10.48,1.67,321412119,655881311.443586
801001.SI,20161014,申万50,2071.43,2065.98,2076.16,2075.19,2.33,0.11,178017,2227489,10.56,1.68,324034830,661416312.336444
801001.SI,20161013,申万50,2073.43,2068.11,2078.02,2072.86,0.14,0.01,220091,2485739,10.55,1.68,323670631,660135723.8554
801001.SI,20161012,申万50,2074.12,2067.49,2074.89,2072.72,-6.8,-0.33,131921,1910798,10.55,1.68,323648699,659782189.839804
801001.SI,20161011,申万50,2075.58,2073.05,2083.33,2079.52,4.71,0.23,210986,2837904,10.59,1.69,324710053,662110755.015507
801001.SI,20161010,申万50,2059.06,2055.25,2077.48,2074.81,20.5,1.0,184039,2864768,10.57,1.68,323974479,659997564.91617
801001.SI,20160930,申万50,2044.07,2044.07,2059.37,2054.31,7.23,0.35,102538,1860303,10.47,1.67,320763782,653320611.728299
801001.SI,20160929,申万50,2041.89,2041.89,2055.77,2047.08,8.95,0.44,125032,2029707,10.43,1.66,319634966,650712793.006638
801001.SI,20160928,申万50,2045.83,2036.71,2046.56,2038.13,-7.67,-0.38,102052,1751767,10.38,1.65,318237917,647193043.5388
801001.SI,20160927,申万50,2029.63,2029.63,2046.26,2045.81,11.62,0.57,132516,2242479,10.42,1.66,319436228,649644071.059938
801001.SI,20160926,申万50,2057.42,2033.85,2057.42,2034.19,-29.22,-1.42,162486,2590915,10.36,1.65,317621326,645859769.107152
801001.SI,20160923,申万50,2075.19,2062.97,2076.67,2063.41,-11.31,-0.54,127739,2122720,10.51,1.67,322183253,655698441.680076
801001.SI,20160922,申万50,2068.18,2064.96,2083.39,2074.72,16.48,0.8,196557,3237411,10.58,1.68,324437050,659096263.222966
801001.SI,20160921,申万50,2054.05,2049.28,2059.44,2058.24,4.83,0.24,134008,2378148,10.51,1.67,320008848,653422187.342334
801001.SI,20160920,申万50,2060.74,2050.19,2060.74,2053.41,-6.06,-0.29,117586,1844447,10.48,1.66,319258045,651997828.317367
801001.SI,20160919,申万50,2044.2,2044.2,2062.58,2059.47,17.43,0.85,137824,2303695,10.51,1.67,320199540,654280232.139145
801001.SI,20160914,申万50,2048.92,2037.6,2053.66,2042.04,-15.44,-0.75,159988,2576445,10.42,1.65,317490033,649326568.650246
801001.SI,20160913,申万50,2061.66,2050.61,2062.99,2057.48,-2.75,-0.13,143420,2336689,10.5,1.67,319890996,654344710.364788
801001.SI,20160912,申万50,2065.05,2044.07,2069.49,2060.23,-34.37,-1.64,315712,4702160,10.52,1.67,320328326,655143345.04042
801001.SI,20160909,申万50,2104.14,2094.6,2108.24,2094.6,-8.95,-0.43,173416,2881674,10.69,1.7,325672500,666380920.46848
801001.SI,20160908,申万50,2103.51,2098.3,2107.43,2103.55,-1.57,-0.07,149543,2525248,10.74,1.7,327063407,669535130.651758
801001.SI,20160907,申万50,2107.19,2102.94,2113.68,2105.12,-1.42,-0.07,212161,3566968,10.74,1.71,327306820,670138166.768424
801001.SI,20160906,申万50,2099.67,2085.7,2112.18,2106.54,11.12,0.53,243688,4367239,10.75,1.71,327527472,670595602.980343
801001.SI,20160905,申万50,2095.1,2092.03,2106.01,2095.42,6.81,0.33,157115,2441918,10.69,1.7,325939105,667620086.042281
801001.SI,20160902,申万50,2079.22,2079.04,2094.08,2088.61,10.06,0.48,184481,3016910,10.66,1.69,324879251,665784194.740288
801001.SI,20160901,申万50,2094.47,2078.25,2095.43,2078.55,-17.49,-0.83,182793,3031043,10.59,1.68,322490548,663550436.61209
801001.SI,20160831,申万50,2081.74,2080.67,2101.7,2096.04,13.52,0.65,180765,3118268,11.86,1.69,325203859,669841733.525373
801001.SI,20160830,申万50,2078.8,2076.26,2090.55,2082.52,6.44,0.31,182086,2779508,11.78,1.7,323106897,665105878.006504
801001.SI,20160829,申万50,2078.93,2068.71,2079.82,2076.08,-4.55,-0.22,165340,2585054,11.75,1.72,322183829,662953410.566915
801001.SI,20160826,申万50,2086.15,2078.07,2094.71,2080.63,-3.38,-0.16,191990,2820646,11.78,1.72,322889770,663613375.959149
801001.SI,20160825,申万50,2083.97,2066.68,2089.03,2084.01,-9.18,-0.44,243566,3673860,11.8,1.73,323405669,664710347.511489
801001.SI,20160824,申万50,2104.6,2089.65,2107.23,2093.19,-12.8,-0.61,222182,3072215,11.85,1.74,324831373,668009227.838815
801001.SI,20160823,申万50,2098.94,2095.26,2119.18,2105.99,5.35,0.25,213162,3359003,11.9,1.76,326714968,671569041.89532
801001.SI,20160822,申万50,2115.56,2099.38,2120.43,2100.64,-14.35,-0.68,201015,3667332,11.87,1.76,325885754,670305867.327334
801001.SI,20160819,申万50,2112.65,2102.18,2120.02,2114.99,-1.85,-0.09,229756,3766247,11.95,1.78,328111811,675435347.698791
801001.SI,20160818,申万50,2126.03,2106.73,2142.51,2116.84,-13.24,-0.62,301884,5473638,11.96,1.78,328398575,675616848.366363
801001.SI,20160817,申万50,2137.93,2121.34,2150.86,2130.07,-5.62,-0.26,316288,5702163,12.04,1.8,330451761,680044823.057764
801001.SI,20160816,申万50,2157.78,2132.29,2168.09,2135.69,-12.99,-0.6,441197,7609351,12.07,1.81,331323355,681917639.450506
801001.SI,20160815,申万50,2085.89,2084.33,2170.99,2148.68,68.91,3.31,594855,9876054,12.15,1.82,333338858,685079047.077414
801001.SI,20160812,申万50,2040.52,2039.26,2079.77,2079.77,40.03,1.96,303996,4785276,11.76,1.76,323708830,663521463.363826
801001.SI,20160811,申万50,2035.4,2035.4,2065.99,2039.74,3.92,0.19,236972,3958833,11.53,1.73,317478502,650920090.432974
801001.SI,20160810,申万50,2043.11,2035.41,2046.26,2035.82,-8.73,-0.43,190476,3198147,11.5,1.74,316868755,650046469.230751
801001.SI,20160809,申万50,2028.67,2026.08,2045.04,2044.55,16.28,0.8,222038,3393703,11.55,1.75,318227115,652873995.684891
801001.SI,20160808,申万50,2014.15,2005.17,2028.29,2028.27,10.22,0.51,218492,3560746,11.46,1.73,315692555,647416313.244014
801001.SI,20160805,申万50,2010.34,2005.33,2032.07,2018.05,8.51,0.42,189946,3243614,11.39,1.72,313688208,643275615.984722
801001.SI,20160804,申万50,2002.29,1988.44,2009.67,2009.54,5.94,0.3,169078,2897933,11.34,1.71,312364839,641088301.831717
801001.SI,20160803,申万50,1996.92,1994.59,2006.36,2003.6,0.87,0.04,146089,2304289,11.31,1.71,311441581,639137228.629799
801001.SI,20160802,申万50,1999.33,1992.85,2006.16,2002.73,2.17,0.11,127342,2182456,11.3,1.71,311310257,638713227.965537
801001.SI,20160801,申万50,2010.58,1988.94,2014.58,2000.56,-13.88,-0.69,197010,3093572,11.29,1.7,310968566,637942584.725275
801001.SI,20160729,申万50,2022.31,2011.24,2024.25,2014.44,-10.35,-0.51,184924,3048614,11.37,1.72,313126765,642468927.12769
801001.SI,20160728,申万50,2023.25,2015.18,2034.93,2024.79,-7.85,-0.39,257740,4208062,11.42,1.72,314669503,645884102.206809
801001.SI,20160727,申万50,2058.22,1990.68,2058.59,2032.64,-23.86,-1.16,393384,6128428,11.47,1.73,315889605,648344948.075715
801001.SI,20160726,申万50,2031.41,2031.41,2056.81,2056.5,22.97,1.13,191383,3372326,11.6,1.75,319598279,656494691.672561
801001.SI,20160725,申万50,2030.11,2028.02,2043.48,2033.53,-0.53,-0.03,170294,3009675,11.47,1.73,316028191,649108431.396217
801001.SI,20160722,申万50,2051.35,2032.2,2053.18,2034.06,-19.3,-0.94,202280,3455163,11.47,1.73,316108851,647902503.031056
801001.SI,20160721,申万50,2044.28,2044.28,2063.43,2053.36,9.5,0.47,203272,3589724,11.58,1.75,319108138,654163427.933133
801001.SI,20160720,申万50,2052.76,2041.25,2055.53,2043.86,-9.68,-0.47,168878,3139040,11.52,1.74,317631000,651279172.394193
801001.SI,20160719,申万50,2065.52,2040.17,2069.81,2053.54,-9.86,-0.48,208374,3659450,11.57,1.75,319134841,654198165.230132
801001.SI,20160718,申万50,2069.71,2060.2,2080.74,2063.4,-9.49,-0.46,254769,4211050,11.63,1.75,320666693,657153878.987422
801001.SI,20160715,申万50,2077.78,2067.01,2080.06,2072.89,-4.13,-0.2,246713,4439477,11.68,1.76,322141947,660673097.689539
801001.SI,20160714,申万50,2076.66,2066.69,2081.18,2077.02,-2.84,-0.14,255631,4484453,11.7,1.76,322783996,661415288.682643
801001.SI,20160713,申万50,2079.06,2073.13,2100.31,2079.86,-1.24,-0.06,416490,6843575,11.7,1.76,323253504,663044746.869657
801001.SI,20160712,申万50,2042.19,2041.61,2081.45,2081.1,38.91,1.91,398330,6585025,11.71,1.75,323576117,663522583.631144
801001.SI,20160711,申万50,2039.41,2038.51,2058.29,2042.19,5.95,0.29,365619,5692636,11.43,1.71,315954428,651190533.506884
801001.SI,20160708,申万50,2038.64,2031.97,2044.12,2036.24,-6.88,-0.34,244888,4337064,11.46,1.71,316600044,648895486.881357
801001.SI,20160707,申万50,2040.51,2031.23,2051.8,2043.12,-5.01,-0.24,308383,5390981,11.5,1.72,317669596,651688961.442021
801001.SI,20160706,申万50,2037.82,2029.36,2049.32,2048.13,3.4,0.17,339435,5891616,11.53,1.72,318448381,652958304.414301
801001.SI,20160705,申万50,2042.47,2038.22,2049.01,2044.73,-6.92,-0.34,321523,4907130,11.49,1.71,317570821,651575912.788657
801001.SI,20160704,申万50,2013.45,2012.64,2060.27,2051.65,23.12,1.14,346017,5542752,11.55,1.72,318645833,652375445.342444
801001.SI,20160701,申万50,2028.76,2024.84,2036.88,2028.53,1.25,0.06,193624,3588104,11.42,1.7,315054543,644557683.923409
801001.SI,20160630,申万50,2024.8,2022.95,2034.06,2027.28,2.66,0.13,246532,2815730,9.59,1.35,322498388,1096878101.5842
801001.SI,20160629,申万50,2009.36,2006.97,2026.01,2024.62,18.86,0.94,334319,3185464,9.57,1.34,322075208,1094165278.74121
801001.SI,20160628,申万50,1991.68,1987.63,2007.97,2005.76,7.97,0.4,223693,2605829,9.49,1.33,319075399,1085332300.48508
801001.SI,20160627,申万50,1977.37,1977.36,1997.93,1997.79,15.15,0.76,191159,2075316,9.45,1.33,317807169,1082022972.68925
801001.SI,20160624,申万50,2003.74,1960.89,2014.73,1982.64,-27.02,-1.34,268997,2681049,9.39,1.31,311623422,1075851459.52439
801001.SI,20160623,申万50,2017.43,2002.36,2017.43,2009.66,-9.13,-0.45,179201,1805428,9.45,1.32,313704665,1090915620.56499
801001.SI,20160622,申万50,2005.3,2003.47,2019.03,2018.79,10.58,0.53,161458,1696819,9.56,1.32,317284176,1094885213.40319
801001.SI,20160621,申万50,2012.51,2004.27,2033.75,2008.21,0.58,0.03,210591,2403473,9.51,1.32,315621983,1088973531.28005
801001.SI,20160620,申万50,2011.56,1998.3,2013.35,2007.63,3.18,0.16,144068,1468516,9.51,1.32,315530830,1088791250.15692
801001.SI,20160617,申万50,1997.98,1997.98,2016.9,2004.45,6.35,0.32,200663,2039722,9.49,1.31,315031201,1086699105.6321
801001.SI,20160616,申万50,1998.88,1996.42,2007.86,1998.11,-11.52,-0.57,196091,2011025,9.46,1.31,314033894,1084483843.25783
801001.SI,20160615,申万50,1978.93,1978.93,2017.96,2009.63,11.61,0.58,221631,2416001,9.52,1.31,315843830,1090906553.0676
801001.SI,20160614,申万50,1987.98,1985.35,2001.26,1998.03,7.02,0.35,168104,1879723,9.46,1.3,314019778,1086000100.16813
801001.SI,20160613,申万50,2020.73,1990.42,2027.82,1991.01,-47.37,-2.32,239992,2710618,9.43,1.29,312917175,1082634152.08548
801001.SI,20160608,申万50,2041.3,2031.3,2043.52,2038.38,-4.35,-0.21,191169,2193996,9.65,1.33,320362266,1106156858.53557
801001.SI,20160607,申万50,2046.69,2039.91,2050.02,2042.73,0.23,0.01,164792,2059243,9.68,1.33,321046230,1107626273.49887
801001.SI,20160606,申万50,2053.52,2038.59,2054.91,2042.5,-13.71,-0.67,188778,2508356,9.67,1.33,321009689,1107577527.35337
801001.SI,20160603,申万50,2051.96,2043.8,2063.52,2056.21,10.23,0.5,302951,4290266,9.74,1.33,323250914,1110395067.71355
801001.SI,20160602,申万50,2045.99,2038.99,2050.86,2045.98,-0.64,-0.03,208258,2144027,9.69,1.33,321647999,1105164816.00719
801001.SI,20160601,申万50,2061.59,2046.62,2065.34,2046.62,-14.37,-0.7,292140,3120821,9.7,1.33,321111986,1105744783.84309
801001.SI,20160531,申万50,2004.2,2004.2,2062.86,2060.99,57.77,2.88,440118,4368964,9.77,1.34,323367110,1112357217.13916
801001.SI,20160530,申万50,1991.63,1982.24,2004.77,2003.22,12.74,0.64,195408,1597367,9.5,1.3,314303280,1084143852.89924
801001.SI,20160527,申万50,1989.94,1985.54,1995.39,1990.48,-0.57,-0.03,162762,1185230,9.44,1.29,312304361,1077484828.34702
801001.SI,20160526,申万50,1986.27,1978.84,1996.96,1991.05,3.24,0.16,151159,1392042,9.44,1.29,312364160,1077702219.36702
801001.SI,20160525,申万50,1993.74,1985.02,1998.8,1987.81,5.39,0.27,130686,1289189,9.43,1.29,311790750,1075278501.97467
801001.SI,20160524,申万50,1994.44,1979.48,1994.44,1982.42,-14.57,-0.73,152209,1354690,9.4,1.29,310945757,1074142361.48468
801001.SI,20160523,申万50,1999.02,1993.34,2008.4,1996.99,-1.44,-0.07,170453,1683707,9.47,1.3,313230563,1079034963.7463
801001.SI,20160520,申万50,1984.52,1981.95,1998.69,1998.43,8.32,0.42,155587,1504694,9.48,1.3,313479686,1078527639.12702
801001.SI,20160519,申万50,1990.1,1987.39,2001.35,1990.11,-6.15,-0.31,154219,1449431,9.44,1.29,312174295,1074088478.55755
801001.SI,20160518,申万50,1984.91,1973.67,1998.13,1996.26,4.44,0.22,261242,2462685,9.47,1.3,313139318,1077078503.15437
801001.SI,20160517,申万50,1996.47,1983.75,1999.46,1991.82,-4.46,-0.22,155980,1613968,9.44,1.29,312443346,1077562441.81344
801001.SI,20160516,申万50,1983.02,1981.05,1996.7,1996.28,6.79,0.34,147353,1397177,9.46,1.3,313164490,1077416918.47408
801001.SI,20160513,申万50,1990.59,1985.74,2000.35,1989.49,-6.12,-0.31,165027,1545570,9.43,1.29,312099489,1073717577.08824
801001.SI,20160512,申万50,1979.48,1969.45,1999.31,1995.61,6.02,0.3,203602,1907366,9.46,1.3,313058986,1075423288.38116
801001.SI,20160511,申万50,1993.66,1983.0,2000.2,1989.59,1.04,0.05,209059,1869157,9.43,1.29,312114119,1074770239.99586
801001.SI,20160510,申万50,1978.66,1978.66,1999.5,1988.55,0.91,0.05,203793,1846135,9.42,1.29,311950411,1072994791.10416
801001.SI,20160509,申万50,2013.52,1980.81,2013.52,1987.64,-31.76,-1.57,276068,2497377,9.42,1.29,311807547,1073542507.59565
801001.SI,20160506,申万50,2061.36,2018.85,2061.91,2019.4,-42.89,-2.08,292592,2852481,9.57,1.31,316789606,1092962012.91478
801001.SI,20160505,申万50,2058.88,2055.32,2064.34,2062.29,-0.08,0.0,170388,1674307,9.77,1.34,323604282,1114227791.40183
801001.SI,20160504,申万50,2060.2,2056.4,2067.2,2062.37,-3.5,-0.17,216279,2045559,9.77,1.34,323617300,1114443193.41856
801001.SI,20160503,申万50,2045.84,2041.45,2074.29,2065.87,20.46,1.0,289931,2998849,9.79,1.34,324155640,1117241948.30667
801001.SI,20160429,申万50,2049.26,2045.32,2055.07,2045.41,-9.24,-0.45,168390,1646910,8.68,1.35,319542224,1107558417.52856
801001.SI,20160428,申万50,2060.5,2045.04,2066.57,2054.65,-2.83,-0.14,192787,1907858,8.72,1.36,320986051,1114405099.49926
801001.SI,20160427,申万50,2068.39,2056.48,2069.84,2057.48,-8.92,-0.43,155723,1625759,8.73,1.37,321427449,1115179572.84086
801001.SI,20160426,申万50,2057.45,2051.98,2071.36,2066.4,7.0,0.34,170982,1791239,8.77,1.39,322820030,1118657998.47456
801001.SI,20160425,申万50,2058.66,2042.43,2066.28,2059.4,-5.97,-0.29,200792,1960073,8.74,1.38,321726641,1115646078.67986
801001.SI,20160422,申万50,2044.63,2042.99,2068.01,2065.37,10.0,0.49,208661,2200447,8.77,1.39,322659128,1119439160.19913
801001.SI,20160421,申万50,2049.44,2042.16,2076.82,2055.37,-8.66,-0.42,294679,3169113,8.72,1.38,321096243,1116535870.04389
801001.SI,20160420,申万50,2081.66,2014.67,2084.06,2064.03,-15.58,-0.75,497257,4632439,8.75,1.39,322449682,1115084549.23334
801001.SI,20160419,申万50,2085.24,2072.64,2087.52,2079.61,4.64,0.22,189377,1932114,8.81,1.4,324882731,1124686119.49583
801001.SI,20160418,申万50,2082.72,2072.7,2085.28,2074.97,-22.47,-1.07,279322,2800883,8.79,1.4,324157696,1122571796.05789
801001.SI,20160415,申万50,2098.73,2090.01,2105.16,2097.45,2.43,0.12,276471,2755674,8.88,1.41,327668688,1136438794.3124
801001.SI,20160414,申万50,2098.36,2084.94,2104.82,2095.02,6.79,0.33,275673,2730922,8.87,1.41,327288963,1137477163.98434
801001.SI,20160413,申万50,2075.52,2075.52,2109.01,2088.23,25.16,1.22,542270,5348649,8.85,1.41,326228631,1135749142.62879
801001.SI,20160412,申万50,2066.85,2055.29,2068.86,2063.07,-3.76,-0.18,215562,2122873,8.75,1.39,322619696,1120824529.09102
801001.SI,20160411,申万50,2059.73,2059.73,2082.66,2066.83,22.98,1.12,322509,3309594,8.76,1.39,323207595,1123121556.6199
801001.SI,20160408,申万50,2043.28,2035.0,2050.9,2043.85,-11.77,-0.57,278100,2932011,8.67,1.38,319644665,1110757597.14832
801001.SI,20160407,申万50,2088.49,2055.62,2090.05,2055.62,-26.91,-1.29,313786,3177112,8.72,1.39,321486099,1118083801.65112
801001.SI,20160406,申万50,2084.51,2073.27,2091.49,2082.53,-14.15,-0.67,348520,3276075,8.83,1.41,325668495,1132002030.59196
801001.SI,20160405,申万50,2068.43,2063.41,2102.26,2096.68,15.59,0.75,480139,4568008,8.89,1.42,327880862,1137517648.73559
801001.SI,20160401,申万50,2073.29,2043.74,2081.17,2081.09,6.15,0.3,382226,3650660,8.82,1.41,325405511,1130859967.77744
801001.SI,20160331,申万50,2083.44,2069.19,2090.15,2074.94,-0.94,-0.05,374213,4027337,8.8,1.41,324443324,1126134298.40093
801001.SI,20160330,申万50,2045.12,2045.12,2077.74,2075.88,46.61,2.3,396065,4233452,8.8,1.43,324590447,1127429845.61825
801001.SI,20160329,申万50,2046.65,2023.95,2052.89,2029.27,-13.41,-0.66,297058,3175081,8.6,1.4,317302309,1101966044.41656
801001.SI,20160328,申万50,2071.08,2038.49,2083.26,2042.68,-25.52,-1.23,307505,3227871,8.66,1.41,319399052,1110250710.81391
801001.SI,20160325,申万50,2057.98,2056.22,2074.9,2068.2,8.3,0.4,306276,3411142,8.73,1.42,322310047,1118206206.37944
801001.SI,20160324,申万50,2082.7,2059.66,2082.73,2059.91,-36.7,-1.75,390616,4657529,8.69,1.42,321017289,1114078689.72655
801001.SI,20160323,申万50,2086.93,2078.65,2101.11,2096.61,6.69,0.32,381445,4638522,8.85,1.44,326752099,1132696214.77908
801001.SI,20160322,申万50,2097.09,2084.96,2109.77,2089.92,-17.14,-0.81,574824,6419666,8.82,1.44,325709750,1130473452.38219
801001.SI,20160321,申万50,2074.72,2072.57,2126.93,2107.06,49.81,2.42,861369,9145839,8.89,1.45,328380703,1138695475.08336
801001.SI,20160318,申万50,2047.32,2040.41,2074.99,2057.25,17.66,0.87,693992,6700643,8.68,1.42,320555151,1120573070.38665
801001.SI,20160317,申万50,2037.66,2020.71,2060.32,2039.59,1.88,0.09,419402,4302004,8.61,1.4,317802733,1113387652.6133
801001.SI,20160316,申万50,2000.63,1998.03,2043.68,2037.71,27.82,1.38,583718,5330210,8.6,1.4,317509679,1113941557.35032
801001.SI,20160315,申万50,1994.41,1973.24,2011.83,2009.89,14.94,0.75,347642,3089254,8.48,1.38,313092316,1099351165.01356
801001.SI,20160314,申万50,1991.66,1983.75,2025.76,1994.95,11.77,0.59,386293,3734091,8.42,1.37,310764452,1093448315.77209
801001.SI,20160311,申万50,1958.73,1955.87,1983.18,1983.18,10.23,0.52,263991,2477440,8.37,1.37,308930068,1087488749.98586
801001.SI,20160310,申万50,1998.88,1972.26,2010.28,1972.95,-43.58,-2.16,224229,1985439,8.33,1.36,307389782,1081905147.11635
801001.SI,20160309,申万50,1986.41,1969.96,2016.65,2016.53,-5.93,-0.29,385667,3351767,8.51,1.39,314179355,1104914793.42056
801001.SI,20160308,申万50,2008.71,1953.52,2024.1,2022.46,8.8,0.44,411409,3561692,8.53,1.4,315103202,1105774054.38401
801001.SI,20160307,申万50,2024.1,2006.79,2034.22,2013.66,-9.22,-0.46,390553,3454288,8.5,1.39,313732715,1101782463.2061
801001.SI,20160304,申万50,1963.77,1958.35,2027.74,2022.88,51.53,2.61,880717,7271168,8.54,1.39,315346170,1105695526.25162
801001.SI,20160303,申万50,1962.1,1953.69,1971.74,1971.35,6.8,0.35,462987,4002768,8.32,1.36,307313354,1075146011.6991
801001.SI,20160302,申万50,1910.16,1908.08,1966.26,1964.55,61.08,3.21,544972,4610032,8.29,1.35,306194311,1070412146.76983
801001.SI,20160301,申万50,1877.61,1866.06,1917.88,1903.47,26.72,1.42,329503,2920962,8.03,1.31,296673944,1038007392.56676
801001.SI,20160229,申万50,1891.76,1832.6,1891.76,1876.75,-19.55,-1.03,438636,3463685,7.92,1.29,292509261,1025797783.24841
801001.SI,20160226,申万50,1894.01,1874.33,1905.68,1896.3,15.48,0.82,314317,2523013,8.0,1.31,295555866,1034968456.47416
801001.SI,20160225,申万50,1976.9,1874.8,1976.9,1880.82,-99.92,-5.04,503272,4030492,7.93,1.3,293142429,1024877237.12877
801001.SI,20160224,申万50,1960.12,1950.88,1980.74,1980.74,12.39,0.63,327356,2760403,8.35,1.36,308716014,1076687301.9599
801001.SI,20160223,申万50,1991.95,1954.73,1991.95,1968.35,-25.55,-1.28,319663,2748809,8.3,1.36,306785116,1069784724.81623
801001.SI,20160222,申万50,1970.38,1959.22,2002.88,1993.9,40.3,2.06,453710,4019576,8.41,1.37,310767637,1082228884.46147
801001.SI,20160219,申万50,1954.19,1944.12,1962.64,1953.6,-4.25,-0.22,268124,2268430,8.24,1.35,304486516,1059305316.61266
801001.SI,20160218,申万50,1971.89,1956.28,1980.69,1957.85,-6.4,-0.33,401567,3292544,8.26,1.35,305148687,1062886311.50844
801001.SI,20160217,申万50,1948.59,1946.77,1969.68,1964.25,15.47,0.79,491319,3650724,8.28,1.35,306146345,1066824954.4705
801001.SI,20160216,申万50,1905.61,1905.59,1952.49,1948.78,54.44,2.87,361778,3184043,8.22,1.34,303735822,1056728338.04885
801001.SI,20160215,申万50,1865.37,1865.18,1903.45,1894.34,-18.2,-0.95,213857,1890643,7.99,1.3,295250261,1028501426.64684
801001.SI,20160205,申万50,1918.09,1910.05,1924.12,1912.54,-9.52,-0.5,232426,2211693,8.07,1.32,298086239,1039206045.14729
801001.SI,20160204,申万50,1910.58,1910.13,1931.19,1922.06,22.07,1.16,288608,2654841,8.11,1.32,299570753,1043337840.50649
801001.SI,20160203,申万50,1894.66,1879.66,1902.5,1899.99,-15.26,-0.8,238001,2072240,8.02,1.31,296130299,1032659404.6674
801001.SI,20160202,申万50,1885.07,1885.07,1924.3,1915.25,29.3,1.55,287467,2586762,8.07,1.32,298124221,1042712559.14179
801001.SI,20160201,申万50,1917.2,1868.67,1917.2,1885.95,-34.55,-1.8,295373,2505395,7.95,1.3,293563706,1029178079.1901
801001.SI,20160129,申万50,1867.67,1867.54,1932.36,1920.5,54.39,2.91,421716,3758540,8.1,1.32,298941591,1050288738.00485
801001.SI,20160128,申万50,1893.68,1854.89,1908.66,1866.11,-37.17,-1.95,332946,2892391,7.87,1.28,289753750,1025445037.21502
801001.SI,20160127,申万50,1915.14,1859.97,1923.44,1903.28,-2.2,-0.12,458785,4004215,8.02,1.31,295525040,1041250042.11048
801001.SI,20160126,申万50,1994.52,1903.95,1997.12,1905.48,-107.4,-5.34,434560,3873599,8.03,1.31,295685378,1039980946.63943
801001.SI,20160125,申万50,2016.15,1998.73,2022.17,2012.88,1.78,0.09,246684,2266379,8.48,1.38,312350859,1098748815.93421
801001.SI,20160122,申万50,2013.47,1978.31,2023.87,2011.1,17.17,0.86,311860,2938379,8.47,1.38,312073950,1097047384.31389
801001.SI,20160121,申万50,2024.45,1993.93,2057.84,1993.93,-49.31,-2.41,391215,3722480,8.4,1.37,309409296,1087397543.91407
801001.SI,20160120,申万50,2064.26,2031.72,2074.35,2043.24,-33.81,-1.63,456844,4546229,8.61,1.41,317069491,1112489627.18092
801001.SI,20160119,申万50,2027.03,2012.57,2082.18,2077.05,54.04,2.67,452892,4579030,8.75,1.43,322315425,1126535696.60582
801001.SI,20160118,申万50,1991.85,1991.85,2043.81,2023.01,2.18,0.11,337963,3159167,8.53,1.39,313952984,1098179855.65746
801001.SI,20160115,申万50,2064.97,2009.75,2074.2,2020.83,-56.18,-2.7,416131,4008558,8.52,1.39,313619151,1099292516.69893
801001.SI,20160114,申万50,2005.58,2005.18,2079.29,2077.01,25.06,1.22,436338,4417336,8.75,1.43,322346075,1131505094.27065
801001.SI,20160113,申万50,2098.42,2051.95,2099.42,2051.95,-28.0,-1.35,363895,3757804,8.65,1.41,318183804,1120421482.13047
801001.SI,20160112,申万50,2081.74,2060.96,2095.43,2079.95,13.59,0.66,399742,4127287,8.76,1.43,322485826,1137189573.93656
801001.SI,20160111,申万50,2119.05,2066.36,2140.42,2066.36,-88.82,-4.12,542986,5367086,8.7,1.42,320378588,1129728406.83687
801001.SI,20160108,申万50,2164.49,2097.03,2190.35,2155.18,32.81,1.55,575688,5896760,9.07,1.48,334149715,1174821285.11543
801001.SI,20160107,申万50,2214.95,2113.87,2241.18,2122.37,-124.25,-5.53,131218,1316306,8.93,1.46,329109148,1157480267.49981
801001.SI,20160106,申万50,2218.21,2208.36,2250.31,2246.62,27.24,1.23,438386,4410228,9.54,1.55,344099292,1220116846.93162
801001.SI,20160105,申万50,2166.13,2160.28,2239.27,2219.38,12.24,0.55,564926,5759494,9.42,1.54,339900707,1202919453.70264
801001.SI,20160104,申万50,2345.83,2207.07,2348.64,2207.13,-141.89,-6.04,410202,4350492,9.37,1.53,338025257,1199641775.30904
801001.SI,20151231,申万50,2359.18,2340.14,2364.41,2349.02,-14.9,-0.63,339972,3766729,9.57,1.57,361981331,1261103118.56327
801001.SI,20151230,申万50,2364.36,2335.15,2364.66,2363.92,-0.34,-0.01,326352,3872402,9.63,1.58,363601446,1269062459.66261
801001.SI,20151229,申万50,2341.1,2337.47,2367.01,2364.27,21.04,0.9,315609,3599833,9.63,1.58,363654104,1270335149.54445
801001.SI,20151228,申万50,2424.59,2343.23,2428.21,2343.23,-74.53,-3.08,561286,6429650,9.55,1.56,360418312,1260968262.33301
801001.SI,20151225,申万50,2413.02,2401.16,2423.31,2417.76,5.98,0.25,359599,4369624,9.85,1.62,371881915,1292726852.93714
801001.SI,20151224,申万50,2428.81,2383.45,2433.56,2411.78,-22.28,-0.92,565475,6869769,9.83,1.61,370962256,1290958260.82507
801001.SI,20151223,申万50,2427.49,2422.21,2480.89,2434.06,8.53,0.35,799625,10261923,9.92,1.63,374389340,1300099995.10222
801001.SI,20151222,申万50,2425.95,2409.84,2435.07,2425.53,-1.31,-0.05,606675,7348095,9.88,1.62,373095207,1298033889.33
801001.SI,20151221,申万50,2348.11,2347.35,2437.62,2426.84,72.07,3.06,872545,9387485,9.89,1.62,373296095,1299591961.7286
801001.SI,20151218,申万50,2333.67,2330.14,2391.33,2354.77,17.28,0.74,608435,6747068,9.59,1.57,362210422,1273193517.95599
801001.SI,20151217,申万50,2316.34,2311.47,2351.59,2337.49,35.78,1.55,567646,6641184,9.52,1.56,359552073,1268965937.80365
801001.SI,20151216,申万50,2314.93,2296.31,2320.73,2301.71,-8.11,-0.35,367917,4317125,9.37,1.54,354048673,1253939615.86967
801001.SI,20151215,申万50,2331.09,2301.17,2332.37,2309.82,-28.91,-1.24,438159,5418155,9.41,1.54,355296466,1254508932.50492
801001.SI,20151214,申万50,2241.24,2240.74,2342.13,2338.73,74.51,3.29,570850,6784958,9.53,1.56,362573582,1270284833.90097
801001.SI,20151211,申万50,2259.04,2242.38,2277.29,2264.22,-7.92,-0.35,406944,4595847,9.22,1.51,351022076,1234955529.5092
801001.SI,20151210,申万50,2279.98,2268.48,2316.59,2272.14,-7.22,-0.32,460482,5526194,9.27,1.52,353322976,1241493445.45852
801001.SI,20151209,申万50,2267.04,2265.97,2295.27,2279.37,8.2,0.36,422482,4815629,9.3,1.52,354446431,1247839227.40407
801001.SI,20151208,申万50,2291.63,2266.8,2293.43,2271.17,-33.46,-1.45,417264,4680071,9.27,1.52,353099973,1244623118.41759
801001.SI,20151207,申万50,2310.25,2288.48,2314.73,2304.63,-4.36,-0.19,374922,4376630,9.4,1.54,358301835,1263829181.42613
801001.SI,20151204,申万50,2342.6,2305.94,2346.01,2308.99,-56.86,-2.4,605223,6561649,9.42,1.54,358979738,1267742265.68344
801001.SI,20151203,申万50,2342.69,2324.86,2381.97,2365.85,8.59,0.36,980248,9770469,9.65,1.58,367820093,1301250113.10156
801001.SI,20151202,申万50,2237.4,2233.93,2362.15,2357.26,117.21,5.23,964296,10727694,9.62,1.58,366484791,1286790619.23224
801001.SI,20151201,申万50,2225.5,2206.57,2258.4,2240.05,12.19,0.55,476496,5155602,9.14,1.5,348261903,1229726673.68215
801001.SI,20151130,申万50,2218.69,2172.85,2241.11,2227.86,1.53,0.07,649592,6776335,9.09,1.49,346366843,1228256922.15932
801001.SI,20151127,申万50,2330.59,2214.74,2332.92,2226.33,-119.19,-5.08,720552,8087657,9.08,1.49,346128742,1225747888.97126
801001.SI,20151126,申万50,2366.5,2345.22,2377.71,2345.52,-11.73,-0.5,534888,6351087,9.57,1.57,364659481,1288850137.05652
801001.SI,20151125,申万50,2339.57,2330.94,2357.61,2357.25,9.28,0.4,513782,6152418,9.62,1.58,367319124,1293025904.25773
801001.SI,20151124,申万50,2342.3,2320.07,2347.97,2347.97,-1.01,-0.04,492676,5784294,9.59,1.57,365873127,1286809050.14389
801001.SI,20151123,申万50,2359.89,2343.5,2377.66,2348.99,-10.54,-0.45,548417,6428558,9.59,1.57,366031274,1288109563.77261
801001.SI,20151120,申万50,2366.98,2351.18,2376.71,2359.53,-6.79,-0.29,601025,6519692,9.63,1.58,367673312,1292856379.36602
801001.SI,20151119,申万50,2340.56,2332.54,2366.32,2366.32,32.07,1.37,560940,5958633,9.66,1.58,368731052,1296307243.93029
801001.SI,20151118,申万50,2355.44,2329.28,2368.22,2334.25,-19.49,-0.83,680504,8287420,9.53,1.56,363732962,1285213191.62175
801001.SI,20151117,申万50,2367.66,2350.35,2420.87,2353.74,1.58,0.07,893132,11237347,9.61,1.57,366769477,1294606225.88357
801001.SI,20151116,申万50,2311.53,2310.7,2352.16,2352.16,2.59,0.11,538481,6520623,9.58,1.57,368147276,1291341449.17614
801001.SI,20151113,申万50,2350.14,2343.35,2379.21,2349.57,-24.5,-1.03,711449,8626852,9.57,1.57,367742630,1287391374.2794
801001.SI,20151112,申万50,2412.78,2365.43,2412.78,2374.07,-34.0,-1.41,757807,9291338,9.67,1.58,371281407,1303005318.45909
801001.SI,20151111,申万50,2413.26,2374.4,2419.71,2408.07,-13.98,-0.58,863630,10275998,9.81,1.61,376599170,1320404993.56577
801001.SI,20151110,申万50,2398.8,2394.91,2459.15,2422.05,-6.14,-0.25,1127823,13517736,9.87,1.62,378828664,1328221458.68461
801001.SI,20151109,申万50,2403.06,2403.05,2488.92,2428.19,33.08,1.38,1622454,18948602,9.89,1.62,379788168,1333891146.61762
801001.SI,20151106,申万50,2322.97,2320.5,2402.27,2395.11,61.1,2.62,1313581,15915433,9.76,1.6,374613566,1310024153.96245
801001.SI,20151105,申万50,2261.14,2260.14,2392.83,2334.01,74.52,3.3,1810025,21526003,9.51,1.56,365057038,1285053438.01265
801001.SI,20151104,申万50,2161.31,2161.31,2262.27,2259.49,103.44,4.8,814230,9578091,9.21,1.51,353402099,1246813318.46558
801001.SI,20151103,申万50,2166.93,2150.02,2175.71,2156.05,-6.63,-0.31,352520,3808992,8.78,1.44,337222613,1195689164.68367
801001.SI,20151102,申万50,2170.59,2162.68,2194.27,2162.68,-31.71,-1.44,455802,5008339,8.81,1.44,338259367,1202503030.99681
801001.SI,20151030,申万50,2188.07,2176.59,2217.95,2194.39,6.64,0.3,472704,5694316,8.94,1.49,343218343,1220916032.74633
801001.SI,20151029,申万50,2194.91,2179.04,2204.35,2187.75,-0.96,-0.04,376234,4367484,8.91,1.5,342179103,1221032188.64378
801001.SI,20151028,申万50,2217.19,2186.43,2221.52,2188.71,-39.08,-1.75,500509,5664695,8.91,1.5,342329563,1222972428.14974
801001.SI,20151027,申万50,2217.6,2175.0,2228.34,2227.79,1.61,0.07,581533,6675910,9.07,1.53,348442543,1238613679.65645
801001.SI,20151026,申万50,2246.4,2216.27,2260.16,2226.18,4.0,0.18,664335,7672157,9.07,1.53,348190674,1241648508.76752
801001.SI,20151023,申万50,2209.78,2195.6,2228.06,2222.18,14.08,0.64,644811,6701979,9.05,1.53,347564481,1238424897.64661
801001.SI,20151022,申万50,2180.89,2173.91,2213.1,2208.1,0.07,0.0,681437,7274281,8.99,1.52,345362025,1235556162.29558
801001.SI,20151021,申万50,2224.07,2154.22,2252.65,2208.03,-14.99,-0.67,1164215,11875202,9.0,1.52,345351150,1242781330.88004
801001.SI,20151020,申万50,2193.56,2181.38,2223.18,2223.02,23.21,1.06,615002,6966617,9.05,1.53,347743450,1239130100.17673
801001.SI,20151019,申万50,2206.7,2184.01,2226.49,2199.81,0.15,0.01,665306,7307042,8.96,1.52,344112821,1225785437.34963
801001.SI,20151016,申万50,2188.07,2178.55,2205.29,2199.66,22.99,1.06,707222,7599838,8.96,1.52,344089405,1228247308.26515
801001.SI,20151015,申万50,2134.3,2134.2,2176.67,2176.67,42.31,1.98,579954,6034024,8.87,1.5,340493735,1215623076.59871
801001.SI,20151014,申万50,2140.98,2132.39,2164.31,2134.36,-15.34,-0.71,520461,5307573,8.68,1.47,335883748,1196748018.62474
801001.SI,20151013,申万50,2147.98,2139.14,2160.16,2149.7,-13.47,-0.62,450179,4656218,8.75,1.48,338296945,1201844023.40115
801001.SI,20151012,申万50,2098.4,2096.44,2183.37,2163.17,68.57,3.27,774109,7888416,8.81,1.49,340416146,1210925768.7782
801001.SI,20151009,申万50,2076.74,2071.78,2100.69,2094.6,27.04,1.31,402079,4089951,8.53,1.45,329625537,1177273941.00426
801001.SI,20151008,申万50,2102.78,2066.89,2102.82,2067.56,46.21,2.29,467913,5112303,8.42,1.43,325369977,1163634319.66998
801001.SI,20150930,申万50,2015.71,2011.78,2036.15,2021.35,15.96,0.8,301812,3257750,8.23,1.4,318097343,1138721205.42016
801001.SI,20150929,申万50,2016.89,1993.11,2022.08,2005.39,-39.33,-1.92,316227,2822596,8.16,1.38,315585501,1133166385.01872
801001.SI,20150928,申万50,2043.4,2022.72,2048.75,2044.72,-9.58,-0.47,243621,2195667,8.32,1.41,321774329,1155660400.32768
801001.SI,20150925,申万50,2058.83,2027.59,2068.66,2054.3,-12.38,-0.6,419270,3849840,8.36,1.42,323282280,1163621840.75942
801001.SI,20150924,申万50,2068.76,2051.55,2077.08,2066.68,8.97,0.44,299985,3000029,8.41,1.43,325230061,1164857882.36949
801001.SI,20150923,申万50,2085.88,2055.55,2095.78,2057.71,-55.43,-2.62,407669,4020692,8.38,1.42,323817578,1161091592.31624
801001.SI,20150922,申万50,2091.06,2085.11,2134.76,2113.14,24.5,1.17,533946,5784561,8.6,1.46,332571043,1190789122.17095
801001.SI,20150921,申万50,2054.76,2050.07,2092.24,2088.64,19.68,0.95,442763,4575491,8.5,1.44,328596001,1178917874.10619
801001.SI,20150918,申万50,2071.88,2061.92,2092.83,2068.96,7.3,0.35,430011,4298318,8.42,1.43,325500555,1171605656.48866
801001.SI,20150917,申万50,2087.09,2061.66,2123.82,2061.66,-40.25,-1.91,666909,6626188,8.38,1.42,325758807,1173754939.86511
801001.SI,20150916,申万50,2021.65,2005.82,2131.07,2101.91,72.3,3.56,659839,6181608,8.54,1.45,332118445,1193583475.56021
801001.SI,20150915,申万50,2044.16,2009.01,2055.92,2029.61,-56.73,-2.72,633063,5803805,8.25,1.4,320694453,1159502194.87172
801001.SI,20150914,申万50,2098.18,2016.89,2100.27,2086.34,-0.8,-0.04,926717,9305785,8.48,1.44,329658496,1180470392.57763
801001.SI,20150911,申万50,2094.0,2075.24,2112.59,2087.14,-12.16,-0.58,423026,4387738,8.47,1.44,330022795,1182428642.77483
801001.SI,20150910,申万50,2084.68,2078.29,2114.52,2099.3,-12.83,-0.61,610125,6162205,8.52,1.45,331790163,1190692852.87395
801001.SI,20150909,申万50,2086.77,2077.14,2127.59,2112.13,29.98,1.44,929884,9477667,8.58,1.46,333034854,1200161220.7816
801001.SI,20150908,申万50,2021.7,1989.28,2085.91,2082.15,42.5,2.08,720088,6922193,8.44,1.43,329545028,1182659192.32351
801001.SI,20150907,申万50,2109.51,2034.43,2142.22,2039.65,-95.38,-4.47,984945,9375927,8.27,1.4,322752159,1165441936.65287
801001.SI,20150902,申万50,2036.08,2029.53,2140.8,2135.03,16.4,0.77,1863019,16369548,8.65,1.47,337845597,1225334246.93155
801001.SI,20150901,申万50,2043.94,1994.05,2125.14,2118.63,25.61,1.22,1787662,15977862,8.59,1.46,335250925,1205466496.87218
801001.SI,20150831,申万50,2036.23,1972.4,2093.71,2093.02,30.15,1.46,1317172,13096815,10.91,1.44,331200629,1174926132.80651
801001.SI,20150828,申万50,2017.24,1996.64,2072.19,2062.87,68.3,3.42,1338945,13019084,10.75,1.45,326429305,1167035588.45176
801001.SI,20150827,申万50,1905.28,1873.74,1994.83,1994.57,134.99,7.26,1317852,12243752,10.4,1.41,315621322,1129832060.07244
801001.SI,20150826,申万50,1852.21,1797.93,1945.21,1859.58,22.06,1.2,1427276,12554771,9.69,1.32,294259794,1063625332.76745
801001.SI,20150825,申万50,1866.89,1816.86,1958.36,1837.52,-141.16,-7.13,1318495,11838482,9.55,1.31,291513427,1052421966.58463
801001.SI,20150824,申万50,2109.37,1968.7,2115.26,1978.68,-202.08,-9.27,1319196,12201472,10.28,1.42,313908063,1141640159.58027
801001.SI,20150821,申万50,2248.54,2173.88,2272.01,2180.76,-90.77,-4.0,923206,9362959,11.34,1.57,345535163,1249566711.99868
801001.SI,20150820,申万50,2322.19,2271.53,2334.74,2271.53,-70.5,-3.01,840566,8607515,11.81,1.64,359916431,1290206723.68083
801001.SI,20150819,申万50,2285.89,2238.68,2343.56,2342.03,24.04,1.04,1127309,11766844,12.18,1.7,371086484,1327125670.26348
801001.SI,20150818,申万50,2459.69,2314.18,2479.88,2317.99,-138.0,-5.62,1312898,15076129,12.05,1.68,367277188,1327007771.9809
801001.SI,20150817,申万50,2469.76,2430.2,2471.78,2455.99,-27.49,-1.11,992142,11451285,12.77,1.78,389142505,1383580784.2916
801001.SI,20150814,申万50,2494.13,2475.11,2499.25,2483.48,1.26,0.05,949913,11038402,12.91,1.81,393497596,1400418561.36364
801001.SI,20150813,申万50,2459.54,2425.09,2484.78,2482.22,24.07,0.98,875265,9895434,12.91,1.8,393297900,1402545508.07166
801001.SI,20150812,申万50,2459.25,2456.7,2494.86,2458.15,-27.63,-1.11,906874,10755913,12.78,1.78,389484573,1392517248.98194
801001.SI,20150811,申万50,2504.61,2474.49,2515.51,2485.78,-19.36,-0.77,1248052,14464100,12.92,1.8,393861778,1406552698.2297
801001.SI,20150810,申万50,2416.27,2393.14,2513.45,2505.14,112.0,4.68,1311787,14974809,13.02,1.81,396669862,1415736107.82051
801001.SI,20150807,申万50,2377.24,2369.59,2409.05,2393.14,35.74,1.52,690228,7759689,12.44,1.74,378936175,1356902344.44351
801001.SI,20150806,申万50,2346.98,2343.61,2393.9,2357.4,-22.9,-0.96,550018,6268630,12.25,1.71,373276405,1338649993.41591
801001.SI,20150805,申万50,2422.16,2380.07,2427.45,2380.3,-49.28,-2.03,733343,8251884,12.37,1.73,376910269,1352329800.86378
801001.SI,20150804,申万50,2374.2,2359.37,2429.85,2429.58,51.02,2.14,797628,8620193,12.63,1.76,384713765,1378173164.27775
801001.SI,20150803,申万50,2336.15,2324.22,2378.56,2378.56,14.72,0.62,1019024,10646897,12.36,1.72,376638205,1353338960.66028
801001.SI,20150731,申万50,2347.76,2335.88,2391.57,2363.84,-2.24,-0.09,905469,10097327,12.28,1.71,375090476,1353584804.23357
801001.SI,20150730,申万50,2427.06,2360.81,2446.67,2366.08,-67.75,-2.78,1054166,12064334,12.29,1.72,375445293,1362526606.37798
801001.SI,20150729,申万50,2399.11,2360.24,2436.98,2433.83,43.34,1.81,1119505,12633964,12.64,1.77,386196162,1392939149.3642
801001.SI,20150728,申万50,2317.07,2293.38,2426.97,2390.49,4.86,0.2,1711811,18895991,12.42,1.73,379319370,1373364281.38846
801001.SI,20150727,申万50,2581.91,2384.47,2597.8,2385.64,-238.18,-9.08,1645221,17851147,11.82,1.65,360977769,1383344579.01398
801001.SI,20150724,申万50,2677.64,2618.22,2690.88,2623.82,-51.03,-1.91,1583724,18992878,13.63,1.9,416343583,1517012788.30692
801001.SI,20150723,申万50,2623.96,2622.06,2679.71,2674.85,50.33,1.92,1442640,17559104,13.88,1.94,424277714,1537157822.68719
801001.SI,20150722,申万50,2640.06,2603.89,2651.49,2624.52,-30.3,-1.14,1301688,15738590,13.62,1.9,416294497,1516678250.39539
801001.SI,20150721,申万50,2637.83,2623.63,2682.78,2654.82,-10.59,-0.4,1425958,17573456,13.77,1.92,420845716,1529308799.91843
801001.SI,20150720,申万50,2672.76,2642.82,2694.23,2665.41,-12.7,-0.47,1583942,18936432,13.82,1.92,422457170,1537098145.77795
801001.SI,20150717,申万50,2621.85,2593.6,2704.4,2678.11,69.97,2.68,1536417,17908986,13.83,1.93,422863200,1533295244.48864
801001.SI,20150716,申万50,2613.4,2571.25,2646.09,2608.14,-7.29,-0.28,1562071,16711936,13.37,1.87,418765844,1512005652.24185
801001.SI,20150715,申万50,2615.43,2548.4,2663.66,2615.43,-29.97,-1.13,2138592,22875352,13.4,1.88,419538003,1521799418.6527
801001.SI,20150714,申万50,2701.93,2604.65,2729.35,2645.41,-101.92,-3.71,2138175,25586694,13.55,1.9,423894393,1507625504.37733
801001.SI,20150713,申万50,2723.62,2676.92,2818.62,2747.33,-7.98,-0.29,2616334,32393033,14.08,1.97,440225301,1560426541.419
801001.SI,20150710,申万50,2611.67,2584.08,2842.3,2755.31,116.47,4.41,3184308,38625178,14.11,1.98,441546037,1590559497.21248
801001.SI,20150709,申万50,2442.82,2357.84,2679.11,2638.84,166.2,6.72,2956233,32873712,13.52,1.89,422881373,1545187141.72278
801001.SI,20150708,申万50,2461.69,2427.93,2598.68,2472.64,-199.83,-7.48,3771816,39696108,12.64,1.77,395418202,1462397738.28373
801001.SI,20150707,申万50,2562.95,2488.3,2685.48,2672.47,42.01,1.6,3851748,44577926,13.69,1.91,428146707,1557745963.33261
801001.SI,20150706,申万50,2700.04,2526.85,2700.04,2630.46,150.29,6.06,3708850,39250678,13.47,1.87,421415962,1510890747.94434
801001.SI,20150703,申万50,2573.05,2418.7,2637.36,2480.17,-137.32,-5.25,2134729,23083819,12.7,1.77,397338387,1403966194.54109
801001.SI,20150702,申万50,2682.21,2518.3,2708.94,2617.49,-29.54,-1.12,2343481,26071559,13.41,1.84,419324578,1470597906.91515
801001.SI,20150701,申万50,2736.59,2634.18,2779.27,2647.03,-130.75,-4.71,1972018,23875321,13.54,1.86,421930816,1456420251.76989
801001.SI,20150630,申万50,2590.29,2542.07,2779.28,2777.78,188.06,7.26,2255608,27054373,13.7,1.93,431934935,1271124447.51515
801001.SI,20150629,申万50,2715.47,2451.45,2729.2,2589.72,-58.19,-2.2,2171135,26211435,12.72,1.79,402214443,1186756248.10079
801001.SI,20150626,申万50,2783.42,2590.38,2854.08,2647.91,-199.03,-6.99,1941819,23830757,13.01,1.84,411252516,1203044342.79286
801001.SI,20150625,申万50,2965.13,2832.24,2978.83,2846.94,-89.87,-3.06,1761542,22158129,13.98,1.97,442163873,1284483348.4314
801001.SI,20150624,申万50,2902.03,2859.47,2943.46,2936.81,42.34,1.46,1656566,19359226,14.43,2.05,456122147,1323243935.2635
801001.SI,20150623,申万50,2798.47,2732.2,2897.22,2894.47,98.9,3.54,1447446,18007488,14.22,2.02,449589719,1303595607.90296
801001.SI,20150619,申万50,2912.26,2794.2,2949.34,2795.57,-152.54,-5.17,1501006,17762511,13.73,1.95,434227611,1256965786.75756
801001.SI,20150618,申万50,3055.49,2948.11,3055.49,2948.11,-131.46,-4.27,1245687,16356511,14.48,2.05,457730058,1326662329.39649
801001.SI,20150617,申万50,3069.97,3017.53,3090.51,3079.57,28.31,0.93,1603845,19207453,15.12,2.14,478140880,1385573085.35848
801001.SI,20150616,申万50,3089.59,3023.93,3131.68,3051.26,-62.16,-2.0,1596288,19953542,14.98,2.12,473745729,1368728486.92998
801001.SI,20150615,申万50,3205.94,3107.4,3208.53,3113.42,-79.24,-2.48,1755872,23214870,15.29,2.16,483397129,1400076472.24553
801001.SI,20150612,申万50,3196.6,3161.96,3209.13,3192.66,8.16,0.26,1677116,22084351,15.68,2.22,495699894,1435106880.84978
801001.SI,20150611,申万50,3203.5,2896.74,3209.87,3184.5,-21.72,-0.68,1635826,22851739,15.64,2.21,494432840,1430719376.79158
801001.SI,20150610,申万50,3195.26,3175.35,3246.19,3206.22,-33.0,-1.02,1853963,24884538,15.74,2.23,497805264,1442347325.19428
801001.SI,20150609,申万50,3287.9,3200.93,3298.29,3239.22,-34.32,-1.05,2810423,35525070,15.88,2.25,501924636,1460623944.56033
801001.SI,20150608,申万50,3151.55,3125.63,3284.0,3273.54,137.17,4.37,3272322,43168777,16.05,2.27,507243200,1476987815.24136
801001.SI,20150605,申万50,3169.14,3062.93,3186.12,3136.37,16.64,0.53,2349182,32187265,15.38,2.18,485956133,1407706119.13199
801001.SI,20150604,申万50,3076.04,2942.84,3140.3,3119.73,50.71,1.65,2379775,30220979,15.29,2.16,483234117,1398590994.35631
801001.SI,20150603,申万50,3078.15,3026.48,3092.49,3069.02,-11.78,-0.38,1696771,23489153,15.04,2.13,475280407,1372517974.40612
801001.SI,20150602,申万50,3073.29,3027.42,3094.83,3080.8,2.85,0.09,1736090,22559435,14.98,2.11,473397346,1354885072.11004
801001.SI,20150601,申万50,2948.74,2918.63,3083.7,3077.95,130.11,4.41,1856362,24577656,14.96,2.11,472959858,1353656709.79622
801001.SI,20150529,申万50,2966.23,2872.68,2995.89,2947.84,-16.27,-0.55,1850845,23997952,14.28,2.03,450918561,1299095372.2245
801001.SI,20150528,申万50,3166.89,2961.3,3185.21,2964.11,-209.84,-6.61,2537312,33232819,14.17,2.03,447573327,1309692119.2847
801001.SI,20150527,申万50,3223.24,3159.0,3232.98,3173.95,-45.75,-1.42,1929062,28554781,15.36,2.19,484829152,1400583910.95923
801001.SI,20150526,申万50,3213.28,3145.47,3219.74,3219.7,37.29,1.17,2034005,30452714,15.58,2.22,491817693,1417463453.40262
801001.SI,20150525,申万50,3094.91,3094.91,3182.41,3182.41,100.65,3.27,2064115,30606445,15.39,2.19,486010885,1404370125.93385
801001.SI,20150522,申万50,3016.56,3005.4,3081.91,3081.76,94.73,3.17,1960705,27630092,14.91,2.12,470639911,1361225141.22096
801001.SI,20150521,申万50,2968.76,2945.79,2990.76,2987.03,25.44,0.86,1158834,17090789,14.43,2.05,456172122,1319724552.33633
801001.SI,20150520,申万50,2972.44,2945.82,3015.8,2961.59,1.87,0.06,1552023,22851606,14.4,2.05,448758018,1304236770.20574
801001.SI,20150519,申万50,2844.32,2844.32,2975.27,2959.72,113.51,3.99,1386113,21330794,14.4,2.07,448474834,1312038118.67608
801001.SI,20150518,申万50,2881.11,2844.52,2891.72,2846.21,-64.26,-2.21,1107747,15880640,13.84,1.99,431275689,1266278668.58496
801001.SI,20150515,申万50,2969.05,2895.47,2969.53,2910.47,-65.05,-2.19,1407852,19976820,14.16,2.03,441012501,1295318808.61413
801001.SI,20150514,申万50,2988.05,2959.67,3003.98,2975.52,-13.73,-0.46,1437127,20070125,14.47,2.08,450868880,1322246756.56647
801001.SI,20150513,申万50,3029.06,2966.35,3030.12,2989.25,-36.32,-1.2,1546304,22456034,14.54,2.09,452948888,1328160826.56203
801001.SI,20150512,申万50,3001.03,2974.83,3037.53,3025.57,19.96,0.66,1647399,24250807,14.72,2.11,458452056,1344600751.03902
801001.SI,20150511,申万50,2945.78,2909.82,3005.85,3005.61,62.87,2.14,1696701,23835157,14.57,2.09,454049569,1337209391.22536
801001.SI,20150508,申万50,2944.59,2871.77,2958.18,2942.74,28.87,0.99,1370020,19295864,14.36,2.06,444129603,1310639633.12638
801001.SI,20150507,申万50,2940.02,2912.6,2960.29,2913.87,-50.74,-1.71,1408689,19546908,14.22,2.05,439772414,1294393125.58413
801001.SI,20150506,申万50,2987.11,2933.57,3057.75,2964.61,-1.73,-0.06,1771235,27013818,14.46,2.08,447430294,1325140953.86768
801001.SI,20150505,申万50,3090.55,2950.51,3091.89,2966.34,-127.21,-4.11,2101517,28346380,14.47,2.08,447653849,1330174632.27336
801001.SI,20150504,申万50,3071.83,3035.68,3094.91,3093.55,27.27,0.89,1710242,23683271,15.09,2.17,466762723,1388591231.14525
801001.SI,20150430,申万50,3098.41,3066.28,3119.66,3066.28,-28.76,-0.93,1745302,25135329,14.42,2.17,461000247,1377659214.98807
801001.SI,20150429,申万50,3092.38,3057.39,3116.36,3095.04,-6.88,-0.22,1898677,26745768,14.53,2.24,464233027,1395390671.47675
801001.SI,20150428,申万50,3094.28,3074.95,3175.87,3101.92,12.17,0.39,3210750,40271737,14.56,2.27,465264319,1411153993.70119
801001.SI,20150427,申万50,3032.22,3032.22,3089.75,3089.75,82.88,2.76,2326352,31317121,14.5,2.27,463438608,1391005928.01448
801001.SI,20150424,申万50,3021.63,2961.47,3042.85,3006.87,-62.34,-2.03,2208206,30736589,14.1,2.21,450918451,1346758485.33533
801001.SI,20150423,申万50,3111.01,3048.25,3112.91,3069.21,-28.21,-0.91,2190879,30702692,14.36,2.27,459134272,1371544417.33333
801001.SI,20150422,申万50,3022.58,3009.36,3098.29,3097.42,92.17,3.07,2437334,33868728,14.5,2.3,463354302,1382541698.72918
801001.SI,20150421,申万50,2939.38,2921.23,3007.76,3005.25,71.51,2.44,2331771,30947680,14.08,2.23,449566569,1348663154.1052
801001.SI,20150420,申万50,3011.14,2917.74,3042.8,2933.74,-63.53,-2.12,3170382,40015992,13.73,2.18,438299339,1325935930.16583
801001.SI,20150417,申万50,3005.99,2975.69,3025.12,2997.27,37.7,1.27,2633209,33567689,14.01,2.22,447789966,1354720806.27671
801001.SI,20150416,申万50,2836.1,2825.91,2959.57,2959.57,103.63,3.63,2067041,26793057,13.83,2.2,442156967,1333829421.2998
801001.SI,20150415,申万50,2865.82,2849.57,2923.85,2855.94,-14.27,-0.5,2358547,26859520,13.29,2.12,424384403,1291862989.63226
801001.SI,20150414,申万50,2870.94,2832.51,2891.43,2870.21,2.23,0.08,2016959,26279768,13.35,2.13,426505001,1290248676.14272
801001.SI,20150413,申万50,2875.21,2842.14,2885.53,2867.98,40.99,1.45,2181972,26766392,13.34,2.14,426173449,1292084926.88449
801001.SI,20150410,申万50,2766.04,2755.79,2832.85,2826.99,54.86,1.98,1638947,22306789,13.14,2.11,420082318,1266876101.13258
801001.SI,20150409,申万50,2819.86,2760.39,2868.75,2772.13,-33.68,-1.2,2064365,29334366,12.89,2.07,411930887,1244707589.0986
801001.SI,20150408,申万50,2754.17,2728.56,2814.18,2805.81,59.11,2.15,2276240,31061845,13.04,2.09,416935178,1260905887.73853
801001.SI,20150407,申万50,2716.24,2699.62,2746.88,2746.7,61.01,2.27,1922455,24530802,12.75,2.05,407978021,1236335063.03658
801001.SI,20150403,申万50,2642.94,2638.32,2685.69,2685.69,30.31,1.14,1395056,19127979,12.47,2.0,398915663,1206256648.05116
801001.SI,20150402,申万50,2698.71,2623.42,2702.52,2655.38,-22.46,-0.84,1502329,18771991,12.3,1.98,393495024,1197134605.84636
801001.SI,20150401,申万50,2640.01,2630.92,2689.3,2677.84,41.75,1.58,1545799,20141739,12.41,1.99,396823493,1207008107.56582
801001.SI,20150331,申万50,2710.92,2627.09,2745.34,2636.09,-32.14,-1.2,2146090,27736029,12.2,1.96,390005101,1190741137.70148
801001.SI,20150330,申万50,2600.81,2591.19,2676.86,2668.24,92.08,3.57,2199321,25822616,12.35,2.0,394760773,1206358836.62155
801001.SI,20150327,申万50,2573.49,2555.37,2603.34,2576.16,5.48,0.21,1386863,16485511,11.92,1.94,381137767,1165555455.57156
801001.SI,20150326,申万50,2534.63,2517.45,2602.26,2570.68,22.09,0.87,1521741,18713805,11.95,1.95,378291850,1164059755.54989
801001.SI,20150325,申万50,2578.91,2536.01,2595.73,2548.59,-39.47,-1.53,1657643,20149245,11.83,1.94,375041715,1156257095.31162
801001.SI,20150324,申万50,2613.68,2552.11,2621.06,2588.06,-25.54,-0.98,1993548,23495844,12.03,1.97,380850524,1178894838.29655
801001.SI,20150323,申万50,2591.07,2581.97,2616.26,2613.6,41.94,1.63,1766938,22919878,12.15,2.0,384608544,1182088360.64673
801001.SI,20150320,申万50,2530.67,2509.81,2604.38,2571.66,53.62,2.13,2044175,27160095,11.94,1.96,378436125,1162516333.18417
801001.SI,20150319,申万50,2534.94,2503.11,2534.94,2518.04,-15.23,-0.6,1662607,18480665,11.69,1.93,370545734,1143175730.51871
801001.SI,20150318,申万50,2484.73,2482.59,2533.27,2533.27,59.35,2.4,1863146,20370333,11.76,1.95,372786553,1150457167.16673
801001.SI,20150317,申万50,2466.4,2449.16,2477.32,2473.92,34.38,1.41,1674254,19708186,11.5,1.91,364053205,1123823210.92024
801001.SI,20150316,申万50,2400.22,2376.24,2439.54,2439.54,55.49,2.33,1245567,15196475,11.33,1.88,358994187,1109807327.70962
801001.SI,20150313,申万50,2383.99,2368.18,2418.8,2384.05,10.83,0.46,1267450,14205454,11.09,1.84,349968217,1089298842.59016
801001.SI,20150312,申万50,2333.74,2315.78,2394.0,2373.22,72.89,3.17,1468772,16161890,11.04,1.84,348344597,1087124640.15415
801001.SI,20150311,申万50,2292.76,2292.49,2332.6,2300.33,12.15,0.53,836023,9418549,10.69,1.78,337645647,1053883952.65722
801001.SI,20150310,申万50,2303.7,2282.03,2314.83,2288.18,-32.0,-1.38,849506,9358833,10.63,1.77,335862565,1046376129.18603
801001.SI,20150309,申万50,2244.97,2215.04,2332.5,2320.18,53.11,2.34,1315783,14040242,10.8,1.8,339777437,1063744726.18906
801001.SI,20150306,申万50,2271.72,2263.46,2291.59,2267.07,-4.25,-0.19,693435,7737817,10.55,1.76,331995534,1032879477.04473
801001.SI,20150305,申万50,2288.79,2253.58,2291.43,2271.32,-35.91,-1.56,970435,10760297,10.56,1.76,332618299,1033702116.62618
801001.SI,20150304,申万50,2313.03,2290.46,2322.82,2307.23,-1.05,-0.05,850395,9340540,10.73,1.79,337877368,1051527111.687
801001.SI,20150303,申万50,2371.85,2307.05,2385.79,2308.28,-79.94,-3.35,1130413,13108203,10.74,1.79,338030631,1052974041.46142
801001.SI,20150302,申万50,2403.69,2371.07,2406.07,2388.22,5.49,0.23,1078492,13214296,11.11,1.85,349737933,1090531770.34432
801001.SI,20150227,申万50,2385.96,2382.23,2404.28,2382.73,-2.92,-0.12,1084498,12115802,11.09,1.84,348934536,1088956153.37941
801001.SI,20150226,申万50,2310.0,2291.81,2387.93,2385.65,70.5,3.05,1148583,13347958,11.13,1.85,348629553,1089229825.64456
801001.SI,20150225,申万50,2355.73,2305.1,2355.73,2315.15,-37.98,-1.61,718684,8367931,10.79,1.8,337266305,1058108677.10785
801001.SI,20150217,申万50,2344.05,2344.05,2370.63,2353.13,15.2,0.65,708731,8592770,10.96,1.82,342798788,1071167092.28224
801001.SI,20150216,申万50,2333.86,2320.66,2344.44,2337.93,3.05,0.13,740807,8703732,10.89,1.81,340584995,1063454195.70586
801001.SI,20150213,申万50,2336.08,2324.34,2370.35,2334.88,9.77,0.42,987741,11125577,10.88,1.81,340140184,1063382359.10808
801001.SI,20150212,申万50,2327.39,2294.15,2333.72,2325.11,-1.88,-0.08,688060,8025523,10.84,1.8,338717417,1057147800.63464
801001.SI,20150211,申万50,2325.23,2310.32,2332.99,2326.99,9.1,0.39,640812,7898937,10.9,1.81,337563295,1053728132.58287
801001.SI,20150210,申万50,2279.47,2273.47,2321.49,2317.89,34.59,1.51,825540,10053901,10.85,1.8,336241884,1051245146.45085
801001.SI,20150209,申万50,2234.31,2228.35,2308.32,2283.3,43.51,1.94,914030,11846123,10.71,1.78,329966812,1033916618.37736
801001.SI,20150206,申万50,2250.18,2219.2,2277.26,2239.79,-22.87,-1.01,908327,10234493,10.5,1.75,323679071,1017706253.66889
801001.SI,20150205,申万50,2363.66,2262.66,2363.66,2262.66,-17.61,-0.77,1314261,15568785,10.6,1.76,326913918,1034795648.69205
801001.SI,20150204,申万50,2319.36,2279.51,2347.79,2280.27,-34.1,-1.47,919551,11530016,10.68,1.78,329457730,1043133439.22997
801001.SI,20150203,申万50,2268.98,2242.99,2319.26,2314.37,73.06,3.26,1004031,11989040,10.85,1.8,334384222,1059782190.21854
801001.SI,20150202,申万50,2247.47,2238.67,2283.93,2241.31,-70.45,-3.05,958106,10475690,10.51,1.75,323828841,1026050105.89051
801001.SI,20150130,申万50,2355.25,2306.32,2370.86,2311.76,-28.69,-1.23,859811,10124359,10.84,1.8,334006988,1063306873.24917
801001.SI,20150129,申万50,2343.68,2322.01,2362.57,2340.45,-46.52,-1.95,973192,11343653,10.98,1.82,338152123,1079039055.71949
801001.SI,20150128,申万50,2395.79,2376.49,2433.49,2386.97,-33.22,-1.37,1041226,12991373,11.2,1.86,344873246,1102737987.21765
801001.SI,20150127,申万50,2460.4,2372.53,2462.63,2420.19,-34.22,-1.39,1431653,16921340,11.36,1.89,349673591,1121361887.25155
801001.SI,20150126,申万50,2458.71,2423.68,2458.71,2454.41,-4.73,-0.19,1115577,13228937,11.52,1.91,354569553,1136613800.21755
801001.SI,20150123,申万50,2447.94,2439.6,2505.29,2459.14,24.34,1.0,1451456,18272035,11.5,1.91,352805496,1140940910.35977
801001.SI,20150122,申万50,2435.74,2397.38,2448.74,2434.8,1.57,0.06,1294466,16193571,11.38,1.89,349313576,1130577367.44034
801001.SI,20150121,申万50,2319.34,2306.72,2442.81,2433.23,134.68,5.86,1728118,21230506,11.37,1.89,349088723,1129999341.60394
801001.SI,20150120,申万50,2278.86,2252.05,2333.11,2298.55,-15.08,-0.65,1572769,20384067,10.7,1.78,327999435,1063334316.20973
801001.SI,20150119,申万50,2352.38,2306.85,2407.98,2313.63,-240.74,-9.42,1569422,16157191,10.78,1.79,330151486,1063894260.72419
801001.SI,20150116,申万50,2553.48,2530.61,2585.04,2554.37,9.28,0.36,1487092,18547456,11.9,1.98,364504708,1176803647.80855
801001.SI,20150115,申万50,2451.55,2430.26,2545.09,2545.09,94.6,3.86,1280469,17179477,11.86,1.97,363180132,1166260264.40199
801001.SI,20150114,申万50,2451.31,2425.75,2483.71,2450.49,8.64,0.35,1031782,12530551,11.42,1.9,349680287,1117999344.67088
801001.SI,20150113,申万50,2453.01,2428.36,2479.68,2441.85,-18.68,-0.76,845609,11759207,11.38,1.9,348446646,1111303568.34464
801001.SI,20150112,申万50,2479.36,2418.82,2509.52,2460.53,-25.91,-1.04,1261709,17069371,11.46,1.91,351112346,1116392353.97188
801001.SI,20150109,申万50,2469.89,2462.71,2606.73,2486.44,6.34,0.26,1884750,23545971,11.6,1.94,346917797,1121713852.97402
801001.SI,20150108,申万50,2571.77,2472.82,2579.26,2480.1,-83.77,-3.27,1445992,17927337,11.57,1.93,346033035,1113755479.95675
801001.SI,20150107,申万50,2541.3,2531.73,2600.15,2563.87,1.53,0.06,1562557,20593894,11.95,2.0,357019344,1155953168.17039
801001.SI,20150106,申万50,2549.64,2518.09,2617.86,2562.34,-26.8,-1.04,2074437,24753922,11.94,2.01,356806418,1157000183.24776
801001.SI,20150105,申万50,2556.62,2523.95,2617.32,2589.14,59.86,2.37,2253073,26977696,12.07,2.04,360538272,1162384294.53141
