ts_code,trade_date,open,close,high,low,pre_close,change,pct_chg,swing,vol
SPX,20260821,7665.68,7674.37,7697.11,7660.06,7641.16,33.21,0.43,0.48,2737363.0
SPX,20260820,7690.49,7641.16,7699.96,7639.01,7707.98,-66.82,-0.87,0.79,2706581.0
SPX,20260819,7716.74,7707.98,7743.93,7700.07,7691.76,16.22,0.21,0.57,2981221.0
SPX,20260818,7700.04,7691.76,7713.95,7688.63,7745.06,-53.3,-0.69,0.33,2650043.0
SPX,20260817,7790.68,7745.06,7790.68,7744.88,7785.76,-40.7,-0.52,0.59,2506498.0
SPX,20260814,7806.6,7785.76,7810.01,7776.31,7798.99,-13.23,-0.17,0.43,2210210.0
SPX,20260813,7763.18,7798.99,7816.7,7763.18,7748.5,50.49,0.65,0.69,2684931.0
SPX,20260812,7765.46,7748.5,7766.01,7737.95,7728.2,20.3,0.26,0.36,2674503.0
SPX,20260811,7767.51,7728.2,7767.51,7717.25,7753.11,-24.91,-0.32,0.65,2502547.0
SPX,20260810,7751.74,7753.11,7773.76,7743.11,7757.64,-4.53,-0.06,0.4,2686910.0
SPX,20260807,7735.18,7757.64,7763.08,7719.19,7709.96,47.68,0.62,0.57,2719844.0
SPX,20260806,7713.79,7709.96,7742.85,7698.15,7723.55,-13.59,-0.18,0.58,2953145.0
SPX,20260805,7771.62,7723.55,7793.68,7720.17,7736.52,-12.97,-0.17,0.95,3159366.0
SPX,20260804,7630.62,7736.52,7758.21,7629.1,7600.5,136.02,1.79,1.7,3703216.0
SPX,20260803,7504.78,7600.5,7610.04,7504.78,7489.72,110.78,1.48,1.41,3188487.0
SPX,20260731,7462.13,7489.72,7512.04,7399.83,7437.63,52.09,0.7,1.51,3472293.0
SPX,20260730,7390.45,7437.63,7448.75,7370.98,7316.15,121.48,1.66,1.06,3580758.0
SPX,20260729,7418.16,7316.15,7450.84,7313.92,7428.78,-112.63,-1.52,1.84,3652905.0
SPX,20260728,7395.55,7428.78,7452.09,7382.95,7413.18,15.6,0.21,0.93,3656681.0
SPX,20260727,7464.2,7413.18,7480.57,7382.74,7411.98,1.2,0.02,1.32,3099758.0
SPX,20260724,7406.3,7411.98,7460.98,7396.53,7408.3,3.68,0.05,0.87,3022195.0
SPX,20260723,7418.29,7408.3,7450.12,7376.0,7498.96,-90.66,-1.21,0.99,3325093.0
SPX,20260722,7497.47,7498.96,7525.94,7485.85,7509.2,-10.24,-0.14,0.53,2989300.0
SPX,20260721,7489.95,7509.2,7515.31,7467.86,7443.28,65.92,0.89,0.64,2834863.0
SPX,20260720,7489.18,7443.28,7513.23,7440.53,7457.69,-14.41,-0.19,0.97,2726531.0
SPX,20260717,7447.52,7457.69,7498.47,7431.26,7533.77,-76.08,-1.01,0.89,3397503.0
SPX,20260716,7558.8,7533.77,7570.74,7504.02,7572.4,-38.63,-0.51,0.88,3209253.0
SPX,20260715,7571.72,7572.4,7581.5,7526.95,7543.59,28.81,0.38,0.72,3094328.0
SPX,20260714,7536.7,7543.59,7557.44,7513.23,7515.34,28.25,0.38,0.59,2804671.0
SPX,20260713,7547.53,7515.34,7565.37,7506.41,7575.39,-60.05,-0.79,0.78,2713008.0
SPX,20260710,7547.64,7575.39,7579.93,7508.16,7543.64,31.75,0.42,0.95,2353229.0
SPX,20260709,7491.6,7543.64,7546.89,7481.73,7482.71,60.93,0.81,0.87,2781342.0
SPX,20260708,7476.54,7482.71,7488.51,7421.82,7503.85,-21.14,-0.28,0.89,2874621.0
SPX,20260707,7516.63,7503.85,7536.06,7478.63,7537.43,-33.58,-0.45,0.76,2991357.0
SPX,20260706,7506.96,7537.43,7551.31,7500.97,7483.24,54.19,0.72,0.67,3007566.0
SPX,20260702,7495.14,7483.24,7540.75,7427.55,7483.23,0.01,0.0,1.51,3414979.0
SPX,20260701,7478.84,7483.23,7521.81,7449.63,7499.36,-16.13,-0.22,0.96,3687283.0
SPX,20260630,7441.27,7499.36,7508.29,7438.04,7440.43,58.93,0.79,0.94,3763757.0
SPX,20260629,7391.88,7440.43,7444.32,7348.88,7354.02,86.41,1.18,1.3,3721877.0
SPX,20260626,7312.74,7354.02,7392.95,7294.18,7357.49,-3.47,-0.05,1.34,5860381.0
SPX,20260625,7404.91,7357.49,7419.08,7323.5,7358.22,-0.73,-0.01,1.3,3563880.0
SPX,20260624,7370.88,7358.22,7428.06,7336.82,7365.46,-7.24,-0.1,1.24,3600977.0
SPX,20260623,7366.51,7365.46,7424.17,7347.6,7472.79,-107.33,-1.44,1.02,3658966.0
SPX,20260622,7500.44,7472.79,7530.01,7460.01,7500.58,-27.79,-0.37,0.93,3673570.0
SPX,20260618,7487.36,7500.58,7511.07,7468.32,7420.1,80.48,1.08,0.58,6324162.0
SPX,20260617,7524.5,7420.1,7532.17,7402.61,7511.35,-91.25,-1.21,1.72,3339473.0
SPX,20260616,7548.78,7511.35,7564.96,7508.68,7554.29,-42.94,-0.57,0.75,3044166.0
SPX,20260615,7516.75,7554.29,7577.92,7516.75,7431.46,122.83,1.65,0.82,3393215.0
SPX,20260612,7410.85,7431.46,7456.4,7363.01,7394.3,37.16,0.5,1.26,2962242.0
SPX,20260611,7287.67,7394.3,7412.68,7257.33,7266.99,127.31,1.75,2.14,3527516.0
SPX,20260610,7350.54,7266.99,7396.56,7265.93,7386.65,-119.66,-1.62,1.77,3253456.0
SPX,20260609,7438.66,7386.65,7483.15,7237.85,7405.73,-19.08,-0.26,3.31,3499231.0
SPX,20260608,7440.57,7405.73,7466.81,7395.13,7383.74,21.99,0.3,0.97,2950131.0
SPX,20260605,7537.36,7383.74,7541.81,7368.63,7584.31,-200.57,-2.64,2.28,3567473.0
SPX,20260604,7516.54,7584.31,7598.19,7516.54,7553.68,30.63,0.41,1.08,3221699.0
SPX,20260603,7605.31,7553.68,7605.35,7551.22,7609.78,-56.1,-0.74,0.71,3413910.0
SPX,20260602,7595.4,7609.78,7620.9,7582.99,7599.96,9.82,0.13,0.5,3409553.0
SPX,20260601,7582.29,7599.96,7617.66,7562.61,7580.06,19.9,0.26,0.73,3660418.0
SPX,20260529,7579.33,7580.06,7599.38,7563.55,7563.63,16.43,0.22,0.47,5528976.0
SPX,20260528,7519.82,7563.63,7568.72,7508.04,7520.36,43.27,0.58,0.81,3225656.0
SPX,20260527,7526.01,7520.36,7530.72,7499.72,7519.12,1.24,0.02,0.41,3115851.0
SPX,20260526,7511.79,7519.12,7539.09,7501.1,7473.47,45.65,0.61,0.51,3046248.0
SPX,20260522,7468.82,7473.47,7506.32,7463.29,7445.72,27.75,0.37,0.58,2693031.0
SPX,20260521,7410.78,7445.72,7465.96,7389.48,7432.97,12.75,0.17,1.03,2962758.0
SPX,20260520,7369.19,7432.97,7435.69,7357.46,7353.61,79.36,1.08,1.06,3198655.0
SPX,20260519,7375.75,7353.61,7395.32,7333.68,7403.05,-49.44,-0.67,0.83,3169689.0
SPX,20260518,7415.07,7403.05,7434.06,7353.17,7408.5,-5.45,-0.07,1.09,3110807.0
SPX,20260515,7445.11,7408.5,7454.85,7397.5,7501.24,-92.74,-1.24,0.76,3336614.0
SPX,20260514,7454.4,7501.24,7517.12,7454.4,7444.25,56.99,0.77,0.84,3015468.0
SPX,20260513,7409.12,7444.25,7460.04,7375.13,7400.96,43.29,0.58,1.15,3261278.0
SPX,20260512,7390.63,7400.96,7409.57,7338.54,7412.84,-11.88,-0.16,0.96,3217694.0
SPX,20260511,7385.31,7412.84,7428.97,7384.2,7398.93,13.91,0.19,0.61,3378815.0
SPX,20260508,7362.97,7398.93,7401.5,7362.97,7337.11,61.82,0.84,0.53,3311720.0
SPX,20260507,7376.78,7337.11,7385.02,7321.25,7365.12,-28.01,-0.38,0.87,3549270.0
SPX,20260506,7294.14,7365.12,7369.22,7294.14,7259.22,105.9,1.46,1.03,3841722.0
SPX,20260505,7233.62,7259.22,7273.26,7233.62,7200.75,58.47,0.81,0.55,3197863.0
SPX,20260504,7228.38,7200.75,7244.54,7174.12,7230.12,-29.37,-0.41,0.97,2940320.0
SPX,20260501,7234.54,7230.12,7272.52,7229.32,7209.01,21.11,0.29,0.6,2918282.0
SPX,20260430,7161.75,7209.01,7219.83,7126.15,7135.95,73.06,1.02,1.31,3941277.0
SPX,20260429,7131.61,7135.95,7145.63,7107.86,7138.8,-2.85,-0.04,0.53,3261128.0
SPX,20260428,7133.74,7138.8,7152.52,7115.17,7173.91,-35.11,-0.49,0.52,3031612.0
SPX,20260427,7152.72,7173.91,7178.74,7146.72,7165.08,8.83,0.12,0.45,3008577.0
SPX,20260424,7136.48,7165.08,7168.59,7112.82,7108.4,56.68,0.8,0.78,3179036.0
SPX,20260423,7118.8,7108.4,7147.78,7046.55,7137.9,-29.5,-0.41,1.42,3238399.0
SPX,20260422,7102.91,7137.9,7138.64,7102.91,7064.01,73.89,1.05,0.51,2804123.0
SPX,20260421,7122.64,7064.01,7137.27,7050.2,7109.14,-45.13,-0.63,1.22,2981757.0
SPX,20260420,7117.05,7109.14,7122.65,7084.41,7126.06,-16.92,-0.24,0.54,2630327.0
SPX,20260417,7074.55,7126.06,7147.52,7074.55,7041.28,84.78,1.2,1.04,3621555.0
SPX,20260416,7037.78,7041.28,7051.23,7008.52,7022.95,18.33,0.26,0.61,2986125.0
SPX,20260415,6978.17,7022.95,7026.24,6967.13,6967.38,55.57,0.8,0.85,3062289.0
SPX,20260414,6910.2,6967.38,6969.42,6905.17,6886.24,81.14,1.18,0.93,3024825.0
SPX,20260413,6806.47,6886.24,6887.0,6790.02,6816.89,69.35,1.02,1.42,2885789.0
SPX,20260410,6839.24,6816.89,6845.77,6808.46,6824.66,-7.77,-0.11,0.55,2781394.0
SPX,20260409,6783.69,6824.66,6835.31,6761.55,6782.81,41.85,0.62,1.09,2977423.0
SPX,20260408,6754.36,6782.81,6793.5,6740.28,6616.85,165.96,2.51,0.8,3502192.0
SPX,20260407,6601.93,6616.85,6618.26,6534.55,6611.83,5.02,0.08,1.27,2731119.0
SPX,20260406,6587.66,6611.83,6618.13,6579.72,6582.69,29.14,0.44,0.58,2316756.0
SPX,20260402,6512.61,6582.69,6601.91,6474.94,6575.32,7.37,0.11,1.93,2716142.0
SPX,20260401,6556.56,6575.32,6609.67,6554.29,6528.52,46.8,0.72,0.85,3352118.0
SPX,20260331,6395.88,6528.52,6539.05,6395.88,6343.72,184.8,2.91,2.26,3868268.0
SPX,20260330,6403.37,6343.72,6427.31,6316.91,6368.85,-25.13,-0.39,1.73,3264973.0
SPX,20260327,6453.89,6368.85,6453.89,6356.08,6477.16,-108.31,-1.67,1.51,3141142.0
SPX,20260326,6555.86,6477.16,6573.22,6473.79,6591.9,-114.74,-1.74,1.51,3002945.0
SPX,20260325,6598.35,6591.9,6633.94,6568.41,6556.37,35.53,0.54,1.0,2919894.0
SPX,20260324,6552.09,6556.37,6595.75,6525.11,6581.0,-24.63,-0.37,1.07,3088359.0
SPX,20260323,6574.96,6581.0,6651.62,6565.55,6506.48,74.52,1.15,1.32,3486098.0
SPX,20260320,6594.66,6506.48,6594.66,6473.52,6606.49,-100.01,-1.51,1.83,7040256.0
SPX,20260319,6583.12,6606.49,6636.74,6557.82,6624.7,-18.21,-0.27,1.19,3244958.0
SPX,20260318,6697.16,6624.7,6705.18,6621.66,6716.09,-91.39,-1.36,1.24,3009753.0
SPX,20260317,6722.35,6716.09,6754.3,6710.8,6699.38,16.71,0.25,0.65,2900990.0
SPX,20260316,6674.37,6699.38,6729.79,6674.37,6632.19,67.19,1.01,0.84,3025489.0
SPX,20260313,6673.49,6632.19,6733.3,6623.92,6672.62,-40.43,-0.61,1.64,2964237.0
SPX,20260312,6740.88,6672.62,6740.88,6670.4,6775.8,-103.18,-1.52,1.04,3496196.0
SPX,20260311,6790.09,6775.8,6811.15,6745.59,6781.48,-5.68,-0.08,0.97,2979127.0
SPX,20260310,6796.56,6781.48,6845.08,6759.74,6795.99,-14.51,-0.21,1.26,3146683.0
SPX,20260309,6699.8,6795.99,6810.44,6636.04,6740.02,55.97,0.83,2.59,3701319.0
SPX,20260306,6769.03,6740.02,6773.42,6711.56,6830.71,-90.69,-1.33,0.91,3407767.0
SPX,20260305,6851.08,6830.71,6870.43,6770.78,6869.5,-38.79,-0.56,1.45,3703063.0
SPX,20260304,6831.69,6869.5,6885.94,6811.64,6816.63,52.87,0.78,1.09,3193784.0
SPX,20260303,6800.26,6816.63,6840.05,6710.42,6881.62,-64.99,-0.94,1.88,3509315.0
SPX,20260302,6824.36,6881.62,6901.01,6796.85,6878.88,2.74,0.04,1.51,3458584.0
SPX,20260227,6856.54,6878.88,6882.96,6831.74,6908.86,-29.98,-0.43,0.74,4585000.0
SPX,20260226,6944.74,6908.86,6947.25,6859.73,6946.13,-37.27,-0.54,1.26,3452201.0
SPX,20260225,6915.15,6946.13,6952.51,6915.15,6890.07,56.06,0.81,0.54,3302179.0
SPX,20260224,6837.37,6890.07,6899.17,6815.43,6837.75,52.32,0.77,1.22,3167064.0
SPX,20260223,6901.25,6837.75,6916.96,6819.82,6909.51,-71.76,-1.04,1.41,3261707.0
SPX,20260220,6843.26,6909.51,6915.86,6836.33,6861.89,47.62,0.69,1.16,3339511.0
SPX,20260219,6861.34,6861.89,6879.12,6833.06,6881.31,-19.42,-0.28,0.67,2928310.0
SPX,20260218,6855.48,6881.31,6909.12,6849.66,6843.22,38.09,0.56,0.87,3039484.0
SPX,20260217,6819.86,6843.22,6866.99,6775.5,6836.17,7.05,0.1,1.34,3297533.0
SPX,20260213,6834.27,6836.17,6881.96,6794.55,6832.76,3.41,0.05,1.28,3419161.0
SPX,20260212,6957.54,6832.76,6973.22,6824.04,6941.47,-108.71,-1.57,2.15,4529539.0
SPX,20260211,6976.48,6941.47,6993.48,6911.97,6941.81,-0.34,0.0,1.17,3743711.0
SPX,20260210,6974.49,6941.81,6986.83,6937.53,6964.82,-23.01,-0.33,0.71,3494761.0
SPX,20260209,6917.26,6964.82,6980.1,6905.87,6932.3,32.52,0.47,1.07,3363942.0
SPX,20260206,6816.74,6932.3,6944.89,6816.74,6798.4,133.9,1.97,1.89,3842634.0
SPX,20260205,6837.39,6798.4,6857.85,6780.13,6882.72,-84.32,-1.23,1.13,4330553.0
SPX,20260204,6924.5,6882.72,6936.09,6838.8,6917.81,-35.09,-0.51,1.41,5124778.0
SPX,20260203,6985.45,6917.81,6993.08,6862.05,6976.44,-58.63,-0.84,1.88,4509153.0
SPX,20260202,6916.64,6976.44,6991.92,6914.34,6939.03,37.41,0.54,1.12,3598308.0
SPX,20260130,6947.27,6939.0295,6964.09,6893.48,6969.0069,-29.9774,-0.4302,1.01,669734.0
SPX,20260129,6977.74,6969.0069,6992.84,6870.8,6978.0294,-9.0225,-0.1293,1.75,687778.0
SPX,20260128,7002.0,6978.0294,7002.28,6963.46,6978.5969,-0.5675,-0.0081,0.56,550767.0
SPX,20260127,6965.96,6978.5969,6988.82,6958.83,6950.2322,28.3647,0.4081,0.43,533172.0
SPX,20260126,6923.23,6950.2322,6964.66,6921.6,6915.6106,34.6216,0.5006,0.62,496805.0
SPX,20260123,6907.85,6915.6106,6932.96,6895.5,6913.352,2.2586,0.0327,0.54,487193.0
SPX,20260122,6914.44,6913.352,6934.75,6893.62,6875.62,37.732,0.5488,0.6,530758.0
SPX,20260121,6810.71,6875.62,6910.39,6804.96,6796.86,78.76,1.1588,1.55,583552.0
SPX,20260120,6865.24,6796.86,6871.17,6793.52,6940.01,-143.15,-2.0627,1.12,576950.0
SPX,20260116,6960.54,6940.01,6967.3,6925.09,6944.47,-4.46,-0.0642,0.61,535655.0
SPX,20260115,6969.46,6944.47,6979.34,6937.93,6926.6,17.87,0.258,0.6,511405.0
SPX,20260114,6937.41,6926.6,6941.3,6885.74,6963.74,-37.14,-0.5333,0.8,553083.0
SPX,20260113,6977.41,6963.74,6985.83,6945.69,6977.27,-13.53,-0.1939,0.58,509173.0
SPX,20260112,6944.12,6977.27,6986.33,6934.07,6966.28,10.99,0.1578,0.75,501904.0
SPX,20260109,6927.83,6966.28,6977.6,6917.64,6921.46,44.82,0.6476,0.87,516390.0
SPX,20260108,6914.11,6921.46,6931.28,6899.33,6920.93,0.53,0.0077,0.46,533320.0
SPX,20260107,6945.07,6920.93,6965.69,6919.19,6944.82,-23.89,-0.344,0.67,521448.0
SPX,20260106,6908.03,6944.82,6947.49,6904.02,6902.05,42.77,0.6197,0.63,550968.0
SPX,20260105,6892.19,6902.05,6920.38,6891.56,6858.47,43.58,0.6354,0.42,577193.0
SPX,20260102,6878.11,6858.47,6894.87,6824.31,6845.5,12.97,0.1895,1.03,418412.0
SPX,20251231,6898.82,6845.5,6901.42,6845.5,6896.24,-50.74,-0.7358,0.81,326183.0
SPX,20251230,6900.44,6896.24,6913.25,6893.47,6905.74,-9.5,-0.1376,0.29,330993.0
SPX,20251229,6903.6,6905.74,6920.21,6888.76,6929.94,-24.2,-0.3492,0.45,354175.0
SPX,20251226,6936.02,6929.94,6945.77,6921.6,6932.05,-2.11,-0.0304,0.35,258655.0
SPX,20251224,6904.91,6932.05,6937.32,6904.91,6909.79,22.26,0.3222,0.47,179827.0
SPX,20251223,6872.41,6909.79,6910.88,6868.81,6878.49,31.3,0.455,0.61,382056.0
SPX,20251222,6865.21,6878.49,6882.03,6855.74,6834.5,43.99,0.6436,0.38,446503.0
SPX,20251219,6792.62,6834.5,6840.02,6792.62,6774.76,59.74,0.8818,0.7,855447.0
SPX,20251218,6778.06,6774.76,6816.13,6758.5,6721.43,53.33,0.7934,0.86,510119.0
SPX,20251217,6802.88,6721.43,6812.26,6721.43,6800.26,-78.83,-1.1592,1.34,512212.0
SPX,20251216,6800.12,6800.26,6819.27,6759.74,6816.51,-16.25,-0.2384,0.87,498318.0
SPX,20251215,6860.19,6816.51,6861.59,6801.49,6827.41,-10.9,-0.1597,0.88,497560.0
SPX,20251212,6886.85,6827.41,6899.85,6801.79,6901.0,-73.59,-1.0664,1.42,491016.0
SPX,20251211,6861.3,6901.0,6903.46,6833.45,6886.68,14.32,0.2079,1.02,502106.0
SPX,20251210,6833.49,6886.68,6897.52,6824.69,6840.51,46.17,0.675,1.06,552657.0
SPX,20251209,6840.61,6840.51,6864.92,6840.17,6846.51,-6.0,-0.0876,0.36,450805.0
SPX,20251208,6875.2,6846.51,6878.27,6827.19,6870.4,-23.89,-0.3477,0.74,475713.0
SPX,20251205,6866.32,6870.4,6895.78,6858.31,6857.12,13.28,0.1937,0.55,494456.0
SPX,20251204,6866.47,6857.12,6866.47,6827.12,6849.72,7.4,0.108,0.57,487244.0
SPX,20251203,6815.29,6849.72,6862.42,6810.43,6829.37,20.35,0.298,0.76,473678.0
SPX,20251202,6830.96,6829.37,6851.55,6806.71,6812.63,16.74,0.2457,0.66,458229.0
SPX,20251201,6812.3,6812.63,6843.65,6799.94,6849.09,-36.46,-0.5323,0.64,454937.0
SPX,20251128,6822.52,6849.09,6850.86,6819.75,6812.61,36.48,0.5355,0.46,255854.0
SPX,20251126,6793.55,6812.61,6831.44,6783.87,6765.88,46.73,0.6907,0.7,448500.0
SPX,20251125,6697.03,6765.88,6776.4,6659.98,6705.12,60.76,0.9062,1.74,500333.0
SPX,20251124,6636.54,6705.12,6712.77,6630.7,6602.99,102.13,1.5467,1.24,603974.0
SPX,20251121,6555.77,6602.99,6660.05,6521.92,6538.76,64.23,0.9823,2.11,592993.0
SPX,20251120,6737.93,6538.76,6770.35,6534.05,6642.16,-103.4,-1.5567,3.56,559608.0
SPX,20251119,6625.84,6642.16,6689.75,6603.5,6617.32,24.84,0.3754,1.3,502161.0
SPX,20251118,6641.19,6617.32,6666.63,6574.32,6672.41,-55.09,-0.8256,1.38,515939.0
SPX,20251117,6713.61,6672.41,6754.5,6638.9,6734.11,-61.7,-0.9162,1.72,520422.0
SPX,20251114,6672.14,6734.11,6774.31,6646.87,6737.49,-3.38,-0.0502,1.89,504266.0
SPX,20251113,6826.47,6737.49,6828.05,6724.81,6850.92,-113.43,-1.6557,1.51,547372.0
SPX,20251112,6867.77,6850.92,6869.91,6829.62,6846.61,4.31,0.063,0.59,529361.0
SPX,20251111,6815.64,6846.61,6855.13,6806.87,6832.43,14.18,0.2075,0.71,498349.0
SPX,20251110,6785.36,6832.43,6840.38,6770.56,6728.8,103.63,1.5401,1.04,536605.0
SPX,20251107,6696.18,6728.8,6730.11,6631.44,6720.32,8.48,0.1262,1.47,592607.0
SPX,20251106,6787.59,6720.32,6796.68,6707.51,6796.29,-75.97,-1.1178,1.31,605190.0
SPX,20251105,6769.77,6796.29,6829.78,6763.11,6771.55,24.74,0.3654,0.98,593960.0
SPX,20251104,6788.52,6771.55,6820.21,6766.71,6851.97,-80.42,-1.1737,0.78,573951.0
SPX,20251103,6882.32,6851.97,6882.32,6820.62,6840.2,11.77,0.1721,0.9,606572.0
SPX,20251031,6879.17,6840.2,6879.17,6814.26,6822.34,17.86,0.2618,0.95,639828.0
SPX,20251030,6860.5,6822.34,6880.75,6820.69,6890.59,-68.25,-0.9905,0.87,605270.0
SPX,20251029,6910.95,6890.59,6920.34,6851.91,6890.89,-0.3,-0.0044,0.99,628013.0
SPX,20251028,6897.74,6890.89,6911.3,6870.73,6875.16,15.73,0.2288,0.59,569593.0
SPX,20251027,6845.46,6875.16,6877.28,6843.94,6791.69,83.47,1.229,0.49,529065.0
SPX,20251024,6772.07,6791.69,6807.11,6772.07,6738.44,53.25,0.7902,0.52,505822.0
SPX,20251023,6703.65,6738.44,6749.53,6700.14,6699.4,39.04,0.5827,0.74,556575.0
SPX,20251022,6741.34,6699.4,6741.75,6655.69,6735.35,-35.95,-0.5338,1.28,571001.0
SPX,20251021,6736.75,6735.35,6752.16,6722.03,6735.13,0.22,0.0033,0.45,524502.0
SPX,20251020,6690.05,6735.13,6744.35,6690.05,6664.01,71.12,1.0672,0.81,467217.0
SPX,20251017,6613.27,6664.01,6678.88,6603.76,6629.07,34.94,0.5271,1.13,535812.0
SPX,20251016,6689.02,6629.07,6709.34,6593.99,6671.06,-41.99,-0.6294,1.73,604818.0
SPX,20251015,6688.27,6671.06,6724.12,6612.11,6644.31,26.75,0.4026,1.69,563306.0
SPX,20251014,6602.49,6644.31,6680.7,6555.07,6654.72,-10.41,-0.1564,1.89,566692.0
SPX,20251013,6622.53,6654.72,6668.68,6620.71,6552.51,102.21,1.5599,0.73,530396.0
SPX,20251010,6740.49,6552.51,6762.4,6550.78,6735.11,-182.6,-2.7112,3.14,659661.0
SPX,20251009,6760.5,6735.11,6764.58,6716.17,6753.72,-18.61,-0.2756,0.72,538502.0
SPX,20251008,6723.87,6753.72,6755.64,6718.09,6714.59,39.13,0.5828,0.56,538313.0
SPX,20251007,6746.14,6714.59,6754.49,6699.96,6740.28,-25.69,-0.3811,0.81,554615.0
SPX,20251006,6733.86,6740.28,6749.52,6717.78,6715.79,24.49,0.3647,0.47,560446.0
SPX,20251003,6722.14,6715.79,6750.87,6705.67,6715.35,0.44,0.0066,0.67,571311.0
SPX,20251002,6731.31,6715.35,6731.94,6693.23,6711.2,4.15,0.0618,0.58,541613.0
SPX,20251001,6664.92,6711.2,6718.48,6656.2,6688.46,22.74,0.34,0.93,603795.0
SPX,20250930,6656.19,6688.46,6691.25,6641.0,6661.21,27.25,0.4091,0.75,605721.0
SPX,20250929,6661.58,6661.21,6677.31,6644.49,6643.7,17.51,0.2636,0.49,535876.0
SPX,20250926,6615.38,6643.7,6648.97,6604.43,6604.72,38.98,0.5902,0.67,510311.0
SPX,20250925,6608.19,6604.72,6619.0,6569.22,6637.97,-33.25,-0.5009,0.75,587467.0
SPX,20250924,6669.79,6637.97,6672.66,6621.76,6656.92,-18.95,-0.2847,0.76,545918.0
SPX,20250923,6692.44,6656.92,6699.52,6645.58,6693.75,-36.83,-0.5502,0.81,563362.0
SPX,20250922,6654.28,6693.75,6698.88,6648.07,6664.36,29.39,0.441,0.76,564262.0
SPX,20250919,6647.11,6664.36,6671.82,6630.31,6631.96,32.4,0.4885,0.63,912596.0
SPX,20250918,6626.85,6631.96,6656.8,6611.89,6600.35,31.61,0.4789,0.68,529240.0
SPX,20250917,6604.87,6600.35,6624.39,6551.15,6606.76,-6.41,-0.097,1.11,580534.0
SPX,20250916,6624.13,6606.76,6626.99,6600.11,6615.28,-8.52,-0.1288,0.41,535951.0
SPX,20250915,6603.49,6615.28,6619.62,6602.07,6584.29,30.99,0.4707,0.27,504502.0
SPX,20250912,6590.66,6584.29,6600.21,6579.49,6587.47,-3.18,-0.0483,0.31,464164.0
SPX,20250911,6554.41,6587.47,6592.89,6545.8,6532.04,55.43,0.8486,0.72,542646.0
SPX,20250910,6550.29,6532.04,6555.97,6516.34,6512.61,19.43,0.2983,0.61,525301.0
SPX,20250909,6503.33,6512.61,6518.23,6483.08,6495.15,17.46,0.2688,0.54,479835.0
SPX,20250908,6498.09,6495.15,6508.67,6483.29,6481.5,13.65,0.2106,0.39,521150.0
SPX,20250905,6529.08,6481.5,6532.65,6443.98,6502.08,-20.58,-0.3165,1.36,506612.0
SPX,20250904,6456.6,6502.08,6502.54,6445.98,6448.26,53.82,0.8346,0.88,467077.0
SPX,20250903,6445.82,6448.26,6453.67,6416.17,6415.54,32.72,0.51,0.58,446536.0
SPX,20250902,6401.51,6415.54,6416.54,6360.58,6460.26,-44.72,-0.6922,0.87,478400.0
SPX,20250829,6489.28,6460.26,6491.76,6444.57,6501.86,-41.6,-0.6398,0.73,423484.0
SPX,20250828,6483.84,6501.86,6508.23,6466.96,6481.4,20.46,0.3157,0.64,428376.0
SPX,20250827,6462.26,6481.4,6487.06,6457.84,6465.94,15.46,0.2391,0.45,414368.0
SPX,20250826,6435.49,6465.94,6468.37,6429.21,6439.32,26.62,0.4134,0.61,486768.0
SPX,20250825,6457.67,6439.32,6466.89,6438.06,6466.91,-27.59,-0.4266,0.45,405907.0
SPX,20250822,6384.59,6466.91,6478.89,6384.59,6370.17,96.74,1.5186,1.48,504686.0
SPX,20250821,6380.83,6370.17,6393.65,6352.71,6395.78,-25.61,-0.4004,0.64,401356.0
SPX,20250820,6406.62,6395.78,6408.4,6344.14,6411.37,-15.59,-0.2432,1.0,447039.0
SPX,20250819,6446.24,6411.37,6456.48,6400.22,6449.15,-37.78,-0.5858,0.87,437744.0
SPX,20250818,6445.02,6449.15,6455.35,6437.7,6449.8,-0.65,-0.0101,0.27,416229.0
SPX,20250815,6477.38,6449.8,6481.34,6441.85,6468.54,-18.74,-0.2897,0.61,457506.0
SPX,20250814,6453.46,6468.54,6473.92,6441.07,6466.58,1.96,0.0303,0.51,446205.0
SPX,20250813,6462.67,6466.58,6480.28,6445.02,6445.76,20.82,0.323,0.55,519595.0
SPX,20250812,6395.17,6445.76,6446.55,6385.76,6373.45,72.31,1.1346,0.95,513530.0
SPX,20250811,6389.67,6373.45,6407.25,6364.06,6389.45,-16.0,-0.2504,0.68,465240.0
SPX,20250808,6355.22,6389.45,6395.16,6355.22,6340.0,49.45,0.78,0.63,476991.0
SPX,20250807,6374.32,6340.0,6389.71,6310.32,6345.06,-5.06,-0.0797,1.25,530609.0
SPX,20250806,6309.3,6345.06,6352.83,6301.11,6299.19,45.87,0.7282,0.82,540856.0
SPX,20250805,6336.63,6299.19,6346.0,6289.37,6329.94,-30.75,-0.4858,0.89,551741.0
SPX,20250804,6271.71,6329.94,6330.69,6271.71,6238.01,91.93,1.4737,0.95,484258.0
SPX,20250801,6287.28,6238.01,6287.28,6212.69,6339.39,-101.38,-1.5992,1.18,582715.0
SPX,20250731,6427.02,6339.39,6427.02,6327.64,6362.9,-23.51,-0.3695,1.56,607708.0
SPX,20250730,6381.23,6362.9,6396.54,6336.38,6370.86,-7.96,-0.1249,0.94,537507.0
SPX,20250729,6405.62,6370.86,6409.26,6363.92,6389.77,-18.91,-0.2959,0.71,507612.0
SPX,20250728,6397.69,6389.77,6401.07,6375.79,6388.64,1.13,0.0177,0.4,456562.0
SPX,20250725,6370.01,6388.64,6395.82,6368.53,6363.35,25.29,0.3974,0.43,447072.0
SPX,20250724,6368.6,6363.35,6381.31,6360.57,6358.91,4.44,0.0698,0.33,528272.0
SPX,20250723,6326.9,6358.91,6360.64,6317.49,6309.62,49.29,0.7812,0.68,564251.0
SPX,20250722,6306.6,6309.62,6316.12,6281.71,6305.6,4.02,0.0638,0.55,566204.0
SPX,20250721,6304.74,6305.6,6336.08,6303.79,6296.79,8.81,0.1399,0.51,501084.0
SPX,20250718,6312.95,6296.79,6315.61,6285.27,6297.36,-0.57,-0.0091,0.48,518470.0
SPX,20250717,6263.4,6297.36,6304.69,6262.27,6263.7,33.66,0.5374,0.68,551229.0
SPX,20250716,6254.5,6263.7,6268.12,6201.59,6243.76,19.94,0.3194,1.07,517746.0
SPX,20250715,6295.29,6243.76,6302.04,6241.68,6268.56,-24.8,-0.3956,0.96,513367.0
SPX,20250714,6255.15,6268.56,6273.31,6239.22,6259.75,8.81,0.1407,0.54,472225.0
SPX,20250711,6255.68,6259.75,6269.44,6237.6,6280.46,-20.71,-0.3298,0.51,465621.0
SPX,20250710,6266.8,6280.46,6290.22,6251.44,6263.26,17.2,0.2746,0.62,536735.0
SPX,20250709,6243.33,6263.26,6269.16,6231.43,6225.52,37.74,0.6062,0.61,481334.0
SPX,20250708,6234.03,6225.52,6242.7,6217.75,6229.98,-4.46,-0.0716,0.4,573903.0
SPX,20250707,6259.04,6229.98,6262.07,6201.0,6279.35,-49.37,-0.7862,0.97,523674.0
SPX,20250703,6246.46,6279.35,6284.65,6246.46,6227.42,51.93,0.8339,0.61,337811.0
SPX,20250702,6193.88,6227.42,6227.6,6188.29,6198.01,29.41,0.4745,0.63,564571.0
SPX,20250701,6187.25,6198.01,6210.78,6177.97,6204.95,-6.94,-0.1118,0.53,627531.0
SPX,20250630,6193.36,6204.95,6215.08,6174.97,6173.07,31.88,0.5164,0.65,578290.0
SPX,20250627,6150.7,6173.07,6187.68,6132.35,6141.02,32.05,0.5219,0.9,788935.0
SPX,20250626,6112.09,6141.02,6146.52,6107.27,6092.16,48.86,0.802,0.64,530814.0
SPX,20250625,6104.23,6092.16,6108.51,6080.09,6092.18,-0.02,-0.0003,0.47,517111.0
SPX,20250624,6061.21,6092.18,6101.76,6059.25,6025.17,67.01,1.1122,0.71,544369.0
SPX,20250623,5969.67,6025.17,6028.77,5943.23,5967.84,57.33,0.9606,1.43,559700.0
SPX,20250620,5999.67,5967.84,6018.2,5952.56,5980.87,-13.03,-0.2179,1.1,745150.0
SPX,20250618,5987.93,5980.87,6018.25,5971.89,5982.72,-1.85,-0.0309,0.77,510647.0
SPX,20250617,6012.15,5982.72,6023.25,5974.8,6033.11,-50.39,-0.8352,0.8,495570.0
SPX,20250616,6004.0,6033.11,6050.83,6004.0,5976.97,56.14,0.9393,0.78,511171.0
SPX,20250613,6000.56,5976.97,6026.16,5963.21,6045.26,-68.29,-1.1296,1.04,525891.0
SPX,20250612,6009.9,6045.26,6045.43,6003.88,6022.24,23.02,0.3823,0.69,466950.0
SPX,20250611,6049.38,6022.24,6059.4,6002.32,6038.81,-16.57,-0.2744,0.95,511155.0
SPX,20250610,6009.91,6038.81,6043.01,6000.28,6005.88,32.93,0.5483,0.71,488288.0
SPX,20250609,6004.63,6005.88,6021.31,5994.18,6000.36,5.52,0.092,0.45,464236.0
SPX,20250606,5987.06,6000.36,6016.87,5978.63,5939.3,61.06,1.0281,0.64,435571.0
SPX,20250605,5985.67,5939.3,5999.7,5921.2,5970.81,-31.51,-0.5277,1.31,509185.0
SPX,20250604,5978.94,5970.81,5990.48,5966.11,5970.37,0.44,0.0074,0.41,476705.0
SPX,20250603,5938.56,5970.37,5981.35,5929.0,5935.94,34.43,0.58,0.88,502668.0
SPX,20250602,5896.68,5935.94,5937.4,5861.43,5911.69,24.25,0.4102,1.29,483224.0
SPX,20250530,5903.67,5911.69,5922.14,5843.66,5912.17,-0.48,-0.0081,1.33,637854.0
SPX,20250529,5939.96,5912.17,5943.13,5873.8,5888.55,23.62,0.4011,1.18,456975.0
SPX,20250528,5925.54,5888.55,5939.92,5881.88,5921.54,-32.99,-0.5571,0.98,466505.0
SPX,20250527,5854.07,5921.54,5924.33,5854.07,5802.82,118.72,2.0459,1.21,536638.0
SPX,20250523,5781.89,5802.82,5829.51,5767.41,5842.01,-39.19,-0.6708,1.06,466282.0
SPX,20250522,5841.26,5842.01,5878.08,5825.82,5844.61,-2.6,-0.0445,0.89,515705.0
SPX,20250521,5910.18,5844.61,5938.37,5830.91,5940.46,-95.85,-1.6135,1.81,525425.0
SPX,20250520,5944.66,5940.46,5953.06,5909.26,5963.6,-23.14,-0.388,0.73,441685.0
SPX,20250519,5902.88,5963.6,5968.61,5895.69,5958.38,5.22,0.0876,1.22,414401.0
SPX,20250516,5929.09,5958.38,5958.62,5907.36,5916.93,41.45,0.7005,0.87,485085.0
SPX,20250515,5869.82,5916.93,5924.21,5865.16,5892.58,24.35,0.4132,1.0,499129.0
SPX,20250514,5896.74,5892.58,5906.55,5872.11,5886.55,6.03,0.1024,0.59,523345.0
SPX,20250513,5854.15,5886.55,5906.64,5845.02,5844.19,42.36,0.7248,1.05,551629.0
SPX,20250512,5807.2,5844.19,5845.37,5786.08,5659.91,184.28,3.2559,1.05,601458.0
SPX,20250509,5679.65,5659.91,5691.69,5644.15,5663.94,-4.03,-0.0712,0.84,464509.0
SPX,20250508,5663.6,5663.94,5720.1,5635.38,5631.28,32.66,0.58,1.5,562740.0
SPX,20250507,5614.18,5631.28,5654.73,5578.64,5606.91,24.37,0.4346,1.36,498744.0
SPX,20250506,5605.87,5606.91,5649.58,5586.04,5650.38,-43.47,-0.7693,1.12,471726.0
SPX,20250505,5655.32,5650.38,5683.38,5634.48,5686.67,-36.29,-0.6382,0.86,435826.0
SPX,20250502,5645.88,5686.67,5700.7,5642.28,5604.14,82.53,1.4727,1.04,485438.0
SPX,20250501,5625.14,5604.14,5658.91,5597.35,5569.06,35.08,0.6299,1.11,493527.0
SPX,20250430,5499.44,5569.06,5581.84,5433.24,5560.83,8.23,0.148,2.67,544949.0
SPX,20250429,5508.87,5560.83,5571.95,5505.7,5528.75,32.08,0.5802,1.2,474715.0
SPX,20250428,5529.22,5528.75,5553.66,5468.64,5525.21,3.54,0.0641,1.54,425788.0
SPX,20250425,5489.73,5525.21,5528.11,5455.86,5484.77,40.44,0.7373,1.32,423658.0
SPX,20250424,5381.38,5484.77,5489.4,5371.96,5375.86,108.91,2.0259,2.18,469771.0
SPX,20250423,5395.92,5375.86,5469.69,5356.17,5287.76,88.1,1.6661,2.15,537139.0
SPX,20250422,5207.67,5287.76,5309.61,5207.67,5158.2,129.56,2.5117,1.98,466695.0
SPX,20250421,5232.94,5158.2,5232.94,5101.63,5282.7,-124.5,-2.3567,2.49,422634.0
SPX,20250417,5305.45,5282.7,5328.31,5255.58,5275.7,7.0,0.1327,1.38,471488.0
SPX,20250416,5335.75,5275.7,5367.24,5220.79,5396.63,-120.93,-2.2408,2.71,460775.0
SPX,20250415,5411.99,5396.63,5450.41,5386.44,5405.97,-9.34,-0.1728,1.18,431711.0
SPX,20250414,5441.96,5405.97,5459.46,5358.02,5363.36,42.61,0.7945,1.89,503144.0
SPX,20250411,5255.56,5363.36,5381.46,5220.77,5268.05,95.31,1.8092,3.05,560255.0
SPX,20250410,5353.15,5268.05,5353.15,5115.27,5456.9,-188.85,-3.4608,4.36,667714.0
SPX,20250409,4965.28,5456.9,5481.34,4948.43,4982.77,474.13,9.5154,10.7,948960.0
SPX,20250408,5193.57,4982.77,5267.47,4910.42,5062.25,-79.48,-1.5701,7.05,740814.0
SPX,20250407,4953.79,5062.25,5246.57,4835.04,5074.08,-11.83,-0.2331,8.11,869198.0
SPX,20250404,5292.14,5074.08,5292.14,5069.9,5396.52,-322.44,-5.975,4.12,885350.0
SPX,20250403,5492.74,5396.52,5499.53,5390.83,5670.97,-274.45,-4.8396,1.92,721047.0
SPX,20250402,5580.76,5670.97,5695.31,5571.48,5633.07,37.9,0.6728,2.2,424383.0
SPX,20250401,5597.53,5633.07,5650.57,5558.52,5611.85,21.22,0.3781,1.64,443450.0
SPX,20250331,5527.91,5611.85,5627.56,5488.73,5580.94,30.91,0.5538,2.49,525725.0
SPX,20250328,5679.2,5580.94,5685.89,5572.42,5693.31,-112.37,-1.9737,1.99,451333.0
SPX,20250327,5695.64,5693.31,5732.28,5670.94,5712.2,-18.89,-0.3307,1.07,440346.0
SPX,20250326,5771.66,5712.2,5783.62,5694.41,5776.65,-64.45,-1.1157,1.54,418314.0
SPX,20250325,5775.96,5776.65,5786.95,5760.42,5767.57,9.08,0.1574,0.46,446734.0
SPX,20250324,5718.08,5767.57,5775.14,5718.08,5667.56,100.01,1.7646,1.01,451799.0
SPX,20250321,5630.73,5667.56,5670.84,5603.1,5662.89,4.67,0.0825,1.2,936746.0
SPX,20250320,5646.92,5662.89,5711.15,5632.33,5675.29,-12.4,-0.2185,1.39,467842.0
SPX,20250319,5632.37,5675.29,5715.33,5622.2,5614.66,60.63,1.0799,1.66,466009.0
SPX,20250318,5654.53,5614.66,5654.53,5597.76,5675.12,-60.46,-1.0654,1.0,466627.0
SPX,20250317,5635.6,5675.12,5703.52,5631.12,5638.94,36.18,0.6416,1.28,503177.0
SPX,20250314,5563.85,5638.94,5645.27,5563.85,5521.52,117.42,2.1266,1.47,486318.0
SPX,20250313,5594.45,5521.52,5597.78,5504.65,5599.3,-77.78,-1.3891,1.66,501898.0
SPX,20250312,5624.84,5599.3,5642.19,5546.09,5572.07,27.23,0.4887,1.72,521983.0
SPX,20250311,5603.65,5572.07,5636.3,5528.41,5614.56,-42.49,-0.7568,1.92,622124.0
SPX,20250310,5705.37,5614.56,5705.37,5564.02,5770.2,-155.64,-2.6973,2.45,640937.0
SPX,20250307,5726.01,5770.2,5783.01,5666.29,5738.52,31.68,0.5521,2.03,570514.0
SPX,20250306,5785.87,5738.52,5812.08,5711.64,5842.63,-104.11,-1.7819,1.72,516508.0
SPX,20250305,5781.36,5842.63,5860.59,5742.35,5778.15,64.48,1.1159,2.05,528597.0
SPX,20250304,5811.98,5778.15,5865.08,5732.59,5849.72,-71.57,-1.2235,2.26,613811.0
SPX,20250303,5968.33,5849.72,5986.09,5810.91,5954.5,-104.78,-1.7597,2.94,561385.0
SPX,20250228,5856.74,5954.5,5959.4,5837.66,5861.57,92.93,1.5854,2.08,644114.0
SPX,20250227,5981.88,5861.57,5993.69,5858.78,5956.06,-94.49,-1.5865,2.27,505768.0
SPX,20250226,5970.87,5956.06,6009.82,5932.69,5955.25,0.81,0.0136,1.3,486958.0
SPX,20250225,5982.73,5955.25,5992.65,5908.49,5983.25,-28.0,-0.468,1.41,537469.0
SPX,20250224,6026.69,5983.25,6043.65,5977.83,6013.13,-29.88,-0.4969,1.09,499012.0
SPX,20250221,6114.1,6013.13,6114.82,6008.56,6117.52,-104.39,-1.7064,1.74,543456.0
SPX,20250220,6134.5,6117.52,6134.5,6084.59,6144.15,-26.63,-0.4334,0.81,481369.0
SPX,20250219,6117.76,6144.15,6147.43,6111.15,6129.58,14.57,0.2377,0.59,456233.0
SPX,20250218,6121.6,6129.58,6129.63,6099.51,6114.63,14.95,0.2445,0.49,468498.0
SPX,20250214,6115.52,6114.63,6127.47,6107.62,6115.07,-0.44,-0.0072,0.32,433519.0
SPX,20250213,6060.59,6115.07,6116.91,6050.95,6051.97,63.1,1.0426,1.09,476380.0
SPX,20250212,6025.08,6051.97,6063.0,6003.0,6068.5,-16.53,-0.2724,0.99,462796.0
SPX,20250211,6049.32,6068.5,6076.28,6042.34,6066.44,2.06,0.034,0.56,432488.0
SPX,20250210,6046.4,6066.44,6073.38,6044.84,6025.99,40.45,0.6713,0.47,445876.0
SPX,20250207,6083.13,6025.99,6101.28,6019.96,6083.57,-57.58,-0.9465,1.34,476690.0
SPX,20250206,6072.22,6083.57,6084.03,6046.83,6061.48,22.09,0.3644,0.61,484712.0
SPX,20250205,6020.45,6061.48,6062.86,6007.06,6037.88,23.6,0.3909,0.92,475625.0
SPX,20250204,5998.14,6037.88,6042.48,5990.87,5994.57,43.31,0.7225,0.86,441016.0
SPX,20250203,5969.65,5994.57,6022.13,5923.93,6040.53,-45.96,-0.7609,1.63,479721.0
SPX,20250131,6096.79,6040.53,6120.91,6030.93,6071.17,-30.64,-0.5047,1.48,484377.0
SPX,20250130,6050.75,6071.17,6086.64,6027.46,6039.31,31.86,0.5275,0.98,463462.0
SPX,20250129,6057.7,6039.31,6062.83,6012.96,6067.7,-28.39,-0.4679,0.82,411531.0
SPX,20250128,6026.97,6067.7,6074.54,5994.63,6012.28,55.42,0.9218,1.33,447364.0
SPX,20250127,5969.04,6012.28,6017.17,5962.92,6101.24,-88.96,-1.4581,0.89,519875.0
SPX,20250124,6121.43,6101.24,6128.18,6088.74,6118.71,-17.47,-0.2855,0.64,421425.0
SPX,20250123,6076.32,6118.71,6118.73,6074.67,6086.37,32.34,0.5314,0.72,443225.0
SPX,20250122,6081.39,6086.37,6100.81,6076.13,6049.24,37.13,0.6138,0.41,432304.0
SPX,20250121,6014.12,6049.24,6051.51,6006.88,5996.66,52.58,0.8768,0.74,470292.0
SPX,20250117,5995.4,5996.66,6014.96,5978.44,5937.34,59.32,0.9991,0.62,436683.0
SPX,20250116,5963.61,5937.34,5964.69,5930.72,5949.91,-12.57,-0.2113,0.57,428581.0
SPX,20250115,5905.21,5949.91,5960.61,5905.21,5842.91,107.0,1.8313,0.95,454457.0
SPX,20250114,5859.27,5842.91,5871.92,5805.42,5836.22,6.69,0.1146,1.14,414228.0
SPX,20250113,5782.02,5836.22,5838.61,5773.31,5827.04,9.18,0.1575,1.12,442120.0
SPX,20250110,5890.35,5827.04,5890.35,5807.78,5918.25,-91.21,-1.5412,1.4,475193.0
SPX,20250108,5910.66,5918.25,5927.89,5874.78,5909.03,9.22,0.156,0.9,444174.0
SPX,20250107,5993.26,5909.03,6000.68,5890.68,5975.38,-66.35,-1.1104,1.84,451733.0
SPX,20250106,5982.81,5975.38,6021.04,5960.01,5942.47,32.91,0.5538,1.03,494012.0
SPX,20250103,5891.07,5942.47,5949.34,5888.66,5868.55,73.92,1.2596,1.03,366734.0
SPX,20250102,5903.26,5868.55,5935.09,5829.53,5881.63,-13.08,-0.2224,1.79,362168.0
SPX,20241231,5919.74,5881.63,5929.74,5868.86,5906.94,-25.31,-0.4285,1.03,312835.0
SPX,20241230,5920.67,5906.94,5940.79,5869.16,5970.84,-63.9,-1.0702,1.2,343325.0
SPX,20241227,6006.17,5970.84,6006.17,5932.95,6037.59,-66.75,-1.1056,1.21,315961.0
SPX,20241226,6024.97,6037.59,6049.75,6007.37,6040.04,-2.45,-0.0406,0.7,290453.0
SPX,20241224,5984.63,6040.04,6040.1,5981.44,5974.07,65.97,1.1043,0.98,175772.0
SPX,20241223,5940.25,5974.07,5978.25,5902.57,5930.85,43.22,0.7287,1.28,359328.0
SPX,20241220,5842.0,5930.85,5982.06,5832.3,5867.08,63.77,1.0869,2.55,822322.0
SPX,20241219,5912.71,5867.08,5935.52,5866.07,5872.16,-5.08,-0.0865,1.18,489688.0
SPX,20241218,6047.65,5872.16,6070.67,5867.79,6050.61,-178.45,-2.9493,3.35,524696.0
SPX,20241217,6052.55,6050.61,6057.68,6035.19,6074.08,-23.47,-0.3864,0.37,454450.0
SPX,20241216,6063.79,6074.08,6085.19,6059.14,6051.09,22.99,0.3799,0.43,439110.0
SPX,20241213,6068.17,6051.09,6078.58,6035.77,6051.25,-0.16,-0.0026,0.71,358496.0
SPX,20241212,6074.29,6051.25,6079.68,6051.25,6084.19,-32.94,-0.5414,0.47,367801.0
SPX,20241211,6060.15,6084.19,6092.59,6060.15,6034.91,49.28,0.8166,0.54,426995.0
SPX,20241210,6057.59,6034.91,6065.4,6029.89,6052.85,-17.94,-0.2964,0.59,404841.0
SPX,20241209,6083.01,6052.85,6088.51,6048.63,6090.27,-37.42,-0.6144,0.65,455646.0
SPX,20241206,6081.38,6090.27,6099.97,6079.98,6075.11,15.16,0.2495,0.33,392483.0
SPX,20241205,6089.03,6075.11,6094.55,6072.9,6086.49,-11.38,-0.187,0.36,421202.0
SPX,20241204,6069.39,6086.49,6089.84,6061.06,6049.88,36.61,0.6051,0.48,400339.0
SPX,20241203,6042.97,6049.88,6052.07,6033.39,6047.15,2.73,0.0451,0.31,409500.0
SPX,20241202,6040.11,6047.15,6053.58,6035.33,6032.38,14.77,0.2448,0.3,441247.0
SPX,20241129,6003.98,6032.38,6044.17,6003.98,5998.74,33.64,0.5608,0.67,244442.0
SPX,20241127,6014.11,5998.74,6020.16,5984.87,6021.63,-22.89,-0.3801,0.59,336334.0
SPX,20241126,6000.03,6021.63,6025.42,5992.27,5987.37,34.26,0.5722,0.55,383517.0
SPX,20241125,5992.28,5987.37,6020.75,5963.91,5969.34,18.03,0.302,0.95,563315.0
SPX,20241122,5944.36,5969.34,5972.9,5944.36,5948.71,20.63,0.3468,0.48,414142.0
SPX,20241121,5940.58,5948.71,5963.32,5887.26,5917.11,31.6,0.534,1.29,423012.0
SPX,20241120,5914.34,5917.11,5920.67,5860.56,5916.98,0.13,0.0022,1.02,377262.0
SPX,20241119,5870.05,5916.98,5923.51,5855.29,5893.62,23.36,0.3964,1.16,403694.0
SPX,20241118,5874.17,5893.62,5908.12,5865.95,5870.62,23.0,0.3918,0.72,398386.0
SPX,20241115,5912.79,5870.62,5915.32,5853.01,5949.17,-78.55,-1.3204,1.05,459096.0
SPX,20241114,5989.68,5949.17,5993.88,5942.28,5985.38,-36.21,-0.605,0.86,418457.0
SPX,20241113,5985.75,5985.38,6008.19,5965.91,5983.99,1.39,0.0232,0.71,422018.0
SPX,20241112,6003.6,5983.99,6009.92,5960.08,6001.35,-17.36,-0.2893,0.83,424340.0
SPX,20241111,6008.86,6001.35,6017.31,5986.69,5995.54,5.81,0.0969,0.51,433300.0
SPX,20241108,5976.76,5995.54,6012.45,5976.76,5973.1,22.44,0.3757,0.6,466674.0
SPX,20241107,5947.21,5973.1,5983.84,5947.21,5929.04,44.06,0.7431,0.62,492574.0
SPX,20241106,5864.89,5929.04,5936.14,5864.89,5782.76,146.28,2.5296,1.23,632953.0
SPX,20241105,5722.43,5782.76,5783.44,5722.1,5712.69,70.07,1.2266,1.07,376831.0
SPX,20241104,5725.15,5712.69,5741.43,5696.51,5728.8,-16.11,-0.2812,0.78,360206.0
SPX,20241101,5723.22,5728.8,5772.52,5723.22,5705.45,23.35,0.4093,0.86,379645.0
SPX,20241031,5775.34,5705.45,5775.34,5702.86,5813.67,-108.22,-1.8615,1.25,442566.0
SPX,20241030,5832.65,5813.67,5850.94,5811.28,5832.92,-19.25,-0.33,0.68,385112.0
SPX,20241029,5819.68,5832.92,5847.19,5802.17,5823.52,9.4,0.1614,0.77,387910.0
SPX,20241028,5833.93,5823.52,5842.92,5823.08,5808.12,15.4,0.2651,0.34,369128.0
SPX,20241025,5826.75,5808.12,5862.82,5799.98,5809.86,-1.74,-0.0299,1.08,350128.0
SPX,20241024,5817.8,5809.86,5817.8,5784.92,5797.42,12.44,0.2146,0.57,354303.0
SPX,20241023,5834.5,5797.42,5834.85,5762.41,5851.2,-53.78,-0.9191,1.24,353265.0
SPX,20241022,5832.7,5851.2,5863.04,5821.17,5853.98,-2.78,-0.0475,0.72,334208.0
SPX,20241021,5857.82,5853.98,5866.92,5824.79,5864.67,-10.69,-0.1823,0.72,340701.0
SPX,20241018,5859.43,5864.67,5872.17,5846.11,5841.47,23.2,0.3972,0.45,337449.0
SPX,20241017,5875.62,5841.47,5878.46,5840.25,5842.47,-1.0,-0.0171,0.65,348001.0
SPX,20241016,5816.58,5842.47,5846.52,5808.34,5815.26,27.21,0.4679,0.66,346723.0
SPX,20241015,5866.74,5815.26,5870.36,5804.48,5859.85,-44.59,-0.7609,1.12,388212.0
SPX,20241014,5829.81,5859.85,5871.41,5829.57,5815.03,44.82,0.7708,0.72,300525.0
SPX,20241011,5775.09,5815.03,5822.13,5775.09,5780.05,34.98,0.6052,0.81,320872.0
SPX,20241010,5778.36,5780.05,5795.03,5764.76,5792.04,-11.99,-0.207,0.52,320879.0
SPX,20241009,5751.8,5792.04,5796.8,5745.02,5751.13,40.91,0.7113,0.9,365034.0
SPX,20241008,5719.14,5751.13,5757.6,5714.56,5695.94,55.19,0.9689,0.76,339340.0
SPX,20241007,5737.8,5695.94,5739.34,5686.85,5751.07,-55.13,-0.9586,0.91,363779.0
SPX,20241004,5737.48,5751.07,5753.21,5702.83,5699.94,51.13,0.897,0.88,347940.0
SPX,20241003,5698.19,5699.94,5718.78,5677.37,5709.54,-9.6,-0.1681,0.73,359745.0
SPX,20241002,5698.14,5709.54,5719.63,5674.0,5708.75,0.79,0.0138,0.8,382905.0
SPX,20241001,5757.73,5708.75,5757.73,5681.28,5762.48,-53.73,-0.9324,1.33,402518.0
SPX,20240930,5726.52,5762.48,5765.14,5703.53,5738.17,24.31,0.4237,1.07,442573.0
SPX,20240927,5755.36,5738.17,5763.78,5727.34,5745.37,-7.2,-0.1253,0.63,389853.0
SPX,20240926,5762.22,5745.37,5767.37,5721.01,5722.26,23.11,0.4039,0.81,439118.0
SPX,20240925,5733.65,5722.26,5741.03,5712.06,5732.93,-10.67,-0.1861,0.51,362491.0
SPX,20240924,5727.66,5732.93,5735.32,5698.99,5718.57,14.36,0.2511,0.64,387271.0
SPX,20240923,5711.9,5718.57,5725.36,5704.22,5702.55,16.02,0.2809,0.37,352955.0
SPX,20240920,5709.64,5702.55,5715.14,5674.49,5713.64,-11.09,-0.1941,0.71,786726.0
SPX,20240919,5702.63,5713.64,5733.57,5686.42,5618.26,95.38,1.6977,0.84,402453.0
SPX,20240918,5641.68,5618.26,5689.75,5615.08,5634.58,-16.32,-0.2896,1.33,369139.0
SPX,20240917,5655.51,5634.58,5670.81,5614.05,5633.09,1.49,0.0265,1.01,344360.0
SPX,20240916,5615.21,5633.09,5636.05,5604.53,5626.02,7.07,0.1257,0.56,343707.0
SPX,20240913,5603.34,5626.02,5636.27,5601.65,5595.76,30.26,0.5408,0.62,350079.0
SPX,20240912,5557.48,5595.76,5600.71,5535.5,5554.13,41.63,0.7495,1.17,365507.0
SPX,20240911,5490.51,5554.13,5560.41,5406.96,5495.52,58.61,1.0665,2.79,383945.0
SPX,20240910,5490.51,5495.52,5497.91,5441.72,5471.05,24.47,0.4473,1.03,384818.0
SPX,20240909,5442.07,5471.05,5484.2,5434.49,5408.42,62.63,1.158,0.92,382594.0
SPX,20240906,5507.33,5408.42,5522.47,5402.62,5503.41,-94.99,-1.726,2.18,382280.0
SPX,20240905,5520.08,5503.41,5546.3,5480.54,5520.07,-16.66,-0.3018,1.19,352165.0
SPX,20240904,5506.68,5520.07,5552.99,5503.66,5528.93,-8.86,-0.1602,0.89,347814.0
SPX,20240903,5623.89,5528.93,5623.89,5504.33,5648.4,-119.47,-2.1151,2.12,386635.0
SPX,20240830,5612.74,5648.4,5651.37,5581.79,5591.96,56.44,1.0093,1.24,418585.0
SPX,20240829,5607.3,5591.96,5646.95,5583.71,5592.18,-0.22,-0.0039,1.13,306564.0
SPX,20240828,5624.51,5592.18,5627.03,5560.95,5625.8,-33.62,-0.5976,1.17,305345.0
SPX,20240827,5602.89,5625.8,5631.18,5593.48,5616.84,8.96,0.1595,0.67,279899.0
SPX,20240826,5639.66,5616.84,5651.62,5602.34,5634.61,-17.77,-0.3154,0.87,293857.0
SPX,20240823,5602.49,5634.61,5641.82,5585.16,5570.64,63.97,1.1483,1.02,329194.0
SPX,20240822,5637.77,5570.64,5643.22,5560.95,5620.85,-50.21,-0.8933,1.46,298153.0
SPX,20240821,5603.09,5620.85,5632.68,5591.57,5597.12,23.73,0.424,0.73,311967.0
SPX,20240820,5602.88,5597.12,5620.51,5585.5,5608.25,-11.13,-0.1985,0.62,299442.0
SPX,20240819,5557.23,5608.25,5608.3,5550.74,5554.25,54.0,0.9722,1.04,322205.0
SPX,20240816,5530.5,5554.25,5561.98,5525.17,5543.22,11.03,0.199,0.66,335769.0
SPX,20240815,5501.13,5543.22,5546.23,5501.13,5455.21,88.01,1.6133,0.83,372331.0
SPX,20240814,5442.36,5455.21,5463.22,5415.91,5434.43,20.78,0.3824,0.87,338005.0
SPX,20240813,5376.98,5434.43,5436.5,5376.98,5344.39,90.04,1.6848,1.11,364898.0
SPX,20240812,5351.88,5344.39,5371.2,5324.37,5344.16,0.23,0.0043,0.88,336016.0
SPX,20240809,5314.66,5344.16,5358.67,5300.84,5319.31,24.85,0.4672,1.09,351640.0
SPX,20240808,5252.57,5319.31,5328.03,5233.85,5199.5,119.81,2.3043,1.81,267807.6
SPX,20240807,5293.13,5199.5,5330.64,5195.54,5240.03,-40.53,-0.7735,2.58,294185.3
SPX,20240806,5206.42,5240.03,5312.34,5193.56,5186.33,53.7,1.0354,2.29,315138.9
SPX,20240805,5151.14,5186.33,5250.89,5119.26,5346.56,-160.23,-2.9969,2.46,398039.0
SPX,20240802,5376.63,5346.56,5383.89,5302.03,5446.68,-100.12,-1.8382,1.5,397870.3
SPX,20240801,5537.84,5446.68,5566.16,5410.42,5522.3,-75.62,-1.3694,2.82,341890.4
SPX,20240731,5505.59,5522.3,5551.51,5493.75,5436.44,85.86,1.5793,1.06,454691.0
SPX,20240730,5478.73,5436.44,5489.46,5401.7,5463.54,-27.1,-0.496,1.61,377774.0
SPX,20240729,5476.55,5463.54,5487.74,5444.44,5459.1,4.44,0.0813,0.79,337997.0
SPX,20240726,5433.67,5459.1,5488.32,5430.7,5399.22,59.88,1.109,1.07,363877.0
SPX,20240725,5428.7,5399.22,5491.59,5390.95,5427.13,-27.91,-0.5143,1.85,459212.0
SPX,20240724,5505.84,5427.13,5508.04,5419.98,5555.74,-128.61,-2.3149,1.59,394555.0
SPX,20240723,5565.3,5555.74,5585.34,5550.9,5564.41,-8.67,-0.1558,0.62,350021.0
SPX,20240722,5544.54,5564.41,5570.36,5529.04,5505.0,59.41,1.0792,0.75,337518.0
SPX,20240719,5543.37,5505.0,5557.5,5497.04,5544.59,-39.59,-0.714,1.09,376057.0
SPX,20240718,5608.56,5544.59,5614.05,5522.81,5588.27,-43.68,-0.7816,1.63,400751.0
SPX,20240717,5610.07,5588.27,5622.49,5584.81,5667.2,-78.93,-1.3928,0.66,310179.8
SPX,20240716,5644.09,5667.2,5669.67,5639.02,5631.22,35.98,0.6389,0.54,404176.0
SPX,20240715,5638.16,5631.22,5666.94,5614.75,5615.35,15.87,0.2826,0.93,241395.2
SPX,20240712,5590.76,5615.35,5655.56,5590.44,5584.54,30.81,0.5517,1.17,370028.0
SPX,20240711,5635.21,5584.54,5642.45,5576.53,5633.91,-49.37,-0.8763,1.17,402095.0
SPX,20240710,5591.26,5633.91,5635.39,5586.44,5576.98,56.93,1.0208,0.88,333610.0
SPX,20240709,5584.24,5576.98,5590.75,5574.57,5572.85,4.13,0.0741,0.29,241030.4
SPX,20240708,5572.75,5572.85,5583.11,5562.51,5567.19,5.66,0.1017,0.37,235153.8
SPX,20240705,5537.91,5567.19,5570.33,5531.63,5537.02,30.17,0.5449,0.7,225107.6
SPX,20240703,5507.44,5537.02,5539.27,5507.42,5509.01,28.01,0.5084,0.58,154936.7
SPX,20240702,5461.84,5509.01,5509.69,5458.43,5475.09,33.92,0.6195,0.94,226463.7
SPX,20240701,5471.08,5475.09,5479.55,5446.53,5460.48,14.61,0.2676,0.6,235676.8
SPX,20240628,5488.48,5460.48,5523.64,5451.12,5482.87,-22.39,-0.4084,1.32,719922.0
SPX,20240627,5473.59,5482.87,5490.81,5467.54,5477.9,4.97,0.0907,0.42,358953.0
SPX,20240626,5460.71,5477.9,5483.14,5451.87,5469.3,8.6,0.1572,0.57,356392.0
SPX,20240625,5460.73,5469.3,5472.88,5446.56,5447.87,21.43,0.3934,0.48,359196.0
SPX,20240624,5459.58,5447.87,5490.66,5447.59,5464.62,-16.75,-0.3065,0.79,369675.0
SPX,20240621,5466.77,5464.62,5478.31,5452.03,5473.17,-8.55,-0.1562,0.48,677380.0
SPX,20240620,5499.99,5473.17,5505.53,5455.56,5487.03,-13.86,-0.2526,0.91,384706.0
SPX,20240618,5476.15,5487.03,5490.38,5471.32,5473.23,13.8,0.2521,0.35,354433.0
SPX,20240617,5431.11,5473.23,5488.5,5420.4,5431.6,41.63,0.7664,1.25,344784.0
SPX,20240614,5424.08,5431.6,5432.39,5403.75,5433.74,-2.14,-0.0394,0.53,220940.7
SPX,20240613,5441.93,5433.74,5441.93,5402.51,5421.03,12.71,0.2345,0.73,353038.0
SPX,20240612,5409.13,5421.03,5447.25,5409.13,5375.32,45.71,0.8504,0.71,396284.0
SPX,20240611,5353.0,5375.32,5375.95,5327.25,5360.79,14.53,0.271,0.91,234846.5
SPX,20240610,5341.22,5360.79,5365.79,5331.52,5346.99,13.8,0.2581,0.64,242986.5
SPX,20240607,5343.81,5346.99,5375.08,5331.33,5352.96,-5.97,-0.1115,0.82,180904.1
SPX,20240606,5357.8,5352.96,5362.35,5335.36,5354.03,-1.07,-0.02,0.5,201087.8
SPX,20240605,5314.48,5354.03,5354.16,5297.64,5291.34,62.69,1.1848,1.07,214626.2
SPX,20240604,5278.24,5291.34,5298.8,5257.63,5283.4,7.94,0.1503,0.78,211509.3
SPX,20240603,5297.15,5283.4,5302.11,5234.32,5277.51,5.89,0.1116,1.28,230296.4
SPX,20240531,5243.21,5277.51,5280.33,5191.68,5235.48,42.03,0.8028,1.69,543716.0
SPX,20240530,5259.77,5235.48,5260.21,5222.1,5266.95,-31.47,-0.5975,0.72,381875.0
SPX,20240529,5265.55,5266.95,5282.27,5262.7,5306.04,-39.09,-0.7367,0.37,355275.0
SPX,20240528,5315.91,5306.04,5315.91,5280.89,5304.72,1.32,0.0249,0.66,375154.0
SPX,20240524,5281.45,5304.72,5311.65,5278.39,5267.84,36.88,0.7001,0.63,300551.0
SPX,20240523,5340.26,5267.84,5341.88,5256.93,5307.01,-39.17,-0.7381,1.6,386952.0
SPX,20240522,5319.28,5307.01,5323.18,5286.01,5321.41,-14.4,-0.2706,0.7,207943.7
SPX,20240521,5298.69,5321.41,5324.32,5297.87,5308.13,13.28,0.2502,0.5,366224.0
SPX,20240520,5305.35,5308.13,5325.32,5302.4,5303.27,4.86,0.0916,0.43,342010.0
SPX,20240517,5303.1,5303.27,5305.45,5283.59,5297.1,6.17,0.1165,0.41,357812.0
SPX,20240516,5310.07,5297.1,5325.49,5296.19,5308.15,-11.05,-0.2082,0.55,381747.0
SPX,20240515,5263.26,5308.15,5311.76,5263.26,5246.68,61.47,1.1716,0.92,436081.0
SPX,20240514,5221.1,5246.68,5250.37,5217.98,5221.42,25.26,0.4838,0.62,476358.0
SPX,20240513,5233.08,5221.42,5237.26,5211.16,5222.68,-1.26,-0.0241,0.5,425571.0
SPX,20240510,5225.49,5222.68,5239.66,5209.68,5214.08,8.6,0.1649,0.57,361790.0
SPX,20240509,5189.03,5214.08,5215.3,5180.41,5187.67,26.41,0.5091,0.67,197215.4
SPX,20240508,5168.98,5187.67,5191.95,5165.86,5187.7,-0.03,-0.0006,0.5,209102.2
SPX,20240507,5187.2,5187.7,5200.23,5178.96,5180.74,6.96,0.1343,0.41,227579.6
SPX,20240506,5142.42,5180.74,5181.0,5142.42,5127.79,52.95,1.0326,0.75,217433.2
SPX,20240503,5122.78,5127.79,5139.12,5101.22,5064.2,63.59,1.2557,0.75,239604.6
SPX,20240502,5049.32,5064.2,5073.21,5011.05,5018.39,45.81,0.9128,1.24,254152.9
SPX,20240501,5029.03,5018.39,5096.12,5013.45,5035.69,-17.3,-0.3435,1.64,286348.5
SPX,20240430,5103.78,5035.69,5110.83,5035.31,5116.17,-80.48,-1.5731,1.48,408247.0
SPX,20240429,5114.13,5116.17,5123.49,5088.65,5099.96,16.21,0.3178,0.68,344745.0
SPX,20240426,5084.65,5099.96,5114.62,5073.14,5048.42,51.54,1.0209,0.82,360414.0
SPX,20240425,5019.88,5048.42,5057.75,4990.58,5071.63,-23.21,-0.4576,1.32,395805.0
SPX,20240424,5084.86,5071.63,5089.48,5047.02,5070.55,1.08,0.0213,0.84,365674.0
SPX,20240423,5028.85,5070.55,5076.12,5027.96,5010.6,59.95,1.1965,0.96,375140.0
SPX,20240422,4987.33,5010.6,5038.84,4969.4,4967.23,43.37,0.8731,1.4,382025.0
SPX,20240419,5005.44,4967.23,5019.02,4953.56,5011.12,-43.89,-0.8759,1.31,387875.0
SPX,20240418,5031.52,5011.12,5056.66,5001.89,5022.21,-11.09,-0.2208,1.09,361976.0
SPX,20240417,5068.97,5022.21,5077.96,5007.25,5051.41,-29.2,-0.5781,1.4,359613.0
SPX,20240416,5064.59,5051.41,5079.84,5039.83,5061.82,-10.41,-0.2057,0.79,400620.0
SPX,20240415,5149.67,5061.82,5168.43,5052.47,5123.41,-61.59,-1.2021,2.26,395021.0
SPX,20240412,5171.51,5123.41,5175.03,5107.94,5199.06,-75.65,-1.4551,1.29,396322.0
SPX,20240411,5172.95,5199.06,5211.78,5138.77,5160.64,38.42,0.7445,1.41,350938.0
SPX,20240410,5167.88,5160.64,5178.43,5138.7,5209.91,-49.27,-0.9457,0.76,227085.6
SPX,20240409,5217.03,5209.91,5224.81,5160.78,5202.39,7.52,0.1445,1.23,340068.0
SPX,20240408,5211.37,5202.39,5219.57,5197.35,5204.34,-1.95,-0.0375,0.43,327818.0
SPX,20240405,5158.95,5204.34,5222.18,5157.21,5147.21,57.13,1.1099,1.26,338678.0
SPX,20240404,5244.05,5147.21,5256.59,5146.06,5211.49,-64.28,-1.2334,2.12,253397.7
SPX,20240403,5194.37,5211.49,5228.75,5194.37,5205.81,5.68,0.1091,0.66,370325.0
SPX,20240402,5204.29,5205.81,5208.34,5184.05,5243.77,-37.96,-0.7239,0.46,388659.0
SPX,20240401,5257.97,5243.77,5263.95,5229.2,5254.35,-10.58,-0.2014,0.66,332593.0
SPX,20240328,5248.03,5254.35,5264.85,5245.82,5248.49,5.86,0.1117,0.36,399827.0
SPX,20240327,5226.31,5248.49,5249.26,5213.92,5203.58,44.91,0.8631,0.68,385050.0
SPX,20240326,5228.85,5203.58,5235.16,5203.42,5218.19,-14.61,-0.28,0.61,387179.0
SPX,20240325,5219.52,5218.19,5229.09,5216.09,5234.18,-15.99,-0.3055,0.25,333136.0
SPX,20240322,5242.48,5234.18,5246.09,5229.87,5241.53,-7.35,-0.1402,0.31,337470.0
SPX,20240321,5253.43,5241.53,5261.1,5240.66,5224.62,16.91,0.3237,0.39,420773.0
SPX,20240320,5181.69,5224.62,5226.19,5171.55,5178.51,46.11,0.8904,1.06,406485.0
SPX,20240319,5139.09,5178.51,5180.31,5131.59,5149.42,29.09,0.5649,0.95,403176.0
SPX,20240318,5154.77,5149.42,5175.6,5145.47,5117.09,32.33,0.6318,0.59,403622.0
SPX,20240315,5123.31,5117.09,5136.86,5104.35,5150.48,-33.39,-0.6483,0.63,775367.0
SPX,20240314,5175.14,5150.48,5176.85,5123.3,5165.31,-14.83,-0.2871,1.04,468797.0
SPX,20240313,5173.49,5165.31,5179.14,5151.88,5175.27,-9.96,-0.1925,0.53,428289.0
SPX,20240312,5134.3,5175.27,5179.87,5114.48,5117.94,57.33,1.1202,1.28,408051.0
SPX,20240311,5111.96,5117.94,5124.66,5091.14,5123.69,-5.75,-0.1122,0.65,389643.0
SPX,20240308,5164.46,5123.69,5189.26,5117.5,5157.36,-33.67,-0.6529,1.39,420887.0
SPX,20240307,5132.38,5157.36,5165.62,5128.21,5104.76,52.6,1.0304,0.73,413798.0
SPX,20240306,5108.03,5104.76,5127.97,5092.22,5078.65,26.11,0.5141,0.7,455905.0
SPX,20240305,5110.52,5078.65,5114.54,5056.82,5130.95,-52.3,-1.0193,1.12,441841.0
SPX,20240304,5130.99,5130.95,5149.67,5127.18,5137.08,-6.13,-0.1193,0.44,475844.0
SPX,20240301,5098.51,5137.08,5140.33,5094.16,5096.27,40.81,0.8008,0.91,474811.0
SPX,20240229,5085.36,5096.27,5104.99,5061.89,5069.76,26.51,0.5229,0.85,521974.0
SPX,20240228,5067.2,5069.76,5077.37,5058.35,5078.18,-8.42,-0.1658,0.37,378937.0
SPX,20240227,5074.6,5078.18,5080.69,5057.29,5069.53,8.65,0.1706,0.46,392595.0
SPX,20240226,5093.0,5069.53,5097.66,5068.91,5088.8,-19.27,-0.3787,0.56,368393.0
SPX,20240223,5100.92,5088.8,5111.06,5081.46,5087.03,1.77,0.0348,0.58,367279.0
SPX,20240222,5038.83,5087.03,5094.39,5038.83,4981.8,105.23,2.1123,1.12,405171.0
SPX,20240221,4963.03,4981.8,4983.21,4946.0,4975.51,6.29,0.1264,0.75,378839.0
SPX,20240220,4989.32,4975.51,4993.71,4955.02,5005.57,-30.06,-0.6005,0.77,403488.0
SPX,20240216,4976.44,5005.57,5038.7,4999.52,5029.73,-24.16,-0.4803,0.78,383327.0
SPX,20240215,4976.44,5029.73,5032.72,4999.44,5000.62,29.11,0.5821,0.67,413797.0
SPX,20240214,4976.44,5000.62,5002.52,4956.45,4953.17,47.45,0.958,0.93,384560.0
SPX,20240213,4967.94,4953.17,4971.3,4920.31,5021.84,-68.67,-1.3674,1.02,430219.0
SPX,20240212,5026.83,5021.84,5048.39,5016.83,5026.61,-4.77,-0.0949,0.63,380574.0
SPX,20240209,5004.17,5026.61,5030.06,5000.34,4997.91,28.7,0.5742,0.59,391299.0
SPX,20240208,4995.16,4997.91,5000.4,4987.09,4995.06,2.85,0.0571,0.27,434186.0
SPX,20240207,4973.05,4995.06,4999.89,4969.05,4954.23,40.83,0.8241,0.62,489559.0
SPX,20240206,4950.16,4954.23,4957.77,4934.88,4942.81,11.42,0.231,0.46,444088.0
SPX,20240205,4957.19,4942.81,4957.19,4918.09,4958.61,-15.8,-0.3186,0.79,402364.0
SPX,20240202,4916.06,4958.61,4975.29,4907.99,4906.19,52.42,1.0684,1.37,397435.0
SPX,20240201,4861.11,4906.19,4906.97,4853.52,4845.65,60.54,1.2494,1.1,438609.0
SPX,20240131,4899.19,4845.65,4906.75,4845.15,4924.97,-79.32,-1.6106,1.25,469612.0
SPX,20240130,4925.89,4924.97,4931.09,4916.27,4927.93,-2.96,-0.0601,0.3,383613.0
SPX,20240129,4892.95,4927.93,4929.31,4887.4,4890.97,36.96,0.7557,0.86,352516.0
SPX,20240126,4888.91,4890.97,4906.69,4881.47,4894.16,-3.19,-0.0652,0.52,335340.0
SPX,20240125,4886.66,4894.16,4898.15,4869.34,4868.55,25.61,0.526,0.59,402043.0
SPX,20240124,4888.56,4868.55,4903.68,4865.94,4864.6,3.95,0.0812,0.78,433003.0
SPX,20240123,4856.8,4864.6,4866.48,4844.37,4850.43,14.17,0.2921,0.46,391280.0
SPX,20240122,4853.42,4850.43,4868.41,4844.05,4839.81,10.62,0.2194,0.5,429761.0
SPX,20240119,4796.28,4839.81,4842.07,4785.87,4780.94,58.87,1.2313,1.18,428720.0
SPX,20240118,4760.1,4780.94,4785.79,4740.57,4739.21,41.73,0.8805,0.95,401900.0
SPX,20240117,4739.13,4739.21,4744.23,4714.82,4765.98,-26.77,-0.5617,0.62,392860.0
SPX,20240116,4772.35,4765.98,4782.34,4747.12,4783.83,-17.85,-0.3731,0.74,426055.0
SPX,20240112,4791.18,4783.83,4802.4,4768.98,4780.24,3.59,0.0751,0.7,348634.0
SPX,20240111,4792.13,4780.24,4798.5,4739.58,4783.45,-3.21,-0.0671,1.23,375989.0
SPX,20240110,4759.94,4783.45,4790.8,4756.2,4756.5,26.95,0.5666,0.73,349868.0
SPX,20240109,4741.93,4756.5,4765.47,4730.35,4763.54,-7.04,-0.1478,0.74,352996.0
SPX,20240108,4703.7,4763.54,4764.54,4699.82,4697.24,66.3,1.4115,1.38,374232.0
SPX,20240105,4690.57,4697.24,4721.49,4682.11,4688.68,8.56,0.1826,0.84,384437.0
SPX,20240104,4697.42,4688.68,4726.78,4687.53,4704.81,-16.13,-0.3428,0.83,371548.0
SPX,20240103,4725.07,4704.81,4729.29,4699.71,4742.83,-38.02,-0.8016,0.62,395076.0
SPX,20240102,4745.2,4742.83,4754.33,4722.67,4769.83,-27.0,-0.5661,0.66,374305.0
SPX,20231229,4782.88,4769.83,4788.43,4751.99,4783.35,-13.52,-0.2826,0.76,312606.0
SPX,20231228,4786.44,4783.35,4793.3,4780.98,4781.58,1.77,0.037,0.26,269886.0
SPX,20231227,4773.45,4781.58,4785.39,4768.9,4774.75,6.83,0.143,0.35,274845.0
SPX,20231226,4758.86,4774.75,4784.72,4758.45,4754.63,20.12,0.4232,0.55,251391.0
SPX,20231222,4753.92,4754.63,4772.94,4736.77,4746.75,7.88,0.166,0.76,304677.0
SPX,20231221,4724.29,4746.75,4748.71,4708.35,4698.35,48.4,1.0301,0.86,343118.0
SPX,20231220,4764.73,4698.35,4778.01,4697.82,4768.37,-70.02,-1.4684,1.68,420132.0
SPX,20231219,4743.72,4768.37,4768.69,4743.72,4740.56,27.81,0.5866,0.53,402697.0
SPX,20231218,4725.58,4740.56,4749.52,4725.58,4719.19,21.37,0.4528,0.51,406034.0
SPX,20231215,4714.23,4719.19,4725.53,4704.69,4719.55,-0.36,-0.0076,0.44,821898.0
SPX,20231214,4721.04,4719.55,4738.57,4694.34,4707.09,12.46,0.2647,0.94,631404.0
SPX,20231213,4646.2,4707.09,4709.69,4643.23,4643.7,63.39,1.3651,1.43,506365.0
SPX,20231212,4618.3,4643.7,4643.93,4608.09,4622.44,21.26,0.4599,0.78,380838.0
SPX,20231211,4593.39,4622.44,4623.71,4593.39,4604.37,18.07,0.3925,0.66,382321.0
SPX,20231208,4576.2,4604.37,4609.23,4574.06,4585.59,18.78,0.4095,0.77,370701.0
SPX,20231207,4568.84,4585.59,4590.92,4565.22,4549.34,36.25,0.7968,0.56,381888.0
SPX,20231206,4586.23,4549.34,4590.74,4546.5,4567.18,-17.84,-0.3906,0.97,424568.0
SPX,20231205,4557.25,4567.18,4578.56,4551.68,4569.78,-2.6,-0.0569,0.59,390995.0
SPX,20231204,4564.37,4569.78,4572.37,4546.72,4594.63,-24.85,-0.5408,0.56,436991.0
SPX,20231201,4559.43,4594.63,4599.39,4554.71,4567.8,26.83,0.5874,0.98,439712.0
SPX,20231130,4554.87,4567.8,4569.89,4537.24,4550.58,17.22,0.3784,0.72,539930.0
SPX,20231129,4571.84,4550.58,4587.64,4547.15,4554.89,-4.31,-0.0946,0.89,441876.0
SPX,20231128,4545.55,4554.89,4568.14,4540.51,4550.43,4.46,0.098,0.61,358624.0
SPX,20231127,4554.86,4550.43,4560.52,4546.32,4559.34,-8.91,-0.1954,0.31,340399.0
SPX,20231124,4555.84,4559.34,4560.31,4552.8,4556.62,2.72,0.0597,0.16,163950.0
SPX,20231122,4553.04,4556.62,4568.43,4545.05,4538.19,18.43,0.4061,0.52,304281.0
SPX,20231121,4538.77,4538.19,4542.14,4525.51,4547.38,-9.19,-0.2021,0.37,351108.0
SPX,20231120,4511.7,4547.38,4557.11,4510.36,4514.02,33.36,0.739,1.04,364479.0
SPX,20231117,4509.55,4514.02,4520.12,4499.66,4508.24,5.78,0.1282,0.45,377724.0
SPX,20231116,4497.08,4508.24,4511.99,4487.83,4502.88,5.36,0.119,0.54,396452.0
SPX,20231115,4505.3,4502.88,4521.17,4495.31,4495.7,7.18,0.1597,0.58,434717.0
SPX,20231114,4458.97,4495.7,4508.67,4458.97,4411.55,84.15,1.9075,1.13,470035.0
SPX,20231113,4406.66,4411.55,4421.76,4393.82,4415.24,-3.69,-0.0836,0.63,332624.0
SPX,20231110,4364.15,4415.24,4418.03,4353.34,4347.35,67.89,1.5616,1.49,366508.0
SPX,20231109,4391.41,4347.35,4393.4,4343.94,4382.78,-35.43,-0.8084,1.13,390078.0
SPX,20231108,4384.37,4382.78,4391.2,4359.76,4378.38,4.4,0.1005,0.72,372951.0
SPX,20231107,4366.21,4378.38,4386.26,4355.41,4365.98,12.4,0.284,0.71,379123.0
SPX,20231106,4364.27,4365.98,4372.21,4347.53,4358.34,7.64,0.1753,0.57,365634.0
SPX,20231103,4334.23,4358.34,4373.62,4334.23,4317.78,40.56,0.9394,0.91,457096.0
SPX,20231102,4268.26,4317.78,4319.72,4268.26,4237.86,79.92,1.8859,1.21,466978.0
SPX,20231101,4201.27,4237.86,4245.64,4197.74,4193.8,44.06,1.0506,1.14,422490.0
SPX,20231031,4171.33,4193.8,4195.55,4153.12,4166.82,26.98,0.6475,1.02,424947.0
SPX,20231030,4139.39,4166.82,4177.47,4132.94,4117.37,49.45,1.201,1.08,391114.0
SPX,20231027,4152.93,4117.37,4156.7,4103.78,4137.23,-19.86,-0.48,1.28,401950.0
SPX,20231026,4175.99,4137.23,4183.6,4127.9,4186.77,-49.54,-1.1833,1.33,427764.0
SPX,20231025,4232.42,4186.77,4232.42,4181.42,4247.68,-60.91,-1.434,1.2,386937.0
SPX,20231024,4235.79,4247.68,4259.38,4219.43,4217.04,30.64,0.7266,0.95,382182.0
SPX,20231023,4210.4,4217.04,4255.84,4189.22,4224.16,-7.12,-0.1686,1.58,377610.0
SPX,20231020,4273.85,4224.16,4276.56,4223.03,4278.0,-53.84,-1.2585,1.25,400403.0
SPX,20231019,4321.36,4278.0,4339.54,4269.69,4314.6,-36.6,-0.8483,1.62,396973.0
SPX,20231018,4357.35,4314.6,4364.2,4303.84,4373.2,-58.6,-1.34,1.38,368603.0
SPX,20231017,4345.23,4373.2,4393.57,4337.54,4373.63,-0.43,-0.0098,1.28,379485.0
SPX,20231016,4342.37,4373.63,4383.33,4342.37,4327.78,45.85,1.0594,0.95,340996.0
SPX,20231013,4360.49,4327.78,4377.1,4311.97,4349.61,-21.83,-0.5019,1.5,356656.0
SPX,20231012,4380.94,4349.61,4385.85,4325.43,4376.95,-27.34,-0.6246,1.38,371314.0
SPX,20231011,4366.59,4376.95,4378.64,4345.34,4358.24,18.71,0.4293,0.76,360166.0
SPX,20231010,4339.75,4358.24,4385.46,4339.64,4335.66,22.58,0.5208,1.06,352024.0
SPX,20231009,4289.02,4335.66,4341.73,4283.79,4308.5,27.16,0.6304,1.34,317463.0
SPX,20231006,4234.79,4308.5,4324.1,4219.55,4258.19,50.31,1.1815,2.46,390203.0
SPX,20231005,4259.31,4258.19,4267.13,4225.91,4263.75,-5.56,-0.1304,0.97,358147.0
SPX,20231004,4233.83,4263.75,4268.5,4220.48,4229.45,34.3,0.811,1.14,377760.0
SPX,20231003,4269.75,4229.45,4281.15,4216.45,4288.39,-58.94,-1.3744,1.51,395383.0
SPX,20231002,4284.52,4288.39,4300.58,4260.21,4288.05,0.34,0.0079,0.94,393866.0
SPX,20230929,4328.18,4288.05,4333.15,4274.86,4299.7,-11.65,-0.2709,1.36,386596.0
SPX,20230928,4269.65,4299.7,4317.27,4264.38,4274.51,25.19,0.5893,1.24,384623.0
SPX,20230927,4282.63,4274.51,4292.07,4238.63,4273.53,0.98,0.0229,1.25,387588.0
SPX,20230926,4312.88,4273.53,4313.01,4265.98,4337.44,-63.91,-1.4735,1.08,347234.0
SPX,20230925,4310.62,4337.44,4338.51,4302.7,4320.06,17.38,0.4023,0.83,319565.0
SPX,20230922,4341.74,4320.06,4357.4,4316.49,4330.0,-9.94,-0.2296,0.94,334957.0
SPX,20230921,4374.36,4330.0,4375.7,4329.17,4402.2,-72.2,-1.6401,1.06,366234.0
SPX,20230920,4452.81,4402.2,4461.03,4401.38,4443.95,-41.75,-0.9395,1.34,330845.0
SPX,20230919,4445.41,4443.95,4449.85,4416.61,4453.53,-9.58,-0.2151,0.75,361488.0
SPX,20230918,4445.13,4453.53,4466.36,4442.11,4450.32,3.21,0.0721,0.54,316123.0
SPX,20230915,4497.98,4450.32,4497.98,4447.21,4505.1,-54.78,-1.216,1.13,693223.0
SPX,20230914,4487.78,4505.1,4511.99,4478.69,4467.44,37.66,0.843,0.75,364872.0
SPX,20230913,4462.65,4467.44,4479.39,4453.52,4461.9,5.54,0.1242,0.58,352943.0
SPX,20230912,4473.27,4461.9,4487.11,4456.83,4487.46,-25.56,-0.5696,0.67,343574.0
SPX,20230911,4480.98,4487.46,4490.77,4467.89,4457.49,29.97,0.6724,0.51,336992.0
SPX,20230908,4451.3,4457.49,4473.53,4448.38,4451.14,6.35,0.1427,0.57,325929.0
SPX,20230907,4434.55,4451.14,4457.81,4430.46,4465.48,-14.34,-0.3211,0.61,376376.0
SPX,20230906,4490.35,4465.48,4490.35,4442.38,4496.83,-31.35,-0.6972,1.07,341885.0
SPX,20230905,4510.06,4496.83,4514.29,4496.01,4515.77,-18.94,-0.4194,0.4,352625.0
SPX,20230901,4530.6,4515.77,4541.25,4501.35,4507.66,8.11,0.1799,0.89,324626.0
SPX,20230831,4517.01,4507.66,4532.26,4507.39,4514.87,-7.21,-0.1597,0.55,394636.0
SPX,20230830,4500.34,4514.87,4521.65,4493.59,4497.63,17.24,0.3833,0.62,306411.0
SPX,20230829,4432.75,4497.63,4500.14,4431.68,4433.31,64.32,1.4508,1.54,335482.0
SPX,20230828,4426.03,4433.31,4439.56,4414.98,4405.71,27.6,0.6265,0.56,295723.0
SPX,20230825,4389.38,4405.71,4418.46,4356.29,4376.31,29.4,0.6718,1.42,329618.0
SPX,20230824,4455.16,4376.31,4458.3,4375.55,4436.01,-59.7,-1.3458,1.87,372347.0
SPX,20230823,4396.44,4436.01,4443.18,4396.44,4387.55,48.46,1.1045,1.07,383727.0
SPX,20230822,4415.33,4387.55,4418.59,4382.77,4399.77,-12.22,-0.2777,0.81,352276.0
SPX,20230821,4380.28,4399.77,4407.55,4360.3,4369.71,30.06,0.6879,1.08,372685.0
SPX,20230818,4344.88,4369.71,4381.82,4335.31,4370.36,-0.65,-0.0149,1.06,394040.0
SPX,20230817,4416.32,4370.36,4421.17,4364.83,4404.33,-33.97,-0.7713,1.28,394370.0
SPX,20230816,4433.79,4404.33,4449.95,4403.55,4437.86,-33.53,-0.7555,1.05,375391.0
SPX,20230815,4478.87,4437.86,4478.87,4432.19,4489.72,-51.86,-1.1551,1.04,383225.0
SPX,20230814,4458.13,4489.72,4490.33,4453.44,4464.05,25.67,0.575,0.83,389641.0
SPX,20230811,4450.69,4464.05,4476.23,4443.98,4468.83,-4.78,-0.107,0.72,375329.0
SPX,20230810,4487.16,4468.83,4527.37,4457.92,4467.71,1.12,0.0251,1.55,450437.0
SPX,20230809,4501.57,4467.71,4502.44,4461.33,4499.38,-31.67,-0.7039,0.91,380310.0
SPX,20230808,4498.03,4499.38,4503.31,4464.39,4518.44,-19.06,-0.4218,0.86,388491.0
SPX,20230807,4491.58,4518.44,4519.84,4491.15,4478.03,40.41,0.9024,0.64,349392.0
SPX,20230804,4513.96,4478.03,4540.34,4474.55,4501.89,-23.86,-0.53,1.46,414331.0
SPX,20230803,4494.27,4501.89,4519.49,4485.54,4513.39,-11.5,-0.2548,0.75,414912.0
SPX,20230802,4550.93,4513.39,4550.93,4505.75,4576.73,-63.34,-1.384,0.99,427071.0
SPX,20230801,4578.83,4576.73,4584.62,4567.53,4588.96,-12.23,-0.2665,0.37,404237.0
SPX,20230731,4584.82,4588.96,4594.22,4573.14,4582.23,6.73,0.1469,0.46,450360.0
SPX,20230728,4565.75,4582.23,4590.16,4564.01,4537.41,44.82,0.9878,0.58,398101.0
SPX,20230727,4598.26,4537.41,4607.07,4528.56,4566.75,-29.34,-0.6425,1.72,455321.0
SPX,20230726,4558.96,4566.75,4582.47,4547.58,4567.46,-0.71,-0.0155,0.76,399029.0
SPX,20230725,4555.19,4567.46,4580.62,4552.42,4554.64,12.82,0.2815,0.62,381247.0
SPX,20230724,4543.39,4554.64,4563.41,4541.29,4536.34,18.3,0.4034,0.49,385625.0
SPX,20230721,4550.16,4536.34,4555.0,4535.79,4534.87,1.47,0.0324,0.42,357019.0
SPX,20230720,4554.38,4534.87,4564.74,4527.56,4565.72,-30.85,-0.6757,0.81,376177.0
SPX,20230719,4563.87,4565.72,4578.43,4557.48,4554.98,10.74,0.2358,0.46,411567.0
SPX,20230718,4521.78,4554.98,4562.3,4514.59,4522.79,32.19,0.7117,1.05,409001.0
SPX,20230717,4508.86,4522.79,4532.85,4504.9,4505.42,17.37,0.3855,0.62,353824.0
SPX,20230714,4514.61,4505.42,4527.76,4499.56,4510.04,-4.62,-0.1024,0.63,364745.0
SPX,20230713,4491.5,4510.04,4517.38,4489.36,4472.16,37.88,0.847,0.63,383953.0
SPX,20230712,4467.69,4472.16,4488.34,4463.23,4439.26,32.9,0.7411,0.57,392029.0
SPX,20230711,4415.55,4439.26,4443.64,4408.46,4409.53,29.73,0.6742,0.8,362422.0
SPX,20230710,4394.23,4409.53,4412.6,4389.92,4398.95,10.58,0.2405,0.52,342960.0
SPX,20230707,4404.54,4398.95,4440.39,4397.4,4411.59,-12.64,-0.2865,0.97,363048.0
SPX,20230706,4422.62,4411.59,4422.62,4385.05,4446.82,-35.23,-0.7923,0.84,368202.0
SPX,20230705,4442.04,4446.82,4454.06,4436.61,4455.59,-8.77,-0.1968,0.39,348262.0
SPX,20230703,4450.48,4455.59,4456.46,4442.29,4450.38,5.21,0.1171,0.32,203428.0
SPX,20230630,4422.44,4450.38,4458.48,4422.44,4396.44,53.94,1.2269,0.82,392345.0
SPX,20230629,4374.94,4396.44,4398.39,4371.97,4376.86,19.58,0.4474,0.6,369666.0
SPX,20230628,4367.48,4376.86,4390.35,4360.22,4378.41,-1.55,-0.0354,0.69,373933.0
SPX,20230627,4337.36,4378.41,4384.42,4335.0,4328.82,49.59,1.1456,1.14,357350.0
SPX,20230626,4344.84,4328.82,4362.06,4328.08,4348.33,-19.51,-0.4487,0.78,341503.0
SPX,20230623,4354.17,4348.33,4366.55,4341.34,4381.89,-33.56,-0.7659,0.58,605362.0
SPX,20230622,4355.4,4381.89,4382.25,4351.82,4365.69,16.2,0.3711,0.7,351100.0
SPX,20230621,4380.01,4365.69,4386.22,4360.14,4388.71,-23.02,-0.5245,0.59,370933.0
SPX,20230620,4396.11,4388.71,4400.15,4367.19,4409.59,-20.88,-0.4735,0.75,405579.0
SPX,20230616,4440.95,4409.59,4448.47,4407.44,4425.84,-16.25,-0.3672,0.93,684860.0
SPX,20230615,4365.33,4425.84,4439.2,4362.6,4372.59,53.25,1.2178,1.75,417669.0
SPX,20230614,4366.29,4372.59,4391.82,4337.85,4369.01,3.58,0.0819,1.24,425211.0
SPX,20230613,4352.61,4369.01,4375.37,4349.31,4338.93,30.08,0.6933,0.6,427540.0
SPX,20230612,4308.32,4338.93,4340.13,4304.37,4298.86,40.07,0.9321,0.83,394567.0
SPX,20230609,4304.88,4298.86,4322.62,4291.7,4293.93,4.93,0.1148,0.72,378651.0
SPX,20230608,4268.69,4293.93,4298.01,4261.07,4267.52,26.41,0.6189,0.87,382674.0
SPX,20230607,4285.47,4267.52,4299.19,4263.96,4283.85,-16.33,-0.3812,0.82,453780.0
SPX,20230606,4271.34,4283.85,4288.33,4263.09,4273.79,10.06,0.2354,0.59,399656.0
SPX,20230605,4282.99,4273.79,4299.28,4266.82,4282.37,-8.58,-0.2004,0.76,381329.0
SPX,20230602,4241.01,4282.37,4290.67,4241.01,4221.02,61.35,1.4534,1.18,445420.0
SPX,20230601,4183.03,4221.02,4232.43,4171.64,4179.83,41.19,0.9854,1.45,439186.0
SPX,20230531,4190.74,4179.83,4195.44,4166.15,4205.52,-25.69,-0.6109,0.7,598067.0
SPX,20230530,4226.71,4205.52,4231.1,4192.18,4205.45,0.07,0.0017,0.93,422851.0
SPX,20230526,4156.16,4205.45,4212.87,4156.16,4151.28,54.17,1.3049,1.37,371546.0
SPX,20230525,4155.71,4151.28,4165.74,4129.73,4115.24,36.04,0.8758,0.88,414776.0
SPX,20230524,4132.96,4115.24,4132.96,4103.98,4145.58,-30.34,-0.7319,0.7,373916.0
SPX,20230523,4176.8,4145.58,4185.68,4142.54,4192.63,-47.05,-1.1222,1.03,415532.0
SPX,20230522,4190.78,4192.63,4209.22,4179.68,4191.98,0.65,0.0155,0.7,372852.0
SPX,20230519,4204.15,4191.98,4212.91,4180.2,4198.05,-6.07,-0.1446,0.78,404190.0
SPX,20230518,4157.68,4198.05,4202.2,4153.5,4158.77,39.28,0.9445,1.17,398050.0
SPX,20230517,4122.85,4158.77,4164.67,4113.62,4109.9,48.87,1.1891,1.24,403908.0
SPX,20230516,4127.95,4109.9,4135.54,4109.86,4136.28,-26.38,-0.6378,0.62,365420.0
SPX,20230515,4126.65,4136.28,4141.25,4110.27,4124.08,12.2,0.2958,0.75,356217.0
SPX,20230512,4138.54,4124.08,4143.74,4099.12,4130.62,-6.54,-0.1583,1.08,353374.0
SPX,20230511,4132.24,4130.62,4132.8,4109.29,4137.64,-7.02,-0.1697,0.57,375290.0
SPX,20230510,4143.74,4137.64,4154.28,4098.92,4119.17,18.47,0.4484,1.34,405716.0
SPX,20230509,4124.25,4119.17,4130.35,4116.65,4138.12,-18.95,-0.4579,0.33,381014.0
SPX,20230508,4136.98,4138.12,4142.3,4123.81,4136.25,1.87,0.0452,0.45,364164.0
SPX,20230505,4084.73,4136.25,4147.02,4084.73,4061.22,75.03,1.8475,1.53,418627.0
SPX,20230504,4082.55,4061.22,4082.61,4048.28,4090.75,-29.53,-0.7219,0.84,492009.0
SPX,20230503,4122.25,4090.75,4148.3,4088.86,4119.58,-28.83,-0.6998,1.44,424651.0
SPX,20230502,4164.1,4119.58,4164.1,4089.72,4167.87,-48.29,-1.1586,1.78,448613.0
SPX,20230501,4166.79,4167.87,4186.92,4164.12,4169.48,-1.61,-0.0386,0.55,332137.0
SPX,20230428,4129.63,4169.48,4170.06,4127.18,4135.35,34.13,0.8253,1.04,408780.0
SPX,20230427,4075.29,4135.35,4138.24,4075.29,4055.99,79.36,1.9566,1.55,375055.0
SPX,20230426,4087.78,4055.99,4089.67,4049.35,4071.63,-15.64,-0.3841,0.99,383703.0
SPX,20230425,4126.43,4071.63,4126.43,4071.38,4137.04,-65.41,-1.5811,1.33,397864.0
SPX,20230424,4132.07,4137.04,4142.41,4117.77,4133.52,3.52,0.0852,0.6,329094.0
SPX,20230421,4132.14,4133.52,4138.02,4113.86,4129.79,3.73,0.0903,0.59,361175.0
SPX,20230420,4130.48,4129.79,4148.57,4114.57,4154.52,-24.73,-0.5953,0.82,377208.0
SPX,20230419,4139.33,4154.52,4162.57,4134.49,4154.87,-0.35,-0.0084,0.68,357256.0
SPX,20230418,4164.26,4154.87,4169.48,4140.36,4151.32,3.55,0.0855,0.7,353664.0
SPX,20230417,4137.17,4151.32,4151.72,4123.18,4137.64,13.68,0.3306,0.69,361118.0
SPX,20230414,4140.11,4137.64,4163.19,4113.2,4146.22,-8.58,-0.2069,1.21,357569.0
SPX,20230413,4100.04,4146.22,4150.26,4099.4,4091.95,54.27,1.3263,1.24,359659.0
SPX,20230412,4121.72,4091.95,4134.37,4086.94,4108.94,-16.99,-0.4135,1.15,363312.0
SPX,20230411,4110.29,4108.94,4124.26,4102.61,4109.11,-0.17,-0.0041,0.53,366583.0
SPX,20230410,4085.2,4109.11,4109.5,4072.55,4105.02,4.09,0.0996,0.9,342365.0
SPX,20230406,4081.15,4105.02,4107.32,4069.84,4090.38,14.64,0.3579,0.92,348669.0
SPX,20230405,4094.5,4090.38,4099.69,4072.56,4100.6,-10.22,-0.2492,0.66,396802.0
SPX,20230404,4128.03,4100.6,4133.13,4086.87,4124.51,-23.91,-0.5797,1.12,422780.0
SPX,20230403,4102.2,4124.51,4127.66,4098.79,4109.31,15.2,0.3699,0.7,423470.0
SPX,20230331,4056.18,4109.31,4110.75,4056.18,4050.83,58.48,1.4437,1.35,452512.0
SPX,20230330,4046.74,4050.83,4057.85,4032.1,4027.81,23.02,0.5715,0.64,393086.0
SPX,20230329,3999.53,4027.81,4030.59,3999.53,3971.27,56.54,1.4237,0.78,414525.0
SPX,20230328,3974.13,3971.27,3979.2,3951.53,3977.53,-6.26,-0.1574,0.7,401460.0
SPX,20230327,3982.93,3977.53,4003.83,3970.49,3970.99,6.54,0.1647,0.84,423354.0
SPX,20230324,3939.21,3970.99,3972.74,3909.16,3948.72,22.27,0.564,1.61,458397.0
SPX,20230323,3959.21,3948.72,4007.66,3919.05,3936.97,11.75,0.2985,2.25,499160.0
SPX,20230322,4002.04,3936.97,4039.49,3936.17,4002.87,-65.9,-1.6463,2.58,453301.0
SPX,20230321,3975.89,4002.87,4009.08,3971.19,3951.57,51.3,1.2982,0.96,492024.0
SPX,20230320,3917.47,3951.57,3956.62,3916.89,3916.64,34.93,0.8918,1.01,534714.0
SPX,20230317,3958.69,3916.64,3958.91,3901.27,3960.28,-43.64,-1.1019,1.46,935428.0
SPX,20230316,3878.93,3960.28,3964.46,3864.11,3891.93,68.35,1.7562,2.58,569579.0
SPX,20230315,3876.74,3891.93,3894.26,3838.24,3919.29,-27.36,-0.6981,1.43,659401.0
SPX,20230314,3894.01,3919.29,3937.29,3873.63,3855.76,63.53,1.6477,1.65,566587.0
SPX,20230313,3835.12,3855.76,3905.05,3808.86,3861.59,-5.83,-0.151,2.49,655802.0
SPX,20230310,3912.77,3861.59,3934.05,3846.32,3918.32,-56.73,-1.4478,2.24,551819.0
SPX,20230309,3998.66,3918.32,4017.81,3908.7,3992.01,-73.69,-1.8459,2.73,444526.0
SPX,20230308,3987.55,3992.01,4000.41,3969.76,3986.37,5.64,0.1415,0.77,353557.0
SPX,20230307,4048.26,3986.37,4050.0,3980.31,4048.42,-62.05,-1.5327,1.72,392250.0
SPX,20230306,4055.15,4048.42,4078.49,4044.61,4045.64,2.78,0.0687,0.84,400087.0
SPX,20230303,3998.02,4045.64,4048.29,3995.17,3981.35,64.29,1.6148,1.33,408473.0
SPX,20230302,3938.68,3981.35,3990.84,3928.16,3951.39,29.96,0.7582,1.59,424490.0
SPX,20230301,3963.34,3951.39,3971.73,3939.05,3970.15,-18.76,-0.4725,0.82,424948.0
SPX,20230228,3977.19,3970.15,3997.5,3968.98,3982.24,-12.09,-0.3036,0.72,504340.0
SPX,20230227,3992.36,3982.24,4018.05,3973.55,3970.04,12.2,0.3073,1.12,383695.0
SPX,20230224,3973.24,3970.04,3978.25,3943.08,4012.32,-42.28,-1.0538,0.88,387770.0
SPX,20230223,4018.6,4012.32,4028.3,3969.19,3991.05,21.27,0.5329,1.48,395294.0
SPX,20230222,4001.83,3991.05,4017.37,3976.9,3997.34,-6.29,-0.1574,1.01,407932.0
SPX,20230221,4052.35,3997.34,4052.35,3995.19,4079.09,-81.75,-2.0041,1.4,412159.0
SPX,20230217,4077.39,4079.09,4081.51,4047.95,4090.41,-11.32,-0.2767,0.82,404548.0
SPX,20230216,4114.75,4090.41,4136.54,4089.49,4147.6,-57.19,-1.3789,1.13,414366.0
SPX,20230215,4119.5,4147.6,4148.11,4103.98,4136.13,11.47,0.2773,1.07,407598.0
SPX,20230214,4126.7,4136.13,4159.77,4095.01,4137.29,-1.16,-0.028,1.57,392920.0
SPX,20230213,4096.62,4137.29,4138.9,4092.67,4090.46,46.83,1.1449,1.13,344862.0
SPX,20230210,4068.92,4090.46,4094.36,4060.79,4081.5,8.96,0.2195,0.82,389152.0
SPX,20230209,4144.25,4081.5,4156.23,4069.67,4117.86,-36.36,-0.883,2.1,427020.0
SPX,20230208,4153.47,4117.86,4156.85,4111.67,4164.0,-46.14,-1.1081,1.09,402982.0
SPX,20230207,4105.35,4164.0,4176.54,4088.39,4111.08,52.92,1.2873,2.14,435586.0
SPX,20230206,4119.57,4111.08,4124.63,4093.38,4136.48,-25.4,-0.614,0.76,411424.0
SPX,20230203,4136.69,4136.48,4182.36,4123.36,4179.76,-43.28,-1.0355,1.41,469451.0
SPX,20230202,4158.68,4179.76,4195.44,4141.88,4119.21,60.55,1.4699,1.3,562436.0
SPX,20230201,4070.07,4119.21,4148.95,4037.2,4076.6,42.61,1.0452,2.74,485693.0
SPX,20230131,4020.85,4076.6,4077.16,4020.44,4017.77,58.83,1.4642,1.41,467932.0
SPX,20230130,4049.27,4017.77,4063.85,4015.55,4070.56,-52.79,-1.2969,1.19,380200.0
SPX,20230127,4053.72,4070.56,4094.21,4048.7,4060.43,10.13,0.2495,1.12,390776.0
SPX,20230126,4036.08,4060.43,4061.57,4013.29,4016.22,44.21,1.1008,1.2,380959.0
SPX,20230125,3982.71,4016.22,4019.55,3949.06,4016.95,-0.73,-0.0182,1.75,372402.0
SPX,20230124,4001.74,4016.95,4023.92,3989.79,4019.81,-2.86,-0.0711,0.85,332043.0
SPX,20230123,3978.14,4019.81,4039.31,3971.64,3972.61,47.2,1.1881,1.7,394521.0
SPX,20230120,3909.04,3972.61,3972.96,3897.86,3898.85,73.76,1.8918,1.93,401336.0
SPX,20230119,3911.84,3898.85,3922.94,3885.54,3928.86,-30.01,-0.7638,0.95,399150.0
SPX,20230118,4002.25,3928.86,4014.16,3926.59,3990.97,-62.11,-1.5563,2.19,429871.0
SPX,20230117,3999.28,3990.97,4015.39,3984.57,3999.09,-8.12,-0.203,0.77,423556.0
SPX,20230113,3960.6,3999.09,4003.95,3947.67,3983.17,15.92,0.3997,1.41,393970.0
SPX,20230112,3977.57,3983.17,3997.76,3937.56,3969.61,13.56,0.3416,1.52,444026.0
SPX,20230111,3932.35,3969.61,3970.07,3928.54,3919.25,50.36,1.2849,1.06,430336.0
SPX,20230110,3888.57,3919.25,3919.83,3877.29,3892.09,27.16,0.6978,1.09,385103.0
SPX,20230109,3910.82,3892.09,3950.57,3890.42,3895.08,-2.99,-0.0768,1.54,431177.0
SPX,20230106,3823.37,3895.08,3906.19,3809.56,3808.1,86.98,2.2841,2.54,392356.0
SPX,20230105,3839.74,3808.1,3839.74,3802.42,3852.97,-44.87,-1.1646,0.97,389345.0
SPX,20230104,3840.36,3852.97,3873.16,3815.77,3824.14,28.83,0.7539,1.5,441408.0
SPX,20230103,3853.29,3824.14,3878.46,3794.33,3839.5,-15.36,-0.4001,2.19,395914.0
SPX,20221230,3829.06,3839.5,3839.85,3800.34,3849.28,-9.78,-0.2541,1.03,297987.0
SPX,20221229,3805.45,3849.28,3858.19,3805.45,3783.22,66.06,1.7461,1.39,300368.0
SPX,20221228,3829.56,3783.22,3848.32,3780.78,3829.25,-46.03,-1.2021,1.76,308352.0
SPX,20221227,3843.34,3829.25,3846.65,3813.22,3844.82,-15.57,-0.405,0.87,303030.0
SPX,20221223,3815.11,3844.82,3845.8,3797.01,3822.39,22.43,0.5868,1.28,281928.0
SPX,20221222,3853.26,3822.39,3853.26,3764.49,3878.44,-56.05,-1.4452,2.29,395695.0
SPX,20221221,3839.49,3878.44,3889.82,3839.49,3821.62,56.82,1.4868,1.32,377520.0
SPX,20221220,3810.47,3821.62,3838.24,3795.62,3817.66,3.96,0.1037,1.12,398537.0
SPX,20221219,3853.79,3817.66,3854.86,3800.04,3852.36,-34.7,-0.9007,1.42,396961.0
SPX,20221216,3890.91,3852.36,3890.91,3827.91,3895.75,-43.39,-1.1138,1.62,749366.0
SPX,20221215,3958.37,3895.75,3958.37,3879.45,3995.32,-99.57,-2.4922,1.98,449390.0
SPX,20221214,4015.54,3995.32,4053.76,3965.65,4019.65,-24.33,-0.6053,2.19,447234.0
SPX,20221213,4069.38,4019.65,4100.96,3993.03,3990.56,29.09,0.729,2.7,507936.0
SPX,20221212,3939.29,3990.56,3990.71,3935.3,3934.38,56.18,1.4279,1.41,390413.0
SPX,20221209,3954.17,3934.38,3977.02,3933.04,3963.51,-29.13,-0.735,1.11,388826.0
SPX,20221208,3947.79,3963.51,3974.19,3935.83,3933.92,29.59,0.7522,0.98,400690.0
SPX,20221207,3933.28,3933.92,3957.57,3922.68,3941.26,-7.34,-0.1862,0.89,411805.0
SPX,20221206,3996.63,3941.26,4001.51,3918.39,3998.84,-57.58,-1.4399,2.08,436838.0
SPX,20221205,4052.02,3998.84,4052.45,3984.49,4071.7,-72.86,-1.7894,1.67,428082.0
SPX,20221202,4040.17,4071.7,4080.48,4026.63,4076.57,-4.87,-0.1195,1.32,401262.0
SPX,20221201,4087.14,4076.57,4100.51,4050.87,4080.11,-3.54,-0.0868,1.22,452713.0
SPX,20221130,3957.18,4080.11,4080.11,3938.58,3957.63,122.48,3.0948,3.58,657936.0
SPX,20221129,3964.19,3957.63,3976.77,3937.65,3963.94,-6.31,-0.1592,0.99,354604.0
SPX,20221128,4005.36,3963.94,4012.27,3955.77,4026.12,-62.18,-1.5444,1.4,361543.0
SPX,20221125,4023.34,4026.12,4034.02,4020.76,4027.26,-1.14,-0.0283,0.33,170646.0
SPX,20221123,4000.3,4027.26,4033.78,3998.66,4003.58,23.68,0.5915,0.88,327972.0
SPX,20221122,3965.51,4003.58,4005.88,3956.88,3949.94,53.64,1.358,1.24,388799.0
SPX,20221121,3956.23,3949.94,3962.0,3933.34,3965.34,-15.4,-0.3884,0.72,385069.0
SPX,20221118,3966.39,3965.34,3979.89,3935.98,3946.56,18.78,0.4759,1.11,403736.0
SPX,20221117,3919.26,3946.56,3954.33,3906.54,3958.79,-12.23,-0.3089,1.21,405178.0
SPX,20221116,3976.82,3958.79,3983.09,3954.34,3991.73,-32.94,-0.8252,0.72,416532.0
SPX,20221115,4006.41,3991.73,4028.84,3953.17,3957.25,34.48,0.8713,1.91,501531.0
SPX,20221114,3977.97,3957.25,4008.97,3956.4,3992.93,-35.68,-0.8936,1.32,456193.0
SPX,20221111,3963.72,3992.93,4001.48,3944.82,3956.37,36.56,0.9241,1.43,559331.0
SPX,20221110,3859.89,3956.37,3958.33,3859.89,3748.57,207.8,5.5434,2.63,578126.0
SPX,20221109,3810.94,3748.57,3818.2,3744.22,3828.11,-79.54,-2.0778,1.93,464501.0
SPX,20221108,3817.02,3828.11,3859.4,3786.28,3806.8,21.31,0.5598,1.92,460764.0
SPX,20221107,3780.71,3806.8,3813.95,3764.7,3770.55,36.25,0.9614,1.31,434162.0
SPX,20221104,3766.98,3770.55,3796.34,3708.84,3719.89,50.66,1.3619,2.35,540018.0
SPX,20221103,3733.25,3719.89,3750.59,3698.15,3759.69,-39.8,-1.0586,1.39,462529.0
SPX,20221102,3852.9,3759.69,3894.44,3758.68,3856.1,-96.41,-2.5002,3.52,489900.0
SPX,20221101,3901.79,3856.1,3911.79,3843.8,3871.98,-15.88,-0.4101,1.76,448121.0
SPX,20221031,3881.85,3871.98,3893.73,3863.18,3901.06,-29.08,-0.7454,0.78,482062.0
SPX,20221028,3808.26,3901.06,3905.42,3808.26,3807.3,93.76,2.4626,2.55,445941.0
SPX,20221027,3834.69,3807.3,3859.95,3803.79,3830.6,-23.3,-0.6083,1.47,468732.0
SPX,20221026,3825.97,3830.6,3886.15,3824.07,3859.11,-28.51,-0.7388,1.61,481731.0
SPX,20221025,3799.44,3859.11,3862.85,3799.44,3797.34,61.77,1.6267,1.67,484312.0
SPX,20221024,3762.01,3797.34,3810.74,3741.65,3752.75,44.59,1.1882,1.84,474793.0
SPX,20221021,3657.1,3752.75,3757.89,3647.42,3665.78,86.97,2.3725,3.01,507802.0
SPX,20221020,3689.05,3665.78,3736.0,3656.44,3695.16,-29.38,-0.7951,2.15,449662.0
SPX,20221019,3703.11,3695.16,3728.58,3666.51,3719.98,-24.82,-0.6672,1.67,422380.0
SPX,20221018,3746.26,3719.98,3762.79,3686.53,3677.95,42.03,1.1428,2.07,448374.0
SPX,20221017,3638.65,3677.95,3689.73,3638.65,3583.07,94.88,2.648,1.43,435278.0
SPX,20221014,3690.41,3583.07,3712.0,3579.68,3669.91,-86.84,-2.3663,3.61,424303.0
SPX,20221013,3520.37,3669.91,3685.41,3491.58,3577.03,92.88,2.5966,5.42,502168.0
SPX,20221012,3590.83,3577.03,3608.34,3573.86,3588.84,-11.81,-0.3291,0.96,400683.0
SPX,20221011,3595.86,3588.84,3640.66,3568.45,3612.39,-23.55,-0.6519,2.0,475903.0
SPX,20221010,3647.51,3612.39,3652.17,3588.1,3639.66,-27.27,-0.7492,1.76,383432.0
SPX,20221007,3706.74,3639.66,3706.74,3620.73,3744.52,-104.86,-2.8004,2.3,444966.0
SPX,20221006,3771.97,3744.52,3797.93,3739.22,3783.28,-38.76,-1.0245,1.55,425210.0
SPX,20221005,3753.25,3783.28,3806.91,3722.66,3790.93,-7.65,-0.2018,2.22,429318.0
SPX,20221004,3726.46,3790.93,3791.92,3726.46,3678.43,112.5,3.0584,1.78,514658.0
SPX,20221003,3609.78,3678.43,3698.35,3604.93,3585.62,92.81,2.5884,2.61,480668.0
SPX,20220930,3633.48,3585.62,3671.44,3584.13,3640.47,-54.85,-1.5067,2.4,564536.0
SPX,20220929,3687.01,3640.47,3687.01,3610.4,3719.04,-78.57,-2.1126,2.06,468181.0
SPX,20220928,3651.94,3719.04,3736.74,3640.61,3647.29,71.75,1.9672,2.64,468485.0
SPX,20220927,3686.44,3647.29,3717.53,3623.29,3655.04,-7.75,-0.212,2.58,457774.0
SPX,20220926,3682.72,3655.04,3715.67,3644.76,3693.23,-38.19,-1.0341,1.92,488614.0
SPX,20220923,3727.14,3693.23,3727.14,3647.47,3757.99,-64.76,-1.7233,2.12,514427.0
SPX,20220922,3782.36,3757.99,3790.9,3749.45,3789.93,-31.94,-0.8428,1.09,428460.0
SPX,20220921,3871.4,3789.93,3907.07,3789.49,3855.93,-66.0,-1.7116,3.05,407833.0
SPX,20220920,3875.23,3855.93,3876.01,3827.54,3899.89,-43.96,-1.1272,1.24,405805.0
SPX,20220919,3849.91,3899.89,3900.45,3838.5,3873.33,26.56,0.6857,1.6,376685.0
SPX,20220916,3880.95,3873.33,3880.95,3837.08,3901.35,-28.02,-0.7182,1.12,795465.0
SPX,20220915,3932.41,3901.35,3959.14,3888.28,3946.01,-44.66,-1.1318,1.8,444183.0
SPX,20220914,3940.73,3946.01,3961.94,3912.18,3932.69,13.32,0.3387,1.27,429324.0
SPX,20220913,4037.12,3932.69,4037.12,3921.28,4110.41,-177.72,-4.3237,2.82,422455.0
SPX,20220912,4083.67,4110.41,4119.28,4083.67,4067.36,43.05,1.0584,0.88,381420.0
SPX,20220909,4022.94,4067.36,4076.81,4022.94,4006.18,61.18,1.5271,1.34,390194.0
SPX,20220908,3959.94,4006.18,4010.5,3944.81,3979.87,26.31,0.6611,1.65,396685.0
SPX,20220907,3909.43,3979.87,3987.89,3906.03,3908.19,71.68,1.8341,2.09,389032.0
SPX,20220906,3930.89,3908.19,3942.55,3886.75,3924.26,-16.07,-0.4095,1.42,412734.0
SPX,20220902,3994.66,3924.26,4018.43,3906.21,3966.85,-42.59,-1.0736,2.83,366585.0
SPX,20220901,3936.73,3966.85,3970.23,3903.65,3955.0,11.85,0.2996,1.68,415225.0
SPX,20220831,4000.67,3955.0,4015.37,3954.53,3986.16,-31.16,-0.7817,1.53,454249.0
SPX,20220830,4041.25,3986.16,4044.98,3965.21,4030.61,-44.45,-1.1028,1.98,383586.0
SPX,20220829,4034.58,4030.61,4062.99,4017.42,4057.66,-27.05,-0.6666,1.12,339651.0
SPX,20220826,4198.74,4057.66,4203.04,4057.66,4199.12,-141.46,-3.3688,3.46,383275.0
SPX,20220825,4153.26,4199.12,4200.54,4147.59,4140.77,58.35,1.4092,1.28,356687.0
SPX,20220824,4126.55,4140.77,4156.56,4119.97,4128.73,12.04,0.2916,0.89,358363.0
SPX,20220823,4133.09,4128.73,4159.77,4124.03,4137.99,-9.26,-0.2238,0.86,382352.0
SPX,20220822,4195.08,4137.99,4195.08,4129.86,4228.48,-90.49,-2.14,1.54,390743.0
SPX,20220819,4266.31,4228.48,4266.31,4218.7,4283.74,-55.26,-1.29,1.11,376134.0
SPX,20220818,4273.13,4283.74,4292.53,4261.98,4274.04,9.7,0.227,0.71,334033.0
SPX,20220817,4280.4,4274.04,4302.18,4253.08,4305.2,-31.16,-0.7238,1.14,388503.0
SPX,20220816,4290.46,4305.2,4325.28,4277.77,4297.14,8.06,0.1876,1.11,432982.0
SPX,20220815,4269.37,4297.14,4301.79,4256.9,4280.15,16.99,0.3969,1.05,369683.0
SPX,20220812,4225.02,4280.15,4280.47,4219.78,4207.27,72.88,1.7322,1.44,378801.0
SPX,20220811,4227.4,4207.27,4257.91,4201.41,4210.24,-2.97,-0.0705,1.34,463020.0
SPX,20220810,4181.02,4210.24,4211.03,4177.26,4122.47,87.77,2.1291,0.82,454601.0
SPX,20220809,4133.11,4122.47,4137.3,4112.09,4140.06,-17.59,-0.4249,0.61,391309.0
SPX,20220808,4155.93,4140.06,4186.62,4128.97,4145.19,-5.13,-0.1238,1.39,422109.0
SPX,20220805,4115.87,4145.19,4151.58,4107.31,4151.94,-6.75,-0.1626,1.07,408594.0
SPX,20220804,4154.85,4151.94,4161.29,4135.42,4155.17,-3.23,-0.0777,0.62,428332.0
SPX,20220803,4107.96,4155.17,4167.66,4107.96,4091.19,63.98,1.5638,1.46,435176.0
SPX,20220802,4104.21,4091.19,4140.47,4079.81,4118.63,-27.44,-0.6662,1.47,472771.0
SPX,20220801,4112.38,4118.63,4144.95,4096.02,4130.29,-11.66,-0.2823,1.18,420281.0
SPX,20220729,4087.33,4130.29,4140.15,4079.22,4072.43,57.86,1.4208,1.5,461636.0
SPX,20220728,4026.13,4072.43,4078.95,3992.97,4023.61,48.82,1.2133,2.14,441300.0
SPX,20220727,3951.43,4023.61,4039.56,3951.43,3921.05,102.56,2.6156,2.25,411218.0
SPX,20220726,3953.22,3921.05,3953.22,3910.74,3966.84,-45.79,-1.1543,1.07,377895.0
SPX,20220725,3965.72,3966.84,3975.3,3943.46,3961.63,5.21,0.1315,0.8,356834.0
SPX,20220722,3998.43,3961.63,4012.44,3938.86,3998.95,-37.32,-0.9332,1.84,397924.0
SPX,20220721,3955.47,3998.95,3999.29,3927.64,3959.9,39.05,0.9861,1.81,413279.0
SPX,20220720,3935.32,3959.9,3974.13,3922.03,3936.69,23.21,0.5896,1.32,418530.0
SPX,20220719,3860.73,3936.69,3939.81,3860.73,3830.85,105.84,2.7628,2.06,404107.0
SPX,20220718,3883.79,3830.85,3902.44,3818.63,3863.16,-32.31,-0.8364,2.17,404687.0
SPX,20220715,3818.0,3863.16,3863.62,3817.18,3790.38,72.78,1.9201,1.23,414380.0
SPX,20220714,3763.99,3790.38,3796.41,3721.56,3801.78,-11.4,-0.2999,1.97,419969.0
SPX,20220713,3779.67,3801.78,3829.44,3759.07,3818.8,-17.02,-0.4457,1.84,410939.0
SPX,20220712,3851.95,3818.8,3873.41,3802.36,3854.43,-35.63,-0.9244,1.84,381721.0
SPX,20220711,3880.94,3854.43,3880.94,3847.22,3899.38,-44.95,-1.1527,0.86,342348.0
SPX,20220708,3888.26,3899.38,3918.5,3869.34,3902.62,-3.24,-0.083,1.26,352162.0
SPX,20220707,3858.85,3902.62,3910.63,3858.85,3845.08,57.54,1.4965,1.35,405777.0
SPX,20220706,3831.98,3845.08,3870.91,3809.37,3831.39,13.69,0.3573,1.61,441772.0
SPX,20220705,3792.61,3831.39,3832.19,3742.06,3825.33,6.06,0.1584,2.36,507659.0
SPX,20220701,3781.0,3825.33,3829.82,3752.1,3785.38,39.95,1.0554,2.05,404695.0
SPX,20220630,3785.99,3785.38,3818.99,3738.67,3818.83,-33.45,-0.8759,2.1,484007.0
SPX,20220629,3825.09,3818.83,3836.5,3799.02,3821.55,-2.72,-0.0712,0.98,421124.0
SPX,20220628,3913.0,3821.55,3945.86,3820.14,3900.11,-78.56,-2.0143,3.22,427012.0
SPX,20220627,3920.76,3900.11,3927.72,3889.66,3911.74,-11.63,-0.2973,0.97,432531.0
SPX,20220624,3821.75,3911.74,3913.65,3821.75,3795.73,116.01,3.0563,2.42,812026.0
SPX,20220623,3774.71,3795.73,3802.58,3743.52,3759.89,35.84,0.9532,1.57,509864.0
SPX,20220622,3733.89,3759.89,3801.79,3717.69,3764.79,-4.9,-0.1302,2.23,505899.0
SPX,20220621,3715.31,3764.79,3779.65,3715.31,3674.84,89.95,2.4477,1.75,529226.0
SPX,20220617,3665.9,3674.84,3707.71,3636.87,3666.77,8.07,0.2201,1.93,852074.0
SPX,20220616,3728.18,3666.77,3728.18,3639.77,3789.99,-123.22,-3.2512,2.33,564493.0
SPX,20220615,3764.05,3789.99,3837.56,3722.3,3735.48,54.51,1.4593,3.09,553048.0
SPX,20220614,3763.52,3735.48,3778.18,3705.68,3749.63,-14.15,-0.3774,1.93,515389.0
SPX,20220613,3838.15,3749.63,3838.15,3734.3,3900.86,-151.23,-3.8768,2.66,563689.0
SPX,20220610,3974.39,3900.86,3974.39,3900.16,4017.82,-116.96,-2.911,1.85,488964.0
SPX,20220609,4101.65,4017.82,4119.1,4017.17,4115.77,-97.95,-2.3799,2.48,413417.0
SPX,20220608,4147.12,4115.77,4160.14,4107.2,4160.68,-44.91,-1.0794,1.27,415947.0
SPX,20220607,4096.47,4160.68,4164.86,4080.19,4121.43,39.25,0.9523,2.05,424821.0
SPX,20220606,4134.72,4121.43,4168.78,4109.18,4108.54,12.89,0.3137,1.45,433270.0
SPX,20220603,4137.57,4108.54,4142.67,4098.67,4176.82,-68.28,-1.6347,1.05,371111.0
SPX,20220602,4095.41,4176.82,4177.51,4074.37,4101.23,75.59,1.8431,2.51,440579.0
SPX,20220601,4149.78,4101.23,4166.54,4073.85,4132.15,-30.92,-0.7483,2.24,453180.0
SPX,20220531,4151.09,4132.15,4168.34,4104.88,4158.24,-26.09,-0.6274,1.53,682264.0
SPX,20220527,4077.43,4158.24,4158.49,4077.43,4057.84,100.4,2.4742,2.0,437562.0
SPX,20220526,3984.6,4057.84,4075.14,3984.6,3978.73,79.11,1.9883,2.28,470997.0
SPX,20220525,3929.59,3978.73,3999.33,3925.03,3941.48,37.25,0.9451,1.89,480256.0
SPX,20220524,3942.94,3941.48,3955.68,3875.13,3973.75,-32.27,-0.8121,2.03,492319.0
SPX,20220523,3919.42,3973.75,3981.88,3909.04,3901.36,72.39,1.8555,1.87,442003.0
SPX,20220520,3927.76,3901.36,3943.42,3810.32,3900.79,0.57,0.0146,3.41,513073.0
SPX,20220519,3899.0,3900.79,3945.96,3876.58,3923.68,-22.89,-0.5834,1.77,511355.0
SPX,20220518,4051.98,3923.68,4051.98,3911.91,4088.85,-165.17,-4.0395,3.43,510322.0
SPX,20220517,4052.0,4088.85,4090.72,4033.93,4008.01,80.84,2.017,1.42,484141.0
SPX,20220516,4013.02,4008.01,4046.46,3983.99,4023.89,-15.88,-0.3946,1.55,441503.0
SPX,20220513,3963.9,4023.89,4038.88,3963.9,3930.08,93.81,2.387,1.91,518334.0
SPX,20220512,3903.95,3930.08,3964.8,3858.87,3935.18,-5.1,-0.1296,2.69,628645.0
SPX,20220511,3990.08,3935.18,4049.09,3928.82,4001.05,-65.87,-1.6463,3.01,581614.0
SPX,20220510,4035.18,4001.05,4068.82,3958.17,3991.24,9.81,0.2458,2.77,588582.0
SPX,20220509,4081.27,3991.24,4081.27,3975.48,4123.34,-132.1,-3.2037,2.57,595452.0
SPX,20220506,4128.17,4123.34,4157.69,4067.91,4146.87,-23.53,-0.5674,2.17,511694.0
SPX,20220505,4270.43,4146.87,4270.43,4106.01,4300.17,-153.3,-3.565,3.82,507703.0
SPX,20220504,4181.18,4300.17,4307.66,4148.91,4175.48,124.69,2.9862,3.8,513636.0
SPX,20220503,4159.78,4175.48,4200.1,4147.08,4155.38,20.1,0.4837,1.28,458205.0
SPX,20220502,4130.61,4155.38,4169.81,4062.51,4131.93,23.45,0.5675,2.6,516379.0
SPX,20220429,4253.75,4131.93,4269.68,4124.28,4287.5,-155.57,-3.6285,3.39,508403.0
SPX,20220428,4222.58,4287.5,4308.45,4188.63,4183.96,103.54,2.4747,2.86,485418.0
SPX,20220427,4186.52,4183.96,4240.71,4162.9,4175.2,8.76,0.2098,1.86,476968.0
SPX,20220426,4278.14,4175.2,4278.14,4175.04,4296.12,-120.92,-2.8146,2.4,468997.0
SPX,20220425,4255.34,4296.12,4299.02,4200.82,4271.78,24.34,0.5698,2.3,524004.0
SPX,20220422,4385.83,4271.78,4385.83,4267.62,4393.66,-121.88,-2.774,2.69,465194.0
SPX,20220421,4489.17,4393.66,4512.94,4384.47,4459.45,-65.79,-1.4753,2.88,463689.0
SPX,20220420,4472.26,4459.45,4488.29,4448.76,4462.21,-2.76,-0.0619,0.89,429045.0
SPX,20220419,4390.63,4462.21,4471.03,4390.63,4391.69,70.52,1.6058,1.83,410812.0
SPX,20220418,4385.63,4391.69,4410.31,4370.3,4392.59,-0.9,-0.0205,0.91,391049.0
SPX,20220414,4449.12,4392.59,4460.46,4390.77,4446.59,-54.0,-1.2144,1.57,408309.0
SPX,20220413,4394.3,4446.59,4453.92,4392.7,4397.45,49.14,1.1175,1.39,382815.0
SPX,20220412,4437.59,4397.45,4471.0,4381.34,4412.53,-15.08,-0.3418,2.03,415209.0
SPX,20220411,4462.64,4412.53,4464.35,4408.38,4488.28,-75.75,-1.6877,1.25,426629.0
SPX,20220408,4494.15,4488.28,4520.41,4474.6,4500.21,-11.93,-0.2651,1.02,408320.0
SPX,20220407,4474.65,4500.21,4521.16,4450.3,4481.15,19.06,0.4253,1.58,482149.0
SPX,20220406,4494.17,4481.15,4503.94,4450.04,4525.12,-43.97,-0.9717,1.19,498683.0
SPX,20220405,4572.45,4525.12,4593.45,4514.17,4582.64,-57.52,-1.2552,1.73,480062.0
SPX,20220404,4547.97,4582.64,4583.5,4539.21,4545.86,36.78,0.8091,0.97,454735.0
SPX,20220401,4540.32,4545.86,4548.7,4507.57,4530.41,15.45,0.341,0.91,456294.0
SPX,20220331,4599.02,4530.41,4603.07,4530.41,4602.45,-72.04,-1.5653,1.58,482302.0
SPX,20220330,4624.2,4602.45,4627.77,4581.32,4631.6,-29.15,-0.6294,1.0,438557.0
SPX,20220329,4602.86,4631.6,4637.3,4589.66,4575.52,56.08,1.2257,1.04,508591.0
SPX,20220328,4541.09,4575.52,4575.65,4517.69,4543.06,32.46,0.7145,1.28,431226.0
SPX,20220325,4522.91,4543.06,4546.03,4501.07,4520.16,22.9,0.5066,0.99,430502.0
SPX,20220324,4469.98,4520.16,4520.58,4465.17,4456.24,63.92,1.4344,1.24,413139.0
SPX,20220323,4493.1,4456.24,4501.07,4455.81,4511.61,-55.37,-1.2273,1.0,455067.0
SPX,20220322,4469.1,4511.61,4522.0,4469.1,4461.18,50.43,1.1304,1.19,475484.0
SPX,20220321,4462.4,4461.18,4481.75,4424.3,4463.12,-1.94,-0.0435,1.29,486982.0
SPX,20220318,4407.34,4463.12,4465.4,4390.57,4411.67,51.45,1.1662,1.7,827843.0
SPX,20220317,4345.11,4411.67,4412.67,4335.65,4357.86,53.81,1.2348,1.77,498509.0
SPX,20220316,4288.14,4357.86,4358.9,4251.99,4262.45,95.41,2.2384,2.51,630975.0
SPX,20220315,4188.82,4262.45,4271.05,4187.9,4173.11,89.34,2.1408,1.99,539247.0
SPX,20220314,4202.75,4173.11,4247.57,4161.72,4204.31,-31.2,-0.7421,2.04,557492.0
SPX,20220311,4279.5,4204.31,4291.01,4200.49,4259.52,-55.21,-1.2962,2.13,493864.0
SPX,20220310,4252.55,4259.52,4268.28,4209.8,4277.88,-18.36,-0.4292,1.37,498083.0
SPX,20220309,4223.1,4277.88,4299.4,4223.1,4170.7,107.18,2.5698,1.83,566267.0
SPX,20220308,4202.66,4170.7,4276.94,4157.87,4201.09,-30.39,-0.7234,2.83,724312.0
SPX,20220307,4327.01,4201.09,4327.01,4199.85,4328.87,-127.78,-2.9518,2.94,694047.0
SPX,20220304,4342.12,4328.87,4342.12,4284.98,4363.49,-34.62,-0.7934,1.31,579738.0
SPX,20220303,4401.31,4363.49,4416.78,4345.56,4386.54,-23.05,-0.5255,1.62,503989.0
SPX,20220302,4322.56,4386.54,4401.48,4322.56,4306.26,80.28,1.8643,1.83,533787.0
SPX,20220301,4363.14,4306.26,4378.45,4279.54,4373.94,-67.68,-1.5473,2.26,584623.0
SPX,20220228,4354.17,4373.94,4388.84,4315.12,4384.65,-10.71,-0.2443,1.68,607137.0
SPX,20220225,4298.38,4384.65,4385.34,4286.83,4288.7,95.95,2.2373,2.3,517706.0
SPX,20220224,4155.77,4288.7,4294.73,4114.65,4225.5,63.2,1.4957,4.26,675213.0
SPX,20220223,4324.93,4225.5,4341.51,4221.51,4304.76,-79.26,-1.8412,2.79,479743.0
SPX,20220222,4332.74,4304.76,4362.12,4267.11,4348.87,-44.11,-1.0143,2.18,512190.0
SPX,20220218,4384.57,4348.87,4394.6,4327.22,4380.26,-31.39,-0.7166,1.54,470806.0
SPX,20220217,4456.06,4380.26,4456.06,4373.81,4475.01,-94.75,-2.1173,1.84,453942.0
SPX,20220216,4455.75,4475.01,4489.55,4429.68,4471.07,3.94,0.0881,1.34,428364.0
SPX,20220215,4429.28,4471.07,4472.77,4429.28,4401.67,69.4,1.5767,0.99,443083.0
SPX,20220214,4412.61,4401.67,4426.22,4364.84,4418.64,-16.97,-0.3841,1.39,460039.0
SPX,20220211,4506.27,4418.64,4526.33,4401.41,4504.08,-85.44,-1.8969,2.77,525150.0
SPX,20220210,4553.24,4504.08,4588.92,4484.31,4587.18,-83.1,-1.8116,2.28,531486.0
SPX,20220209,4547.0,4587.18,4590.03,4547.0,4521.54,65.64,1.4517,0.95,452435.0
SPX,20220208,4480.02,4521.54,4531.32,4465.4,4483.87,37.67,0.8401,1.47,445962.0
SPX,20220207,4505.75,4483.87,4521.86,4471.47,4500.53,-16.66,-0.3702,1.12,422848.0
SPX,20220204,4482.79,4500.53,4539.66,4451.5,4477.44,23.09,0.5157,1.97,470629.0
SPX,20220203,4535.41,4477.44,4542.88,4470.39,4589.38,-111.94,-2.4391,1.58,440197.0
SPX,20220202,4566.39,4589.38,4595.31,4544.32,4546.54,42.84,0.9423,1.12,448158.0
SPX,20220201,4519.57,4546.54,4550.49,4483.53,4515.55,30.99,0.6863,1.48,481683.0
SPX,20220131,4431.79,4515.55,4516.89,4414.02,4431.85,83.7,1.8886,2.32,509861.0
SPX,20220128,4336.19,4431.85,4432.72,4292.46,4326.51,105.34,2.4348,3.24,503109.0
SPX,20220127,4380.58,4326.51,4428.74,4309.5,4349.93,-23.42,-0.5384,2.74,521420.0
SPX,20220126,4408.43,4349.93,4453.23,4304.8,4356.45,-6.52,-0.1497,3.41,557064.0
SPX,20220125,4366.64,4356.45,4411.01,4287.11,4410.13,-53.68,-1.2172,2.81,514505.0
SPX,20220124,4356.32,4410.13,4417.35,4222.62,4397.94,12.19,0.2772,4.43,692811.0
SPX,20220121,4471.38,4397.94,4494.52,4395.34,4482.73,-84.79,-1.8915,2.21,558910.0
SPX,20220120,4547.35,4482.73,4602.11,4477.95,4532.76,-50.03,-1.1037,2.74,464087.0
SPX,20220119,4588.03,4532.76,4611.55,4530.2,4577.11,-44.35,-0.969,1.78,446574.0
SPX,20220118,4632.24,4577.11,4632.24,4568.7,4662.85,-85.74,-1.8388,1.36,474870.0
SPX,20220114,4637.99,4662.85,4665.13,4614.75,4659.03,3.82,0.082,1.08,433849.0
SPX,20220113,4733.56,4659.03,4744.13,4650.29,4726.35,-67.32,-1.4244,1.99,425173.0
SPX,20220112,4728.59,4726.35,4748.83,4706.71,4713.07,13.28,0.2818,0.89,404822.0
SPX,20220111,4669.14,4713.07,4714.13,4638.27,4670.29,42.78,0.916,1.62,410159.0
SPX,20220110,4655.34,4670.29,4673.02,4582.24,4677.03,-6.74,-0.1441,1.94,451181.0
SPX,20220107,4697.66,4677.03,4707.95,4662.74,4696.05,-19.02,-0.405,0.96,418151.0
SPX,20220106,4693.39,4696.05,4725.01,4671.26,4700.58,-4.53,-0.0964,1.14,429528.0
SPX,20220105,4787.99,4700.58,4797.7,4699.44,4793.54,-92.96,-1.9393,2.05,488796.0
SPX,20220104,4804.51,4793.54,4818.62,4774.27,4796.56,-3.02,-0.063,0.92,468317.0
SPX,20220103,4778.14,4796.56,4796.64,4758.17,4766.18,30.38,0.6374,0.81,383102.0
SPX,20211231,4775.21,4766.18,4786.83,4765.75,4778.73,-12.55,-0.2626,0.44,267782.0
SPX,20211230,4794.23,4778.73,4808.93,4775.33,4793.06,-14.33,-0.299,0.7,312495.0
SPX,20211229,4788.64,4793.06,4804.06,4778.08,4786.35,6.71,0.1402,0.54,296331.0
SPX,20211228,4795.49,4786.35,4807.02,4780.04,4791.19,-4.84,-0.101,0.56,270792.0
SPX,20211227,4733.99,4791.19,4791.49,4733.99,4725.79,65.4,1.3839,1.22,277029.0
SPX,20211223,4703.96,4725.79,4740.74,4703.96,4696.56,29.23,0.6224,0.78,291304.0
SPX,20211222,4650.36,4696.56,4697.67,4645.53,4649.23,47.33,1.018,1.12,331961.0
SPX,20211221,4594.96,4649.23,4651.14,4583.16,4568.02,81.21,1.7778,1.49,407243.0
SPX,20211220,4587.9,4568.02,4587.9,4531.1,4620.64,-52.62,-1.1388,1.23,463570.0
SPX,20211217,4652.5,4620.64,4666.7,4600.22,4668.67,-48.03,-1.0288,1.42,798709.0
SPX,20211216,4719.13,4668.67,4731.99,4651.89,4709.85,-41.18,-0.8743,1.7,482950.0
SPX,20211215,4636.46,4709.85,4712.6,4611.22,4634.09,75.76,1.6348,2.19,491013.0
SPX,20211214,4642.99,4634.09,4660.47,4606.52,4668.97,-34.88,-0.7471,1.16,448543.0
SPX,20211213,4710.3,4668.97,4710.3,4667.6,4712.02,-43.05,-0.9136,0.91,439723.0
SPX,20211210,4687.64,4712.02,4713.57,4670.24,4667.45,44.57,0.9549,0.93,387011.0
SPX,20211209,4691.0,4667.45,4695.26,4665.98,4701.21,-33.76,-0.7181,0.62,390384.0
SPX,20211208,4690.86,4701.21,4705.06,4674.52,4686.75,14.46,0.3085,0.65,423460.0
SPX,20211207,4631.97,4686.75,4694.04,4631.97,4591.67,95.08,2.0707,1.35,449240.0
SPX,20211206,4548.37,4591.67,4612.6,4540.51,4538.43,53.24,1.1731,1.59,477080.0
SPX,20211203,4589.49,4538.43,4608.03,4495.12,4577.1,-38.67,-0.8449,2.47,524007.0
SPX,20211202,4504.73,4577.1,4595.46,4504.73,4513.04,64.06,1.4194,2.01,507718.0
SPX,20211201,4602.82,4513.04,4652.94,4510.27,4567.0,-53.96,-1.1815,3.12,536673.0
SPX,20211130,4640.25,4567.0,4646.02,4560.0,4655.27,-88.27,-1.8961,1.85,662599.0
SPX,20211129,4628.75,4655.27,4672.95,4625.26,4594.62,60.65,1.32,1.04,433641.0
SPX,20211126,4664.63,4594.62,4664.63,4585.43,4701.46,-106.84,-2.2725,1.68,351770.0
SPX,20211124,4675.78,4701.46,4702.87,4659.89,4690.7,10.76,0.2294,0.92,341843.0
SPX,20211123,4678.48,4690.7,4699.39,4652.66,4682.94,7.76,0.1657,1.0,427759.0
SPX,20211122,4712.0,4682.94,4743.83,4682.17,4697.96,-15.02,-0.3197,1.31,444110.0
SPX,20211119,4708.44,4697.96,4717.75,4694.22,4704.54,-6.58,-0.1399,0.5,425318.0
SPX,20211118,4700.72,4704.54,4708.8,4672.78,4688.67,15.87,0.3385,0.77,422641.0
SPX,20211117,4701.5,4688.67,4701.5,4684.41,4700.9,-12.23,-0.2602,0.36,396907.0
SPX,20211116,4679.42,4700.9,4714.95,4679.42,4682.8,18.1,0.3865,0.76,397264.0
SPX,20211115,4689.3,4682.8,4697.42,4672.86,4682.85,-0.05,-0.0011,0.52,348841.0
SPX,20211112,4655.24,4682.85,4688.47,4650.77,4649.27,33.58,0.7223,0.81,372860.0
SPX,20211111,4659.39,4649.27,4664.55,4648.31,4646.71,2.56,0.0551,0.35,392687.0
SPX,20211110,4670.26,4646.71,4684.85,4630.86,4685.25,-38.54,-0.8226,1.15,450372.0
SPX,20211109,4707.25,4685.25,4708.53,4670.87,4701.7,-16.45,-0.3499,0.8,411708.0
SPX,20211108,4701.48,4701.7,4714.92,4694.39,4697.53,4.17,0.0888,0.44,426971.0
SPX,20211105,4699.26,4697.53,4718.5,4681.32,4680.06,17.47,0.3733,0.79,446718.0
SPX,20211104,4662.93,4680.06,4683.0,4662.59,4660.57,19.49,0.4182,0.44,446230.0
SPX,20211103,4630.65,4660.57,4663.46,4621.19,4630.65,29.92,0.6461,0.91,431966.0
SPX,20211102,4613.34,4630.65,4635.15,4613.34,4613.67,16.98,0.368,0.47,397525.0
SPX,20211101,4610.62,4613.67,4620.34,4595.06,4605.38,8.29,0.18,0.55,397154.0
SPX,20211029,4572.87,4605.38,4608.08,4567.59,4596.42,8.96,0.1949,0.88,451020.0
SPX,20211028,4562.84,4596.42,4597.55,4562.84,4551.68,44.74,0.9829,0.76,413295.0
SPX,20211027,4580.22,4551.68,4584.57,4551.66,4574.79,-23.11,-0.5052,0.72,422605.0
SPX,20211026,4578.69,4574.79,4598.53,4569.17,4566.48,8.31,0.182,0.64,387974.0
SPX,20211025,4553.69,4566.48,4572.62,4537.36,4544.9,21.58,0.4748,0.78,389940.0
SPX,20211022,4546.12,4544.9,4559.67,4524.0,4549.78,-4.88,-0.1073,0.78,375822.0
SPX,20211021,4532.24,4549.78,4551.44,4526.89,4536.19,13.59,0.2996,0.54,382233.0
SPX,20211020,4524.42,4536.19,4540.87,4524.4,4519.63,16.56,0.3664,0.36,367076.0
SPX,20211019,4497.34,4519.63,4520.4,4496.41,4486.46,33.17,0.7393,0.53,345913.0
SPX,20211018,4463.72,4486.46,4488.75,4447.47,4471.37,15.09,0.3375,0.92,366201.0
SPX,20211015,4447.69,4471.37,4475.82,4447.69,4438.26,33.11,0.746,0.63,381938.0
SPX,20211014,4386.75,4438.26,4439.73,4386.75,4363.8,74.46,1.7063,1.21,359828.0
SPX,20211013,4358.01,4363.8,4372.87,4329.92,4350.65,13.15,0.3023,0.99,362007.0
SPX,20211012,4368.31,4350.65,4374.89,4342.09,4361.19,-10.54,-0.2417,0.75,355845.0
SPX,20211011,4385.44,4361.19,4415.88,4360.59,4391.34,-30.15,-0.6866,1.26,328197.0
SPX,20211008,4406.51,4391.34,4412.02,4386.22,4399.76,-8.42,-0.1914,0.59,328016.0
SPX,20211007,4383.73,4399.76,4429.97,4383.73,4363.55,36.21,0.8298,1.06,384374.0
SPX,20211006,4319.57,4363.55,4365.57,4290.49,4345.72,17.83,0.4103,1.73,400963.0
SPX,20211005,4309.87,4345.72,4369.23,4309.87,4300.46,45.26,1.0524,1.38,390289.0
SPX,20211004,4348.84,4300.46,4355.51,4278.94,4357.04,-56.58,-1.2986,1.76,430787.0
SPX,20211001,4317.16,4357.04,4375.19,4288.52,4307.54,49.5,1.1491,2.01,401037.0
SPX,20210930,4370.67,4307.54,4382.55,4306.24,4359.46,-51.92,-1.191,1.75,444814.0
SPX,20210929,4362.41,4359.46,4385.57,4355.08,4352.63,6.83,0.1569,0.7,371266.0
SPX,20210928,4419.54,4352.63,4419.54,4346.33,4443.11,-90.48,-2.0364,1.65,441655.0
SPX,20210927,4442.12,4443.11,4457.3,4436.19,4455.48,-12.37,-0.2776,0.47,405865.0
SPX,20210924,4438.04,4455.48,4463.12,4430.27,4448.98,6.5,0.1461,0.74,338429.0
SPX,20210923,4406.75,4448.98,4465.4,4406.75,4395.64,53.34,1.2135,1.33,391635.0
SPX,20210922,4367.43,4395.64,4416.75,4367.43,4354.19,41.45,0.952,1.13,393917.0
SPX,20210921,4374.45,4354.19,4394.87,4347.96,4357.73,-3.54,-0.0812,1.08,392092.0
SPX,20210920,4402.95,4357.73,4402.95,4305.91,4432.99,-75.26,-1.6977,2.19,489807.0
SPX,20210917,4469.74,4432.99,4471.52,4427.76,4473.75,-40.76,-0.9111,0.98,728953.0
SPX,20210916,4477.09,4473.75,4485.87,4443.8,4480.7,-6.95,-0.1551,0.94,398456.0
SPX,20210915,4447.49,4480.7,4486.87,4438.37,4443.05,37.65,0.8474,1.09,403202.0
SPX,20210914,4479.33,4443.05,4485.68,4435.46,4468.73,-25.68,-0.5747,1.12,367046.0
SPX,20210913,4474.81,4468.73,4492.99,4445.7,4458.58,10.15,0.2277,1.06,391422.0
SPX,20210910,4506.92,4458.58,4520.47,4457.66,4493.28,-34.7,-0.7723,1.4,362318.0
SPX,20210909,4513.02,4493.28,4529.9,4492.07,4514.07,-20.79,-0.4606,0.84,373539.0
SPX,20210908,4518.09,4514.07,4521.79,4493.95,4520.03,-5.96,-0.1319,0.62,375088.0
SPX,20210907,4535.38,4520.03,4535.38,4513.0,4535.43,-15.4,-0.3395,0.49,382296.0
SPX,20210903,4532.42,4535.43,4541.45,4521.3,4536.95,-1.52,-0.0335,0.44,321753.0
SPX,20210902,4534.48,4536.95,4545.85,4524.66,4524.09,12.86,0.2843,0.47,373599.0
SPX,20210901,4528.8,4524.09,4537.11,4522.02,4522.68,1.41,0.0312,0.33,405734.0
SPX,20210831,4529.75,4522.68,4531.39,4515.8,4528.79,-6.11,-0.1349,0.34,429071.0
SPX,20210830,4513.76,4528.79,4537.36,4513.76,4509.37,19.42,0.4307,0.52,316866.0
SPX,20210827,4474.1,4509.37,4513.33,4474.1,4470.0,39.37,0.8808,0.88,333120.0
SPX,20210826,4493.75,4470.0,4495.9,4468.99,4496.19,-26.19,-0.5825,0.6,326398.0
SPX,20210825,4490.45,4496.19,4501.71,4485.66,4486.23,9.96,0.222,0.36,344470.0
SPX,20210824,4484.4,4486.23,4492.81,4482.28,4479.53,6.7,0.1496,0.24,397922.0
SPX,20210823,4450.29,4479.53,4489.88,4450.29,4441.67,37.86,0.8524,0.89,357653.0
SPX,20210820,4410.56,4441.67,4444.35,4406.8,4405.8,35.87,0.8142,0.85,365261.0
SPX,20210819,4382.44,4405.8,4418.61,4367.73,4400.27,5.53,0.1257,1.16,439841.0
SPX,20210818,4440.94,4400.27,4454.32,4397.59,4448.08,-47.81,-1.0748,1.28,375559.0
SPX,20210817,4462.12,4448.08,4462.12,4417.83,4479.71,-31.63,-0.7061,0.99,383696.0
SPX,20210816,4461.65,4479.71,4480.26,4437.66,4468.0,11.71,0.2621,0.95,337064.0
SPX,20210813,4464.84,4468.0,4468.37,4460.82,4460.83,7.17,0.1607,0.17,301647.0
SPX,20210812,4446.08,4460.83,4461.77,4435.96,4447.7,13.13,0.2952,0.58,337531.0
SPX,20210811,4442.18,4447.7,4449.44,4436.42,4436.75,10.95,0.2468,0.29,353256.0
SPX,20210810,4435.79,4436.75,4445.21,4430.03,4432.35,4.4,0.0993,0.34,388661.0
SPX,20210809,4437.77,4432.35,4439.39,4424.74,4436.52,-4.17,-0.094,0.33,344928.0
SPX,20210806,4429.07,4436.52,4440.82,4429.07,4429.1,7.42,0.1675,0.27,345187.0
SPX,20210805,4408.86,4429.1,4429.76,4408.86,4402.66,26.44,0.6005,0.47,376941.0
SPX,20210804,4415.95,4402.66,4416.17,4400.23,4423.15,-20.49,-0.4632,0.36,426076.0
SPX,20210803,4392.74,4423.15,4423.79,4373.0,4387.16,35.99,0.8203,1.16,396519.0
SPX,20210802,4406.86,4387.16,4422.18,4384.81,4395.26,-8.1,-0.1843,0.85,372409.0
SPX,20210730,4395.12,4395.26,4412.25,4389.65,4419.15,-23.89,-0.5406,0.51,395674.0
SPX,20210729,4403.59,4419.15,4429.97,4403.59,4400.64,18.51,0.4206,0.6,404460.0
SPX,20210728,4402.95,4400.64,4415.47,4387.01,4401.46,-0.82,-0.0186,0.65,421529.0
SPX,20210727,4416.38,4401.46,4416.38,4372.51,4422.3,-20.84,-0.4712,0.99,424195.0
SPX,20210726,4409.58,4422.3,4422.73,4405.45,4411.79,10.51,0.2382,0.39,427563.0
SPX,20210723,4381.2,4411.79,4415.18,4381.2,4367.48,44.31,1.0145,0.78,454007.0
SPX,20210722,4361.27,4367.48,4369.87,4350.06,4358.69,8.79,0.2017,0.45,335830.0
SPX,20210721,4331.13,4358.69,4359.7,4331.13,4323.06,35.63,0.8242,0.66,381028.0
SPX,20210720,4265.11,4323.06,4336.84,4262.05,4258.49,64.57,1.5163,1.76,443827.0
SPX,20210719,4296.4,4258.49,4296.4,4233.13,4327.16,-68.67,-1.587,1.46,515766.0
SPX,20210716,4367.43,4327.16,4375.09,4322.53,4360.03,-32.87,-0.7539,1.21,398570.0
SPX,20210715,4369.02,4360.03,4369.02,4340.7,4374.3,-14.27,-0.3262,0.65,390523.0
SPX,20210714,4380.11,4374.3,4393.68,4362.36,4369.21,5.09,0.1165,0.72,400637.0
SPX,20210713,4381.07,4369.21,4392.37,4366.92,4384.63,-15.42,-0.3517,0.58,369543.0
SPX,20210712,4372.41,4384.63,4386.68,4364.03,4369.55,15.08,0.3451,0.52,338446.0
SPX,20210709,4329.38,4369.55,4371.6,4329.38,4320.82,48.73,1.1278,0.98,353112.0
SPX,20210708,4321.07,4320.82,4330.88,4289.37,4358.13,-37.31,-0.8561,0.95,434750.0
SPX,20210707,4351.01,4358.13,4361.88,4329.79,4343.54,14.59,0.3359,0.74,403738.0
SPX,20210706,4356.46,4343.54,4356.46,4314.37,4352.34,-8.8,-0.2022,0.97,430957.0
SPX,20210702,4326.6,4352.34,4355.43,4326.6,4319.94,32.4,0.75,0.67,322584.0
SPX,20210701,4300.73,4319.94,4320.66,4300.73,4297.5,22.44,0.5222,0.46,378823.0
SPX,20210630,4290.65,4297.5,4302.43,4287.96,4291.8,5.7,0.1328,0.34,426604.0
SPX,20210629,4293.21,4291.8,4300.52,4287.04,4290.61,1.19,0.0277,0.31,370715.0
SPX,20210628,4284.9,4290.61,4292.14,4274.67,4280.7,9.91,0.2315,0.41,414789.0
SPX,20210625,4274.45,4280.7,4286.12,4271.16,4266.49,14.21,0.3331,0.35,734145.0
SPX,20210624,4256.97,4266.49,4271.28,4256.97,4241.84,24.65,0.5811,0.34,381666.0
SPX,20210623,4249.27,4241.84,4256.6,4241.43,4246.44,-4.6,-0.1083,0.36,373035.0
SPX,20210622,4224.61,4246.44,4255.84,4217.27,4224.79,21.65,0.5125,0.91,382839.0
SPX,20210621,4173.4,4224.79,4226.24,4173.4,4166.45,58.34,1.4002,1.27,412895.0
SPX,20210618,4204.78,4166.45,4204.78,4164.4,4221.86,-55.41,-1.3125,0.96,681701.0
SPX,20210617,4220.37,4221.86,4232.29,4196.05,4223.7,-1.84,-0.0436,0.86,531268.0
SPX,20210616,4248.87,4223.7,4251.89,4202.45,4246.59,-22.89,-0.539,1.16,453835.0
SPX,20210615,4255.28,4246.59,4257.16,4238.35,4255.15,-8.56,-0.2012,0.44,404894.0
SPX,20210614,4248.31,4255.15,4255.59,4234.07,4247.44,7.71,0.1815,0.51,415120.0
SPX,20210611,4242.9,4247.44,4248.38,4232.25,4239.18,8.26,0.1948,0.38,381501.0
SPX,20210610,4228.56,4239.18,4249.74,4220.34,4219.55,19.63,0.4652,0.7,440821.0
SPX,20210609,4232.99,4219.55,4237.09,4218.74,4227.26,-7.71,-0.1824,0.43,471326.0
SPX,20210608,4233.81,4227.26,4236.74,4208.41,4226.52,0.74,0.0175,0.67,465962.0
SPX,20210607,4229.34,4226.52,4232.34,4215.66,4229.89,-3.37,-0.0797,0.39,447692.0
SPX,20210604,4206.05,4229.89,4233.45,4206.05,4192.85,37.04,0.8834,0.65,413979.0
SPX,20210603,4191.43,4192.85,4204.39,4167.93,4208.12,-15.27,-0.3629,0.87,558797.0
SPX,20210602,4206.82,4208.12,4217.37,4198.27,4202.04,6.08,0.1447,0.45,583367.0
SPX,20210601,4216.52,4202.04,4234.12,4197.59,4204.11,-2.07,-0.0492,0.87,507467.0
SPX,20210528,4210.77,4204.11,4218.36,4203.57,4200.88,3.23,0.0769,0.35,464925.0
SPX,20210527,4201.94,4200.88,4213.38,4197.78,4195.99,4.89,0.1165,0.37,640631.0
SPX,20210526,4191.59,4195.99,4202.61,4184.11,4188.13,7.86,0.1877,0.44,442089.0
SPX,20210525,4205.94,4188.13,4213.42,4182.52,4197.05,-8.92,-0.2125,0.74,418225.0
SPX,20210524,4170.16,4197.05,4209.52,4170.16,4155.86,41.19,0.9911,0.95,368480.0
SPX,20210521,4168.61,4155.86,4188.72,4151.72,4159.12,-3.26,-0.0784,0.89,399525.0
SPX,20210520,4121.97,4159.12,4172.8,4121.97,4115.68,43.44,1.0555,1.24,397888.0
SPX,20210519,4098.45,4115.68,4116.93,4061.41,4127.83,-12.15,-0.2943,1.35,424745.0
SPX,20210518,4165.94,4127.83,4169.15,4125.99,4163.29,-35.46,-0.8517,1.04,439815.0
SPX,20210517,4169.92,4163.29,4171.92,4142.69,4173.85,-10.56,-0.253,0.7,412505.0
SPX,20210514,4129.58,4173.85,4183.13,4129.58,4112.5,61.35,1.4918,1.3,400888.0
SPX,20210513,4074.99,4112.5,4131.58,4074.99,4063.04,49.46,1.2173,1.39,477954.0
SPX,20210512,4130.55,4063.04,4134.73,4056.88,4152.1,-89.06,-2.1449,1.87,473307.0
SPX,20210511,4150.34,4152.1,4162.04,4111.53,4188.43,-36.33,-0.8674,1.21,487071.0
SPX,20210510,4228.29,4188.43,4236.39,4188.13,4232.6,-44.17,-1.0436,1.14,456070.0
SPX,20210507,4210.34,4232.6,4238.04,4201.64,4201.62,30.98,0.7373,0.87,401608.0
SPX,20210506,4169.14,4201.62,4202.7,4147.33,4167.59,34.03,0.8165,1.33,451100.0
SPX,20210505,4177.06,4167.59,4187.72,4160.94,4164.66,2.93,0.0704,0.64,423092.0
SPX,20210504,4179.04,4164.66,4179.04,4128.59,4192.66,-28.0,-0.6678,1.2,445246.0
SPX,20210503,4191.98,4192.66,4209.39,4188.03,4181.17,11.49,0.2748,0.51,407022.0
SPX,20210430,4198.1,4181.17,4198.1,4174.85,4211.47,-30.3,-0.7195,0.55,430088.0
SPX,20210429,4206.14,4211.47,4218.78,4176.81,4183.18,28.29,0.6763,1.0,429868.0
SPX,20210428,4185.14,4183.18,4201.53,4181.78,4186.72,-3.54,-0.0846,0.47,378736.0
SPX,20210427,4188.25,4186.72,4193.35,4176.22,4187.62,-0.9,-0.0215,0.41,371070.0
SPX,20210426,4185.03,4187.62,4194.19,4182.36,4180.17,7.45,0.1782,0.28,374832.0
SPX,20210423,4138.78,4180.17,4194.17,4138.78,4134.98,45.19,1.0929,1.34,356988.0
SPX,20210422,4170.46,4134.98,4179.57,4123.69,4173.42,-38.44,-0.9211,1.34,424514.0
SPX,20210421,4128.42,4173.42,4175.02,4126.35,4134.94,38.48,0.9306,1.18,388725.0
SPX,20210420,4159.18,4134.94,4159.18,4118.38,4163.26,-28.32,-0.6802,0.98,434265.0
SPX,20210419,4179.8,4163.26,4180.81,4150.47,4185.47,-22.21,-0.5306,0.72,381029.0
SPX,20210416,4174.14,4185.47,4191.31,4170.75,4170.42,15.05,0.3609,0.49,416382.0
SPX,20210415,4139.76,4170.42,4173.49,4139.76,4124.66,45.76,1.1094,0.82,403342.0
SPX,20210414,4141.58,4124.66,4151.69,4120.87,4141.59,-16.93,-0.4088,0.74,398535.0
SPX,20210413,4130.1,4141.59,4148.0,4124.43,4127.99,13.6,0.3295,0.57,373472.0
SPX,20210412,4124.71,4127.99,4131.76,4114.82,4128.8,-0.81,-0.0196,0.41,358890.0
SPX,20210409,4096.11,4128.8,4129.48,4095.51,4097.17,31.63,0.772,0.83,364039.0
SPX,20210408,4089.95,4097.17,4098.19,4082.54,4079.95,17.22,0.4221,0.38,390710.0
SPX,20210407,4074.29,4079.95,4083.13,4068.31,4073.94,6.01,0.1475,0.36,412081.0
SPX,20210406,4075.57,4073.94,4086.23,4068.14,4077.91,-3.97,-0.0974,0.44,408127.0
SPX,20210405,4034.44,4077.91,4083.42,4034.44,4019.87,58.04,1.4438,1.22,400503.0
SPX,20210401,3992.78,4019.87,4020.63,3992.78,3972.89,46.98,1.1825,0.7,416213.0
SPX,20210331,3967.25,3972.89,3994.41,3966.98,3958.55,14.34,0.3623,0.69,457805.0
SPX,20210330,3963.34,3958.55,3968.01,3944.35,3971.09,-12.54,-0.3158,0.6,412151.0
SPX,20210329,3969.31,3971.09,3981.83,3943.25,3974.54,-3.45,-0.0868,0.97,462818.0
SPX,20210326,3917.12,3974.54,3978.19,3917.12,3909.52,65.02,1.6631,1.56,548316.0
SPX,20210325,3879.34,3909.52,3919.54,3853.5,3889.14,20.38,0.524,1.7,494834.0
SPX,20210324,3919.93,3889.14,3942.08,3889.07,3910.52,-21.38,-0.5467,1.36,478302.0
SPX,20210323,3937.6,3910.52,3949.13,3901.57,3940.59,-30.07,-0.7631,1.21,466901.0
SPX,20210322,3916.48,3940.59,3955.31,3914.16,3913.1,27.49,0.7025,1.05,431626.0
SPX,20210319,3913.14,3913.1,3930.12,3886.75,3915.46,-2.36,-0.0603,1.11,775742.0
SPX,20210318,3953.5,3915.46,3969.62,3910.86,3974.12,-58.66,-1.4761,1.48,511859.0
SPX,20210317,3949.57,3974.12,3983.87,3935.74,3962.71,11.41,0.2879,1.21,456166.0
SPX,20210316,3973.59,3962.71,3981.04,3953.44,3968.94,-6.23,-0.157,0.7,461308.0
SPX,20210315,3942.96,3968.94,3970.08,3923.54,3943.34,25.6,0.6492,1.18,490010.0
SPX,20210312,3924.52,3943.34,3944.99,3915.21,3939.34,4.0,0.1015,0.76,447628.0
SPX,20210311,3915.54,3939.34,3960.27,3915.54,3898.81,40.53,1.0395,1.15,531288.0
SPX,20210310,3891.99,3898.81,3917.35,3885.73,3875.44,23.37,0.603,0.82,584738.0
SPX,20210309,3851.93,3875.44,3903.76,3851.93,3821.35,54.09,1.4155,1.36,551356.0
SPX,20210308,3844.39,3821.35,3881.06,3819.25,3841.94,-20.59,-0.5359,1.61,587171.0
SPX,20210305,3793.58,3841.94,3851.69,3730.19,3768.47,73.47,1.9496,3.22,685107.0
SPX,20210304,3818.53,3768.47,3843.67,3723.34,3819.72,-51.25,-1.3417,3.15,719540.0
SPX,20210303,3863.99,3819.72,3874.47,3818.86,3870.29,-50.57,-1.3066,1.44,617366.0
SPX,20210302,3903.64,3870.29,3906.41,3868.57,3901.82,-31.53,-0.8081,0.97,553601.0
SPX,20210301,3842.51,3901.82,3914.5,3842.51,3811.15,90.67,2.3791,1.89,511482.0
SPX,20210226,3839.66,3811.15,3861.08,3789.54,3829.34,-18.19,-0.475,1.87,652607.0
SPX,20210225,3915.8,3829.34,3925.02,3814.04,3925.43,-96.09,-2.4479,2.83,654747.0
SPX,20210224,3873.71,3925.43,3928.65,3859.6,3881.37,44.06,1.1352,1.78,601279.0
SPX,20210223,3857.07,3881.37,3895.98,3805.59,3876.5,4.87,0.1256,2.33,629661.0
SPX,20210222,3885.55,3876.5,3902.92,3874.71,3906.71,-30.21,-0.7733,0.72,591710.0
SPX,20210219,3921.16,3906.71,3930.41,3903.07,3913.97,-7.26,-0.1855,0.7,484532.0
SPX,20210218,3915.86,3913.97,3921.98,3885.03,3931.33,-17.36,-0.4416,0.94,479365.0
SPX,20210217,3918.5,3931.33,3933.61,3900.43,3932.59,-1.26,-0.032,0.84,473065.0
SPX,20210216,3939.61,3932.59,3950.43,3923.85,3934.83,-2.24,-0.0569,0.68,505899.0
SPX,20210212,3911.65,3934.83,3937.23,3905.78,3916.38,18.45,0.4711,0.8,413506.0
SPX,20210211,3916.4,3916.38,3925.99,3890.39,3909.88,6.5,0.1662,0.91,459096.0
SPX,20210210,3920.78,3909.88,3931.5,3884.94,3911.23,-1.35,-0.0345,1.19,483707.0
SPX,20210209,3910.49,3911.23,3918.35,3902.64,3915.59,-4.36,-0.1114,0.4,456832.0
SPX,20210208,3892.59,3915.59,3915.77,3892.59,3886.83,28.76,0.7399,0.6,464836.0
SPX,20210205,3878.3,3886.83,3894.56,3874.93,3871.74,15.09,0.3897,0.51,487947.0
SPX,20210204,3836.66,3871.74,3872.42,3836.66,3830.17,41.57,1.0853,0.93,487924.0
SPX,20210203,3840.27,3830.17,3847.51,3816.68,3826.31,3.86,0.1009,0.81,486487.0
SPX,20210202,3791.84,3826.31,3843.09,3791.84,3773.86,52.45,1.3898,1.36,551409.0
SPX,20210201,3731.17,3773.86,3784.32,3725.62,3714.24,59.62,1.6052,1.58,543623.0
SPX,20210129,3778.05,3714.24,3778.05,3694.12,3787.38,-73.14,-1.9312,2.22,664337.0
SPX,20210128,3755.75,3787.38,3830.5,3755.75,3750.77,36.61,0.9761,1.99,699277.0
SPX,20210127,3836.83,3750.77,3836.83,3732.48,3849.62,-98.85,-2.5678,2.71,997652.0
SPX,20210126,3862.96,3849.62,3870.9,3847.78,3855.36,-5.74,-0.1489,0.6,613750.0
SPX,20210125,3851.68,3855.36,3859.23,3797.16,3841.47,13.89,0.3616,1.62,700084.0
SPX,20210122,3844.24,3841.47,3852.31,3830.41,3853.07,-11.6,-0.3011,0.57,511089.0
SPX,20210121,3857.46,3853.07,3861.45,3845.05,3851.85,1.22,0.0317,0.43,450176.0
SPX,20210120,3816.22,3851.85,3859.75,3816.22,3798.91,52.94,1.3936,1.15,456619.0
SPX,20210119,3781.88,3798.91,3804.53,3780.37,3768.25,30.66,0.8136,0.64,501444.0
SPX,20210115,3788.73,3768.25,3788.73,3749.62,3795.54,-27.29,-0.719,1.03,536982.0
SPX,20210114,3814.98,3795.54,3823.6,3792.86,3809.84,-14.3,-0.3753,0.81,519848.0
SPX,20210113,3802.23,3809.84,3820.96,3791.5,3801.19,8.65,0.2276,0.78,460251.0
SPX,20210112,3801.62,3801.19,3810.78,3776.51,3799.61,1.58,0.0416,0.9,499495.0
SPX,20210111,3803.14,3799.61,3817.86,3789.02,3824.68,-25.07,-0.6555,0.75,446543.0
SPX,20210108,3815.05,3824.68,3826.69,3783.6,3803.79,20.89,0.5492,1.13,477304.0
SPX,20210107,3764.71,3803.79,3811.55,3764.71,3748.14,55.65,1.4847,1.25,509916.0
SPX,20210106,3712.2,3748.14,3783.04,3705.34,3726.86,21.28,0.571,2.08,606411.0
SPX,20210105,3698.02,3726.86,3737.83,3695.07,3700.65,26.21,0.7083,1.16,459102.0
SPX,20210104,3764.61,3700.65,3769.99,3662.71,3756.07,-55.42,-1.4755,2.86,501500.0
SPX,20201231,3733.27,3756.07,3760.2,3726.88,3732.04,24.03,0.6439,0.89,317904.0
SPX,20201230,3736.19,3732.04,3744.63,3730.21,3727.04,5.0,0.1342,0.39,315485.0
SPX,20201229,3750.01,3727.04,3756.12,3723.31,3735.36,-8.32,-0.2227,0.88,339329.0
SPX,20201228,3723.03,3735.36,3740.51,3723.03,3703.06,32.3,0.8723,0.47,353546.0
SPX,20201224,3694.03,3703.06,3703.82,3689.32,3690.01,13.05,0.3537,0.39,188378.0
SPX,20201223,3693.42,3690.01,3711.24,3689.28,3687.26,2.75,0.0746,0.6,377916.0
SPX,20201222,3698.08,3687.26,3698.26,3676.16,3694.92,-7.66,-0.2073,0.6,405331.0
SPX,20201221,3684.28,3694.92,3702.9,3636.48,3709.41,-14.49,-0.3906,1.79,474858.0
SPX,20201218,3722.39,3709.41,3726.7,3685.84,3722.48,-13.07,-0.3511,1.1,709710.0
SPX,20201217,3713.65,3722.48,3725.12,3710.87,3701.17,21.31,0.5758,0.39,419281.0
SPX,20201216,3696.25,3701.17,3711.27,3688.57,3694.62,6.55,0.1773,0.61,406704.0
SPX,20201215,3666.41,3694.62,3695.29,3659.62,3647.49,47.13,1.2921,0.98,438708.0
SPX,20201214,3675.27,3647.49,3697.61,3645.84,3663.46,-15.97,-0.4359,1.41,462385.0
SPX,20201211,3656.08,3663.46,3665.91,3633.4,3668.1,-4.64,-0.1265,0.89,437547.0
SPX,20201210,3659.13,3668.1,3678.49,3645.18,3672.82,-4.72,-0.1285,0.91,465848.0
SPX,20201209,3705.98,3672.82,3712.39,3660.54,3702.25,-29.43,-0.7949,1.4,523280.0
SPX,20201208,3683.05,3702.25,3708.45,3678.83,3691.96,10.29,0.2787,0.8,458439.0
SPX,20201207,3694.73,3691.96,3697.41,3678.88,3699.12,-7.16,-0.1936,0.5,480450.0
SPX,20201204,3670.94,3699.12,3699.2,3670.94,3666.72,32.4,0.8836,0.77,509962.0
SPX,20201203,3668.28,3666.72,3682.73,3657.17,3669.01,-2.29,-0.0624,0.7,506534.0
SPX,20201202,3653.78,3669.01,3670.96,3644.84,3662.45,6.56,0.1791,0.71,504125.0
SPX,20201201,3645.87,3662.45,3678.45,3645.87,3621.63,40.82,1.1271,0.9,541848.0
SPX,20201130,3634.18,3621.63,3634.18,3594.39,3638.35,-16.72,-0.4595,1.09,630841.0
SPX,20201127,3638.55,3638.35,3644.31,3629.33,3629.65,8.7,0.2397,0.41,277839.0
SPX,20201125,3635.5,3629.65,3635.5,3617.76,3635.41,-5.76,-0.1584,0.49,491044.0
SPX,20201124,3594.52,3635.41,3642.31,3594.52,3577.59,57.82,1.6162,1.34,628029.0
SPX,20201123,3566.82,3577.59,3589.81,3552.77,3557.54,20.05,0.5636,1.04,505755.0
SPX,20201120,3579.31,3557.54,3581.23,3556.85,3581.87,-24.33,-0.6793,0.68,423637.0
SPX,20201119,3559.41,3581.87,3585.22,3543.84,3567.79,14.08,0.3946,1.16,436337.0
SPX,20201118,3612.09,3567.79,3619.09,3567.33,3609.53,-41.74,-1.1564,1.43,528481.0
SPX,20201117,3610.31,3609.53,3623.11,3588.68,3626.91,-17.38,-0.4792,0.95,481218.0
SPX,20201116,3600.16,3626.91,3628.51,3600.16,3585.15,41.76,1.1648,0.79,529551.0
SPX,20201113,3552.57,3585.15,3593.66,3552.57,3537.01,48.14,1.361,1.16,471958.0
SPX,20201112,3562.67,3537.01,3569.02,3518.58,3572.66,-35.65,-0.9979,1.41,490966.0
SPX,20201111,3563.22,3572.66,3581.16,3557.0,3545.53,27.13,0.7652,0.68,463556.0
SPX,20201110,3543.26,3545.53,3557.22,3511.91,3550.5,-4.97,-0.14,1.28,603747.0
SPX,20201109,3583.04,3550.5,3645.99,3547.48,3509.44,41.06,1.17,2.81,857051.0
SPX,20201106,3508.34,3509.44,3521.58,3484.34,3510.45,-1.01,-0.0288,1.06,484246.0
SPX,20201105,3485.74,3510.45,3529.05,3485.74,3443.44,67.01,1.946,1.26,485815.0
SPX,20201104,3406.46,3443.44,3486.25,3405.17,3369.16,74.28,2.2047,2.41,479040.0
SPX,20201103,3336.25,3369.16,3389.49,3336.25,3310.24,58.92,1.7799,1.61,424138.0
SPX,20201102,3296.2,3310.24,3330.14,3279.74,3269.96,40.28,1.2318,1.54,431469.0
SPX,20201030,3293.59,3269.96,3304.93,3233.94,3310.11,-40.15,-1.213,2.14,484393.0
SPX,20201029,3277.17,3310.11,3341.05,3259.82,3271.03,39.08,1.1947,2.48,491186.0
SPX,20201028,3342.48,3271.03,3342.48,3268.89,3390.68,-119.65,-3.5288,2.17,513997.0
SPX,20201027,3403.15,3390.68,3409.51,3388.71,3400.97,-10.29,-0.3026,0.61,396240.0
SPX,20201026,3441.42,3400.97,3441.42,3364.86,3465.39,-64.42,-1.859,2.21,400221.0
SPX,20201023,3464.9,3465.39,3466.46,3440.45,3453.49,11.9,0.3446,0.75,365160.0
SPX,20201022,3438.5,3453.49,3460.53,3415.34,3435.56,17.93,0.5219,1.32,417206.0
SPX,20201021,3439.91,3435.56,3464.86,3433.06,3443.12,-7.56,-0.2196,0.92,410396.0
SPX,20201020,3439.38,3443.12,3476.93,3435.65,3426.92,16.2,0.4727,1.2,391785.0
SPX,20201019,3493.66,3426.92,3502.42,3419.93,3483.81,-56.89,-1.633,2.37,409108.0
SPX,20201016,3493.5,3483.81,3515.76,3480.45,3483.34,0.47,0.0135,1.01,468803.0
SPX,20201015,3453.72,3483.34,3489.08,3440.89,3488.67,-5.33,-0.1528,1.38,372455.0
SPX,20201014,3515.47,3488.67,3527.94,3480.55,3511.93,-23.26,-0.6623,1.35,385851.0
SPX,20201013,3534.01,3511.93,3534.01,3500.86,3534.22,-22.29,-0.6307,0.94,361110.0
SPX,20201012,3500.02,3534.22,3549.85,3499.61,3477.13,57.09,1.6419,1.44,343576.0
SPX,20201009,3459.67,3477.13,3482.34,3458.07,3446.83,30.3,0.8791,0.7,394409.0
SPX,20201008,3434.28,3446.83,3447.28,3428.15,3419.45,27.38,0.8007,0.56,386764.0
SPX,20201007,3384.56,3419.45,3426.26,3384.56,3360.95,58.5,1.7406,1.24,381475.0
SPX,20201006,3408.74,3360.95,3431.56,3354.54,3408.63,-47.68,-1.3988,2.26,445339.0
SPX,20201005,3367.27,3408.63,3409.57,3367.27,3348.44,60.19,1.7976,1.26,369272.0
SPX,20201002,3338.94,3348.44,3369.1,3323.69,3380.8,-32.36,-0.9572,1.34,397518.0
SPX,20201001,3385.87,3380.8,3397.18,3361.39,3363.0,17.8,0.5293,1.06,407634.0
SPX,20200930,3341.21,3363.0,3393.56,3340.47,3335.47,27.53,0.8254,1.59,473864.0
SPX,20200929,3350.92,3335.47,3357.92,3327.54,3351.6,-16.13,-0.4813,0.91,366159.0
SPX,20200928,3333.9,3351.6,3360.74,3332.91,3298.46,53.14,1.6111,0.84,395091.0
SPX,20200925,3236.66,3298.46,3306.88,3228.44,3246.59,51.87,1.5977,2.42,380333.0
SPX,20200924,3226.14,3246.59,3278.7,3209.45,3236.92,9.67,0.2987,2.14,460192.0
SPX,20200923,3320.11,3236.92,3323.35,3232.57,3315.57,-78.65,-2.3721,2.74,437865.0
SPX,20200922,3295.75,3315.57,3320.31,3270.95,3281.06,34.51,1.0518,1.5,397451.0
SPX,20200921,3285.57,3281.06,3285.57,3229.1,3319.47,-38.41,-1.1571,1.7,483607.0
SPX,20200918,3357.38,3319.47,3362.27,3292.4,3357.01,-37.54,-1.1183,2.08,707640.0
SPX,20200917,3346.86,3357.01,3375.17,3328.82,3385.49,-28.48,-0.8412,1.37,437984.0
SPX,20200916,3411.23,3385.49,3428.92,3384.45,3401.2,-15.71,-0.4619,1.31,471890.0
SPX,20200915,3407.73,3401.2,3419.48,3389.25,3383.54,17.66,0.5219,0.89,405719.0
SPX,20200914,3363.56,3383.54,3402.93,3363.56,3340.97,42.57,1.2742,1.18,383958.0
SPX,20200911,3352.7,3340.97,3368.95,3310.47,3339.19,1.78,0.0533,1.75,371009.0
SPX,20200910,3412.56,3339.19,3425.55,3329.25,3398.96,-59.77,-1.7585,2.83,420863.0
SPX,20200909,3369.82,3398.96,3424.77,3366.84,3331.84,67.12,2.0145,1.74,393252.0
SPX,20200908,3371.88,3331.84,3379.97,3329.27,3426.96,-95.12,-2.7756,1.48,469433.0
SPX,20200904,3453.6,3426.96,3479.15,3349.63,3455.06,-28.1,-0.8133,3.75,443872.0
SPX,20200903,3564.74,3455.06,3564.85,3427.41,3580.84,-125.78,-3.5126,3.84,491183.0
SPX,20200902,3543.76,3580.84,3588.11,3535.23,3526.65,54.19,1.5366,1.5,429564.0
SPX,20200901,3507.44,3526.65,3528.03,3494.6,3500.31,26.34,0.7525,0.96,410149.0
SPX,20200831,3509.73,3500.31,3514.77,3493.25,3508.01,-7.7,-0.2195,0.61,434828.0
SPX,20200828,3494.69,3508.01,3509.23,3484.32,3484.55,23.46,0.6733,0.71,386851.0
SPX,20200827,3485.14,3484.55,3501.38,3468.35,3478.73,5.82,0.1673,0.95,395589.0
SPX,20200826,3449.97,3478.73,3481.07,3444.15,3443.62,35.11,1.0196,1.07,378053.0
SPX,20200825,3435.95,3443.62,3444.21,3425.84,3431.28,12.34,0.3596,0.54,362765.0
SPX,20200824,3418.09,3431.28,3432.09,3413.13,3397.16,34.12,1.0044,0.56,374341.0
SPX,20200821,3386.01,3397.16,3399.96,3379.31,3385.51,11.65,0.3441,0.61,350501.0
SPX,20200820,3360.48,3385.51,3390.8,3354.69,3374.85,10.66,0.3159,1.07,343104.0
SPX,20200819,3392.51,3374.85,3399.54,3369.66,3389.78,-14.93,-0.4404,0.88,367948.0
SPX,20200818,3387.04,3389.78,3395.06,3370.15,3381.99,7.79,0.2303,0.74,366955.0
SPX,20200817,3380.86,3381.99,3387.59,3379.22,3372.85,9.14,0.271,0.25,346033.0
SPX,20200814,3368.66,3372.85,3378.51,3361.64,3373.43,-0.58,-0.0172,0.5,320006.0
SPX,20200813,3372.95,3373.43,3387.24,3363.35,3380.35,-6.92,-0.2047,0.71,343873.0
SPX,20200812,3355.46,3380.35,3387.89,3355.46,3333.69,46.66,1.3997,0.97,377225.0
SPX,20200811,3370.34,3333.69,3381.01,3326.44,3360.47,-26.78,-0.7969,1.62,488054.0
SPX,20200810,3356.04,3360.47,3363.29,3335.44,3351.28,9.19,0.2742,0.83,432792.0
SPX,20200807,3340.05,3351.28,3352.54,3328.72,3349.16,2.12,0.0633,0.71,411003.0
SPX,20200806,3323.17,3349.16,3351.03,3318.14,3327.77,21.39,0.6428,0.99,427893.0
SPX,20200805,3317.37,3327.77,3330.77,3317.37,3306.51,21.26,0.643,0.41,453506.0
SPX,20200804,3289.92,3306.51,3306.84,3286.37,3294.61,11.9,0.3612,0.62,441438.0
SPX,20200803,3288.26,3294.61,3302.73,3284.53,3271.12,23.49,0.7181,0.56,443894.0
SPX,20200731,3270.45,3271.12,3272.17,3220.26,3246.22,24.9,0.767,1.6,500753.0
SPX,20200730,3231.76,3246.22,3250.92,3204.13,3258.44,-12.22,-0.375,1.44,426492.0
SPX,20200729,3227.22,3258.44,3264.74,3227.22,3218.44,40.0,1.2428,1.17,447820.0
SPX,20200728,3234.27,3218.44,3243.72,3216.17,3239.41,-20.97,-0.6473,0.85,405318.0
SPX,20200727,3219.84,3239.41,3241.43,3214.25,3215.63,23.78,0.7395,0.85,397031.0
SPX,20200724,3218.58,3215.63,3227.26,3200.05,3235.66,-20.03,-0.619,0.84,368941.0
SPX,20200723,3271.64,3235.66,3279.99,3222.66,3276.02,-40.36,-1.232,1.75,429676.0
SPX,20200722,3254.86,3276.02,3279.32,3253.1,3257.3,18.72,0.5747,0.8,426716.0
SPX,20200721,3268.52,3257.3,3277.29,3247.77,3251.84,5.46,0.1679,0.91,455661.0
SPX,20200720,3224.29,3251.84,3258.61,3215.16,3224.73,27.11,0.8407,1.35,397934.0
SPX,20200717,3224.21,3224.73,3233.52,3205.65,3215.57,9.16,0.2849,0.87,401285.0
SPX,20200716,3208.36,3215.57,3220.39,3198.59,3226.56,-10.99,-0.3406,0.68,397286.0
SPX,20200715,3225.98,3226.56,3238.28,3200.76,3197.52,29.04,0.9082,1.17,468683.0
SPX,20200714,3141.11,3197.52,3200.95,3127.66,3155.22,42.3,1.3406,2.32,450714.0
SPX,20200713,3205.08,3155.22,3235.32,3149.43,3185.04,-29.82,-0.9363,2.7,490244.0
SPX,20200710,3152.47,3185.04,3186.82,3136.22,3152.05,32.99,1.0466,1.61,452419.0
SPX,20200709,3176.17,3152.05,3179.78,3115.7,3169.94,-17.89,-0.5644,2.02,484365.0
SPX,20200708,3153.07,3169.94,3171.8,3136.53,3145.32,24.62,0.7828,1.12,493731.0
SPX,20200707,3166.44,3145.32,3184.15,3142.93,3179.72,-34.4,-1.0819,1.3,457133.0
SPX,20200706,3155.29,3179.72,3182.59,3155.29,3130.01,49.71,1.5882,0.87,475916.0
SPX,20200702,3143.64,3130.01,3165.81,3124.52,3115.86,14.15,0.4541,1.33,419772.0
SPX,20200701,3105.92,3115.86,3128.44,3101.17,3100.29,15.57,0.5022,0.88,444923.0
SPX,20200630,3050.2,3100.29,3111.51,3047.83,3053.24,47.05,1.541,2.09,470585.0
SPX,20200629,3018.59,3053.24,3053.89,2999.74,3009.05,44.19,1.4686,1.8,447397.0
SPX,20200626,3073.2,3009.05,3073.73,3004.63,3083.76,-74.71,-2.4227,2.24,810785.0
SPX,20200625,3046.6,3083.76,3086.25,3024.01,3050.33,33.43,1.0959,2.04,484769.0
SPX,20200624,3114.4,3050.33,3115.01,3032.13,3131.29,-80.96,-2.5855,2.65,559768.0
SPX,20200623,3138.7,3131.29,3154.9,3127.12,3117.86,13.43,0.4307,0.89,471185.0
SPX,20200622,3094.42,3117.86,3120.92,3079.39,3097.74,20.12,0.6495,1.34,468669.0
SPX,20200619,3140.29,3097.74,3155.53,3083.11,3115.34,-17.6,-0.5649,2.32,834665.0
SPX,20200618,3101.64,3115.34,3120.0,3093.51,3113.49,1.85,0.0594,0.85,444869.0
SPX,20200617,3136.13,3113.49,3141.16,3108.03,3124.74,-11.25,-0.36,1.06,456045.0
SPX,20200616,3131.0,3124.74,3153.45,3076.06,3066.59,58.15,1.8962,2.52,584581.0
SPX,20200615,2993.76,3066.59,3079.76,2965.66,3041.31,25.28,0.8312,3.75,575748.0
SPX,20200612,3071.04,3041.31,3088.42,2984.47,3002.1,39.21,1.3061,3.46,584533.0
SPX,20200611,3123.53,3002.1,3123.53,2999.49,3190.14,-188.04,-5.8944,3.89,703732.0
SPX,20200610,3213.42,3190.14,3223.27,3181.49,3207.18,-17.04,-0.5313,1.3,659887.0
SPX,20200609,3213.32,3207.18,3222.71,3193.11,3232.39,-25.21,-0.7799,0.92,641093.0
SPX,20200608,3199.92,3232.39,3233.13,3196.0,3193.93,38.46,1.2042,1.16,849830.0
SPX,20200605,3163.84,3193.93,3211.72,3163.84,3112.35,81.58,2.6212,1.54,863930.0
SPX,20200604,3111.56,3112.35,3128.91,3090.41,3122.87,-10.52,-0.3369,1.23,645129.0
SPX,20200603,3098.9,3122.87,3130.94,3098.9,3080.82,42.05,1.3649,1.04,600556.0
SPX,20200602,3064.78,3080.82,3081.07,3051.64,3055.73,25.09,0.8211,0.96,519715.0
SPX,20200601,3038.78,3055.73,3062.18,3031.54,3044.31,11.42,0.3751,1.01,468417.0
SPX,20200529,3025.17,3044.31,3049.17,2998.61,3029.73,14.58,0.4812,1.67,729755.0
SPX,20200528,3046.61,3029.73,3068.67,3023.4,3036.13,-6.4,-0.2108,1.49,544702.0
SPX,20200527,3015.65,3036.13,3036.25,2969.75,2991.77,44.36,1.4827,2.22,639800.0
SPX,20200526,3004.08,2991.77,3021.72,2988.17,2955.45,36.32,1.2289,1.14,584850.0
SPX,20200522,2948.05,2955.45,2956.76,2933.59,2948.51,6.94,0.2354,0.79,397086.0
SPX,20200521,2969.95,2948.51,2978.5,2938.57,2971.61,-23.1,-0.7774,1.34,497662.0
SPX,20200520,2953.63,2971.61,2980.29,2953.63,2922.94,48.67,1.6651,0.91,500538.0
SPX,20200519,2948.59,2922.94,2964.21,2922.35,2953.91,-30.97,-1.0484,1.42,498433.0
SPX,20200518,2913.86,2953.91,2968.09,2913.86,2863.7,90.21,3.1501,1.89,637367.0
SPX,20200515,2829.95,2863.7,2865.01,2816.78,2852.5,11.2,0.3926,1.69,550770.0
SPX,20200514,2794.54,2852.5,2852.8,2766.64,2820.0,32.5,1.1525,3.06,565113.0
SPX,20200513,2865.86,2820.0,2874.14,2793.15,2870.12,-50.12,-1.7463,2.82,615165.0
SPX,20200512,2939.5,2870.12,2945.82,2869.59,2930.32,-60.2,-2.0544,2.6,511963.0
SPX,20200511,2915.46,2930.32,2944.25,2903.44,2929.8,0.52,0.0177,1.39,481973.0
SPX,20200508,2908.83,2929.8,2932.16,2902.88,2881.19,48.61,1.6872,1.02,487603.0
SPX,20200507,2878.26,2881.19,2901.92,2876.48,2848.42,32.77,1.1505,0.89,517879.0
SPX,20200506,2883.14,2848.42,2891.11,2847.65,2868.44,-20.02,-0.6979,1.52,489257.0
SPX,20200505,2868.88,2868.44,2898.23,2863.55,2842.74,25.7,0.9041,1.22,514029.0
SPX,20200504,2815.01,2842.74,2844.24,2797.85,2830.71,12.03,0.425,1.64,473593.0
SPX,20200501,2869.09,2830.71,2869.09,2821.61,2912.43,-81.72,-2.8059,1.63,475981.0
SPX,20200430,2930.91,2912.43,2930.91,2892.47,2939.51,-27.08,-0.9212,1.31,654498.0
SPX,20200429,2918.46,2939.51,2954.86,2912.16,2863.39,76.12,2.6584,1.49,664564.0
SPX,20200428,2909.96,2863.39,2921.15,2860.71,2878.48,-15.09,-0.5242,2.1,569116.0
SPX,20200427,2854.65,2878.48,2887.72,2852.89,2836.74,41.74,1.4714,1.23,520393.0
SPX,20200424,2812.64,2836.74,2842.71,2791.76,2797.8,38.94,1.3918,1.82,538281.0
SPX,20200423,2810.42,2797.8,2844.9,2794.26,2799.31,-1.51,-0.0539,1.81,577353.0
SPX,20200422,2787.89,2799.31,2815.1,2775.95,2736.56,62.75,2.293,1.43,508492.0
SPX,20200421,2784.81,2736.56,2785.54,2727.1,2823.16,-86.6,-3.0675,2.07,512101.0
SPX,20200420,2845.62,2823.16,2868.98,2820.43,2874.56,-51.4,-1.7881,1.69,522863.0
SPX,20200417,2842.43,2874.56,2879.22,2830.88,2799.55,75.01,2.6794,1.73,580481.0
SPX,20200416,2799.34,2799.55,2806.51,2764.32,2783.36,16.19,0.5817,1.52,522881.0
SPX,20200415,2795.64,2783.36,2801.88,2761.54,2846.06,-62.7,-2.203,1.42,520800.0
SPX,20200414,2805.1,2846.06,2851.85,2805.1,2761.63,84.43,3.0573,1.69,561573.0
SPX,20200413,2782.46,2761.63,2782.46,2721.17,2789.82,-28.19,-1.0105,2.2,531953.0
SPX,20200409,2776.99,2789.82,2818.57,2762.36,2749.98,39.84,1.4487,2.04,789955.0
SPX,20200408,2685.0,2749.98,2760.75,2663.3,2659.41,90.57,3.4056,3.66,587571.0
SPX,20200407,2738.65,2659.41,2756.89,2657.67,2663.68,-4.27,-0.1603,3.72,705041.0
SPX,20200406,2578.28,2663.68,2676.85,2574.57,2488.65,175.03,7.0331,4.11,640384.0
SPX,20200403,2514.92,2488.65,2538.18,2459.96,2526.9,-38.25,-1.5137,3.1,609697.0
SPX,20200402,2458.54,2526.9,2533.22,2455.79,2470.5,56.4,2.2829,3.13,646419.0
SPX,20200401,2498.08,2470.5,2522.75,2447.49,2584.59,-114.09,-4.4142,2.91,596400.0
SPX,20200331,2614.69,2584.59,2641.39,2571.15,2626.65,-42.06,-1.6013,2.67,657621.0
SPX,20200330,2558.98,2626.65,2631.8,2545.28,2541.47,85.18,3.3516,3.4,575112.0
SPX,20200327,2555.87,2541.47,2615.91,2520.02,2630.07,-88.6,-3.3687,3.65,620167.0
SPX,20200326,2501.29,2630.07,2637.01,2500.72,2475.56,154.51,6.2414,5.51,776699.0
SPX,20200325,2457.77,2475.56,2571.42,2407.53,2447.33,28.23,1.1535,6.7,830001.0
SPX,20200324,2344.44,2447.33,2449.71,2344.44,2237.4,209.93,9.3828,4.71,756315.0
SPX,20200323,2290.71,2237.4,2300.73,2191.86,2304.92,-67.52,-2.9294,4.72,741138.0
SPX,20200320,2431.94,2304.92,2453.01,2295.56,2409.39,-104.47,-4.336,6.53,905395.0
SPX,20200319,2393.48,2409.39,2466.97,2319.78,2398.1,11.29,0.4708,6.14,795610.0
SPX,20200318,2436.5,2398.1,2453.57,2280.52,2529.19,-131.09,-5.1831,6.84,879930.0
SPX,20200317,2425.66,2529.19,2553.93,2367.04,2386.13,143.06,5.9955,7.83,837025.0
SPX,20200316,2508.59,2386.13,2562.98,2380.94,2711.02,-324.89,-11.9841,6.71,780545.0
SPX,20200313,2569.99,2711.02,2711.33,2492.37,2480.64,230.38,9.2871,8.83,829907.0
SPX,20200312,2630.86,2480.64,2660.95,2478.86,2741.38,-260.74,-9.5113,6.64,885081.0
SPX,20200311,2825.6,2741.38,2825.6,2707.22,2882.23,-140.85,-4.8868,4.11,743120.0
SPX,20200310,2813.48,2882.23,2882.59,2734.0,2746.56,135.67,4.9396,5.41,764204.0
SPX,20200309,2863.89,2746.56,2863.89,2734.43,2972.37,-225.81,-7.597,4.36,844129.0
SPX,20200306,2954.2,2972.37,2985.93,2901.54,3023.94,-51.57,-1.7054,2.79,655524.0
SPX,20200305,3075.7,3023.94,3083.04,2999.83,3130.12,-106.18,-3.3922,2.66,557929.0
SPX,20200304,3045.75,3130.12,3130.97,3034.38,3003.37,126.75,4.2203,3.22,507302.0
SPX,20200303,3096.46,3003.37,3136.72,2976.63,3090.23,-86.86,-2.8108,5.18,637651.0
SPX,20200302,2974.28,3090.23,3090.96,2945.19,2954.22,136.01,4.6039,4.93,638133.0
SPX,20200228,2916.9,2954.22,2959.72,2855.84,2978.76,-24.54,-0.8238,3.49,856957.0
SPX,20200227,3062.54,2978.76,3097.07,2977.39,3116.39,-137.63,-4.4163,3.84,706471.0
SPX,20200226,3139.9,3116.39,3182.51,3108.99,3128.21,-11.82,-0.3779,2.35,548465.0
SPX,20200225,3238.94,3128.21,3246.99,3118.77,3225.89,-97.68,-3.028,3.97,559676.0
SPX,20200224,3257.61,3225.89,3259.81,3214.65,3337.75,-111.86,-3.3514,1.35,485116.0
SPX,20200221,3360.5,3337.75,3360.76,3328.45,3373.23,-35.48,-1.0518,0.96,390878.0
SPX,20200220,3380.45,3373.23,3389.15,3341.02,3386.15,-12.92,-0.3816,1.42,401918.0
SPX,20200219,3380.39,3386.15,3393.52,3378.83,3370.29,15.86,0.4706,0.44,361420.0
SPX,20200218,3369.04,3370.29,3375.01,3355.61,3380.16,-9.87,-0.292,0.57,375040.0
SPX,20200214,3378.08,3380.16,3380.69,3366.15,3373.94,6.22,0.1844,0.43,341970.0
SPX,20200213,3365.9,3373.94,3385.09,3360.52,3379.45,-5.51,-0.163,0.73,350089.0
SPX,20200212,3370.5,3379.45,3381.47,3369.72,3357.75,21.7,0.6463,0.35,393091.0
SPX,20200211,3365.87,3357.75,3375.63,3352.72,3352.09,5.66,0.1689,0.68,376294.0
SPX,20200210,3318.28,3352.09,3352.26,3317.77,3327.71,24.38,0.7326,1.04,346273.0
SPX,20200207,3335.54,3327.71,3341.42,3322.12,3345.78,-18.07,-0.5401,0.58,373392.0
SPX,20200206,3344.92,3345.78,3347.96,3334.39,3334.69,11.09,0.3326,0.41,388725.0
SPX,20200205,3324.91,3334.69,3337.58,3313.75,3297.59,37.1,1.1251,0.72,412148.0
SPX,20200204,3280.61,3297.59,3306.92,3280.61,3248.92,48.67,1.498,0.81,399690.0
SPX,20200203,3235.66,3248.92,3268.44,3235.66,3225.52,23.4,0.7255,1.02,376046.0
SPX,20200131,3282.33,3225.52,3282.33,3214.68,3283.66,-58.14,-1.7706,2.06,452970.0
SPX,20200130,3256.45,3283.66,3285.91,3242.8,3273.4,10.26,0.3134,1.32,379035.0
SPX,20200129,3289.46,3273.4,3293.47,3271.89,3276.24,-2.84,-0.0867,0.66,360025.0
SPX,20200128,3255.35,3276.24,3285.78,3253.22,3243.63,32.61,1.0054,1.0,353157.0
SPX,20200127,3247.16,3243.63,3258.85,3234.5,3295.47,-51.84,-1.5731,0.74,383105.0
SPX,20200124,3333.1,3295.47,3333.18,3281.53,3325.54,-30.07,-0.9042,1.55,370878.0
SPX,20200123,3315.77,3325.54,3326.88,3301.87,3321.75,3.79,0.1141,0.75,376671.0
SPX,20200122,3330.02,3321.75,3337.77,3320.04,3320.79,0.96,0.0289,0.53,362378.0
SPX,20200121,3321.03,3320.79,3329.79,3316.61,3329.62,-8.83,-0.2652,0.4,410484.0
SPX,20200117,3323.66,3329.62,3329.88,3318.86,3316.81,12.81,0.3862,0.33,372622.0
SPX,20200116,3302.97,3316.81,3317.11,3302.82,3289.29,27.52,0.8367,0.43,354058.0
SPX,20200115,3282.27,3289.29,3298.66,3280.69,3283.15,6.14,0.187,0.55,372149.0
SPX,20200114,3285.35,3283.15,3294.25,3277.19,3288.13,-4.98,-0.1515,0.52,368762.0
SPX,20200113,3271.13,3288.13,3288.13,3268.43,3265.35,22.78,0.6976,0.6,345939.0
SPX,20200110,3281.81,3265.35,3282.99,3260.86,3274.7,-9.35,-0.2855,0.68,321458.0
SPX,20200109,3266.03,3274.7,3275.58,3263.67,3253.05,21.65,0.6655,0.37,364123.0
SPX,20200108,3238.59,3253.05,3267.07,3236.67,3237.18,15.87,0.4902,0.94,372684.0
SPX,20200107,3241.86,3237.18,3244.91,3232.43,3246.28,-9.1,-0.2803,0.38,343591.0
SPX,20200106,3217.55,3246.28,3246.84,3214.64,3234.85,11.43,0.3533,1.0,370246.0
SPX,20200103,3226.36,3234.85,3246.15,3222.34,3257.85,-23.0,-0.706,0.73,348470.0
SPX,20200102,3244.67,3257.85,3258.14,3235.53,3230.78,27.07,0.8379,0.7,345993.0
SPX,20191231,3215.18,3230.78,3231.72,3212.03,3221.29,9.49,0.2946,0.61,289476.0
SPX,20191230,3240.09,3221.29,3240.92,3216.57,3240.02,-18.73,-0.5781,0.75,302172.0
SPX,20191227,3247.23,3240.02,3247.93,3234.37,3239.91,0.11,0.0034,0.42,242915.0
SPX,20191226,3227.2,3239.91,3240.08,3227.2,3223.38,16.53,0.5128,0.4,216454.0
SPX,20191224,3225.45,3223.38,3226.43,3220.51,3224.01,-0.63,-0.0195,0.18,129653.0
SPX,20191223,3226.05,3224.01,3227.78,3222.3,3221.22,2.79,0.0866,0.17,306453.0
SPX,20191220,3223.33,3221.22,3225.65,3216.03,3205.37,15.85,0.4945,0.3,645748.0
SPX,20191219,3192.32,3205.37,3205.48,3192.32,3191.14,14.23,0.4459,0.41,378436.0
SPX,20191218,3195.21,3191.14,3198.48,3191.14,3192.52,-1.38,-0.0432,0.23,402995.0
SPX,20191217,3195.4,3192.52,3198.22,3191.03,3191.45,1.07,0.0335,0.23,384294.0
SPX,20191216,3183.63,3191.45,3197.71,3183.63,3168.8,22.65,0.7148,0.44,407020.0
SPX,20191213,3166.65,3168.8,3182.68,3156.51,3168.57,0.23,0.0073,0.83,375765.0
SPX,20191212,3141.23,3168.57,3176.28,3138.47,3141.63,26.94,0.8575,1.2,400320.0
SPX,20191211,3135.75,3141.63,3143.98,3133.21,3132.52,9.11,0.2908,0.34,325765.0
SPX,20191210,3135.36,3132.52,3142.12,3126.09,3135.96,-3.44,-0.1097,0.51,334631.0
SPX,20191209,3141.86,3135.96,3148.87,3135.46,3145.91,-9.95,-0.3163,0.43,340047.0
SPX,20191206,3134.62,3145.91,3150.6,3134.62,3117.43,28.48,0.9136,0.51,348331.0
SPX,20191205,3119.21,3117.43,3119.45,3103.76,3112.76,4.67,0.15,0.5,336048.0
SPX,20191204,3103.5,3112.76,3119.38,3102.53,3093.2,19.56,0.6324,0.54,370298.0
SPX,20191203,3087.41,3093.2,3094.97,3070.33,3113.87,-20.67,-0.6638,0.79,367158.0
SPX,20191202,3143.85,3113.87,3144.31,3110.78,3140.98,-27.11,-0.8631,1.07,328575.0
SPX,20191129,3147.18,3140.98,3150.3,3139.34,3153.63,-12.65,-0.4011,0.35,174342.0
SPX,20191127,3145.49,3153.63,3154.26,3143.41,3140.52,13.11,0.4174,0.35,303547.0
SPX,20191126,3134.85,3140.52,3142.69,3131.0,3133.64,6.88,0.2196,0.37,460045.0
SPX,20191125,3117.44,3133.64,3133.83,3117.44,3110.29,23.35,0.7507,0.53,351431.0
SPX,20191122,3111.41,3110.29,3112.87,3099.26,3103.54,6.75,0.2175,0.44,323527.0
SPX,20191121,3108.49,3103.54,3110.11,3094.55,3108.46,-4.92,-0.1583,0.5,374401.0
SPX,20191120,3114.66,3108.46,3118.97,3091.41,3120.18,-11.72,-0.3756,0.88,404101.0
SPX,20191119,3127.45,3120.18,3127.64,3113.47,3122.03,-1.85,-0.0593,0.45,361367.0
SPX,20191118,3117.91,3122.03,3124.17,3112.06,3120.46,1.57,0.0503,0.39,344014.0
SPX,20191115,3107.92,3120.46,3120.46,3104.6,3096.63,23.83,0.7695,0.51,335980.0
SPX,20191114,3090.75,3096.63,3098.2,3083.26,3094.04,2.59,0.0837,0.48,328209.0
SPX,20191113,3084.18,3094.04,3098.06,3078.8,3091.84,2.2,0.0712,0.62,351372.0
SPX,20191112,3089.28,3091.84,3102.61,3084.73,3087.01,4.83,0.1565,0.58,349556.0
SPX,20191111,3080.33,3087.01,3088.33,3075.82,3093.08,-6.07,-0.1962,0.4,304112.0
SPX,20191108,3081.25,3093.08,3093.09,3073.58,3085.18,7.9,0.2561,0.63,350816.0
SPX,20191107,3087.02,3085.18,3097.77,3080.23,3076.78,8.4,0.273,0.57,415199.0
SPX,20191106,3075.1,3076.78,3078.34,3065.89,3074.62,2.16,0.0703,0.4,446551.0
SPX,20191105,3080.8,3074.62,3083.95,3072.15,3078.27,-3.65,-0.1186,0.38,449059.0
SPX,20191104,3078.96,3078.27,3085.2,3074.87,3066.91,11.36,0.3704,0.34,417804.0
SPX,20191101,3050.72,3066.91,3066.95,3050.72,3037.56,29.35,0.9662,0.53,395629.0
SPX,20191031,3046.9,3037.56,3046.9,3023.19,3046.77,-9.21,-0.3023,0.78,414931.0
SPX,20191030,3039.74,3046.77,3050.1,3025.96,3036.89,9.88,0.3253,0.79,377966.0
SPX,20191029,3035.39,3036.89,3047.87,3034.81,3039.42,-2.53,-0.0832,0.43,359443.0
SPX,20191028,3032.12,3039.42,3044.08,3032.12,3022.55,16.87,0.5581,0.4,352497.0
SPX,20191025,3003.32,3022.55,3027.39,3001.94,3010.29,12.26,0.4073,0.85,337906.0
SPX,20191024,3014.78,3010.29,3016.07,3000.42,3004.52,5.77,0.192,0.52,369651.0
SPX,20191023,2994.01,3004.52,3004.78,2991.21,2995.99,8.53,0.2847,0.45,341360.0
SPX,20191022,3010.73,2995.99,3014.57,2995.04,3006.72,-10.73,-0.3569,0.65,352754.0
SPX,20191021,2996.48,3006.72,3007.33,2995.35,2986.2,20.52,0.6872,0.4,327196.0
SPX,20191018,2996.84,2986.2,3000.0,2976.31,2997.95,-11.75,-0.3919,0.79,326897.0
SPX,20191017,3000.77,2997.95,3008.29,2991.79,2989.69,8.26,0.2763,0.55,310347.0
SPX,20191016,2989.68,2989.69,2997.54,2985.2,2995.68,-5.99,-0.2,0.41,323032.0
SPX,20191015,2973.61,2995.68,3003.28,2973.61,2966.15,29.53,0.9956,1.0,334509.0
SPX,20191014,2965.81,2966.15,2972.84,2962.94,2970.27,-4.12,-0.1387,0.33,255927.0
SPX,20191011,2963.07,2970.27,2993.28,2963.07,2938.13,32.14,1.0939,1.03,358132.0
SPX,20191010,2918.55,2938.13,2948.46,2917.12,2919.4,18.73,0.6416,1.07,323440.0
SPX,20191009,2911.1,2919.4,2929.32,2907.41,2893.06,26.34,0.9105,0.76,273535.0
SPX,20191008,2920.4,2893.06,2925.47,2892.66,2938.79,-45.73,-1.5561,1.12,337070.0
SPX,20191007,2944.23,2938.79,2959.75,2935.68,2952.01,-13.22,-0.4478,0.82,295905.0
SPX,20191004,2918.56,2952.01,2953.74,2918.56,2910.63,41.38,1.4217,1.21,300560.0
SPX,20191003,2885.38,2910.63,2911.13,2855.94,2887.61,23.02,0.7972,1.91,351513.0
SPX,20191002,2924.78,2887.61,2924.78,2874.93,2940.25,-52.64,-1.7903,1.7,391418.0
SPX,20191001,2983.69,2940.25,2992.53,2938.7,2976.74,-36.49,-1.2258,1.81,356075.0
SPX,20190930,2967.07,2976.74,2983.85,2967.07,2961.79,14.95,0.5048,0.57,324913.0
SPX,20190927,2985.47,2961.79,2987.31,2945.53,2977.62,-15.83,-0.5316,1.4,324648.0
SPX,20190926,2985.73,2977.62,2987.28,2963.71,2984.87,-7.25,-0.2429,0.79,308491.0
SPX,20190925,2968.35,2984.87,2989.82,2952.86,2966.6,18.27,0.6159,1.25,333120.0
SPX,20190924,3002.43,2966.6,3007.98,2957.73,2991.78,-25.18,-0.8416,1.68,387280.0
SPX,20190923,2983.5,2991.78,2999.15,2982.23,2992.07,-0.29,-0.0097,0.57,318725.0
SPX,20190920,3008.42,2992.07,3016.37,2984.68,3006.79,-14.72,-0.4896,1.05,610344.0
SPX,20190919,3010.36,3006.79,3021.99,3003.16,3006.73,0.06,0.002,0.63,326566.0
SPX,20190918,3001.5,3006.73,3007.83,2978.57,3005.7,1.03,0.0343,0.97,345880.0
SPX,20190917,2995.67,3005.7,3006.21,2993.73,2997.96,7.74,0.2582,0.42,367325.0
SPX,20190916,2996.41,2997.96,3002.19,2990.67,3007.39,-9.43,-0.3136,0.38,428586.0
SPX,20190913,3012.21,3007.39,3017.33,3002.9,3009.57,-2.18,-0.0724,0.48,355701.0
SPX,20190912,3009.08,3009.57,3020.74,3000.92,3000.93,8.64,0.2879,0.66,379699.0
SPX,20190911,2981.41,3000.93,3000.93,2975.31,2979.39,21.54,0.723,0.86,393437.0
SPX,20190910,2971.01,2979.39,2979.39,2957.01,2978.43,0.96,0.0322,0.75,439304.0
SPX,20190909,2988.43,2978.43,2989.43,2969.39,2978.71,-0.28,-0.0094,0.67,403112.0
SPX,20190906,2980.33,2978.71,2985.03,2972.51,2976.0,2.71,0.0911,0.42,320934.0
SPX,20190905,2960.6,2976.0,2985.86,2960.6,2937.78,38.22,1.301,0.86,390260.0
SPX,20190904,2924.67,2937.78,2938.84,2921.86,2906.27,31.51,1.0842,0.58,316790.0
SPX,20190903,2909.01,2906.27,2914.39,2891.85,2926.46,-20.19,-0.6899,0.77,342783.0
SPX,20190830,2937.09,2926.46,2940.43,2913.32,2924.58,1.88,0.0643,0.93,300991.0
SPX,20190829,2910.37,2924.58,2930.5,2905.67,2887.94,36.64,1.2687,0.86,317715.0
SPX,20190828,2861.28,2887.94,2890.03,2853.05,2869.16,18.78,0.6545,1.29,310248.0
SPX,20190827,2893.14,2869.16,2898.79,2860.59,2878.38,-9.22,-0.3203,1.33,353749.0
SPX,20190826,2866.7,2878.38,2879.27,2856.0,2847.11,31.27,1.0983,0.82,285979.0
SPX,20190823,2911.07,2847.11,2927.01,2834.97,2922.95,-75.84,-2.5946,3.15,394252.0
SPX,20190822,2930.94,2922.95,2939.08,2904.51,2924.43,-1.48,-0.0506,1.18,289366.0
SPX,20190821,2922.04,2924.43,2928.73,2917.91,2900.51,23.92,0.8247,0.37,301654.0
SPX,20190820,2919.01,2900.51,2923.63,2899.6,2923.65,-23.14,-0.7915,0.82,306771.0
SPX,20190819,2913.48,2923.65,2931.0,2913.48,2888.68,34.97,1.2106,0.61,322105.0
SPX,20190816,2864.74,2888.68,2893.63,2864.74,2847.6,41.08,1.4426,1.01,352408.0
SPX,20190815,2846.2,2847.6,2856.67,2825.51,2840.6,7.0,0.2464,1.1,404172.0
SPX,20190814,2894.15,2840.6,2894.15,2839.64,2926.32,-85.72,-2.9293,1.86,432515.0
SPX,20190813,2880.72,2926.32,2943.31,2877.05,2883.75,42.57,1.4762,2.3,385719.0
SPX,20190812,2907.07,2883.75,2907.58,2873.14,2918.65,-34.9,-1.1958,1.18,332857.0
SPX,20190809,2930.51,2918.65,2935.75,2900.15,2938.09,-19.44,-0.6617,1.21,335685.0
SPX,20190808,2896.21,2938.09,2938.72,2894.47,2883.98,54.11,1.8762,1.53,411853.0
SPX,20190807,2858.65,2883.98,2892.17,2825.71,2881.77,2.21,0.0767,2.31,451272.0
SPX,20190806,2861.18,2881.77,2884.4,2847.42,2844.74,37.03,1.3017,1.3,415664.0
SPX,20190805,2898.07,2844.74,2898.07,2822.12,2932.05,-87.31,-2.9778,2.59,454285.0
SPX,20190802,2943.9,2932.05,2945.5,2914.11,2953.56,-21.51,-0.7283,1.06,388281.0
SPX,20190801,2980.32,2953.56,3013.59,2945.23,2980.38,-26.82,-0.8999,2.29,479381.0
SPX,20190731,3016.22,2980.38,3017.4,2958.08,3013.18,-32.8,-1.0886,1.97,462633.0
SPX,20190730,3007.66,3013.18,3017.19,3000.94,3020.97,-7.79,-0.2579,0.54,363277.0
SPX,20190729,3024.47,3020.97,3025.61,3014.3,3025.86,-4.89,-0.1616,0.37,322449.0
SPX,20190726,3013.25,3025.86,3027.98,3012.59,3003.67,22.19,0.7388,0.51,326017.0
SPX,20190725,3016.26,3003.67,3016.31,2997.24,3019.56,-15.89,-0.5262,0.63,365705.0
SPX,20190724,2998.77,3019.56,3019.59,2996.82,3005.47,14.09,0.4688,0.76,343322.0
SPX,20190723,2994.74,3005.47,3005.9,2988.56,2985.03,20.44,0.6848,0.58,333381.0
SPX,20190722,2981.93,2985.03,2990.71,2976.65,2976.61,8.42,0.2829,0.47,301620.0
SPX,20190719,3004.26,2976.61,3006.02,2975.86,2995.11,-18.5,-0.6177,1.01,328589.0
SPX,20190718,2978.87,2995.11,2998.28,2973.09,2984.42,10.69,0.3582,0.84,336982.0
SPX,20190717,3005.1,2984.42,3005.26,2984.25,3004.04,-19.62,-0.6531,0.7,318565.0
SPX,20190716,3012.13,3004.04,3015.02,3001.15,3014.3,-10.26,-0.3404,0.46,329703.0
SPX,20190715,3017.8,3014.3,3017.8,3008.77,3013.77,0.53,0.0176,0.3,287610.0
SPX,20190712,3003.36,3013.77,3013.92,3001.87,2999.91,13.86,0.462,0.4,298414.0
SPX,20190711,2999.62,2999.91,3002.33,2988.8,2993.07,6.84,0.2285,0.45,315571.0
SPX,20190710,2989.3,2993.07,3002.98,2984.62,2979.63,13.44,0.4511,0.62,315780.0
SPX,20190709,2965.52,2979.63,2981.9,2963.44,2975.95,3.68,0.1237,0.62,303333.0
SPX,20190708,2979.77,2975.95,2980.76,2970.09,2990.41,-14.46,-0.4835,0.36,292236.0
SPX,20190705,2984.25,2990.41,2994.03,2967.97,2995.82,-5.41,-0.1806,0.87,243468.0
SPX,20190703,2978.08,2995.82,2995.84,2977.96,2973.01,22.81,0.7672,0.6,196357.0
SPX,20190702,2964.66,2973.01,2973.21,2955.92,2964.33,8.68,0.2928,0.58,322449.0
SPX,20190701,2971.41,2964.33,2977.93,2952.22,2941.76,22.57,0.7672,0.87,352486.0
SPX,20190628,2932.94,2941.76,2943.98,2929.05,2924.92,16.84,0.5757,0.51,542265.0
SPX,20190627,2919.66,2924.92,2929.3,2918.57,2913.78,11.14,0.3823,0.37,316250.0
SPX,20190626,2926.07,2913.78,2932.59,2912.99,2917.38,-3.6,-0.1234,0.67,351135.0
SPX,20190625,2945.78,2917.38,2946.52,2916.01,2945.35,-27.97,-0.9496,1.04,357943.0
SPX,20190624,2951.42,2945.35,2954.92,2944.05,2950.46,-5.11,-0.1732,0.37,313696.0
SPX,20190621,2952.71,2950.46,2964.15,2946.87,2954.18,-3.72,-0.1259,0.58,500354.0
SPX,20190620,2949.6,2954.18,2958.06,2931.5,2926.46,27.72,0.9472,0.91,394306.0
SPX,20190619,2920.55,2926.46,2931.74,2911.43,2917.75,8.71,0.2985,0.7,330022.0
SPX,20190618,2906.71,2917.75,2930.79,2905.44,2889.67,28.08,0.9717,0.88,344154.0
SPX,20190617,2889.75,2889.67,2897.27,2887.3,2886.98,2.69,0.0932,0.35,282840.0
SPX,20190614,2886.82,2886.98,2894.45,2879.62,2891.64,-4.66,-0.1612,0.51,299281.0
SPX,20190613,2886.24,2891.64,2895.24,2881.99,2879.84,11.8,0.4097,0.46,310064.0
SPX,20190612,2882.73,2879.84,2888.57,2874.68,2885.72,-5.88,-0.2038,0.48,303987.0
SPX,20190611,2903.27,2885.72,2910.61,2878.53,2886.73,-1.01,-0.035,1.11,355100.0
SPX,20190610,2885.83,2886.73,2904.77,2885.51,2873.34,13.39,0.466,0.67,320989.0
SPX,20190607,2852.87,2873.34,2884.97,2852.87,2843.49,29.85,1.0498,1.13,324438.0
SPX,20190606,2828.51,2843.49,2852.1,2822.45,2826.15,17.34,0.6136,1.05,344514.0
SPX,20190605,2818.09,2826.15,2827.28,2800.92,2803.27,22.88,0.8162,0.94,357076.0
SPX,20190604,2762.64,2803.27,2804.49,2762.64,2744.45,58.82,2.1432,1.52,381413.0
SPX,20190603,2751.53,2744.45,2763.07,2728.81,2752.06,-7.61,-0.2765,1.24,395236.0
SPX,20190531,2766.15,2752.06,2768.98,2750.52,2788.86,-36.8,-1.3195,0.66,398267.0
SPX,20190530,2786.94,2788.86,2799.0,2776.74,2783.02,5.84,0.2098,0.8,327603.0
SPX,20190529,2790.25,2783.02,2792.03,2766.06,2802.39,-19.37,-0.6912,0.93,370111.0
SPX,20190528,2830.03,2802.39,2840.51,2801.58,2826.06,-23.67,-0.8376,1.38,414698.0
SPX,20190524,2832.41,2826.06,2841.36,2820.19,2822.24,3.82,0.1354,0.75,288923.0
SPX,20190523,2836.7,2822.24,2836.7,2805.49,2856.27,-34.03,-1.1914,1.09,389932.0
SPX,20190522,2856.06,2856.27,2865.47,2851.11,2864.36,-8.09,-0.2824,0.5,319400.0
SPX,20190521,2854.02,2864.36,2868.88,2854.02,2840.23,24.13,0.8496,0.52,322305.0
SPX,20190520,2841.94,2840.23,2853.86,2831.29,2859.53,-19.3,-0.6749,0.79,329375.0
SPX,20190517,2858.6,2859.53,2885.48,2854.23,2876.32,-16.79,-0.5837,1.09,331604.0
SPX,20190516,2855.8,2876.32,2892.15,2855.8,2850.96,25.36,0.8895,1.28,333847.0
SPX,20190515,2820.38,2850.96,2858.68,2815.08,2834.41,16.55,0.5839,1.54,314090.0
SPX,20190514,2820.12,2834.41,2852.54,2820.12,2811.87,22.54,0.8016,1.15,335486.0
SPX,20190513,2840.19,2811.87,2840.19,2801.43,2881.4,-69.53,-2.4131,1.35,390027.0
SPX,20190510,2863.1,2881.4,2891.31,2825.39,2870.72,10.68,0.372,2.3,356678.0
SPX,20190509,2859.84,2870.72,2875.97,2836.4,2879.42,-8.7,-0.3021,1.37,365905.0
SPX,20190508,2879.61,2879.42,2897.96,2873.28,2884.05,-4.63,-0.1605,0.86,354311.0
SPX,20190507,2913.03,2884.05,2913.03,2862.6,2932.47,-48.42,-1.6512,1.72,379306.0
SPX,20190506,2908.89,2932.47,2937.32,2898.21,2945.64,-13.17,-0.4471,1.33,320326.0
SPX,20190503,2929.21,2945.64,2947.85,2929.21,2917.52,28.12,0.9638,0.64,335718.0
SPX,20190502,2922.16,2917.52,2931.68,2900.5,2923.73,-6.21,-0.2124,1.07,380229.0
SPX,20190501,2952.33,2923.73,2954.13,2923.36,2945.83,-22.1,-0.7502,1.04,366933.0
SPX,20190430,2937.14,2945.83,2948.22,2924.11,2943.03,2.8,0.0951,0.82,393976.0
SPX,20190429,2940.58,2943.03,2949.52,2939.35,2939.88,3.15,0.1071,0.35,315039.0
SPX,20190426,2925.81,2939.88,2939.88,2917.56,2926.17,13.71,0.4685,0.76,326439.0
SPX,20190425,2928.99,2926.17,2933.1,2912.84,2927.25,-1.08,-0.0369,0.69,344001.0
SPX,20190424,2934.0,2927.25,2936.83,2926.05,2933.68,-6.43,-0.2192,0.37,346848.0
SPX,20190423,2909.99,2933.68,2936.31,2908.53,2907.97,25.71,0.8841,0.96,367448.0
SPX,20190422,2898.78,2907.97,2909.51,2896.35,2905.03,2.94,0.1012,0.45,301013.0
SPX,20190418,2904.81,2905.03,2908.4,2891.9,2900.45,4.58,0.1579,0.57,350710.0
SPX,20190417,2916.04,2900.45,2918.0,2895.45,2907.06,-6.61,-0.2274,0.78,364810.0
SPX,20190416,2912.26,2907.06,2916.06,2900.71,2905.58,1.48,0.0509,0.53,340312.0
SPX,20190415,2908.32,2905.58,2909.6,2896.48,2907.41,-1.83,-0.0629,0.45,311453.0
SPX,20190412,2900.86,2907.41,2910.54,2898.37,2888.32,19.09,0.6609,0.42,372605.0
SPX,20190411,2891.92,2888.32,2893.42,2881.99,2888.21,0.11,0.0038,0.4,297065.0
SPX,20190410,2881.37,2888.21,2889.71,2879.13,2878.2,10.01,0.3478,0.37,309223.0
SPX,20190409,2886.58,2878.2,2886.88,2873.33,2895.77,-17.57,-0.6067,0.47,303248.0
SPX,20190408,2888.46,2895.77,2895.95,2880.78,2892.74,3.03,0.1047,0.52,305646.0
SPX,20190405,2884.16,2892.74,2893.24,2882.99,2879.39,13.35,0.4636,0.36,315597.0
SPX,20190404,2873.99,2879.39,2881.28,2867.14,2873.4,5.99,0.2085,0.49,303874.0
SPX,20190403,2876.09,2873.4,2885.25,2865.17,2867.24,6.16,0.2148,0.7,357000.0
SPX,20190402,2868.24,2867.24,2872.9,2858.75,2867.19,0.05,0.0017,0.49,326721.0
SPX,20190401,2848.63,2867.19,2869.4,2848.63,2834.4,32.79,1.1569,0.73,356009.0
SPX,20190329,2828.27,2834.4,2836.03,2819.23,2815.44,18.96,0.6734,0.6,375252.0
SPX,20190328,2809.4,2815.44,2819.71,2798.77,2805.37,10.07,0.359,0.75,318546.0
SPX,20190327,2819.72,2805.37,2825.56,2787.72,2818.46,-13.09,-0.4644,1.34,342240.0
SPX,20190326,2812.66,2818.46,2829.87,2803.99,2798.36,20.1,0.7183,0.92,328857.0
SPX,20190325,2796.01,2798.36,2809.79,2785.02,2800.71,-2.35,-0.0839,0.88,340611.0
SPX,20190322,2844.52,2800.71,2846.16,2800.47,2854.88,-54.17,-1.8975,1.6,425373.0
SPX,20190321,2819.72,2854.88,2860.31,2817.38,2824.23,30.65,1.0853,1.52,361262.0
SPX,20190320,2831.34,2824.23,2843.54,2812.43,2832.57,-8.34,-0.2944,1.1,377916.0
SPX,20190319,2840.76,2832.57,2852.42,2823.27,2832.94,-0.37,-0.0131,1.03,365074.0
SPX,20190318,2822.61,2832.94,2835.41,2821.99,2822.48,10.46,0.3706,0.48,362077.0
SPX,20190315,2810.79,2822.48,2830.73,2810.79,2808.48,14.0,0.4985,0.71,596978.0
SPX,20190314,2810.38,2808.48,2815.0,2803.46,2810.92,-2.44,-0.0868,0.41,350567.0
SPX,20190313,2799.78,2810.92,2821.24,2799.78,2791.52,19.4,0.695,0.77,378225.0
SPX,20190312,2787.34,2791.52,2798.32,2786.73,2783.3,8.22,0.2953,0.42,343234.0
SPX,20190311,2747.61,2783.3,2784.0,2747.61,2743.07,40.23,1.4666,1.33,376485.0
SPX,20190308,2730.79,2743.07,2744.13,2722.27,2748.93,-5.86,-0.2132,0.8,342430.0
SPX,20190307,2766.53,2748.93,2767.25,2739.09,2771.45,-22.52,-0.8126,1.02,393215.0
SPX,20190306,2790.27,2771.45,2790.27,2768.69,2789.65,-18.2,-0.6524,0.77,380018.0
SPX,20190305,2794.41,2789.65,2796.44,2782.97,2792.81,-3.16,-0.1131,0.48,363138.0
SPX,20190304,2814.37,2792.81,2816.88,2767.66,2803.69,-10.88,-0.3881,1.76,394973.0
SPX,20190301,2798.22,2803.69,2808.02,2787.38,2784.49,19.2,0.6895,0.74,399495.0
SPX,20190228,2788.11,2784.49,2793.73,2782.51,2792.38,-7.89,-0.2826,0.4,444578.0
SPX,20190227,2787.5,2792.38,2795.76,2775.13,2793.9,-1.52,-0.0544,0.74,377179.0
SPX,20190226,2792.36,2793.9,2803.12,2789.47,2796.11,-2.21,-0.079,0.49,367620.0
SPX,20190225,2804.35,2796.11,2813.49,2794.99,2792.67,3.44,0.1232,0.66,386026.0
SPX,20190222,2780.67,2792.67,2794.2,2779.11,2774.88,17.79,0.6411,0.54,342935.0
SPX,20190221,2780.24,2774.88,2781.58,2764.55,2784.7,-9.82,-0.3526,0.61,359826.0
SPX,20190220,2779.05,2784.7,2789.88,2774.06,2779.76,4.94,0.1777,0.57,390483.0
SPX,20190219,2769.28,2779.76,2787.33,2767.29,2775.6,4.16,0.1499,0.72,353527.0
SPX,20190215,2760.24,2775.6,2775.66,2760.24,2745.73,29.87,1.0879,0.56,364868.0
SPX,20190214,2743.5,2745.73,2757.9,2731.23,2753.03,-7.3,-0.2652,0.97,384539.0
SPX,20190213,2750.3,2753.03,2761.85,2748.63,2744.73,8.3,0.3024,0.48,368491.0
SPX,20190212,2722.61,2744.73,2748.19,2722.61,2709.8,34.93,1.289,0.94,384302.0
SPX,20190211,2712.4,2709.8,2718.05,2703.79,2707.88,1.92,0.0709,0.53,339533.0
SPX,20190208,2692.36,2707.88,2708.07,2681.83,2706.05,1.83,0.0676,0.97,364951.0
SPX,20190207,2717.53,2706.05,2719.32,2687.26,2731.61,-25.56,-0.9357,1.17,411404.0
SPX,20190206,2735.05,2731.61,2738.08,2724.15,2737.7,-6.09,-0.2225,0.51,348659.0
SPX,20190205,2728.34,2737.7,2738.98,2724.03,2724.87,12.83,0.4708,0.55,359762.0
SPX,20190204,2706.49,2724.87,2724.99,2698.75,2706.53,18.34,0.6776,0.97,336945.0
SPX,20190201,2702.32,2706.53,2716.66,2696.88,2704.1,2.43,0.0899,0.73,378249.0
SPX,20190131,2685.49,2704.1,2708.95,2678.65,2681.05,23.05,0.8597,1.13,495380.0
SPX,20190130,2653.62,2681.05,2690.44,2648.34,2640.0,41.05,1.5549,1.59,388327.0
SPX,20190129,2644.89,2640.0,2650.93,2631.05,2643.85,-3.85,-0.1456,0.75,351807.0
SPX,20190128,2644.97,2643.85,2644.97,2624.06,2664.76,-20.91,-0.7847,0.78,363082.0
SPX,20190125,2657.44,2664.76,2672.38,2657.33,2642.33,22.43,0.8489,0.57,382100.0
SPX,20190124,2638.84,2642.33,2647.2,2627.01,2638.7,3.63,0.1376,0.77,344923.0
SPX,20190123,2643.48,2638.7,2653.19,2612.86,2632.9,5.8,0.2203,1.53,335877.0
SPX,20190122,2657.88,2632.9,2657.88,2617.27,2670.71,-37.81,-1.4157,1.52,392395.0
SPX,20190118,2651.27,2670.71,2675.47,2647.58,2635.96,34.75,1.3183,1.06,400901.0
SPX,20190117,2609.28,2635.96,2645.06,2606.36,2616.1,19.86,0.7591,1.48,380241.0
SPX,20190116,2614.75,2616.1,2625.76,2612.68,2610.3,5.8,0.2222,0.5,388218.0
SPX,20190115,2585.1,2610.3,2613.08,2585.1,2582.61,27.69,1.0722,1.08,360118.0
SPX,20190114,2580.31,2582.61,2589.32,2570.41,2596.26,-13.65,-0.5258,0.73,368937.0
SPX,20190111,2588.11,2596.26,2596.27,2577.4,2596.64,-0.38,-0.0146,0.73,344746.0
SPX,20190110,2573.51,2596.64,2597.82,2562.02,2584.96,11.68,0.4518,1.38,372130.0
SPX,20190109,2580.0,2584.96,2595.32,2568.89,2574.41,10.55,0.4098,1.03,408874.0
SPX,20190108,2568.11,2574.41,2579.82,2547.56,2549.69,24.72,0.9695,1.27,412006.0
SPX,20190107,2535.61,2549.69,2566.16,2524.56,2531.94,17.75,0.701,1.64,413312.0
SPX,20190104,2474.33,2531.94,2538.07,2474.33,2447.89,84.05,3.4336,2.6,423414.0
SPX,20190103,2491.92,2447.89,2493.14,2443.96,2510.03,-62.14,-2.4757,1.96,385883.0
SPX,20190102,2476.96,2510.03,2519.49,2467.47,2506.85,3.18,0.1269,2.08,373316.0
SPX,20181231,2498.94,2506.85,2509.24,2482.82,2485.74,21.11,0.8492,1.06,346192.0
SPX,20181228,2498.77,2485.74,2520.27,2472.89,2488.83,-3.09,-0.1242,1.9,372844.0
SPX,20181227,2442.5,2488.83,2489.1,2397.94,2467.7,21.13,0.8563,3.69,413901.0
SPX,20181226,2363.12,2467.7,2467.76,2346.58,2351.1,116.6,4.9594,5.15,424974.0
SPX,20181224,2400.56,2351.1,2410.34,2351.1,2416.62,-65.52,-2.7112,2.45,261367.0
SPX,20181221,2465.38,2416.62,2504.41,2408.55,2467.42,-50.8,-2.0588,3.89,765789.0
SPX,20181220,2496.77,2467.42,2509.63,2441.18,2506.96,-39.54,-1.5772,2.73,561978.0
SPX,20181219,2547.05,2506.96,2585.29,2488.96,2546.16,-39.2,-1.5396,3.78,515283.0
SPX,20181218,2559.9,2546.16,2573.99,2528.71,2545.94,0.22,0.0086,1.78,451919.0
SPX,20181217,2590.75,2545.94,2601.13,2530.54,2599.95,-54.01,-2.0773,2.72,466142.0
SPX,20181214,2629.68,2599.95,2635.07,2593.84,2650.54,-50.59,-1.9087,1.56,406437.0
SPX,20181213,2658.7,2650.54,2670.19,2637.27,2651.07,-0.53,-0.02,1.24,397834.0
SPX,20181212,2658.23,2651.07,2685.44,2650.26,2636.78,14.29,0.5419,1.33,402930.0
SPX,20181211,2664.44,2636.78,2674.35,2621.3,2637.72,-0.94,-0.0356,2.01,396344.0
SPX,20181210,2630.86,2637.72,2647.51,2583.23,2633.08,4.64,0.1762,2.44,416288.0
SPX,20181207,2691.26,2633.08,2708.54,2623.14,2695.95,-62.87,-2.332,3.17,424224.0
SPX,20181206,2663.51,2695.95,2696.15,2621.53,2700.06,-4.11,-0.1522,2.76,518043.0
SPX,20181204,2782.43,2700.06,2785.93,2697.18,2790.37,-90.31,-3.2365,3.18,451571.0
SPX,20181203,2790.5,2790.37,2800.18,2773.38,2760.17,30.2,1.0941,0.97,422158.0
SPX,20181130,2737.76,2760.17,2760.88,2732.76,2737.76,22.41,0.8186,1.03,466831.0
SPX,20181129,2736.97,2737.76,2753.75,2722.94,2743.79,-6.03,-0.2198,1.12,359920.0
SPX,20181128,2691.45,2743.79,2744.0,2684.38,2682.17,61.62,2.2974,2.22,398454.0
SPX,20181127,2663.75,2682.17,2682.53,2655.89,2673.45,8.72,0.3262,1.0,349438.0
SPX,20181126,2649.97,2673.45,2674.35,2649.97,2632.56,40.89,1.5532,0.93,352352.0
SPX,20181123,2633.36,2632.56,2647.55,2631.09,2649.93,-17.37,-0.6555,0.62,165168.0
SPX,20181121,2657.74,2649.93,2670.73,2649.82,2641.89,8.04,0.3043,0.79,323740.0
SPX,20181120,2654.6,2641.89,2669.44,2631.52,2690.73,-48.84,-1.8151,1.41,437082.0
SPX,20181119,2730.74,2690.73,2733.16,2681.09,2736.27,-45.54,-1.6643,1.9,380694.0
SPX,20181116,2718.54,2736.27,2746.75,2712.16,2730.2,6.07,0.2223,1.27,399697.0
SPX,20181115,2693.52,2730.2,2735.38,2670.75,2701.58,28.62,1.0594,2.39,420496.0
SPX,20181114,2737.9,2701.58,2746.8,2685.75,2722.18,-20.6,-0.7567,2.24,444906.0
SPX,20181113,2730.05,2722.18,2754.6,2714.98,2726.22,-4.04,-0.1482,1.45,411282.0
SPX,20181112,2773.93,2726.22,2775.99,2722.0,2781.01,-54.79,-1.9701,1.94,370157.0
SPX,20181109,2794.1,2781.01,2794.1,2764.24,2806.83,-25.82,-0.9199,1.06,402903.0
SPX,20181108,2806.38,2806.83,2814.75,2794.99,2813.89,-7.06,-0.2509,0.7,367355.0
SPX,20181107,2774.13,2813.89,2815.15,2774.13,2755.45,58.44,2.1209,1.49,392908.0
SPX,20181106,2738.4,2755.45,2756.82,2737.08,2738.31,17.14,0.6259,0.72,354380.0
SPX,20181105,2726.37,2738.31,2744.27,2717.94,2723.06,15.25,0.56,0.97,365091.0
SPX,20181102,2745.45,2723.06,2756.55,2700.44,2740.37,-17.31,-0.6317,2.05,426123.0
SPX,20181101,2717.58,2740.37,2741.67,2708.85,2711.74,28.63,1.0558,1.21,473025.0
SPX,20181031,2705.6,2711.74,2736.69,2705.6,2682.63,29.11,1.0851,1.16,513338.0
SPX,20181030,2640.68,2682.63,2685.43,2635.34,2641.25,41.38,1.5667,1.9,512560.0
SPX,20181029,2682.65,2641.25,2706.85,2603.54,2658.69,-17.44,-0.656,3.89,470126.0
SPX,20181026,2667.86,2658.69,2692.38,2628.16,2705.57,-46.88,-1.7327,2.37,480433.0
SPX,20181025,2674.88,2705.57,2722.7,2667.84,2656.1,49.47,1.8625,2.07,466393.0
SPX,20181024,2737.87,2656.1,2742.59,2651.89,2740.69,-84.59,-3.0864,3.31,473867.0
SPX,20181023,2721.03,2740.69,2753.59,2691.43,2755.88,-15.19,-0.5512,2.26,437371.0
SPX,20181022,2773.94,2755.88,2778.94,2749.22,2767.78,-11.9,-0.4299,1.07,333127.0
SPX,20181019,2775.66,2767.78,2797.77,2760.27,2768.78,-1.0,-0.0361,1.35,359394.0
SPX,20181018,2802.0,2768.78,2806.04,2755.18,2809.21,-40.43,-1.4392,1.81,363930.0
SPX,20181017,2811.67,2809.21,2816.94,2781.81,2809.92,-0.71,-0.0253,1.25,334709.0
SPX,20181016,2767.05,2809.92,2813.46,2766.91,2750.79,59.13,2.1496,1.69,346026.0
SPX,20181015,2763.83,2750.79,2775.99,2749.03,2767.13,-16.34,-0.5905,0.97,332716.0
SPX,20181012,2770.54,2767.13,2775.77,2729.44,2728.37,38.76,1.4206,1.7,402401.0
SPX,20181011,2776.87,2728.37,2795.14,2710.51,2785.68,-57.31,-2.0573,3.04,491409.0
SPX,20181010,2873.9,2785.68,2874.02,2784.86,2880.34,-94.66,-3.2864,3.1,455426.0
SPX,20181009,2882.51,2880.34,2894.83,2874.27,2884.43,-4.09,-0.1418,0.71,353169.0
SPX,20181008,2877.53,2884.43,2889.45,2862.08,2885.57,-1.14,-0.0395,0.95,338182.0
SPX,20181005,2902.54,2885.57,2909.64,2869.29,2901.61,-16.04,-0.5528,1.39,334082.0
SPX,20181004,2919.35,2901.61,2919.78,2883.92,2925.51,-23.9,-0.817,1.23,351037.0
SPX,20181003,2931.69,2925.51,2939.86,2921.36,2923.43,2.08,0.0711,0.63,362551.0
SPX,20181002,2923.8,2923.43,2931.42,2919.37,2924.59,-1.16,-0.0397,0.41,343262.0
SPX,20181001,2926.29,2924.59,2937.06,2917.91,2913.98,10.61,0.3641,0.66,337589.0
SPX,20180928,2910.03,2913.98,2920.53,2907.5,2914.0,-0.02,-0.0007,0.45,346168.0
SPX,20180927,2911.65,2914.0,2927.22,2909.27,2905.97,8.03,0.2763,0.62,310136.0
SPX,20180926,2916.98,2905.97,2931.15,2903.28,2915.56,-9.59,-0.3289,0.96,341754.0
SPX,20180925,2921.75,2915.56,2923.95,2913.7,2919.37,-3.81,-0.1305,0.35,333088.0
SPX,20180924,2921.83,2919.37,2923.79,2912.63,2929.67,-10.3,-0.3516,0.38,339203.0
SPX,20180921,2936.76,2929.67,2940.91,2927.11,2930.75,-1.08,-0.0369,0.47,565247.0
SPX,20180920,2919.73,2930.75,2934.8,2919.73,2907.95,22.8,0.7841,0.52,340652.0
SPX,20180919,2906.6,2907.95,2912.36,2903.82,2904.31,3.64,0.1253,0.29,330246.0
SPX,20180918,2890.74,2904.31,2911.17,2890.43,2888.8,15.51,0.5369,0.72,309119.0
SPX,20180917,2903.83,2888.8,2904.65,2886.16,2904.98,-16.18,-0.557,0.64,296798.0
SPX,20180914,2906.38,2904.98,2908.3,2895.77,2904.18,0.8,0.0275,0.43,317941.0
SPX,20180913,2896.85,2904.18,2906.76,2896.39,2888.92,15.26,0.5282,0.36,327409.0
SPX,20180912,2888.29,2888.92,2894.65,2879.2,2887.89,1.03,0.0357,0.53,334128.0
SPX,20180911,2871.57,2887.89,2892.52,2866.78,2877.13,10.76,0.374,0.89,290450.0
SPX,20180910,2881.39,2877.13,2886.93,2875.94,2871.68,5.45,0.1898,0.38,275110.0
SPX,20180907,2868.26,2871.68,2883.81,2864.12,2878.05,-6.37,-0.2213,0.68,297658.0
SPX,20180906,2888.64,2878.05,2892.05,2867.29,2888.6,-10.55,-0.3652,0.86,314424.0
SPX,20180905,2891.59,2888.6,2894.21,2876.92,2896.72,-8.12,-0.2803,0.6,324878.0
SPX,20180904,2896.96,2896.72,2900.18,2885.13,2901.52,-4.8,-0.1654,0.52,308742.0
SPX,20180831,2898.37,2901.52,2906.32,2891.73,2901.13,0.39,0.0134,0.5,288722.0
SPX,20180830,2908.94,2901.13,2912.46,2895.22,2914.04,-12.91,-0.443,0.59,281045.0
SPX,20180829,2900.62,2914.04,2916.5,2898.4,2897.52,16.52,0.5701,0.62,280552.0
SPX,20180828,2901.45,2897.52,2903.77,2893.5,2896.74,0.78,0.0269,0.35,268777.0
SPX,20180827,2884.69,2896.74,2898.25,2884.69,2874.69,22.05,0.767,0.47,286507.0
SPX,20180824,2862.35,2874.69,2876.16,2862.35,2856.98,17.71,0.6199,0.48,260301.0
SPX,20180823,2860.29,2856.98,2868.78,2854.03,2861.82,-4.84,-0.1691,0.52,272445.0
SPX,20180822,2860.99,2861.82,2867.54,2856.05,2862.96,-1.14,-0.0398,0.4,270125.0
SPX,20180821,2861.51,2862.96,2873.23,2861.32,2857.05,5.91,0.2069,0.42,317401.0
SPX,20180820,2853.93,2857.05,2859.76,2850.62,2850.13,6.92,0.2428,0.32,275715.0
SPX,20180817,2838.32,2850.13,2855.63,2833.73,2840.69,9.44,0.3323,0.77,303764.0
SPX,20180816,2831.44,2840.69,2850.49,2831.44,2818.37,22.32,0.7919,0.68,323200.0
SPX,20180815,2827.95,2818.37,2827.95,2802.49,2839.96,-21.59,-0.7602,0.9,365668.0
SPX,20180814,2827.88,2839.96,2843.11,2826.58,2821.93,18.03,0.6389,0.59,298650.0
SPX,20180813,2835.46,2821.93,2843.4,2819.88,2833.28,-11.35,-0.4006,0.83,317363.0
SPX,20180810,2839.64,2833.28,2842.2,2825.81,2853.58,-20.3,-0.7114,0.57,326559.0
SPX,20180809,2857.19,2853.58,2862.48,2851.98,2857.7,-4.12,-0.1442,0.37,306618.0
SPX,20180808,2856.79,2857.7,2862.44,2853.09,2858.45,-0.75,-0.0262,0.33,297807.0
SPX,20180807,2855.92,2858.45,2863.43,2855.92,2850.4,8.05,0.2824,0.26,318544.0
SPX,20180806,2840.29,2850.4,2853.29,2835.98,2840.35,10.05,0.3538,0.61,287902.0
SPX,20180803,2829.62,2840.35,2840.38,2827.37,2827.22,13.13,0.4644,0.46,304369.0
SPX,20180802,2800.48,2827.22,2829.91,2796.34,2813.36,13.86,0.4926,1.19,350138.0
SPX,20180801,2821.17,2813.36,2825.83,2805.85,2816.29,-2.93,-0.104,0.71,350135.0
SPX,20180731,2809.73,2816.29,2824.46,2808.06,2802.6,13.69,0.4885,0.59,390689.0
SPX,20180730,2819.0,2802.6,2821.74,2798.11,2818.82,-16.22,-0.5754,0.84,326119.0
SPX,20180727,2842.35,2818.82,2843.17,2808.34,2837.44,-18.62,-0.6562,1.23,343437.0
SPX,20180726,2835.49,2837.44,2845.57,2835.26,2846.07,-8.63,-0.3032,0.36,366729.0
SPX,20180725,2817.73,2846.07,2848.03,2817.73,2820.4,25.67,0.9102,1.07,358440.0
SPX,20180724,2820.68,2820.4,2829.99,2811.12,2806.98,13.42,0.4781,0.67,343041.0
SPX,20180723,2799.17,2806.98,2808.61,2795.14,2801.83,5.15,0.1838,0.48,292849.0
SPX,20180720,2804.55,2801.83,2809.7,2800.01,2804.49,-2.66,-0.0948,0.35,324325.0
SPX,20180719,2809.37,2804.49,2812.05,2799.77,2815.62,-11.13,-0.3953,0.44,327836.0
SPX,20180718,2811.35,2815.62,2816.76,2805.89,2809.55,6.07,0.216,0.39,311156.0
SPX,20180717,2789.34,2809.55,2814.19,2789.24,2798.43,11.12,0.3974,0.89,306492.0
SPX,20180716,2801.43,2798.43,2803.71,2793.39,2801.31,-2.88,-0.1028,0.37,281986.0
SPX,20180713,2796.93,2801.31,2804.53,2791.69,2798.29,3.02,0.1079,0.46,261979.0
SPX,20180712,2783.14,2798.29,2799.22,2781.53,2774.02,24.27,0.8749,0.64,283423.0
SPX,20180711,2779.82,2774.02,2785.91,2770.77,2793.84,-19.82,-0.7094,0.54,298618.0
SPX,20180710,2788.56,2793.84,2795.58,2786.24,2784.17,9.67,0.3473,0.34,308014.0
SPX,20180709,2768.51,2784.17,2784.65,2768.51,2759.82,24.35,0.8823,0.58,307006.0
SPX,20180706,2737.68,2759.82,2764.41,2733.52,2736.61,23.21,0.8481,1.13,259025.0
SPX,20180705,2724.19,2736.61,2737.83,2716.02,2713.22,23.39,0.8621,0.8,298016.0
SPX,20180703,2733.27,2713.22,2736.58,2711.16,2726.71,-13.49,-0.4947,0.93,191146.0
SPX,20180702,2704.95,2726.71,2727.26,2698.95,2718.37,8.34,0.3068,1.04,309504.0
SPX,20180629,2727.13,2718.37,2743.26,2718.03,2716.31,2.06,0.0758,0.93,358680.0
SPX,20180628,2698.69,2716.31,2724.34,2691.99,2699.63,16.68,0.6179,1.2,346110.0
SPX,20180627,2728.45,2699.63,2746.09,2699.38,2723.06,-23.43,-0.8604,1.72,380399.0
SPX,20180626,2722.12,2723.06,2732.91,2715.6,2717.07,5.99,0.2205,0.64,356890.0
SPX,20180625,2742.94,2717.07,2742.94,2698.67,2754.88,-37.81,-1.3725,1.61,366328.0
SPX,20180622,2760.79,2754.88,2764.17,2752.68,2749.76,5.12,0.1862,0.42,546811.0
SPX,20180621,2769.28,2749.76,2769.28,2744.39,2767.32,-17.56,-0.6345,0.9,333658.0
SPX,20180620,2769.73,2767.32,2774.86,2763.91,2762.59,4.73,0.1712,0.4,333214.0
SPX,20180619,2752.01,2762.59,2765.05,2743.19,2773.75,-11.16,-0.4023,0.79,367116.0
SPX,20180618,2765.79,2773.75,2774.99,2757.12,2779.66,-5.91,-0.2126,0.64,331612.0
SPX,20180615,2777.78,2779.66,2782.81,2761.73,2782.49,-2.83,-0.1017,0.76,545199.0
SPX,20180614,2783.21,2782.49,2789.06,2776.52,2775.63,6.86,0.2472,0.45,354093.0
SPX,20180613,2787.94,2775.63,2791.47,2774.65,2786.85,-11.22,-0.4026,0.6,382077.0
SPX,20180612,2785.6,2786.85,2789.8,2778.78,2782.0,4.85,0.1743,0.4,343570.0
SPX,20180611,2780.18,2782.0,2790.21,2780.17,2779.03,2.97,0.1069,0.36,326213.0
SPX,20180608,2765.84,2779.03,2779.39,2763.59,2770.37,8.66,0.3126,0.57,313885.0
SPX,20180607,2774.84,2770.37,2779.9,2760.16,2772.35,-1.98,-0.0714,0.71,374208.0
SPX,20180606,2753.25,2772.35,2772.39,2748.46,2748.8,23.55,0.8567,0.87,366278.0
SPX,20180605,2748.46,2748.8,2752.61,2739.51,2746.87,1.93,0.0703,0.48,352355.0
SPX,20180604,2741.67,2746.87,2749.16,2740.54,2734.62,12.25,0.448,0.32,341009.0
SPX,20180601,2718.7,2734.62,2736.93,2718.7,2705.27,29.35,1.0849,0.67,369431.0
SPX,20180531,2720.98,2705.27,2722.5,2700.68,2724.01,-18.74,-0.688,0.8,424110.0
SPX,20180530,2702.43,2724.01,2729.34,2702.43,2689.86,34.15,1.2696,1.0,356649.0
SPX,20180529,2705.11,2689.86,2710.67,2676.81,2721.33,-31.47,-1.1564,1.24,374331.0
SPX,20180525,2723.6,2721.33,2727.36,2714.99,2727.76,-6.43,-0.2357,0.45,301526.0
SPX,20180524,2730.94,2727.76,2731.97,2707.38,2733.29,-5.53,-0.2023,0.9,328575.0
SPX,20180523,2713.98,2733.29,2733.33,2709.54,2724.44,8.85,0.3248,0.87,333316.0
SPX,20180522,2738.34,2724.44,2742.24,2721.88,2733.01,-8.57,-0.3136,0.74,338414.0
SPX,20180521,2725.95,2733.01,2739.19,2725.7,2712.97,20.04,0.7387,0.5,305348.0
SPX,20180518,2717.35,2712.97,2719.5,2709.18,2720.13,-7.16,-0.2632,0.38,338327.0
SPX,20180517,2719.71,2720.13,2731.96,2711.36,2722.46,-2.33,-0.0856,0.76,347815.0
SPX,20180516,2712.62,2722.46,2727.76,2712.17,2711.45,11.01,0.4061,0.57,324848.0
SPX,20180515,2718.59,2711.45,2718.59,2701.91,2730.13,-18.68,-0.6842,0.61,329119.0
SPX,20180514,2733.37,2730.13,2742.1,2725.47,2727.72,2.41,0.0884,0.61,299436.0
SPX,20180511,2722.7,2727.72,2732.86,2717.45,2723.07,4.65,0.1708,0.57,287485.0
SPX,20180510,2705.02,2723.07,2726.11,2704.54,2697.79,25.28,0.9371,0.8,338064.0
SPX,20180509,2678.12,2697.79,2701.27,2674.14,2671.92,25.87,0.9682,1.02,391365.0
SPX,20180508,2670.26,2671.92,2676.34,2655.2,2672.63,-0.71,-0.0266,0.79,374510.0
SPX,20180507,2669.36,2672.63,2683.35,2664.7,2663.42,9.21,0.3458,0.7,326681.0
SPX,20180504,2621.45,2663.42,2670.93,2615.32,2629.73,33.69,1.2811,2.11,333526.0
SPX,20180503,2628.08,2629.73,2637.14,2594.62,2635.67,-5.94,-0.2254,1.61,386753.0
SPX,20180502,2654.24,2635.67,2660.87,2631.7,2654.8,-19.13,-0.7206,1.1,404702.0
SPX,20180501,2643.64,2654.8,2655.27,2625.41,2648.05,6.75,0.2549,1.13,356282.0
SPX,20180430,2675.05,2648.05,2682.92,2648.04,2669.91,-21.86,-0.8188,1.31,374951.0
SPX,20180427,2675.47,2669.91,2677.35,2659.01,2666.94,2.97,0.1114,0.69,323451.0
SPX,20180426,2651.65,2666.94,2676.48,2647.16,2639.4,27.54,1.0434,1.11,369092.0
SPX,20180425,2634.92,2639.4,2645.3,2612.67,2634.56,4.84,0.1837,1.24,356368.0
SPX,20180424,2680.8,2634.56,2683.55,2617.32,2670.29,-35.73,-1.3381,2.48,371602.0
SPX,20180423,2675.4,2670.29,2682.86,2657.99,2670.14,0.15,0.0056,0.93,303039.0
SPX,20180420,2692.56,2670.14,2693.94,2660.61,2693.13,-22.99,-0.8537,1.24,342826.0
SPX,20180419,2701.16,2693.13,2702.84,2681.9,2708.64,-15.51,-0.5726,0.77,337512.0
SPX,20180418,2710.11,2708.64,2717.49,2703.63,2706.39,2.25,0.0831,0.51,341203.0
SPX,20180417,2692.74,2706.39,2713.34,2692.05,2677.84,28.55,1.0662,0.8,328619.0
SPX,20180416,2670.1,2677.84,2686.49,2665.16,2656.3,21.54,0.8109,0.8,302074.0
SPX,20180413,2676.9,2656.3,2680.26,2645.05,2663.99,-7.69,-0.2887,1.32,298854.0
SPX,20180412,2653.83,2663.99,2674.72,2653.83,2642.19,21.8,0.8251,0.79,304533.0
SPX,20180411,2643.89,2642.19,2661.43,2639.25,2656.87,-14.68,-0.5525,0.83,305452.0
SPX,20180410,2638.41,2656.87,2665.45,2635.78,2613.16,43.71,1.6727,1.14,357913.0
SPX,20180409,2617.18,2613.16,2653.55,2610.79,2604.47,8.69,0.3337,1.64,307614.0
SPX,20180406,2645.82,2604.47,2656.88,2586.27,2662.84,-58.37,-2.192,2.65,331239.0
SPX,20180405,2657.36,2662.84,2672.08,2649.58,2644.69,18.15,0.6863,0.85,323043.0
SPX,20180404,2584.04,2644.69,2649.86,2573.61,2614.45,30.24,1.1566,2.92,336923.0
SPX,20180403,2592.17,2614.45,2619.14,2575.49,2581.88,32.57,1.2615,1.69,339584.0
SPX,20180402,2633.45,2581.88,2638.3,2553.8,2640.87,-58.99,-2.2337,3.2,363578.0
SPX,20180329,2614.41,2640.87,2659.07,2609.72,2605.0,35.87,1.377,1.89,357236.0
SPX,20180328,2611.3,2605.0,2632.65,2593.06,2612.62,-7.62,-0.2917,1.52,387572.0
SPX,20180327,2667.57,2612.62,2674.78,2596.12,2658.55,-45.93,-1.7276,2.96,376132.0
SPX,20180326,2619.35,2658.55,2661.36,2601.81,2588.26,70.29,2.7157,2.3,353808.0
SPX,20180323,2646.71,2588.26,2657.67,2585.89,2643.69,-55.43,-2.0967,2.72,382938.0
SPX,20180322,2691.36,2643.69,2695.68,2641.59,2711.93,-68.24,-2.5163,1.99,376546.0
SPX,20180321,2714.99,2711.93,2739.14,2709.79,2716.94,-5.01,-0.1844,1.08,343478.0
SPX,20180320,2715.05,2716.94,2724.22,2710.05,2712.92,4.02,0.1482,0.52,327259.0
SPX,20180319,2741.38,2712.92,2741.38,2694.59,2752.01,-39.09,-1.4204,1.7,332746.0
SPX,20180316,2750.57,2752.01,2761.85,2749.97,2747.33,4.68,0.1703,0.43,542914.0
SPX,20180315,2754.27,2747.33,2763.03,2741.47,2749.48,-2.15,-0.0782,0.78,354371.0
SPX,20180314,2774.06,2749.48,2777.11,2744.38,2765.31,-15.83,-0.5724,1.18,339463.0
SPX,20180313,2792.31,2765.31,2801.9,2758.68,2783.02,-17.71,-0.6364,1.55,332429.0
SPX,20180312,2790.54,2783.02,2796.98,2779.26,2786.57,-3.55,-0.1274,0.64,321696.0
SPX,20180309,2752.91,2786.57,2786.57,2751.54,2738.97,47.6,1.7379,1.28,337687.0
SPX,20180308,2732.75,2738.97,2740.45,2722.65,2726.8,12.17,0.4463,0.65,320604.0
SPX,20180307,2710.18,2726.8,2730.6,2701.74,2728.12,-1.32,-0.0484,1.06,340669.0
SPX,20180306,2730.18,2728.12,2732.08,2711.26,2720.94,7.18,0.2639,0.77,338903.0
SPX,20180305,2681.06,2720.94,2728.09,2675.75,2691.25,29.69,1.1032,1.94,373364.0
SPX,20180302,2658.89,2691.25,2696.25,2647.32,2677.67,13.58,0.5072,1.83,389125.0
SPX,20180301,2715.22,2677.67,2730.89,2659.65,2713.83,-36.16,-1.3324,2.63,451449.0
SPX,20180228,2753.78,2713.83,2761.52,2713.54,2744.28,-30.45,-1.1096,1.75,424457.0
SPX,20180227,2780.45,2744.28,2789.15,2744.22,2779.6,-35.32,-1.2707,1.62,375207.0
SPX,20180226,2757.37,2779.6,2780.64,2753.78,2747.3,32.3,1.1757,0.98,343659.0
SPX,20180223,2715.8,2747.3,2747.76,2713.74,2703.96,43.34,1.6028,1.26,320036.0
SPX,20180222,2710.42,2703.96,2731.26,2697.77,2701.33,2.63,0.0974,1.24,372062.0
SPX,20180221,2720.53,2701.33,2747.75,2701.29,2716.26,-14.93,-0.5497,1.71,378904.0
SPX,20180220,2722.99,2716.26,2737.6,2706.76,2732.22,-15.96,-0.5841,1.13,364692.0
SPX,20180216,2727.14,2732.22,2754.42,2725.11,2731.2,1.02,0.0373,1.07,364692.0
SPX,20180215,2713.46,2731.2,2731.51,2689.82,2698.63,32.57,1.2069,1.54,369614.0
SPX,20180214,2651.21,2698.63,2702.1,2648.87,2662.94,35.69,1.3402,2.0,401194.0
SPX,20180213,2646.27,2662.94,2668.84,2637.08,2656.0,6.94,0.2613,1.2,350354.0
SPX,20180212,2636.75,2656.0,2672.61,2622.45,2619.55,36.45,1.3915,1.91,406922.0
SPX,20180209,2601.78,2619.55,2638.67,2532.69,2581.0,38.55,1.4936,4.11,569011.0
SPX,20180208,2685.01,2581.0,2685.27,2580.56,2681.66,-100.66,-3.7536,3.9,533384.0
SPX,20180207,2690.95,2681.66,2727.67,2681.33,2695.14,-13.48,-0.5002,1.72,464630.0
SPX,20180206,2614.78,2695.14,2701.04,2593.07,2648.94,46.2,1.7441,4.08,591735.0
SPX,20180205,2741.06,2648.94,2763.39,2638.17,2762.13,-113.19,-4.0979,4.53,531084.0
SPX,20180202,2808.92,2762.13,2808.92,2759.97,2821.98,-59.85,-2.1209,1.73,434022.0
SPX,20180201,2816.45,2821.98,2835.96,2812.7,2823.81,-1.83,-0.0648,0.82,397738.0
SPX,20180131,2832.41,2823.81,2839.26,2813.04,2822.43,1.38,0.0489,0.93,427627.0
SPX,20180130,2832.74,2822.43,2837.75,2818.27,2853.53,-31.1,-1.0899,0.68,401207.0
SPX,20180129,2867.23,2853.53,2870.62,2851.48,2872.87,-19.34,-0.6732,0.67,358742.0
SPX,20180126,2847.48,2872.87,2872.87,2846.18,2839.25,33.62,1.1841,0.94,347468.0
SPX,20180125,2846.24,2839.25,2848.56,2830.94,2837.54,1.71,0.0603,0.62,387310.0
SPX,20180124,2845.42,2837.54,2852.97,2824.81,2839.13,-1.59,-0.056,0.99,407927.0
SPX,20180123,2835.05,2839.13,2842.24,2830.59,2832.97,6.16,0.2174,0.41,354114.0
SPX,20180122,2809.16,2832.97,2833.03,2808.12,2810.3,22.67,0.8067,0.89,348948.0
SPX,20180119,2802.6,2810.3,2810.33,2798.08,2798.03,12.27,0.4385,0.44,372423.0
SPX,20180118,2802.4,2798.03,2805.83,2792.56,2802.56,-4.53,-0.1616,0.47,370330.0
SPX,20180117,2784.99,2802.56,2807.04,2778.38,2776.42,26.14,0.9415,1.03,379034.0
SPX,20180116,2798.96,2776.42,2807.54,2768.64,2786.24,-9.82,-0.3524,1.4,436288.0
SPX,20180112,2770.18,2786.24,2787.85,2769.64,2767.56,18.68,0.675,0.66,358722.0
SPX,20180111,2752.97,2767.56,2767.56,2752.78,2748.23,19.33,0.7034,0.54,364569.0
SPX,20180110,2745.55,2748.23,2750.8,2736.06,2751.29,-3.06,-0.1112,0.54,357990.0
SPX,20180109,2751.15,2751.29,2759.14,2747.86,2747.71,3.58,0.1303,0.41,346746.0
SPX,20180108,2742.67,2747.71,2748.51,2737.6,2743.15,4.56,0.1662,0.4,324616.0
SPX,20180105,2731.33,2743.15,2743.45,2727.92,2723.99,19.16,0.7034,0.57,323928.0
SPX,20180104,2719.31,2723.99,2729.29,2719.07,2713.06,10.93,0.4029,0.38,369734.0
SPX,20180103,2697.85,2713.06,2714.37,2697.77,2695.81,17.25,0.6399,0.62,354403.0
SPX,20180102,2683.73,2695.81,2695.89,2682.36,2673.61,22.2,0.8303,0.51,339743.0
SPX,20171229,2689.15,2673.61,2692.12,2673.61,2687.54,-13.93,-0.5183,0.69,244776.0
SPX,20171228,2686.1,2687.54,2687.66,2682.69,2682.62,4.92,0.1834,0.19,217489.0
SPX,20171227,2682.1,2682.62,2685.64,2678.91,2680.5,2.12,0.0791,0.25,220290.0
SPX,20171226,2679.09,2680.5,2682.74,2677.96,2683.34,-2.84,-0.1058,0.18,197066.0
SPX,20171222,2684.22,2683.34,2685.35,2678.13,2684.57,-1.23,-0.0458,0.27,240103.0
SPX,20171221,2683.02,2684.57,2692.64,2682.4,2679.25,5.32,0.1986,0.38,329313.0
SPX,20171220,2688.18,2679.25,2691.01,2676.11,2681.47,-2.22,-0.0828,0.56,324623.0
SPX,20171219,2692.71,2681.47,2694.44,2680.74,2690.16,-8.69,-0.323,0.51,340768.0
SPX,20171218,2685.92,2690.16,2694.97,2685.92,2675.81,14.35,0.5363,0.34,372777.0
SPX,20171215,2660.63,2675.81,2679.63,2659.14,2652.01,23.8,0.8974,0.77,573691.0
SPX,20171214,2665.87,2652.01,2668.09,2652.01,2662.85,-10.84,-0.4071,0.6,344276.0
SPX,20171213,2667.59,2662.85,2671.88,2662.85,2664.11,-1.26,-0.0473,0.34,356836.0
SPX,20171212,2661.73,2664.11,2669.72,2659.78,2659.99,4.12,0.1549,0.37,356891.0
SPX,20171211,2652.19,2659.99,2660.33,2651.47,2651.5,8.49,0.3202,0.33,314148.0
SPX,20171208,2646.21,2651.5,2651.65,2644.1,2636.98,14.52,0.5506,0.29,312675.0
SPX,20171207,2628.38,2636.98,2640.99,2626.53,2629.27,7.71,0.2932,0.55,329706.0
SPX,20171206,2626.24,2629.27,2634.41,2624.75,2629.57,-0.3,-0.0114,0.37,325308.0
SPX,20171205,2639.78,2629.57,2648.72,2627.73,2639.44,-9.87,-0.3739,0.8,354757.0
SPX,20171204,2657.19,2639.44,2665.19,2639.03,2642.22,-2.78,-0.1052,0.99,402584.0
SPX,20171201,2645.1,2642.22,2650.62,2605.52,2647.58,-5.36,-0.2024,1.7,395093.0
SPX,20171130,2633.93,2647.58,2657.74,2633.93,2626.07,21.51,0.8191,0.91,496570.0
SPX,20171129,2627.82,2626.07,2634.89,2620.32,2627.04,-0.97,-0.0369,0.55,409063.0
SPX,20171128,2605.94,2627.04,2627.69,2605.44,2601.42,25.62,0.9848,0.86,349334.0
SPX,20171127,2602.66,2601.42,2606.41,2598.87,2602.42,-1.0,-0.0384,0.29,301772.0
SPX,20171124,2600.42,2602.42,2604.21,2600.42,2597.08,5.34,0.2056,0.15,138589.0
SPX,20171122,2600.31,2597.08,2600.94,2595.23,2599.03,-1.95,-0.075,0.22,276411.0
SPX,20171121,2589.17,2599.03,2601.19,2589.17,2582.14,16.89,0.6541,0.47,335123.0
SPX,20171120,2579.49,2582.14,2584.64,2578.24,2578.85,3.29,0.1276,0.25,302394.0
SPX,20171117,2582.94,2578.85,2583.96,2577.62,2585.64,-6.79,-0.2626,0.25,330980.0
SPX,20171116,2572.95,2585.64,2590.09,2572.95,2564.62,21.02,0.8196,0.67,332973.0
SPX,20171115,2569.45,2564.62,2572.84,2557.45,2578.87,-14.25,-0.5526,0.6,358659.0
SPX,20171114,2577.75,2578.87,2579.66,2566.56,2584.84,-5.97,-0.231,0.51,364358.0
SPX,20171113,2576.53,2584.84,2587.66,2574.48,2582.3,2.54,0.0984,0.51,340520.0
SPX,20171110,2580.18,2582.3,2583.81,2575.57,2584.62,-2.32,-0.0898,0.32,348974.0
SPX,20171109,2584.0,2584.62,2586.5,2566.33,2594.38,-9.76,-0.3762,0.78,384410.0
SPX,20171108,2588.71,2594.38,2595.47,2585.02,2590.64,3.74,0.1444,0.4,389845.0
SPX,20171107,2592.11,2590.64,2597.02,2584.35,2591.13,-0.49,-0.0189,0.49,381519.0
SPX,20171106,2587.47,2591.13,2593.38,2585.66,2587.84,3.29,0.1271,0.3,354197.0
SPX,20171103,2581.93,2587.84,2588.42,2576.77,2579.85,7.99,0.3097,0.45,356871.0
SPX,20171102,2579.46,2579.85,2581.11,2566.17,2579.36,0.49,0.019,0.58,405014.0
SPX,20171101,2583.21,2579.36,2588.4,2574.92,2575.26,4.1,0.1592,0.52,384120.0
SPX,20171031,2575.99,2575.26,2578.29,2572.15,2572.83,2.43,0.0944,0.24,384442.0
SPX,20171030,2577.75,2572.83,2580.03,2568.25,2581.07,-8.24,-0.3192,0.46,366023.0
SPX,20171027,2570.26,2581.07,2582.98,2565.94,2560.4,20.67,0.8073,0.67,389610.0
SPX,20171026,2560.08,2560.4,2567.07,2559.8,2557.15,3.25,0.1271,0.28,389175.0
SPX,20171025,2566.52,2557.15,2567.4,2544.0,2569.13,-11.98,-0.4663,0.91,388547.0
SPX,20171024,2568.66,2569.13,2572.18,2565.58,2564.98,4.15,0.1618,0.26,343566.0
SPX,20171023,2578.08,2564.98,2578.29,2564.33,2575.21,-10.23,-0.3972,0.54,321447.0
SPX,20171020,2567.56,2575.21,2575.44,2567.56,2562.1,13.11,0.5117,0.31,339445.0
SPX,20171019,2553.39,2562.1,2562.36,2547.92,2561.26,0.84,0.0328,0.56,301952.0
SPX,20171018,2562.87,2561.26,2564.11,2559.67,2559.36,1.9,0.0742,0.17,299932.0
SPX,20171017,2557.17,2559.36,2559.71,2554.69,2557.64,1.72,0.0673,0.2,290189.0
SPX,20171016,2555.57,2557.64,2559.47,2552.64,2553.17,4.47,0.1751,0.27,291803.0
SPX,20171013,2555.66,2553.17,2557.65,2552.09,2550.93,2.24,0.0878,0.22,315047.0
SPX,20171012,2552.88,2550.93,2555.33,2548.31,2555.24,-4.31,-0.1687,0.27,315728.0
SPX,20171011,2550.62,2555.24,2555.24,2547.95,2550.64,4.6,0.1803,0.29,299132.0
SPX,20171010,2549.99,2550.64,2555.23,2544.86,2544.73,5.91,0.2322,0.41,296261.0
SPX,20171009,2551.39,2544.73,2551.82,2541.6,2549.33,-4.6,-0.1804,0.4,248694.0
SPX,20171006,2547.44,2549.33,2549.41,2543.79,2552.07,-2.74,-0.1074,0.22,289827.0
SPX,20171005,2540.86,2552.07,2552.51,2540.02,2537.74,14.33,0.5647,0.49,305973.0
SPX,20171004,2533.48,2537.74,2540.53,2531.8,2534.58,3.16,0.1247,0.34,302077.0
SPX,20171003,2530.34,2534.58,2535.13,2528.85,2529.12,5.46,0.2159,0.25,307348.0
SPX,20171002,2521.2,2529.12,2529.23,2520.4,2519.36,9.76,0.3874,0.35,322637.0
SPX,20170929,2509.96,2519.36,2519.44,2507.99,2510.06,9.3,0.3705,0.46,322026.0
SPX,20170928,2503.41,2510.06,2510.81,2502.93,2507.04,3.02,0.1205,0.31,317303.0
SPX,20170927,2503.3,2507.04,2511.75,2495.91,2496.84,10.2,0.4085,0.63,348507.0
SPX,20170926,2501.04,2496.84,2503.51,2495.12,2496.66,0.18,0.0072,0.34,307077.0
SPX,20170925,2499.39,2496.66,2502.54,2488.03,2502.22,-5.56,-0.2222,0.58,331453.0
SPX,20170922,2497.26,2502.22,2503.47,2496.54,2500.6,1.62,0.0648,0.28,287798.0
SPX,20170921,2507.16,2500.6,2507.16,2499.0,2508.24,-7.64,-0.3046,0.33,296559.0
SPX,20170920,2506.84,2508.24,2508.85,2496.67,2506.65,1.59,0.0634,0.49,358457.0
SPX,20170919,2506.29,2506.65,2507.84,2503.19,2503.87,2.78,0.111,0.19,325376.0
SPX,20170918,2502.51,2503.87,2508.32,2499.92,2500.23,3.64,0.1456,0.34,320470.0
SPX,20170915,2495.67,2500.23,2500.23,2493.16,2495.62,4.61,0.1847,0.28,486297.0
SPX,20170914,2494.56,2495.62,2498.43,2491.35,2498.37,-2.75,-0.1101,0.28,342247.0
SPX,20170913,2493.89,2498.37,2498.37,2492.14,2496.48,1.89,0.0757,0.25,337137.0
SPX,20170912,2491.94,2496.48,2496.77,2490.37,2488.11,8.37,0.3364,0.26,323428.0
SPX,20170911,2474.52,2488.11,2488.95,2474.52,2461.43,26.68,1.0839,0.59,329346.0
SPX,20170908,2462.25,2461.43,2467.11,2459.4,2465.1,-3.67,-0.1489,0.31,330836.0
SPX,20170907,2468.06,2465.1,2468.62,2460.29,2465.54,-0.44,-0.0178,0.34,336578.0
SPX,20170906,2463.83,2465.54,2469.64,2459.2,2457.85,7.69,0.3129,0.42,340020.0
SPX,20170905,2470.35,2457.85,2471.97,2446.55,2476.55,-18.7,-0.7551,1.03,350219.0
SPX,20170901,2474.42,2476.55,2480.38,2473.85,2471.65,4.9,0.1982,0.26,271278.0
SPX,20170831,2462.65,2471.65,2475.01,2462.65,2457.59,14.06,0.5721,0.5,335386.0
SPX,20170830,2446.06,2457.59,2460.31,2443.77,2446.3,11.29,0.4615,0.68,263778.0
SPX,20170829,2431.94,2446.3,2449.19,2428.2,2444.24,2.06,0.0843,0.86,273946.0
SPX,20170828,2447.35,2444.24,2449.12,2439.03,2443.05,1.19,0.0487,0.41,268292.0
SPX,20170825,2444.72,2443.05,2453.96,2442.22,2438.97,4.08,0.1673,0.48,259335.0
SPX,20170824,2447.91,2438.97,2450.39,2436.19,2444.04,-5.07,-0.2074,0.58,284968.0
SPX,20170823,2444.88,2444.04,2448.91,2441.42,2452.51,-8.47,-0.3454,0.31,279695.0
SPX,20170822,2433.75,2452.51,2454.77,2433.67,2428.37,24.14,0.9941,0.87,278099.0
SPX,20170821,2425.5,2428.37,2430.58,2417.35,2425.55,2.82,0.1163,0.55,280365.0
SPX,20170818,2427.64,2425.55,2440.27,2420.69,2430.01,-4.46,-0.1835,0.81,342697.0
SPX,20170817,2462.95,2430.01,2465.02,2430.01,2468.11,-38.1,-1.5437,1.42,316495.0
SPX,20170816,2468.63,2468.11,2474.93,2463.86,2464.61,3.5,0.142,0.45,295657.0
SPX,20170815,2468.66,2464.61,2468.9,2461.61,2465.84,-1.23,-0.0499,0.3,292243.0
SPX,20170814,2454.96,2465.84,2468.22,2454.96,2441.32,24.52,1.0044,0.54,282432.0
SPX,20170811,2441.04,2441.32,2448.09,2437.85,2438.21,3.11,0.1276,0.42,316183.0
SPX,20170810,2465.38,2438.21,2465.38,2437.75,2474.02,-35.81,-1.4474,1.12,363582.0
SPX,20170809,2465.35,2474.02,2474.41,2462.08,2474.92,-0.9,-0.0364,0.5,331096.0
SPX,20170808,2478.35,2474.92,2490.87,2470.32,2480.91,-5.99,-0.2414,0.83,334748.0
SPX,20170807,2477.14,2480.91,2480.95,2475.88,2476.83,4.08,0.1647,0.2,293513.0
SPX,20170804,2476.88,2476.83,2480.0,2472.08,2472.16,4.67,0.1889,0.32,323998.0
SPX,20170803,2476.03,2472.16,2476.03,2468.85,2477.57,-5.41,-0.2184,0.29,366241.0
SPX,20170802,2480.38,2477.57,2480.38,2466.48,2476.35,1.22,0.0493,0.56,348715.0
SPX,20170801,2477.1,2476.35,2478.51,2471.14,2470.3,6.05,0.2449,0.3,347026.0
SPX,20170731,2475.94,2470.3,2477.96,2468.53,2472.1,-1.8,-0.0728,0.38,347593.0
SPX,20170728,2469.12,2472.1,2473.53,2464.66,2475.42,-3.32,-0.1341,0.36,330285.0
SPX,20170727,2482.76,2475.42,2484.04,2459.93,2477.83,-2.41,-0.0973,0.97,403574.0
SPX,20170726,2479.97,2477.83,2481.69,2474.94,2477.13,0.7,0.0283,0.27,359783.0
SPX,20170725,2477.88,2477.13,2481.24,2474.91,2469.91,7.22,0.2923,0.26,411636.0
SPX,20170724,2472.04,2469.91,2473.1,2466.32,2472.54,-2.63,-0.1064,0.27,301992.0
SPX,20170721,2467.4,2472.54,2472.54,2465.06,2473.45,-0.91,-0.0368,0.3,306688.0
SPX,20170720,2475.56,2473.45,2477.62,2468.43,2473.83,-0.38,-0.0154,0.37,322382.0
SPX,20170719,2463.85,2473.83,2473.83,2463.85,2460.61,13.22,0.5373,0.41,306381.0
SPX,20170718,2455.88,2460.61,2460.92,2450.34,2459.14,1.47,0.0598,0.43,297409.0
SPX,20170717,2459.5,2459.14,2462.82,2457.16,2459.27,-0.13,-0.0053,0.23,280058.0
SPX,20170714,2449.16,2459.27,2463.54,2446.69,2447.83,11.44,0.4674,0.69,273846.0
SPX,20170713,2444.99,2447.83,2449.32,2441.69,2443.25,4.58,0.1875,0.31,306851.0
SPX,20170712,2435.75,2443.25,2445.76,2435.75,2425.53,17.72,0.7306,0.41,317690.0
SPX,20170711,2427.35,2425.53,2429.3,2412.79,2427.43,-1.9,-0.0783,0.68,310880.0
SPX,20170710,2424.51,2427.43,2432.0,2422.27,2425.18,2.25,0.0928,0.4,300988.0
SPX,20170707,2413.52,2425.18,2426.92,2413.52,2409.75,15.43,0.6403,0.56,292939.0
SPX,20170706,2423.44,2409.75,2424.28,2407.7,2432.54,-22.79,-0.9369,0.68,336871.0
SPX,20170705,2430.78,2432.54,2434.9,2422.05,2429.01,3.53,0.1453,0.53,336815.0
SPX,20170703,2431.39,2429.01,2439.17,2428.69,2423.41,5.6,0.2311,0.43,190148.0
SPX,20170630,2429.2,2423.41,2432.71,2421.65,2419.7,3.71,0.1533,0.46,336603.0
SPX,20170629,2442.38,2419.7,2442.73,2405.7,2440.69,-20.99,-0.86,1.52,386956.0
SPX,20170628,2428.7,2440.69,2442.97,2428.02,2419.38,21.31,0.8808,0.62,347998.0
SPX,20170627,2436.34,2419.38,2440.15,2419.38,2439.07,-19.69,-0.8073,0.85,356477.0
SPX,20170626,2443.32,2439.07,2450.42,2437.03,2438.3,0.77,0.0316,0.55,324366.0
SPX,20170623,2434.65,2438.3,2441.4,2431.11,2434.5,3.8,0.1561,0.42,528246.0
SPX,20170622,2437.4,2434.5,2441.62,2433.27,2435.61,-1.11,-0.0456,0.34,347725.0
SPX,20170621,2439.31,2435.61,2442.23,2430.74,2437.03,-1.42,-0.0583,0.47,359919.0
SPX,20170620,2450.66,2437.03,2450.66,2436.6,2453.46,-16.43,-0.6697,0.57,342270.0
SPX,20170619,2442.55,2453.46,2453.82,2441.79,2433.15,20.31,0.8347,0.49,327148.0
SPX,20170616,2431.24,2433.15,2433.15,2422.88,2432.46,0.69,0.0284,0.42,529938.0
SPX,20170615,2424.14,2432.46,2433.95,2418.53,2437.92,-5.46,-0.224,0.63,337198.0
SPX,20170614,2443.75,2437.92,2443.75,2428.34,2440.35,-2.43,-0.0996,0.63,355864.0
SPX,20170613,2434.15,2440.35,2441.49,2431.28,2429.39,10.96,0.4511,0.42,327824.0
SPX,20170612,2425.88,2429.39,2430.38,2419.97,2431.77,-2.38,-0.0979,0.43,403184.0
SPX,20170609,2436.39,2431.77,2446.2,2415.7,2433.79,-2.02,-0.083,1.25,402986.0
SPX,20170608,2434.27,2433.79,2439.27,2427.94,2433.14,0.65,0.0267,0.47,373598.0
SPX,20170607,2432.03,2433.14,2435.28,2424.75,2429.33,3.81,0.1568,0.43,357622.0
SPX,20170606,2431.92,2429.33,2436.21,2428.12,2436.1,-6.77,-0.2779,0.33,337675.0
SPX,20170605,2437.83,2436.1,2439.55,2434.32,2439.07,-2.97,-0.1218,0.21,291672.0
SPX,20170602,2431.28,2439.07,2440.23,2427.71,2430.06,9.01,0.3708,0.52,346550.0
SPX,20170601,2415.65,2430.06,2430.06,2413.54,2411.8,18.26,0.7571,0.68,386062.0
SPX,20170531,2415.63,2411.8,2415.99,2403.59,2412.91,-1.11,-0.046,0.51,451804.0
SPX,20170530,2411.67,2412.91,2415.26,2409.43,2415.82,-2.91,-0.1205,0.24,320586.0
SPX,20170526,2414.5,2415.82,2416.68,2412.2,2415.07,0.75,0.0311,0.19,280693.0
SPX,20170525,2409.54,2415.07,2418.71,2408.01,2404.39,10.68,0.4442,0.45,353821.0
SPX,20170524,2401.41,2404.39,2405.58,2397.99,2398.42,5.97,0.2489,0.32,338924.0
SPX,20170523,2397.04,2398.42,2400.85,2393.88,2394.02,4.4,0.1838,0.29,321656.0
SPX,20170522,2387.21,2394.02,2395.46,2386.92,2381.73,12.29,0.516,0.36,317658.0
SPX,20170519,2371.37,2381.73,2389.06,2370.43,2365.72,16.01,0.6768,0.79,383170.0
SPX,20170518,2354.69,2365.72,2375.74,2352.72,2357.03,8.69,0.3687,0.98,431944.0
SPX,20170517,2382.95,2357.03,2384.87,2356.21,2400.67,-43.64,-1.8178,1.19,416476.0
SPX,20170516,2404.55,2400.67,2405.77,2396.05,2402.32,-1.65,-0.0687,0.4,342181.0
SPX,20170515,2393.98,2402.32,2404.05,2393.94,2390.9,11.42,0.4776,0.42,349008.0
SPX,20170512,2392.44,2390.9,2392.44,2387.19,2394.44,-3.54,-0.1478,0.22,330462.0
SPX,20170511,2394.84,2394.44,2395.72,2381.74,2399.63,-5.19,-0.2163,0.58,372771.0
SPX,20170510,2396.79,2399.63,2399.74,2392.79,2396.92,2.71,0.1131,0.29,364937.0
SPX,20170509,2401.58,2396.92,2403.87,2392.44,2399.38,-2.46,-0.1025,0.48,365784.0
SPX,20170508,2399.94,2399.38,2401.36,2393.92,2399.29,0.09,0.0038,0.31,342999.0
SPX,20170505,2392.37,2399.29,2399.29,2389.38,2389.52,9.77,0.4089,0.41,354324.0
SPX,20170504,2389.79,2389.52,2391.43,2380.35,2388.13,1.39,0.0582,0.46,436786.0
SPX,20170503,2386.5,2388.13,2389.82,2379.75,2391.17,-3.04,-0.1271,0.42,389676.0
SPX,20170502,2391.05,2391.17,2392.93,2385.82,2388.33,2.84,0.1189,0.3,386136.0
SPX,20170501,2388.5,2388.33,2394.49,2384.83,2384.2,4.13,0.1732,0.41,320150.0
SPX,20170428,2393.68,2384.2,2393.68,2382.36,2388.77,-4.57,-0.1913,0.47,372135.0
SPX,20170427,2389.7,2388.77,2392.1,2382.68,2387.45,1.32,0.0553,0.39,409994.0
SPX,20170426,2388.98,2387.45,2398.16,2386.76,2388.61,-1.16,-0.0486,0.48,411135.0
SPX,20170425,2381.51,2388.61,2392.48,2381.15,2374.15,14.46,0.6091,0.48,400582.0
SPX,20170424,2370.33,2374.15,2376.98,2369.19,2348.69,25.46,1.084,0.33,371117.0
SPX,20170421,2354.74,2348.69,2356.18,2344.51,2355.84,-7.15,-0.3035,0.5,352416.0
SPX,20170420,2342.69,2355.84,2361.37,2340.91,2338.17,17.67,0.7557,0.88,364899.0
SPX,20170419,2346.79,2338.17,2352.63,2335.05,2342.19,-4.02,-0.1716,0.75,352116.0
SPX,20170418,2342.53,2342.19,2348.35,2334.54,2349.01,-6.82,-0.2903,0.59,327221.0
SPX,20170417,2332.62,2349.01,2349.14,2332.51,2328.95,20.06,0.8613,0.71,282689.0
SPX,20170413,2341.98,2328.95,2348.26,2328.95,2344.93,-15.98,-0.6815,0.82,314638.0
SPX,20170412,2352.15,2344.93,2352.72,2341.18,2353.78,-8.85,-0.376,0.49,320130.0
SPX,20170411,2353.92,2353.78,2355.22,2337.25,2357.16,-3.38,-0.1434,0.76,312090.0
SPX,20170410,2357.16,2357.16,2366.37,2351.5,2355.54,1.62,0.0688,0.63,279257.0
SPX,20170407,2356.59,2355.54,2363.76,2350.74,2357.49,-1.95,-0.0827,0.55,305470.0
SPX,20170406,2353.79,2357.49,2364.16,2348.9,2352.95,4.54,0.1929,0.65,320325.0
SPX,20170405,2366.59,2352.95,2378.36,2350.52,2360.16,-7.21,-0.3055,1.18,378065.0
SPX,20170404,2354.76,2360.16,2360.53,2350.72,2358.84,1.32,0.056,0.42,320834.0
SPX,20170403,2362.34,2358.84,2365.87,2344.73,2362.72,-3.88,-0.1642,0.89,341873.0
SPX,20170331,2364.82,2362.72,2370.35,2362.6,2368.06,-5.34,-0.2255,0.33,335674.0
SPX,20170330,2361.31,2368.06,2370.42,2358.58,2361.13,6.93,0.2935,0.5,315968.0
SPX,20170329,2356.54,2361.13,2363.36,2352.94,2358.57,2.56,0.1085,0.44,310767.0
SPX,20170328,2339.79,2358.57,2363.78,2337.63,2341.59,16.98,0.7251,1.12,336912.0
SPX,20170327,2329.11,2341.59,2344.9,2322.25,2343.98,-2.39,-0.102,0.97,324230.0
SPX,20170324,2350.42,2343.98,2356.22,2335.74,2345.96,-1.98,-0.0844,0.87,297853.0
SPX,20170323,2345.97,2345.96,2358.92,2342.13,2348.45,-2.49,-0.106,0.71,326240.0
SPX,20170322,2343.0,2348.45,2351.81,2336.45,2344.02,4.43,0.189,0.66,357516.0
SPX,20170321,2379.32,2344.02,2381.93,2341.9,2373.47,-29.45,-1.2408,1.69,427889.0
SPX,20170320,2378.24,2373.47,2379.55,2369.66,2378.25,-4.78,-0.201,0.42,306156.0
SPX,20170317,2383.71,2378.25,2385.71,2377.64,2381.38,-3.13,-0.1314,0.34,517982.0
SPX,20170316,2387.71,2381.38,2388.1,2377.18,2385.26,-3.88,-0.1627,0.46,336888.0
SPX,20170315,2370.34,2385.26,2390.01,2368.94,2365.45,19.81,0.8375,0.89,390949.0
SPX,20170314,2368.55,2365.45,2368.55,2358.18,2373.47,-8.02,-0.3379,0.44,317376.0
SPX,20170313,2371.56,2373.47,2374.42,2368.52,2372.6,0.87,0.0367,0.25,316665.0
SPX,20170310,2372.52,2372.6,2376.86,2363.04,2364.87,7.73,0.3269,0.58,343440.0
SPX,20170309,2363.49,2364.87,2369.08,2354.54,2362.98,1.89,0.08,0.62,371845.0
SPX,20170308,2369.81,2362.98,2373.09,2361.01,2368.39,-5.41,-0.2284,0.51,381408.0
SPX,20170307,2370.74,2368.39,2375.12,2365.51,2375.31,-6.92,-0.2913,0.4,352630.0
SPX,20170306,2375.23,2375.31,2378.8,2367.98,2383.12,-7.81,-0.3277,0.45,325180.0
SPX,20170303,2380.92,2383.12,2383.89,2375.39,2381.92,1.2,0.0504,0.36,355667.0
SPX,20170302,2394.75,2381.92,2394.75,2380.17,2395.96,-14.04,-0.586,0.61,382403.0
SPX,20170301,2380.13,2395.96,2400.98,2380.13,2363.64,32.32,1.3674,0.88,434763.0
SPX,20170228,2366.08,2363.64,2367.79,2358.96,2369.75,-6.11,-0.2578,0.37,421246.0
SPX,20170227,2365.23,2369.75,2371.54,2361.87,2367.34,2.41,0.1018,0.41,358468.0
SPX,20170224,2355.73,2367.34,2367.34,2352.87,2363.81,3.53,0.1493,0.61,383241.0
SPX,20170223,2367.5,2363.81,2368.26,2355.09,2362.82,0.99,0.0419,0.56,402177.0
SPX,20170222,2361.11,2362.82,2365.13,2358.34,2365.38,-2.56,-0.1082,0.29,347317.0
SPX,20170221,2354.9099,2365.38,2366.71,2354.9099,2351.16,14.22,0.6048,0.5,358752.0
SPX,20170217,2343.01,2351.16,2351.16,2339.5801,2347.22,3.94,0.1679,0.49,351683.0
SPX,20170216,2349.6399,2347.22,2351.3101,2338.8701,2349.25,-2.03,-0.0864,0.53,367590.0
SPX,20170215,2335.5801,2349.25,2351.3,2334.8101,2337.58,11.67,0.4992,0.71,378587.0
SPX,20170214,2326.1201,2337.58,2337.5801,2322.1699,2328.25,9.33,0.4007,0.66,352804.0
SPX,20170213,2321.72,2328.25,2331.5801,2321.4199,2316.1,12.15,0.5246,0.44,335237.0
SPX,20170210,2312.27,2316.1,2319.23,2311.1001,2307.87,8.23,0.3566,0.35,349660.0
SPX,20170209,2296.7,2307.87,2311.0801,2296.6101,2294.67,13.2,0.5752,0.63,368160.0
SPX,20170208,2289.55,2294.67,2295.9099,2285.3799,2293.08,1.59,0.0693,0.46,361195.0
SPX,20170207,2295.8701,2293.08,2299.3999,2290.1599,2292.56,0.52,0.0227,0.4,345246.0
SPX,20170206,2294.28,2292.56,2296.1799,2288.5701,2297.42,-4.86,-0.2115,0.33,311239.0
SPX,20170203,2288.54,2297.42,2298.3101,2287.8799,2280.85,16.57,0.7265,0.46,360597.0
SPX,20170202,2276.6899,2280.85,2283.97,2271.6499,2279.55,1.3,0.057,0.54,380976.0
SPX,20170201,2285.5901,2279.55,2289.1399,2272.4399,2278.87,0.68,0.0298,0.73,391919.0
SPX,20170131,2274.02,2278.87,2279.0901,2267.21,2280.9,-2.03,-0.089,0.52,408973.0
SPX,20170130,2286.01,2280.9,2286.01,2268.04,2294.69,-13.79,-0.601,0.78,359504.0
SPX,20170127,2299.02,2294.69,2299.02,2291.6201,2296.68,-1.99,-0.0866,0.32,313742.0
SPX,20170126,2298.6299,2296.68,2300.99,2294.0801,2298.37,-1.69,-0.0735,0.3,361151.0
SPX,20170125,2288.8799,2298.37,2299.55,2288.8799,2280.07,18.3,0.8026,0.47,384934.0
SPX,20170124,2267.8799,2280.07,2284.6299,2266.6799,2265.2,14.87,0.6565,0.79,381695.0
SPX,20170123,2267.78,2265.2,2271.78,2257.02,2271.31,-6.11,-0.269,0.65,315524.0
SPX,20170120,2269.96,2271.31,2276.96,2265.01,2263.69,7.62,0.3366,0.53,353685.0
SPX,20170119,2271.8999,2263.69,2274.3301,2258.4099,2271.89,-8.2,-0.3609,0.7,316839.0
SPX,20170118,2269.1399,2271.89,2272.01,2263.3501,2267.89,4.0,0.1764,0.38,331767.0
SPX,20170117,2269.1399,2267.89,2272.0801,2262.8101,2274.64,-6.75,-0.2968,0.41,358695.0
SPX,20170113,2272.74,2274.64,2278.6799,2271.51,2270.44,4.2,0.185,0.32,309068.0
SPX,20170112,2271.1399,2270.44,2271.78,2254.25,2275.32,-4.88,-0.2145,0.77,346622.0
SPX,20170111,2268.6001,2275.32,2275.3201,2260.8301,2268.9,6.42,0.283,0.64,362508.0
SPX,20170110,2269.72,2268.9,2279.27,2265.27,2268.9,0.0,0.0,0.62,364056.0
SPX,20170109,2273.5901,2268.9,2275.49,2268.8999,2276.98,-8.08,-0.3549,0.29,321973.0
SPX,20170106,2271.1399,2276.98,2282.1001,2264.0601,2269.0,7.98,0.3517,0.8,334208.0
SPX,20170105,2268.1799,2269.0,2271.5,2260.45,2270.75,-1.75,-0.0771,0.49,378508.0
SPX,20170104,2261.6001,2270.75,2272.8201,2261.6001,2257.83,12.92,0.5722,0.5,376889.0
SPX,20170103,2251.5701,2257.83,2263.8799,2245.1299,2238.83,19.0,0.8487,0.84,377301.0
SPX,20161230,2251.6101,2238.83,2253.5801,2233.6201,2249.26,-10.43,-0.4637,0.89,267155.0
SPX,20161229,2249.5,2249.26,2254.51,2244.5601,2249.92,-0.66,-0.0293,0.44,233870.0
SPX,20161228,2270.23,2249.92,2271.3101,2249.1101,2268.88,-18.96,-0.8357,0.98,240275.0
SPX,20161227,2266.23,2268.88,2273.8201,2266.1499,2263.79,5.09,0.2248,0.34,198973.0
SPX,20161223,2260.25,2263.79,2263.79,2258.8401,2260.96,2.83,0.1252,0.22,202123.0
SPX,20161222,2262.9299,2260.96,2263.1799,2256.0801,2265.18,-4.22,-0.1863,0.31,288067.0
SPX,20161221,2270.54,2265.18,2271.23,2265.1499,2270.76,-5.58,-0.2457,0.27,285488.0
SPX,20161220,2266.5,2270.76,2272.5601,2266.1399,2262.53,8.23,0.3638,0.28,330625.0
SPX,20161219,2259.24,2262.53,2267.47,2258.21,2258.07,4.46,0.1975,0.41,325284.0
SPX,20161216,2266.8101,2258.07,2268.05,2254.24,2262.03,-3.96,-0.1751,0.61,592898.0
SPX,20161215,2253.77,2262.03,2272.1201,2253.77,2253.28,8.75,0.3883,0.81,417336.0
SPX,20161214,2268.3501,2253.28,2276.2,2248.4399,2271.72,-18.44,-0.8117,1.22,440967.0
SPX,20161213,2263.3201,2271.72,2277.53,2263.3201,2256.96,14.76,0.654,0.63,387563.0
SPX,20161212,2258.8301,2256.96,2264.03,2252.3701,2259.53,-2.57,-0.1137,0.52,403885.0
SPX,20161209,2249.73,2259.53,2259.8,2249.23,2246.19,13.34,0.5939,0.47,388646.0
SPX,20161208,2241.1299,2246.19,2251.6899,2237.5701,2241.35,4.84,0.2159,0.63,420327.0
SPX,20161207,2210.72,2241.35,2241.6299,2208.9299,2212.23,29.12,1.3163,1.48,450407.0
SPX,20161206,2207.26,2212.23,2212.78,2202.21,2204.71,7.52,0.3411,0.48,385729.0
SPX,20161205,2200.6499,2204.71,2209.4199,2199.97,2191.95,12.76,0.5821,0.43,389853.0
SPX,20161202,2191.1201,2191.95,2197.95,2188.3701,2191.08,0.87,0.0397,0.44,378237.0
SPX,20161201,2200.1699,2191.08,2202.6001,2187.4399,2198.81,-7.73,-0.3516,0.69,506747.0
SPX,20161130,2204.97,2198.81,2214.1001,2198.81,2204.66,-5.85,-0.2653,0.69,553840.0
SPX,20161129,2200.76,2204.66,2210.46,2198.1499,2201.72,2.94,0.1335,0.56,370919.0
SPX,20161128,2210.21,2201.72,2211.1399,2200.3601,2213.35,-11.63,-0.5254,0.49,351510.0
SPX,20161125,2206.27,2213.35,2213.3501,2206.27,2204.72,8.63,0.3914,0.32,158459.0
SPX,20161123,2198.55,2204.72,2204.72,2194.51,2202.94,1.78,0.0808,0.46,341985.0
SPX,20161122,2201.5601,2202.94,2204.8,2194.51,2198.18,4.76,0.2165,0.47,396052.0
SPX,20161121,2186.4299,2198.18,2198.7,2186.4299,2181.9,16.28,0.7461,0.56,361150.0
SPX,20161118,2186.8501,2181.9,2189.8899,2180.3799,2187.12,-5.22,-0.2387,0.43,358090.0
SPX,20161117,2178.6101,2187.12,2188.0601,2176.6499,2176.94,10.18,0.4676,0.52,381173.0
SPX,20161116,2177.53,2176.94,2179.22,2172.2,2180.39,-3.45,-0.1582,0.32,384790.0
SPX,20161115,2168.29,2180.39,2180.8401,2166.3799,2164.2,16.19,0.7481,0.67,454811.0
SPX,20161114,2165.6399,2164.2,2171.3601,2156.0801,2164.45,-0.25,-0.0116,0.71,537367.0
SPX,20161111,2162.71,2164.45,2165.9199,2152.49,2167.48,-3.03,-0.1398,0.62,499399.0
SPX,20161110,2167.49,2167.48,2182.3,2151.1699,2163.26,4.22,0.1951,1.44,645845.0
SPX,20161109,2131.5601,2163.26,2170.1001,2125.3501,2139.56,23.7,1.1077,2.09,626759.0
SPX,20161108,2129.9199,2139.56,2146.8701,2123.5601,2131.52,8.04,0.3772,1.09,392185.0
SPX,20161107,2100.5901,2131.52,2132.0,2100.5901,2085.18,46.34,2.2224,1.51,373972.0
SPX,20161104,2083.79,2085.18,2099.0701,2083.79,2088.66,-3.48,-0.1666,0.73,384191.0
SPX,20161103,2098.8,2088.66,2102.5601,2085.23,2097.94,-9.28,-0.4423,0.83,389210.0
SPX,20161102,2109.4299,2097.94,2111.76,2094.0,2111.72,-13.78,-0.6525,0.84,428912.0
SPX,20161101,2128.6799,2111.72,2131.45,2097.8501,2126.15,-14.43,-0.6787,1.58,453919.0
SPX,20161031,2129.78,2126.15,2133.25,2125.53,2126.41,-0.26,-0.0122,0.36,392656.0
SPX,20161028,2132.23,2126.41,2140.72,2119.3601,2133.04,-6.63,-0.3108,1.0,402827.0
SPX,20161027,2144.0601,2133.04,2147.1299,2132.52,2139.43,-6.39,-0.2987,0.68,420940.0
SPX,20161026,2136.97,2139.43,2145.73,2131.5901,2143.16,-3.73,-0.174,0.66,377812.0
SPX,20161025,2149.72,2143.16,2151.4399,2141.9299,2151.33,-8.17,-0.3798,0.44,375620.0
SPX,20161024,2148.5,2151.33,2154.79,2146.9099,2141.16,10.17,0.475,0.37,335995.0
SPX,20161021,2139.4299,2141.16,2142.6299,2130.0901,2141.34,-0.18,-0.0084,0.59,345639.0
SPX,20161020,2142.51,2141.34,2147.1799,2133.4399,2144.29,-2.95,-0.1376,0.64,333932.0
SPX,20161019,2140.8101,2144.29,2148.4399,2138.1499,2139.6,4.69,0.2192,0.48,336499.0
SPX,20161018,2138.3101,2139.6,2144.3799,2135.49,2126.5,13.1,0.616,0.42,317294.0
SPX,20161017,2132.95,2126.5,2135.6101,2124.4299,2132.98,-6.48,-0.3038,0.52,283244.0
SPX,20161014,2139.6799,2132.98,2149.1899,2132.98,2132.55,0.43,0.0202,0.76,318791.0
SPX,20161013,2130.26,2132.55,2138.1899,2114.72,2139.18,-6.63,-0.3099,1.1,353803.0
SPX,20161012,2137.6699,2139.18,2145.3601,2132.77,2136.73,2.45,0.1147,0.59,295951.0
SPX,20161011,2161.3501,2136.73,2161.5601,2128.8401,2163.66,-26.93,-1.2447,1.51,339306.0
SPX,20161010,2160.3899,2163.66,2169.6001,2160.3899,2153.74,9.92,0.4606,0.43,288197.0
SPX,20161007,2164.1899,2153.74,2165.8601,2144.8501,2160.77,-7.03,-0.3253,0.97,357877.0
SPX,20161006,2158.22,2160.77,2162.9299,2150.28,2159.73,1.04,0.0482,0.59,343804.0
SPX,20161005,2155.1499,2159.73,2163.95,2155.1499,2150.49,9.24,0.4297,0.41,388371.0
SPX,20161004,2163.3701,2150.49,2165.46,2144.01,2161.2,-10.71,-0.4956,0.99,371610.0
SPX,20161003,2164.3301,2161.2,2164.4099,2154.77,2168.27,-7.07,-0.3261,0.44,311385.0
SPX,20160930,2156.51,2168.27,2175.3,2156.51,2151.13,17.14,0.7968,0.87,415880.0
SPX,20160929,2168.8999,2151.13,2172.6699,2145.2,2171.37,-20.24,-0.9321,1.27,421562.0
SPX,20160928,2161.8501,2171.37,2172.3999,2151.79,2159.93,11.44,0.5296,0.95,386039.0
SPX,20160927,2146.04,2159.93,2161.1299,2141.55,2146.1,13.83,0.6444,0.91,341409.0
SPX,20160926,2158.54,2146.1,2158.54,2145.04,2164.69,-18.59,-0.8588,0.62,319991.0
SPX,20160923,2173.29,2164.69,2173.75,2163.97,2177.18,-12.49,-0.5737,0.45,328986.0
SPX,20160922,2170.9399,2177.18,2179.99,2170.9399,2163.12,14.06,0.65,0.42,352386.0
SPX,20160921,2144.5801,2163.12,2165.1101,2139.5701,2139.76,23.36,1.0917,1.19,368545.0
SPX,20160920,2145.9399,2139.76,2150.8,2139.1699,2139.12,0.64,0.0299,0.54,311738.0
SPX,20160919,2143.99,2139.12,2153.6101,2135.9099,2139.16,-0.04,-0.0019,0.83,314182.0
SPX,20160916,2146.48,2139.16,2146.48,2131.2,2147.26,-8.1,-0.3772,0.71,501436.0
SPX,20160915,2125.3601,2147.26,2151.3101,2122.3601,2125.77,21.49,1.0109,1.36,337372.0
SPX,20160914,2127.8601,2125.77,2141.3301,2119.8999,2127.02,-1.25,-0.0588,1.01,366410.0
SPX,20160913,2150.47,2127.02,2150.47,2120.27,2159.04,-32.02,-1.4831,1.4,414167.0
SPX,20160912,2120.8601,2159.04,2163.3,2119.1201,2127.81,31.23,1.4677,2.08,401048.0
SPX,20160909,2169.0801,2127.81,2169.0801,2127.81,2181.3,-53.49,-2.4522,1.89,423396.0
SPX,20160908,2182.76,2181.3,2184.9399,2177.49,2186.16,-4.86,-0.2223,0.34,372784.0
SPX,20160907,2185.1699,2186.16,2187.8701,2179.0701,2186.48,-0.32,-0.0146,0.4,331942.0
SPX,20160906,2181.6101,2186.48,2186.5701,2175.1001,2179.98,6.5,0.2982,0.53,344765.0
SPX,20160902,2177.49,2179.98,2184.8701,2173.5901,2170.86,9.12,0.4201,0.52,309112.0
SPX,20160901,2171.3301,2170.86,2173.5601,2157.0901,2170.95,-0.09,-0.0041,0.76,339212.0
SPX,20160831,2173.5601,2170.95,2173.79,2161.3501,2176.12,-5.17,-0.2376,0.57,376639.0
SPX,20160830,2179.45,2176.12,2182.27,2170.4099,2180.38,-4.26,-0.1954,0.54,300680.0
SPX,20160829,2170.1899,2180.38,2183.48,2170.1899,2169.04,11.34,0.5228,0.61,265478.0
SPX,20160826,2175.1001,2169.04,2187.9399,2160.3899,2172.47,-3.43,-0.1579,1.27,334234.0
SPX,20160825,2173.29,2172.47,2179.0,2169.74,2175.44,-2.97,-0.1365,0.43,296931.0
SPX,20160824,2185.0901,2175.44,2186.6599,2171.25,2186.9,-11.46,-0.524,0.7,314828.0
SPX,20160823,2187.8101,2186.9,2193.4199,2186.8,2182.64,4.26,0.1952,0.3,304149.0
SPX,20160822,2181.5801,2182.64,2185.1499,2175.96,2183.87,-1.23,-0.0563,0.42,277755.0
SPX,20160819,2184.24,2183.87,2185.0,2175.1299,2187.02,-3.15,-0.144,0.45,308480.0
SPX,20160818,2181.8999,2187.02,2187.03,2180.46,2182.22,4.8,0.22,0.3,330057.0
SPX,20160817,2177.8401,2182.22,2183.0801,2168.5,2178.15,4.07,0.1869,0.67,338891.0
SPX,20160816,2186.24,2178.15,2186.24,2178.1399,2190.15,-12.0,-0.5479,0.37,319640.0
SPX,20160815,2186.0801,2190.15,2193.8101,2186.0801,2184.05,6.1,0.2793,0.35,307853.0
SPX,20160812,2183.74,2184.05,2186.28,2179.4199,2185.79,-1.74,-0.0796,0.31,300066.0
SPX,20160811,2177.97,2185.79,2188.45,2177.97,2175.49,10.3,0.4735,0.48,342316.0
SPX,20160810,2182.8101,2175.49,2183.4099,2172.0,2181.74,-6.25,-0.2865,0.52,325495.0
SPX,20160809,2182.24,2181.74,2187.6599,2178.6101,2180.89,0.85,0.039,0.41,333430.0
SPX,20160808,2183.76,2180.89,2185.4399,2177.8501,2182.87,-1.98,-0.0907,0.35,332755.0
SPX,20160805,2168.79,2182.87,2182.8701,2168.79,2164.25,18.62,0.8603,0.65,366307.0
SPX,20160804,2163.51,2164.25,2168.1899,2159.0701,2163.79,0.46,0.0213,0.42,370920.0
SPX,20160803,2156.8101,2163.79,2163.79,2152.5601,2157.03,6.76,0.3134,0.52,378653.0
SPX,20160802,2169.9399,2157.03,2170.2,2147.5801,2170.84,-13.81,-0.6362,1.04,384875.0
SPX,20160801,2173.1499,2170.84,2178.29,2166.21,2173.6,-2.76,-0.127,0.56,350599.0
SPX,20160729,2168.8301,2173.6,2177.0901,2163.49,2170.06,3.54,0.1631,0.63,403884.0
SPX,20160728,2166.05,2170.06,2172.8501,2159.74,2166.58,3.48,0.1606,0.61,366424.0
SPX,20160727,2169.8101,2166.58,2174.98,2159.0701,2169.18,-2.6,-0.1199,0.73,399550.0
SPX,20160726,2168.97,2169.18,2173.54,2160.1799,2168.48,0.7,0.0323,0.62,344235.0
SPX,20160725,2173.71,2168.48,2173.71,2161.95,2175.03,-6.55,-0.3011,0.54,305724.0
SPX,20160722,2166.47,2175.03,2175.1101,2163.24,2165.17,9.86,0.4554,0.55,302328.0
SPX,20160721,2172.9099,2165.17,2174.5601,2159.75,2173.02,-7.85,-0.3612,0.68,343890.0
SPX,20160720,2166.1001,2173.02,2175.6299,2164.8899,2163.78,9.24,0.427,0.5,321186.0
SPX,20160719,2163.79,2163.78,2164.6299,2159.01,2166.89,-3.11,-0.1435,0.26,296834.0
SPX,20160718,2162.04,2166.89,2168.3501,2159.6299,2161.74,5.15,0.2382,0.4,300931.0
SPX,20160715,2165.1299,2161.74,2169.05,2155.79,2163.75,-2.01,-0.0929,0.61,312260.0
SPX,20160714,2157.8799,2163.75,2168.99,2157.8799,2152.43,11.32,0.5259,0.52,346561.0
SPX,20160713,2153.8101,2152.43,2156.45,2146.21,2152.14,0.29,0.0135,0.48,350232.0
SPX,20160712,2139.5,2152.14,2155.3999,2139.5,2137.16,14.98,0.7009,0.74,409782.0
SPX,20160711,2131.72,2137.16,2143.1599,2131.72,2129.9,7.26,0.3409,0.54,325334.0
SPX,20160708,2106.97,2129.9,2131.71,2106.97,2097.9,32.0,1.5253,1.18,360750.0
SPX,20160707,2100.4199,2097.9,2109.0801,2089.3899,2099.73,-1.83,-0.0872,0.94,360455.0
SPX,20160706,2084.4299,2099.73,2100.72,2074.02,2088.55,11.18,0.5353,1.28,390938.0
SPX,20160705,2095.05,2088.55,2095.05,2080.8601,2102.95,-14.4,-0.6848,0.67,365838.0
SPX,20160701,2099.3401,2102.95,2108.71,2097.8999,2098.86,4.09,0.1949,0.52,345889.0
SPX,20160630,2073.1699,2098.86,2098.9399,2070.0,2070.77,28.09,1.3565,1.4,462282.0
SPX,20160629,2042.6899,2070.77,2073.1299,2042.6899,2036.09,34.68,1.7033,1.5,424174.0
SPX,20160628,2006.67,2036.09,2036.09,2006.67,2000.54,35.55,1.777,1.47,438581.0
SPX,20160627,2031.45,2000.54,2031.45,1991.6801,2037.41,-36.87,-1.8097,1.95,543122.0
SPX,20160624,2103.8101,2037.41,2103.8101,2032.5699,2113.32,-75.91,-3.592,3.37,759745.0
SPX,20160623,2092.8,2113.32,2113.3201,2092.8,2085.45,27.87,1.3364,0.98,329794.0
SPX,20160622,2089.75,2085.45,2099.71,2084.3601,2088.9,-3.45,-0.1652,0.73,316816.0
SPX,20160621,2085.1899,2088.9,2093.6599,2083.02,2083.25,5.65,0.2712,0.51,323288.0
SPX,20160620,2075.5801,2083.25,2100.6599,2075.5801,2071.22,12.03,0.5808,1.21,346744.0
SPX,20160617,2078.2,2071.22,2078.2,2062.8401,2077.99,-6.77,-0.3258,0.74,495263.0
SPX,20160616,2066.3601,2077.99,2079.6201,2050.3701,2071.5,6.49,0.3133,1.41,362828.0
SPX,20160615,2077.6001,2071.5,2085.6499,2069.8,2075.32,-3.82,-0.1841,0.76,354472.0
SPX,20160614,2076.6499,2075.32,2081.3,2064.1001,2079.06,-3.74,-0.1799,0.83,375977.0
SPX,20160613,2091.75,2079.06,2098.1201,2078.46,2096.07,-17.01,-0.8115,0.94,339203.0
SPX,20160610,2109.5701,2096.07,2109.5701,2089.96,2115.48,-19.41,-0.9175,0.93,351501.0
SPX,20160609,2115.6499,2115.48,2117.6399,2107.73,2119.12,-3.64,-0.1718,0.47,329032.0
SPX,20160608,2112.71,2119.12,2120.55,2112.71,2112.13,6.99,0.3309,0.37,356206.0
SPX,20160607,2110.1799,2112.13,2119.22,2110.1799,2109.41,2.72,0.1289,0.43,353473.0
SPX,20160606,2100.8301,2109.41,2113.3601,2100.8301,2099.13,10.28,0.4897,0.6,344202.0
SPX,20160603,2104.0701,2099.13,2104.0701,2085.3601,2105.26,-6.13,-0.2912,0.89,362778.0
SPX,20160602,2097.71,2105.26,2105.26,2088.5901,2099.33,5.93,0.2825,0.79,363272.0
SPX,20160601,2093.9399,2099.33,2100.97,2085.1001,2096.96,2.37,0.113,0.76,352517.0
SPX,20160531,2100.1299,2096.96,2103.48,2088.6599,2099.06,-2.1,-0.1,0.71,451441.0
SPX,20160527,2090.0601,2099.06,2099.0601,2090.0601,2090.1,8.96,0.4287,0.43,307915.0
SPX,20160526,2091.4399,2090.1,2094.3,2087.0801,2090.54,-0.44,-0.021,0.35,323099.0
SPX,20160525,2078.9299,2090.54,2094.73,2078.9299,2076.06,14.48,0.6975,0.76,385916.0
SPX,20160524,2052.6499,2076.06,2079.6699,2052.6499,2048.04,28.02,1.3681,1.32,362734.0
SPX,20160523,2052.23,2048.04,2055.5801,2047.26,2052.32,-4.28,-0.2085,0.41,305548.0
SPX,20160520,2041.88,2052.32,2058.3501,2041.88,2040.04,12.28,0.6019,0.81,350765.0
SPX,20160519,2044.21,2040.04,2044.21,2025.91,2047.63,-7.59,-0.3707,0.89,384677.0
SPX,20160518,2044.38,2047.63,2060.6101,2034.49,2047.21,0.42,0.0205,1.28,410132.0
SPX,20160517,2065.04,2047.21,2065.6899,2040.8199,2066.66,-19.45,-0.9411,1.2,410896.0
SPX,20160516,2046.53,2066.66,2071.8799,2046.53,2046.61,20.05,0.9797,1.24,350136.0
SPX,20160513,2062.5,2046.61,2066.79,2043.13,2064.11,-17.5,-0.8478,1.15,357988.0
SPX,20160512,2067.1699,2064.11,2073.99,2053.1299,2064.46,-0.35,-0.017,1.01,378239.0
SPX,20160511,2083.29,2064.46,2083.29,2064.46,2084.39,-19.93,-0.9562,0.9,382198.0
SPX,20160510,2062.6299,2084.39,2084.8701,2062.6299,2058.69,25.7,1.2484,1.08,360020.0
SPX,20160509,2057.55,2058.69,2064.1499,2054.3101,2057.14,1.55,0.0753,0.48,378862.0
SPX,20160506,2047.77,2057.14,2057.72,2039.45,2050.63,6.51,0.3175,0.89,379635.0
SPX,20160505,2052.95,2050.63,2060.23,2045.77,2051.12,-0.49,-0.0239,0.7,400853.0
SPX,20160504,2060.3,2051.12,2060.3,2045.55,2063.37,-12.25,-0.5937,0.71,405856.0
SPX,20160503,2077.1799,2063.37,2077.1799,2054.8899,2081.43,-18.06,-0.8677,1.07,417339.0
SPX,20160502,2067.1699,2081.43,2083.4199,2066.1101,2065.3,16.13,0.781,0.84,384111.0
SPX,20160429,2071.8201,2065.3,2073.8501,2052.28,2075.81,-10.51,-0.5063,1.04,470472.0
SPX,20160428,2090.9299,2075.81,2099.3,2071.6201,2095.15,-19.34,-0.9231,1.32,430984.0
SPX,20160427,2092.3301,2095.15,2099.8899,2082.3101,2091.7,3.45,0.1649,0.84,410011.0
SPX,20160426,2089.8401,2091.7,2096.8701,2085.8,2087.79,3.91,0.1873,0.53,355719.0
SPX,20160425,2089.3701,2087.79,2089.3701,2077.52,2091.58,-3.79,-0.1812,0.57,331974.0
SPX,20160422,2091.49,2091.58,2094.3201,2081.2,2091.48,0.1,0.0048,0.63,379058.0
SPX,20160421,2102.0901,2091.48,2103.78,2088.52,2102.4,-10.92,-0.5194,0.73,417529.0
SPX,20160420,2101.52,2102.4,2111.05,2096.3201,2100.8,1.6,0.0762,0.7,418488.0
SPX,20160419,2096.05,2100.8,2104.05,2091.6799,2094.34,6.46,0.3085,0.59,389683.0
SPX,20160418,2078.8301,2094.34,2094.6599,2073.6499,2080.73,13.61,0.6541,1.01,331688.0
SPX,20160415,2083.1001,2080.73,2083.22,2076.3101,2082.78,-2.05,-0.0984,0.33,370145.0
SPX,20160414,2082.8899,2082.78,2087.8401,2078.1299,2082.42,0.36,0.0173,0.47,376587.0
SPX,20160413,2065.9199,2082.42,2083.1799,2065.9199,2061.72,20.7,1.004,0.84,419183.0
SPX,20160412,2043.72,2061.72,2065.05,2039.74,2041.99,19.73,0.9662,1.24,423974.0
SPX,20160411,2050.23,2041.99,2062.9299,2041.88,2047.6,-5.61,-0.274,1.03,356784.0
SPX,20160408,2045.54,2047.6,2060.6299,2041.6899,2041.91,5.69,0.2787,0.93,335953.0
SPX,20160407,2063.01,2041.91,2063.01,2033.8,2066.66,-24.75,-1.1976,1.41,380125.0
SPX,20160406,2045.5601,2066.66,2067.3301,2043.09,2045.17,21.49,1.0508,1.19,375080.0
SPX,20160405,2062.5,2045.17,2062.5,2042.5601,2066.13,-20.96,-1.0145,0.97,415492.0
SPX,20160404,2073.1899,2066.13,2074.02,2062.5701,2072.78,-6.65,-0.3208,0.55,348571.0
SPX,20160401,2056.6201,2072.78,2075.0701,2043.98,2059.74,13.04,0.6331,1.51,374999.0
SPX,20160331,2063.77,2059.74,2067.9199,2057.46,2063.95,-4.21,-0.204,0.51,371528.0
SPX,20160330,2058.27,2063.95,2072.21,2058.27,2055.01,8.94,0.435,0.68,359031.0
SPX,20160329,2035.75,2055.01,2055.9099,2028.3101,2037.05,17.96,0.8817,1.35,382233.0
SPX,20160328,2037.89,2037.05,2042.67,2031.96,2035.94,1.11,0.0545,0.53,280909.0
SPX,20160324,2032.48,2035.94,2036.04,2022.49,2036.71,-0.77,-0.0378,0.67,340772.0
SPX,20160323,2048.55,2036.71,2048.55,2034.86,2049.8,-13.09,-0.6386,0.67,363951.0
SPX,20160322,2048.6399,2049.8,2056.6001,2040.5699,2051.6,-1.8,-0.0877,0.78,341846.0
SPX,20160321,2047.88,2051.6,2053.9099,2043.14,2049.58,2.02,0.0986,0.53,337660.0
SPX,20160318,2041.16,2049.58,2052.3601,2041.16,2040.59,8.99,0.4406,0.55,650314.0
SPX,20160317,2026.9,2040.59,2046.24,2022.16,2027.22,13.37,0.6595,1.19,453048.0
SPX,20160316,2014.24,2027.22,2032.02,2010.04,2015.93,11.29,0.56,1.09,405702.0
SPX,20160315,2015.27,2015.93,2015.9399,2005.23,2019.64,-3.71,-0.1837,0.53,356028.0
SPX,20160314,2019.27,2019.64,2024.5699,2012.05,2022.19,-2.55,-0.1261,0.62,348785.0
SPX,20160311,1994.71,2022.19,2022.37,1994.71,1989.57,32.62,1.6396,1.39,407862.0
SPX,20160310,1990.97,1989.57,2005.08,1969.25,1989.26,0.31,0.0156,1.8,437679.0
SPX,20160309,1981.4399,1989.26,1992.6899,1979.84,1979.26,10.0,0.5052,0.65,403812.0
SPX,20160308,1996.88,1979.26,1996.88,1977.4301,2001.76,-22.5,-1.124,0.97,464165.0
SPX,20160307,1996.11,2001.76,2006.12,1989.38,1999.99,1.77,0.0885,0.84,496818.0
SPX,20160304,1994.01,1999.99,2009.13,1986.77,1993.4,6.59,0.3306,1.12,604993.0
SPX,20160303,1985.6,1993.4,1993.6899,1977.37,1986.45,6.95,0.3499,0.82,508170.0
SPX,20160302,1976.6,1986.45,1986.51,1968.8,1978.35,8.1,0.4094,0.9,466661.0
SPX,20160301,1937.09,1978.35,1978.35,1937.09,1932.23,46.12,2.3869,2.14,481975.0
SPX,20160229,1947.13,1932.23,1958.27,1931.8101,1948.05,-15.82,-0.8121,1.36,458818.0
SPX,20160226,1954.95,1948.05,1962.96,1945.78,1951.7,-3.65,-0.187,0.88,434851.0
SPX,20160225,1931.87,1951.7,1951.83,1925.41,1929.8,21.9,1.1348,1.37,411821.0
SPX,20160224,1917.5601,1929.8,1932.08,1891.0,1921.27,8.53,0.444,2.14,431725.0
SPX,20160223,1942.38,1921.27,1942.38,1919.4399,1945.5,-24.23,-1.2454,1.18,389065.0
SPX,20160222,1924.4399,1945.5,1946.7,1924.4399,1917.78,27.72,1.4454,1.16,405471.0
SPX,20160219,1916.74,1917.78,1918.78,1902.17,1917.83,-0.05,-0.0026,0.87,414285.0
SPX,20160218,1927.5699,1917.83,1930.0,1915.09,1926.82,-8.99,-0.4666,0.77,443649.0
SPX,20160217,1898.8,1926.82,1930.6801,1898.8,1895.58,31.24,1.648,1.68,501154.0
SPX,20160216,1871.4399,1895.58,1895.77,1871.4399,1864.78,30.8,1.6517,1.3,457067.0
SPX,20160212,1833.4,1864.78,1864.78,1833.4,1829.08,35.7,1.9518,1.72,469692.0
SPX,20160211,1847.0,1829.08,1847.0,1810.1,1851.86,-22.78,-1.2301,1.99,550080.0
SPX,20160210,1857.1,1851.86,1881.6,1850.3199,1852.21,-0.35,-0.0189,1.69,447117.0
SPX,20160209,1848.46,1852.21,1868.25,1834.9399,1853.44,-1.23,-0.0664,1.8,518322.0
SPX,20160208,1873.25,1853.44,1873.25,1828.46,1880.05,-26.61,-1.4154,2.38,563646.0
SPX,20160205,1913.0699,1880.05,1913.0699,1872.65,1915.45,-35.4,-1.8481,2.11,492994.0
SPX,20160204,1911.67,1915.45,1927.35,1900.52,1912.53,2.92,0.1527,1.4,519332.0
SPX,20160203,1907.0699,1912.53,1918.01,1872.23,1903.03,9.5,0.4992,2.41,517295.0
SPX,20160202,1935.26,1903.03,1935.26,1897.29,1939.38,-36.35,-1.8743,1.96,446319.0
SPX,20160201,1936.9399,1939.38,1947.2,1920.3,1940.24,-0.86,-0.0443,1.39,432253.0
SPX,20160129,1894.0,1940.24,1940.24,1894.0,1893.36,46.88,2.476,2.44,549757.0
SPX,20160128,1885.22,1893.36,1902.96,1873.65,1882.95,10.41,0.5529,1.56,469301.0
SPX,20160127,1902.52,1882.95,1916.99,1872.7,1903.63,-20.68,-1.0863,2.33,475404.0
SPX,20160126,1878.79,1903.63,1906.73,1878.79,1877.08,26.55,1.4144,1.49,435794.0
SPX,20160125,1906.28,1877.08,1906.28,1875.97,1906.9,-29.82,-1.5638,1.59,440138.0
SPX,20160122,1877.4,1906.9,1908.85,1877.4,1868.99,37.91,2.0284,1.68,490176.0
SPX,20160121,1861.46,1868.99,1889.85,1848.98,1859.33,9.66,0.5195,2.2,507881.0
SPX,20160120,1876.1801,1859.33,1876.1801,1812.29,1881.33,-22.0,-1.1694,3.4,641607.0
SPX,20160119,1888.66,1881.33,1901.4399,1864.6,1880.33,1.0,0.0532,1.96,492835.0
SPX,20160115,1916.6801,1880.33,1916.6801,1857.83,1921.84,-41.51,-2.1599,3.06,546846.0
SPX,20160114,1891.6801,1921.84,1934.47,1878.9301,1890.28,31.56,1.6696,2.94,524111.0
SPX,20160113,1940.34,1890.28,1950.33,1886.41,1938.68,-48.4,-2.4965,3.3,508703.0
SPX,20160112,1927.83,1938.68,1947.38,1914.35,1923.67,15.01,0.7803,1.72,488726.0
SPX,20160111,1926.12,1923.67,1935.65,1901.1,1922.03,1.64,0.0853,1.8,460729.0
SPX,20160108,1945.97,1922.03,1960.4,1918.46,1943.09,-21.06,-1.0838,2.16,466494.0
SPX,20160107,1985.3199,1943.09,1985.3199,1938.83,1990.26,-47.17,-2.37,2.34,507659.0
SPX,20160106,2011.71,1990.26,2011.71,1979.05,2016.71,-26.45,-1.3115,1.62,433666.0
SPX,20160105,2013.78,2016.71,2021.9399,2004.17,2012.66,4.05,0.2012,0.88,370662.0
SPX,20160104,2038.2,2012.66,2038.2,1989.6801,2043.94,-31.28,-1.5304,2.37,430488.0
SPX,20151231,2060.5901,2043.94,2062.54,2043.62,2063.36,-19.42,-0.9412,0.92,265533.0
SPX,20151230,2077.3401,2063.36,2077.3401,2061.97,2078.36,-15.0,-0.7217,0.74,236743.0
SPX,20151229,2060.54,2078.36,2081.5601,2060.54,2056.5,21.86,1.063,1.02,254200.0
SPX,20151228,2057.77,2056.5,2057.77,2044.2,2060.99,-4.49,-0.2179,0.66,249251.0
SPX,20151224,2063.52,2060.99,2067.3601,2058.73,2064.29,-3.3,-0.1599,0.42,141186.0
SPX,20151223,2042.2,2064.29,2064.73,2042.2,2038.97,25.32,1.2418,1.1,348409.0
SPX,20151222,2023.15,2038.97,2042.74,2020.49,2021.15,17.82,0.8817,1.1,352086.0
SPX,20151221,2010.27,2021.15,2022.9,2005.9301,2005.55,15.6,0.7778,0.85,376028.0
SPX,20151218,2040.8101,2005.55,2040.8101,2005.33,2041.89,-36.34,-1.7797,1.74,668307.0
SPX,20151217,2073.76,2041.89,2076.3701,2041.66,2073.07,-31.18,-1.5041,1.67,432739.0
SPX,20151216,2046.5,2073.07,2076.72,2042.4301,2043.41,29.66,1.4515,1.68,463545.0
SPX,20151215,2025.55,2043.41,2053.8701,2025.55,2021.94,21.47,1.0619,1.4,435354.0
SPX,20151214,2013.37,2021.94,2022.92,1993.26,2012.37,9.57,0.4756,1.47,461244.0
SPX,20151211,2047.27,2012.37,2047.27,2008.8,2052.23,-39.86,-1.9423,1.87,430106.0
SPX,20151210,2047.9301,2052.23,2067.6499,2045.67,2047.62,4.61,0.2251,1.07,371515.0
SPX,20151209,2061.1699,2047.62,2080.3301,2036.53,2063.59,-15.97,-0.7739,2.12,438525.0
SPX,20151208,2073.3899,2063.59,2073.8501,2052.3201,2077.07,-13.48,-0.649,1.04,417357.0
SPX,20151207,2090.4199,2077.07,2090.4199,2066.78,2091.69,-14.62,-0.699,1.13,404382.0
SPX,20151204,2051.24,2091.69,2093.8401,2051.24,2049.62,42.07,2.0526,2.08,421491.0
SPX,20151203,2080.71,2049.62,2085.0,2042.35,2079.51,-29.89,-1.4374,2.05,430649.0
SPX,20151202,2101.71,2079.51,2104.27,2077.1101,2102.63,-23.12,-1.0996,1.29,395064.0
SPX,20151201,2082.9299,2102.63,2103.3701,2082.9299,2080.41,22.22,1.0681,0.98,371212.0
SPX,20151130,2090.95,2080.41,2093.8101,2080.4099,2090.11,-9.7,-0.4641,0.64,427503.0
SPX,20151127,2088.8201,2090.11,2093.29,2084.1299,2088.87,1.24,0.0594,0.44,146684.0
SPX,20151125,2089.3,2088.87,2093.0,2086.3,2089.14,-0.27,-0.0129,0.32,285294.0
SPX,20151124,2084.4199,2089.14,2094.1201,2070.29,2086.59,2.55,0.1222,1.14,388493.0
SPX,20151123,2089.4099,2086.59,2095.6101,2081.3899,2089.17,-2.58,-0.1235,0.68,358798.0
SPX,20151120,2082.8201,2089.17,2097.0601,2082.8201,2081.24,7.93,0.381,0.68,392960.0
SPX,20151119,2083.7,2081.24,2086.74,2078.76,2083.58,-2.34,-0.1123,0.38,362811.0
SPX,20151118,2051.99,2083.58,2085.3101,2051.99,2050.44,33.14,1.6162,1.63,392639.0
SPX,20151117,2053.6699,2050.44,2066.6899,2045.9,2053.19,-2.75,-0.1339,1.01,442735.0
SPX,20151116,2022.08,2053.19,2053.22,2019.39,2023.04,30.15,1.4903,1.67,374124.0
SPX,20151113,2044.64,2023.04,2044.64,2022.02,2045.97,-22.93,-1.1207,1.11,427875.0
SPX,20151112,2072.29,2045.97,2072.29,2045.66,2075.0,-29.03,-1.399,1.28,401637.0
SPX,20151111,2083.4099,2075.0,2086.9399,2074.8501,2081.72,-6.72,-0.3228,0.58,369241.0
SPX,20151110,2077.1899,2081.72,2083.6699,2069.9099,2078.58,3.14,0.1511,0.66,382144.0
SPX,20151109,2096.5601,2078.58,2096.5601,2068.24,2099.2,-20.62,-0.9823,1.35,388235.0
SPX,20151106,2098.6001,2099.2,2101.9099,2083.74,2099.93,-0.73,-0.0348,0.87,436902.0
SPX,20151105,2101.6799,2099.93,2108.78,2090.4099,2102.31,-2.38,-0.1132,0.87,405189.0
SPX,20151104,2110.6001,2102.31,2114.5901,2096.98,2109.79,-7.48,-0.3545,0.83,407887.0
SPX,20151103,2102.6299,2109.79,2116.48,2097.51,2104.05,5.74,0.2728,0.9,427206.0
SPX,20151102,2080.76,2104.05,2106.2,2080.76,2079.36,24.69,1.1874,1.22,376002.0
SPX,20151030,2090.0,2079.36,2094.3201,2079.3401,2089.41,-10.05,-0.481,0.72,425620.0
SPX,20151029,2088.3501,2089.41,2092.52,2082.6299,2090.35,-0.94,-0.045,0.47,400894.0
SPX,20151028,2066.48,2090.35,2090.3501,2063.1101,2065.89,24.46,1.184,1.32,469811.0
SPX,20151027,2068.75,2065.89,2070.3701,2058.8401,2071.18,-5.29,-0.2554,0.56,421688.0
SPX,20151026,2075.0801,2071.18,2075.1399,2066.53,2075.15,-3.97,-0.1913,0.41,338580.0
SPX,20151023,2058.1899,2075.15,2079.74,2058.1899,2052.51,22.64,1.103,1.05,410846.0
SPX,20151022,2021.88,2052.51,2055.2,2021.88,2018.94,33.57,1.6628,1.65,443085.0
SPX,20151021,2033.47,2018.94,2037.97,2017.22,2030.77,-11.83,-0.5825,1.02,362779.0
SPX,20151020,2033.13,2030.77,2039.12,2026.61,2033.66,-2.89,-0.1421,0.62,333150.0
SPX,20151019,2031.73,2033.66,2034.45,2022.3101,2033.11,0.55,0.0271,0.6,328732.0
SPX,20151016,2024.37,2033.11,2033.54,2020.46,2023.86,9.25,0.457,0.65,359543.0
SPX,20151015,1996.47,2023.86,2024.15,1996.47,1994.24,29.62,1.4853,1.39,374629.0
SPX,20151014,2003.66,1994.24,2009.5601,1990.73,2003.69,-9.45,-0.4716,0.94,364459.0
SPX,20151013,2015.0,2003.69,2022.34,2001.78,2017.46,-13.77,-0.6825,1.02,340192.0
SPX,20151012,2015.65,2017.46,2018.66,2010.55,2014.89,2.57,0.1276,0.4,289325.0
SPX,20151009,2013.73,2014.89,2020.13,2007.61,2013.43,1.46,0.0725,0.62,370690.0
SPX,20151008,1994.01,2013.43,2016.5,1987.53,1995.83,17.6,0.8818,1.45,393914.0
SPX,20151007,1982.34,1995.83,1999.3101,1976.4399,1979.92,15.91,0.8036,1.16,466647.0
SPX,20151006,1986.63,1979.92,1991.62,1971.99,1987.05,-7.13,-0.3588,0.99,420240.0
SPX,20151005,1954.33,1987.05,1989.17,1954.33,1951.36,35.69,1.829,1.79,433449.0
SPX,20151002,1921.77,1951.36,1951.36,1893.7,1923.82,27.54,1.4315,3.0,437857.0
SPX,20151001,1919.65,1923.82,1927.21,1900.7,1920.03,3.79,0.1974,1.38,398360.0
SPX,20150930,1887.14,1920.03,1920.53,1887.14,1884.09,35.94,1.9076,1.77,452507.0
SPX,20150929,1881.9,1884.09,1899.48,1871.91,1881.77,2.32,0.1233,1.47,413239.0
SPX,20150928,1929.1801,1881.77,1929.1801,1879.21,1931.34,-49.57,-2.5666,2.59,432666.0
SPX,20150925,1935.9301,1931.34,1952.89,1921.5,1932.24,-0.9,-0.0466,1.62,372187.0
SPX,20150924,1934.8101,1932.24,1937.17,1908.92,1938.76,-6.52,-0.3363,1.46,409153.0
SPX,20150923,1943.24,1938.76,1949.52,1932.5699,1942.74,-3.98,-0.2049,0.87,319053.0
SPX,20150922,1961.39,1942.74,1961.39,1929.22,1966.97,-24.23,-1.2318,1.64,380826.0
SPX,20150921,1960.84,1966.97,1979.64,1955.8,1958.03,8.94,0.4566,1.22,326935.0
SPX,20150918,1989.66,1958.03,1989.66,1953.45,1990.2,-32.17,-1.6164,1.82,602124.0
SPX,20150917,1995.33,1990.2,2020.86,1986.73,1995.31,-5.11,-0.2561,1.71,418379.0
SPX,20150916,1978.02,1995.31,1997.26,1977.9301,1978.09,17.22,0.8705,0.98,363068.0
SPX,20150915,1955.1,1978.09,1983.1899,1954.3,1953.03,25.06,1.2831,1.48,323986.0
SPX,20150914,1963.0601,1953.03,1963.0601,1948.27,1961.05,-8.02,-0.409,0.75,300020.0
SPX,20150911,1951.45,1961.05,1961.05,1939.1899,1952.29,8.76,0.4487,1.12,321859.0
SPX,20150910,1941.59,1952.29,1965.29,1937.1899,1942.04,10.25,0.5278,1.45,362632.0
SPX,20150909,1971.45,1942.04,1988.63,1937.88,1969.41,-27.37,-1.3898,2.58,365212.0
SPX,20150908,1927.3,1969.41,1970.42,1927.3,1921.22,48.19,2.5083,2.24,354865.0
SPX,20150904,1947.76,1921.22,1947.76,1911.21,1951.13,-29.91,-1.533,1.87,316709.0
SPX,20150903,1950.79,1951.13,1975.01,1944.72,1948.86,2.27,0.1165,1.55,352070.0
SPX,20150902,1916.52,1948.86,1948.91,1916.52,1913.85,35.01,1.8293,1.69,374262.0
SPX,20150901,1970.09,1913.85,1970.09,1903.0699,1972.18,-58.33,-2.9576,3.4,437185.0
SPX,20150831,1986.73,1972.18,1986.73,1965.98,1988.87,-16.69,-0.8392,1.04,391510.0
SPX,20150828,1986.0601,1988.87,1993.48,1975.1899,1987.66,1.21,0.0609,0.92,394908.0
SPX,20150827,1942.77,1987.66,1989.6,1942.77,1940.51,47.15,2.4298,2.41,500639.0
SPX,20150826,1872.75,1940.51,1943.09,1872.75,1867.61,72.9,3.9034,3.77,533825.0
SPX,20150825,1898.08,1867.61,1948.04,1867.08,1893.21,-25.6,-1.3522,4.28,518356.0
SPX,20150824,1965.15,1893.21,1965.15,1867.01,1970.89,-77.68,-3.9414,4.98,661269.0
SPX,20150821,2034.08,1970.89,2034.08,1970.89,2035.73,-64.84,-3.1851,3.1,501824.0
SPX,20150820,2076.6101,2035.73,2076.6101,2035.73,2079.61,-43.88,-2.11,1.97,392247.0
SPX,20150819,2095.6899,2079.61,2096.1699,2070.53,2096.92,-17.31,-0.8255,1.22,351292.0
SPX,20150818,2101.99,2096.92,2103.47,2094.1399,2102.44,-5.52,-0.2626,0.44,294999.0
SPX,20150817,2089.7,2102.44,2102.8701,2079.3,2091.54,10.9,0.5211,1.13,286769.0
SPX,20150814,2083.1499,2091.54,2092.45,2080.6101,2083.39,8.15,0.3912,0.57,279559.0
SPX,20150813,2086.1899,2083.39,2092.9299,2078.26,2086.05,-2.66,-0.1275,0.7,322130.0
SPX,20150812,2081.1001,2086.05,2089.0601,2052.0901,2084.07,1.98,0.095,1.77,426913.0
SPX,20150811,2102.6599,2084.07,2102.6599,2076.49,2104.18,-20.11,-0.9557,1.24,370888.0
SPX,20150810,2080.98,2104.18,2105.3501,2080.98,2077.57,26.61,1.2808,1.17,351446.0
SPX,20150807,2082.6101,2077.57,2082.6101,2067.9099,2083.56,-5.99,-0.2875,0.71,360232.0
SPX,20150806,2100.75,2083.56,2103.3201,2075.53,2099.84,-16.28,-0.7753,1.32,424657.0
SPX,20150805,2095.27,2099.84,2112.6599,2095.27,2093.32,6.52,0.3115,0.83,396868.0
SPX,20150804,2097.6799,2093.32,2102.51,2088.6001,2098.04,-4.72,-0.225,0.66,354671.0
SPX,20150803,2104.49,2098.04,2105.7,2087.3101,2103.84,-5.8,-0.2757,0.87,347677.0
SPX,20150731,2111.6001,2103.84,2114.24,2102.0701,2108.63,-4.79,-0.2272,0.58,368134.0
SPX,20150730,2106.78,2108.63,2110.48,2094.97,2108.57,0.06,0.0028,0.74,357941.0
SPX,20150729,2094.7,2108.57,2110.6001,2094.0801,2093.25,15.32,0.7319,0.79,403890.0
SPX,20150728,2070.75,2093.25,2095.6001,2069.0901,2067.64,25.61,1.2386,1.28,411774.0
SPX,20150727,2078.1899,2067.64,2078.1899,2063.52,2079.65,-12.01,-0.5775,0.71,383675.0
SPX,20150724,2102.24,2079.65,2106.01,2077.0901,2102.15,-22.5,-1.0703,1.38,387004.0
SPX,20150723,2114.1599,2102.15,2116.8701,2098.6299,2114.15,-12.0,-0.5676,0.86,377281.0
SPX,20150722,2118.21,2114.15,2118.51,2110.0,2119.21,-5.06,-0.2388,0.4,369407.0
SPX,20150721,2127.55,2119.21,2128.49,2115.3999,2128.28,-9.07,-0.4262,0.62,334369.0
SPX,20150720,2126.8501,2128.28,2132.8201,2123.6599,2126.64,1.64,0.0771,0.43,324587.0
SPX,20150717,2126.8,2126.64,2128.9099,2119.8799,2124.29,2.35,0.1106,0.43,336275.0
SPX,20150716,2110.55,2124.29,2124.4199,2110.55,2107.4,16.89,0.8015,0.66,322708.0
SPX,20150715,2109.01,2107.4,2114.1399,2102.49,2108.95,-1.55,-0.0735,0.55,326181.0
SPX,20150714,2099.72,2108.95,2111.98,2098.1799,2099.6,9.35,0.4453,0.66,300212.0
SPX,20150713,2080.03,2099.6,2100.6699,2080.03,2076.62,22.98,1.1066,0.99,309673.0
SPX,20150710,2052.74,2076.62,2081.3101,2052.74,2051.31,25.31,1.2338,1.39,306507.0
SPX,20150709,2049.73,2051.31,2074.28,2049.73,2046.68,4.63,0.2262,1.2,344681.0
SPX,20150708,2077.6599,2046.68,2077.6599,2044.66,2081.34,-34.66,-1.6653,1.59,360878.0
SPX,20150707,2069.52,2081.34,2083.74,2044.02,2068.76,12.58,0.6081,1.92,445866.0
SPX,20150706,2073.95,2068.76,2078.6101,2058.3999,2076.78,-8.02,-0.3862,0.97,348636.0
SPX,20150702,2078.03,2076.78,2085.0601,2071.02,2077.42,-0.64,-0.0308,0.68,299654.0
SPX,20150701,2067.0,2077.42,2082.78,2067.0,2063.11,14.31,0.6936,0.76,372726.0
SPX,20150630,2061.1899,2063.11,2074.28,2056.3201,2057.64,5.47,0.2658,0.87,407854.0
SPX,20150629,2098.6299,2057.64,2098.6299,2056.6399,2101.49,-43.85,-2.0866,2.0,367896.0
SPX,20150626,2102.6201,2101.49,2108.9199,2095.3799,2102.31,-0.82,-0.039,0.64,502547.0
SPX,20150625,2109.96,2102.31,2116.04,2101.78,2108.58,-6.27,-0.2974,0.68,321461.0
SPX,20150624,2123.6499,2108.58,2125.1001,2108.58,2124.2,-15.62,-0.7353,0.78,310248.0
SPX,20150623,2123.1599,2124.2,2128.03,2119.8899,2122.85,1.35,0.0636,0.38,309119.0
SPX,20150622,2112.5,2122.85,2129.8701,2112.5,2109.99,12.86,0.6095,0.82,303002.0
SPX,20150619,2121.0601,2109.99,2121.6399,2109.45,2121.24,-11.25,-0.5304,0.57,444981.0
SPX,20150618,2101.5801,2121.24,2126.6499,2101.5801,2100.44,20.8,0.9903,1.19,352036.0
SPX,20150617,2097.3999,2100.44,2106.79,2088.8601,2096.29,4.15,0.198,0.86,322224.0
SPX,20150616,2084.26,2096.29,2097.3999,2082.1001,2084.43,11.86,0.569,0.73,291990.0
SPX,20150615,2091.3401,2084.43,2091.3401,2072.49,2094.11,-9.68,-0.4622,0.9,306157.0
SPX,20150612,2107.4299,2094.11,2107.4299,2091.3301,2108.86,-14.75,-0.6994,0.76,271940.0
SPX,20150611,2106.24,2108.86,2115.02,2106.24,2105.2,3.66,0.1739,0.42,312860.0
SPX,20150610,2081.1201,2105.2,2108.5,2081.1201,2080.15,25.05,1.2042,1.32,341432.0
SPX,20150609,2079.0701,2080.15,2085.6201,2072.1399,2079.28,0.87,0.0418,0.65,303458.0
SPX,20150608,2092.3401,2079.28,2093.01,2079.1101,2092.83,-13.55,-0.6474,0.66,291715.0
SPX,20150605,2095.0901,2092.83,2100.99,2085.6699,2095.84,-3.01,-0.1436,0.73,324369.0
SPX,20150604,2112.3501,2095.84,2112.8899,2093.23,2114.07,-18.23,-0.8623,0.93,320005.0
SPX,20150603,2110.6399,2114.07,2121.9199,2109.6101,2109.6,4.47,0.2119,0.58,309998.0
SPX,20150602,2110.4099,2109.6,2117.5901,2099.1399,2111.73,-2.13,-0.1009,0.87,304935.0
SPX,20150601,2108.6399,2111.73,2119.1499,2102.54,2107.39,4.34,0.2059,0.79,301171.0
SPX,20150529,2120.6599,2107.39,2120.6599,2104.8899,2120.79,-13.4,-0.6318,0.74,392739.0
SPX,20150528,2122.27,2120.79,2122.27,2112.8601,2123.48,-2.69,-0.1267,0.44,298035.0
SPX,20150527,2105.1299,2123.48,2126.22,2105.1299,2104.2,19.28,0.9163,1.0,312796.0
SPX,20150526,2125.3401,2104.2,2125.3401,2099.1799,2126.06,-21.86,-1.0282,1.23,334213.0
SPX,20150522,2130.3601,2126.06,2132.1499,2126.06,2130.82,-4.76,-0.2234,0.29,257186.0
SPX,20150521,2125.55,2130.82,2134.28,2122.95,2125.85,4.97,0.2338,0.53,307046.0
SPX,20150520,2127.79,2125.85,2134.72,2122.5901,2127.83,-1.98,-0.0931,0.57,302588.0
SPX,20150519,2129.45,2127.83,2133.02,2124.5,2129.2,-1.37,-0.0643,0.4,329603.0
SPX,20150518,2121.3,2129.2,2131.78,2120.01,2122.73,6.47,0.3048,0.55,288819.0
SPX,20150515,2122.0701,2122.73,2123.8899,2116.79,2121.1,1.63,0.0768,0.33,309208.0
SPX,20150514,2100.4299,2121.1,2121.45,2100.4299,2098.48,22.62,1.0779,1.0,322574.0
SPX,20150513,2099.6201,2098.48,2110.1899,2096.04,2099.12,-0.64,-0.0305,0.67,337426.0
SPX,20150512,2102.8701,2099.12,2105.0601,2085.5701,2105.33,-6.21,-0.295,0.93,313952.0
SPX,20150511,2115.5601,2105.33,2117.6899,2104.5801,2116.1,-10.77,-0.509,0.62,299267.0
SPX,20150508,2092.1299,2116.1,2117.6599,2092.1299,2088.0,28.1,1.3458,1.22,339944.0
SPX,20150507,2079.96,2088.0,2092.8999,2074.99,2080.15,7.85,0.3774,0.86,367664.0
SPX,20150506,2091.26,2080.15,2098.4199,2067.9299,2089.46,-9.31,-0.4456,1.46,379221.0
SPX,20150505,2112.6299,2089.46,2115.24,2088.46,2114.49,-25.03,-1.1837,1.27,379395.0
SPX,20150504,2110.23,2114.49,2120.95,2110.23,2108.29,6.2,0.2941,0.51,309158.0
SPX,20150501,2087.3799,2108.29,2108.4099,2087.3799,2085.51,22.78,1.0923,1.01,337939.0
SPX,20150430,2105.52,2085.51,2105.52,2077.5901,2106.85,-21.34,-1.0129,1.33,450968.0
SPX,20150429,2112.49,2106.85,2113.6499,2097.4099,2114.76,-7.91,-0.374,0.77,407497.0
SPX,20150428,2108.3501,2114.76,2116.09,2094.8899,2108.92,5.84,0.2769,1.01,354627.0
SPX,20150427,2119.29,2108.92,2125.9199,2107.04,2117.69,-8.77,-0.4141,0.89,343875.0
SPX,20150424,2112.8,2117.69,2120.9199,2112.8,2112.93,4.76,0.2253,0.38,337578.0
SPX,20150423,2107.21,2112.93,2120.49,2103.1899,2107.96,4.97,0.2358,0.82,363667.0
SPX,20150422,2098.27,2107.96,2109.98,2091.05,2097.29,10.67,0.5088,0.9,334848.0
SPX,20150421,2102.8201,2097.29,2109.6399,2094.3799,2100.4,-3.11,-0.1481,0.73,324341.0
SPX,20150420,2084.1101,2100.4,2103.9399,2084.1101,2081.18,19.22,0.9235,0.95,300016.0
SPX,20150417,2102.5801,2081.18,2102.5801,2072.3701,2104.99,-23.81,-1.1311,1.44,362760.0
SPX,20150416,2105.96,2104.99,2111.3,2100.02,2106.63,-1.64,-0.0778,0.54,343412.0
SPX,20150415,2097.8201,2106.63,2111.9099,2097.8201,2095.84,10.79,0.5148,0.67,401376.0
SPX,20150414,2092.28,2095.84,2098.6201,2083.24,2092.43,3.41,0.163,0.74,330127.0
SPX,20150413,2102.03,2092.43,2107.6499,2092.3301,2102.06,-9.63,-0.4581,0.73,290842.0
SPX,20150410,2091.51,2102.06,2102.6101,2091.51,2091.18,10.88,0.5203,0.53,315620.0
SPX,20150409,2081.29,2091.18,2093.3101,2074.29,2081.9,9.28,0.4457,0.91,317236.0
SPX,20150408,2076.9399,2081.9,2086.6899,2073.3,2076.33,5.57,0.2683,0.64,326533.0
SPX,20150407,2080.79,2076.33,2089.8101,2076.1001,2080.62,-4.29,-0.2062,0.66,306551.0
SPX,20150406,2064.8701,2080.62,2086.99,2056.52,2066.96,13.66,0.6609,1.47,330297.0
SPX,20150402,2060.03,2066.96,2072.1699,2057.3201,2059.69,7.27,0.353,0.72,309596.0
SPX,20150401,2067.6299,2059.69,2067.6299,2048.3799,2067.89,-8.2,-0.3965,0.93,354327.0
SPX,20150331,2084.05,2067.89,2084.05,2067.04,2086.24,-18.35,-0.8796,0.82,337655.0
SPX,20150330,2064.1101,2086.24,2088.97,2064.1101,2061.02,25.22,1.2237,1.21,291769.0
SPX,20150327,2055.78,2061.02,2062.8301,2052.96,2056.15,4.87,0.2369,0.48,300855.0
SPX,20150326,2059.9399,2056.15,2067.1499,2045.5,2061.05,-4.9,-0.2377,1.05,351067.0
SPX,20150325,2093.1001,2061.05,2097.4299,2061.05,2091.5,-30.45,-1.4559,1.74,352114.0
SPX,20150324,2103.9399,2091.5,2107.6299,2091.5,2104.42,-12.92,-0.6139,0.77,318982.0
SPX,20150323,2107.99,2104.42,2114.8601,2104.4199,2108.1,-3.68,-0.1746,0.5,326796.0
SPX,20150320,2090.3201,2108.1,2113.9199,2090.3201,2089.27,18.83,0.9013,1.13,555412.0
SPX,20150319,2098.6899,2089.27,2098.6899,2085.5601,2099.5,-10.23,-0.4873,0.63,330522.0
SPX,20150318,2072.8401,2099.5,2106.8501,2061.23,2074.28,25.22,1.2158,2.2,412821.0
SPX,20150317,2080.5901,2074.28,2080.5901,2065.0801,2081.19,-6.91,-0.332,0.75,322184.0
SPX,20150316,2055.3501,2081.19,2081.4099,2055.3501,2053.4,27.79,1.3534,1.27,329560.0
SPX,20150313,2064.5601,2053.4,2064.5601,2041.17,2065.95,-12.55,-0.6075,1.13,349856.0
SPX,20150312,2041.1,2065.95,2066.4099,2041.1,2040.24,25.71,1.2601,1.24,340586.0
SPX,20150311,2044.6899,2040.24,2050.0801,2039.6899,2044.16,-3.92,-0.1918,0.51,340657.0
SPX,20150310,2076.1399,2044.16,2076.1399,2044.16,2079.43,-35.27,-1.6961,1.54,366890.0
SPX,20150309,2072.25,2079.43,2083.49,2072.21,2071.26,8.17,0.3944,0.54,334909.0
SPX,20150306,2100.9099,2071.26,2100.9099,2067.27,2101.04,-29.78,-1.4174,1.6,385357.0
SPX,20150305,2098.54,2101.04,2104.25,2095.22,2098.53,2.51,0.1196,0.43,310303.0
SPX,20150304,2107.72,2098.53,2107.72,2087.62,2107.78,-9.25,-0.4389,0.95,342111.0
SPX,20150303,2115.76,2107.78,2115.76,2098.26,2117.39,-9.61,-0.4539,0.83,326230.0
SPX,20150302,2105.23,2117.39,2117.52,2104.5,2104.5,12.89,0.6125,0.62,340949.0
SPX,20150227,2110.8799,2104.5,2112.74,2103.75,2110.74,-6.24,-0.2956,0.43,354738.0
SPX,20150226,2113.9099,2110.74,2113.9099,2103.76,2113.86,-3.12,-0.1476,0.48,340869.0
SPX,20150225,2115.3,2113.86,2119.5901,2109.8899,2115.48,-1.62,-0.0766,0.46,331234.0
SPX,20150224,2109.1001,2115.48,2117.9399,2105.8701,2109.66,5.82,0.2759,0.57,319984.0
SPX,20150223,2109.8301,2109.66,2110.05,2103.0,2110.3,-0.64,-0.0303,0.33,309368.0
SPX,20150220,2097.6499,2110.3,2110.6101,2085.4399,2097.45,12.85,0.6126,1.2,328160.0
SPX,20150219,2099.25,2097.45,2102.1299,2090.79,2099.68,-2.23,-0.1062,0.54,324710.0
SPX,20150218,2099.1599,2099.68,2100.23,2092.1499,2100.34,-0.66,-0.0314,0.38,337002.0
SPX,20150217,2096.47,2100.34,2101.3,2089.8,2096.99,3.35,0.1598,0.55,336175.0
SPX,20150213,2088.78,2096.99,2097.03,2086.7,2088.48,8.51,0.4075,0.49,352745.0
SPX,20150212,2069.98,2088.48,2088.53,2069.98,2068.53,19.95,0.9645,0.9,378835.0
SPX,20150211,2068.55,2068.53,2073.48,2057.99,2068.59,-0.06,-0.0029,0.75,359686.0
SPX,20150210,2049.3799,2068.59,2070.8601,2048.6201,2046.74,21.85,1.0676,1.09,366985.0
SPX,20150209,2053.47,2046.74,2056.1599,2041.88,2055.47,-8.73,-0.4247,0.69,354954.0
SPX,20150206,2062.28,2055.47,2072.3999,2049.97,2062.52,-7.05,-0.3418,1.09,423297.0
SPX,20150205,2043.45,2062.52,2063.55,2043.45,2041.51,21.01,1.0291,0.98,382199.0
SPX,20150204,2048.8601,2041.51,2054.74,2036.72,2050.03,-8.52,-0.4156,0.88,414192.0
SPX,20150203,2022.71,2050.03,2050.3,2022.71,2020.85,29.18,1.4439,1.37,461590.0
SPX,20150202,1996.67,2020.85,2021.66,1980.9,1994.99,25.86,1.2962,2.04,400833.0
SPX,20150130,2019.35,1994.99,2023.3199,1993.38,2021.25,-26.26,-1.2992,1.48,456865.0
SPX,20150129,2002.45,2021.25,2024.64,1989.1801,2002.16,19.09,0.9535,1.77,412714.0
SPX,20150128,2032.34,2002.16,2042.49,2001.49,2029.55,-27.39,-1.3496,2.02,406753.0
SPX,20150127,2047.86,2029.55,2047.86,2019.91,2057.09,-27.54,-1.3388,1.36,332981.0
SPX,20150126,2050.4199,2057.09,2057.6201,2040.97,2051.82,5.27,0.2568,0.81,346576.0
SPX,20150123,2062.98,2051.82,2062.98,2050.54,2063.15,-11.33,-0.5492,0.6,357356.0
SPX,20150122,2034.3,2063.15,2064.6201,2026.38,2032.12,31.03,1.527,1.88,417605.0
SPX,20150121,2020.1899,2032.12,2038.29,2012.04,2022.55,9.57,0.4732,1.3,373007.0
SPX,20150120,2020.76,2022.55,2028.9399,2004.49,2019.42,3.13,0.155,1.21,394434.0
SPX,20150116,1992.25,2019.42,2020.46,1988.12,1992.67,26.75,1.3424,1.62,405641.0
SPX,20150115,2013.75,1992.67,2021.35,1991.47,2011.27,-18.6,-0.9248,1.49,427672.0
SPX,20150114,2018.4,2011.27,2018.4,1988.4399,2023.03,-11.76,-0.5813,1.48,437868.0
SPX,20150113,2031.58,2023.03,2056.9299,2008.25,2028.26,-5.23,-0.2579,2.4,410730.0
SPX,20150112,2046.13,2028.26,2049.3,2022.58,2044.81,-16.55,-0.8094,1.31,345646.0
SPX,20150109,2063.45,2044.81,2064.4299,2038.33,2062.14,-17.33,-0.8404,1.27,336414.0
SPX,20150108,2030.61,2062.14,2064.0801,2030.61,2025.9,36.24,1.7888,1.65,393401.0
SPX,20150107,2005.55,2025.9,2029.61,2005.55,2002.61,23.29,1.163,1.2,380548.0
SPX,20150106,2022.15,2002.61,2030.25,1992.4399,2020.58,-17.97,-0.8893,1.87,446011.0
SPX,20150105,2054.4399,2020.58,2054.4399,2017.34,2058.2,-37.62,-1.8278,1.8,379912.0
SPX,20150102,2058.8999,2058.2,2072.3601,2046.04,2058.9,-0.7,-0.034,1.28,270870.0
