ts_code,trade_date,close,open,high,low,pre_close,change,pct_chg,vol,amount
000001.SH,20260821,3905.2026,3891.1751,3912.1314,3883.787,3903.721,1.4816,0.038,446895868,883423480.0986
000001.SH,20260820,3903.721,3907.2058,3925.0615,3888.0989,3894.4224,9.2986,0.2388,506633954,1018568353.1768
000001.SH,20260819,3894.4224,3952.1219,3961.1368,3879.5785,3990.3037,-95.8813,-2.4029,572191213,1218107974.0561
000001.SH,20260818,3990.3037,3979.4898,3994.1812,3955.6012,3982.6535,7.6502,0.1921,511234287,1135187666.3953
000001.SH,20260817,3982.6535,3930.1044,3983.5066,3924.4738,3927.1764,55.4771,1.4126,489834027,1112818620.627
000001.SH,20260814,3927.1764,3930.0215,3932.6405,3903.7048,3926.9648,0.2116,0.0054,499525613,990371924.2377
000001.SH,20260813,3926.9648,3957.1612,3968.4758,3924.6418,3946.6752,-19.7104,-0.4994,572793677,1164203068.5298
000001.SH,20260812,3946.6752,3933.5533,3950.6213,3927.5489,3934.0929,12.5823,0.3198,503257011,986122393.8171
000001.SH,20260811,3934.0929,3950.7078,3966.391,3930.6386,3966.5935,-32.5006,-0.8194,529490944,1066737091.8231
000001.SH,20260810,3966.5935,3943.816,3967.5919,3938.625,3940.0371,26.5564,0.674,542118110,1166893282.3538
000001.SH,20260807,3940.0371,3896.4854,3940.9347,3885.6248,3900.3523,39.6848,1.0175,564988582,1209543573.2944
000001.SH,20260806,3900.3523,3864.2734,3902.0543,3864.2734,3878.4296,21.9227,0.5652,588555280,1166818677.2252
000001.SH,20260805,3878.4296,3815.1217,3884.3971,3815.1217,3822.2846,56.145,1.4689,592155124,1208723017.752
000001.SH,20260804,3822.2846,3816.3699,3831.94,3799.5244,3809.6629,12.6217,0.3313,540324922,1008382536.9054
000001.SH,20260803,3809.6629,3812.6129,3827.6359,3797.6431,3832.2624,-22.5995,-0.5897,524516960,952256890.1023
000001.SH,20260731,3832.2624,3833.5359,3847.0926,3822.3736,3804.6926,27.5698,0.7246,597529427,1187681546.3933
000001.SH,20260730,3804.6926,3812.111,3839.3407,3767.5033,3828.469,-23.7764,-0.621,592298923,1106477266.4618
000001.SH,20260729,3828.469,3823.2931,3845.7661,3782.4811,3813.3146,15.1544,0.3974,571226391,1087407759.0961
000001.SH,20260728,3813.3146,3823.1331,3844.0118,3797.3727,3858.245,-44.9304,-1.1645,494829126,949683080.1264
000001.SH,20260727,3858.245,3808.9032,3858.3097,3793.4489,3814.1978,44.0472,1.1548,504879454,1031312143.0652
000001.SH,20260724,3814.1978,3853.6316,3861.0404,3808.6359,3876.7774,-62.5796,-1.6142,508203905,915366398.2926
000001.SH,20260723,3876.7774,3868.0871,3878.8318,3851.7058,3867.0336,9.7438,0.252,562122601,1025875517.7001
000001.SH,20260722,3867.0336,3839.6654,3884.4352,3839.6654,3864.3671,2.6665,0.069,614255215,1258148128.16
000001.SH,20260721,3864.3671,3812.1618,3864.6002,3743.3601,3796.2814,68.0857,1.7935,735021925,1396517619.5639
000001.SH,20260720,3796.2814,3791.6616,3831.6593,3741.1099,3764.1547,32.1267,0.8535,709234069,1294651895.8447
000001.SH,20260717,3764.1547,3865.3165,3869.2148,3745.1744,3882.4126,-118.2579,-3.046,650450984,1246445452.8363
000001.SH,20260716,3882.4126,3912.3812,3940.4505,3867.6012,3955.5781,-73.1655,-1.8497,535281873,1124208166.2138
000001.SH,20260715,3955.5781,3963.7267,3981.6716,3943.6953,3967.1262,-11.5481,-0.2911,576209492,1226298269.8972
000001.SH,20260714,3967.1262,3909.274,3967.1262,3869.3042,3913.794,53.3322,1.3627,579982052,1271796839.6785
000001.SH,20260713,3913.794,3966.0234,3983.0535,3900.6676,3996.1616,-82.3676,-2.0612,590907356,1334871933.909
000001.SH,20260710,3996.1616,4031.5373,4074.828,3995.8072,4036.5879,-40.4263,-1.0015,627450065,1563108691.5427
000001.SH,20260709,4036.5879,3977.5473,4040.5387,3938.8775,3970.8797,65.7082,1.6548,553063980,1364176552.6206
000001.SH,20260708,3970.8797,3996.8069,4016.0262,3967.9128,3990.2353,-19.3556,-0.4851,496229374,1192355798.2157
000001.SH,20260707,3990.2353,4019.4942,4028.5139,3971.7126,4041.2382,-51.0029,-1.2621,514453091,1196371087.8944
000001.SH,20260706,4041.2382,4059.1941,4060.0688,4005.4137,4043.6432,-2.405,-0.0595,590364903,1432112821.0992
000001.SH,20260703,4043.6432,4031.3351,4073.8802,4027.2553,4028.9038,14.7394,0.3658,602009738,1465563104.8537
000001.SH,20260702,4028.9038,4054.0857,4093.6777,4019.2147,4112.4453,-83.5415,-2.0314,656233612,1577183734.7467
000001.SH,20260701,4112.4453,4090.7598,4143.3135,4087.5354,4094.3972,18.0481,0.4408,672331791,1698487572.3128
000001.SH,20260630,4094.3972,4058.1695,4097.415,4052.17,4073.9017,20.4955,0.5031,598412203,1530325961.7252
000001.SH,20260629,4073.9017,4026.6858,4075.3343,3992.5522,4027.2648,46.6369,1.158,659199936,1666220369.4673
000001.SH,20260626,4027.2648,4098.6864,4099.7796,4007.8593,4120.2806,-93.0158,-2.2575,660108666,1621195708.6597
000001.SH,20260625,4120.2806,4103.4817,4133.0975,4093.0087,4110.8134,9.4672,0.2303,670459917,1618996555.0156
000001.SH,20260624,4110.8134,4090.1001,4117.2848,4075.4921,4106.2517,4.5617,0.1111,644527518,1514193285.0004
000001.SH,20260623,4106.2517,4153.593,4175.3476,4085.5908,4163.0965,-56.8448,-1.3654,709003913,1594542362.3801
000001.SH,20260622,4163.0965,4093.9546,4164.4178,4070.1723,4090.4813,72.6152,1.7752,743699355,1704000421.6505
000001.SH,20260618,4090.4813,4094.2301,4117.451,4080.2938,4108.0762,-17.5949,-0.4283,658116068,1560473972.7154
000001.SH,20260617,4108.0762,4074.2913,4109.9579,4073.7319,4091.8917,16.1845,0.3955,608077413,1403145909.875
000001.SH,20260616,4091.8917,4094.2124,4103.9259,4077.8702,4096.4717,-4.58,-0.1118,615668296,1369612989.6744
000001.SH,20260615,4096.4717,4053.5822,4097.1657,4051.0651,4031.5129,64.9588,1.6113,678907811,1403586231.2391
000001.SH,20260612,4031.5129,4017.8648,4060.271,4008.1769,3987.0147,44.4982,1.1161,743131092,1537401519.4247
000001.SH,20260611,3987.0147,3979.7057,3997.4777,3958.4371,3993.2258,-6.2111,-0.1555,568545244,1185554610.7341
000001.SH,20260610,3993.2258,3985.1244,4006.3127,3963.4417,4010.0307,-16.8049,-0.4191,598694739,1227070067.0914
000001.SH,20260609,4010.0307,3977.5394,4010.8715,3955.908,3959.3378,50.6929,1.2803,576570090,1173088930.4133
000001.SH,20260608,3959.3378,3938.7093,4007.493,3927.8527,4027.7362,-68.3984,-1.6982,659293555,1267277235.7119
000001.SH,20260605,4027.7362,4044.8292,4078.9317,4015.0629,4057.7811,-30.0449,-0.7404,662918577,1363887868.5149
000001.SH,20260604,4057.7811,4053.6702,4080.7178,4043.4331,4083.974,-26.1929,-0.6414,621194774,1274652182.4071
000001.SH,20260603,4083.974,4068.3408,4107.0458,4059.9067,4075.1016,8.8724,0.2177,668452583,1429755844.6078
000001.SH,20260602,4075.1016,4061.4629,4089.5747,4032.5826,4057.74,17.3616,0.4279,642244656,1280966176.1609
000001.SH,20260601,4057.74,4067.1578,4093.0405,4045.6898,4068.5691,-10.8291,-0.2662,676025806,1319801913.9509
000001.SH,20260529,4068.5691,4110.5212,4112.9553,4055.8861,4098.6358,-30.0667,-0.7336,731597710,1532067352.9818
000001.SH,20260528,4098.6358,4080.3044,4110.7821,4055.8275,4093.7266,4.9092,0.1199,621179950,1361325732.8784
000001.SH,20260527,4093.7266,4138.8053,4153.5614,4077.616,4145.373,-51.6464,-1.2459,660467399,1473449050.9979
000001.SH,20260526,4145.373,4137.3196,4150.2888,4104.4593,4152.5686,-7.1956,-0.1733,654777756,1461685377.7477
000001.SH,20260525,4152.5686,4126.3376,4153.8788,4119.7996,4112.8996,39.669,0.9645,615930861,1445655378.3924
000001.SH,20260522,4112.8996,4096.1723,4120.0875,4067.7471,4077.2765,35.6231,0.8737,589459644,1285847521.7372
000001.SH,20260521,4077.2765,4174.3772,4199.5269,4074.2167,4162.1845,-84.908,-2.04,727218701,1595726694.7148
000001.SH,20260520,4162.1845,4152.6984,4169.8468,4139.9744,4169.5378,-7.3533,-0.1764,624152035,1358926939.2202
000001.SH,20260519,4169.5378,4122.9608,4170.2887,4107.9944,4131.5276,38.0102,0.92,617611067,1306522478.0073
000001.SH,20260518,4131.5276,4120.1401,4145.6612,4108.6044,4135.3894,-3.8618,-0.0934,627233137,1315084195.4472
000001.SH,20260515,4135.3894,4174.175,4191.8068,4114.0856,4177.9175,-42.5281,-1.0179,733162357,1519240026.4587
000001.SH,20260514,4177.9175,4256.1569,4258.8631,4177.9175,4242.572,-64.6545,-1.5239,764235004,1498116800.6216
000001.SH,20260513,4242.572,4192.3145,4245.0684,4192.3145,4214.4891,28.0829,0.6663,705018739,1447463947.6851
000001.SH,20260512,4214.4891,4229.2833,4230.1839,4199.344,4225.0207,-10.5316,-0.2493,718984002,1465272590.5791
000001.SH,20260511,4225.0207,4201.3465,4229.5795,4186.0819,4179.9524,45.0683,1.0782,762736287,1584366746.2392
000001.SH,20260508,4179.9524,4163.8537,4183.0631,4154.2456,4180.0922,-0.1398,-0.0033,697019094,1331673066.1308
000001.SH,20260507,4180.0922,4168.4467,4180.2099,4163.1365,4160.1737,19.9185,0.4788,685574249,1359099509.9785
000001.SH,20260506,4160.1737,4135.4505,4166.1469,4129.9108,4112.1593,48.0144,1.1676,701177480,1465903193.4
000001.SH,20260430,4112.1593,4107.2974,4118.7552,4100.9656,4107.5144,4.6449,0.1131,656912728,1276194739.0575
000001.SH,20260429,4107.5144,4061.8221,4112.1518,4061.8221,4078.6374,28.877,0.708,614221451,1126615371.0646
000001.SH,20260428,4078.6374,4076.1431,4090.2014,4062.872,4086.3442,-7.7068,-0.1886,600507498,1113955561.9355
000001.SH,20260427,4086.3442,4074.8109,4092.8305,4071.0803,4079.9004,6.4438,0.1579,589950867,1136051921.7098
000001.SH,20260424,4079.9004,4081.0326,4092.6131,4061.1453,4093.2501,-13.3497,-0.3261,605031798,1143000195.131
000001.SH,20260423,4093.2501,4110.7883,4114.8443,4070.4598,4106.2581,-13.008,-0.3168,671166092,1234396207.6192
000001.SH,20260422,4106.2581,4074.8131,4106.8441,4074.6796,4085.0766,21.1815,0.5185,582466346,1093625892.3736
000001.SH,20260421,4085.0766,4075.8454,4086.6369,4062.1326,4082.1271,2.9495,0.0723,576689450,1033349016.2144
000001.SH,20260420,4082.1271,4053.3745,4083.1902,4051.685,4051.4254,30.7017,0.7578,589841379,1084578006.427
000001.SH,20260417,4051.4254,4043.3813,4058.6041,4038.4287,4055.5468,-4.1214,-0.1016,548791406,1013520660.2311
000001.SH,20260416,4055.5468,4030.1378,4057.8314,4028.9086,4027.2095,28.3373,0.7036,545876967,976565489.6545
000001.SH,20260415,4027.2095,4039.4711,4050.6208,4020.9039,4026.6256,0.5839,0.0145,569458589,1028851871.4524
000001.SH,20260414,4026.6256,4006.7267,4026.6256,3992.4071,3988.558,38.0676,0.9544,570259003,998435132.0197
000001.SH,20260413,3988.558,3971.1985,3991.2622,3966.1981,3986.2247,2.3333,0.0585,545781768,919436481.788
000001.SH,20260410,3986.2247,3985.464,4011.0243,3979.814,3966.1712,20.0535,0.5056,546415541,955664107.2136
000001.SH,20260409,3966.1712,3967.6296,3979.1271,3955.2458,3994.9975,-28.8263,-0.7216,541569801,902481840.1008
000001.SH,20260408,3994.9975,3930.2507,3994.9975,3926.2489,3890.1645,104.833,2.6948,644135352,1074211701.2704
000001.SH,20260407,3890.1645,3884.1505,3902.6065,3875.6843,3880.0967,10.0678,0.2595,473615076,723905837.2612
000001.SH,20260403,3880.0967,3927.5923,3929.5285,3871.3004,3919.2852,-39.1885,-0.9999,492699082,713830332.0601
000001.SH,20260402,3919.2852,3940.7989,3952.5761,3900.1164,3948.5521,-29.2669,-0.7412,544212835,811896566.9717
000001.SH,20260401,3948.5521,3939.5658,3955.943,3929.9213,3891.8605,56.6916,1.4567,564611598,897278213.909
000001.SH,20260331,3891.8605,3924.067,3948.8107,3891.8605,3923.2869,-31.4264,-0.801,606704983,891945339.5537
000001.SH,20260330,3923.2869,3884.2769,3924.2893,3872.7756,3913.7238,9.5631,0.2443,595589479,839822434.6653
000001.SH,20260327,3913.7238,3852.0936,3924.1075,3852.0936,3889.0835,24.6403,0.6336,561342963,799696430.8856
000001.SH,20260326,3889.0835,3924.9621,3937.1041,3880.5729,3931.8375,-42.754,-1.0874,615973981,848361335.0723
000001.SH,20260325,3931.8375,3892.269,3933.0613,3891.8159,3881.2797,50.5578,1.3026,688343626,967854261.2445
000001.SH,20260324,3881.2797,3849.6312,3881.4236,3807.9937,3813.2829,67.9968,1.7832,680622039,931418842.7114
000001.SH,20260323,3813.2829,3904.9513,3906.622,3794.6844,3957.0527,-143.7698,-3.6333,804738850,1086248286.0136
000001.SH,20260320,3957.0527,4004.5732,4022.7033,3955.7113,4006.5523,-49.4996,-1.2355,666798387,964863108.6287
000001.SH,20260319,4006.5523,4028.542,4042.0221,3994.1651,4062.9844,-56.4321,-1.3889,667255422,935264956.1067
000001.SH,20260318,4062.9844,4053.3052,4065.3734,4023.0295,4049.9073,13.0771,0.3229,623873102,876327491.3596
000001.SH,20260317,4049.9073,4086.2953,4108.4,4049.5801,4084.7858,-34.8785,-0.8539,678771224,951228129.2607
000001.SH,20260316,4084.7858,4092.2491,4096.1333,4048.0866,4095.4485,-10.6627,-0.2604,732227098,1037223833.9626
000001.SH,20260313,4095.4485,4117.5738,4134.0794,4086.8469,4129.1026,-33.6541,-0.815,792054764,1063918169.3964
000001.SH,20260312,4129.1026,4133.1996,4141.6488,4103.1636,4133.4331,-4.3305,-0.1048,786151182,1078215329.7731
000001.SH,20260311,4133.4331,4123.6663,4135.8392,4112.7998,4123.138,10.2951,0.2497,707727169,1063600874.3943
000001.SH,20260310,4123.138,4098.5869,4123.9578,4098.5869,4096.6023,26.5357,0.6477,674922194,1036427205.2934
000001.SH,20260309,4096.6023,4098.6987,4106.5336,4052.5454,4124.194,-27.5917,-0.669,797803556,1194106193.2084
000001.SH,20260306,4124.194,4085.8954,4129.4647,4085.8954,4108.567,15.627,0.3804,646765760,978805927.0539
000001.SH,20260305,4108.567,4109.777,4125.6166,4090.6213,4082.474,26.093,0.6391,689746535,1068043734.805
000001.SH,20260304,4082.474,4087.632,4106.0397,4055.4125,4122.676,-40.202,-0.9751,765169531,1113081986.0775
000001.SH,20260303,4122.676,4189.4079,4197.228,4116.011,4182.5909,-59.9149,-1.4325,921139170,1425790202.3362
000001.SH,20260302,4182.5909,4151.8011,4188.7702,4131.3676,4162.8815,19.7094,0.4735,861579218,1345892469.3952
000001.SH,20260227,4162.8815,4128.8974,4166.2344,4128.36,4146.6311,16.2504,0.3919,682047646,1072367831.6098
000001.SH,20260226,4146.6311,4151.068,4152.1926,4127.1531,4147.2305,-0.5994,-0.0145,651702826,1067198717.4341
000001.SH,20260225,4147.2305,4123.7808,4167.8438,4122.6987,4117.4089,29.8216,0.7243,724787214,1085969561.1741
000001.SH,20260224,4117.4089,4129.1338,4131.5499,4105.9369,4082.0726,35.3363,0.8656,566322249,938611375.9998
000001.SH,20260213,4082.0726,4115.9243,4123.8443,4079.7702,4134.0178,-51.9452,-1.2565,500799472,846808337.4621
000001.SH,20260212,4134.0178,4136.99,4140.5931,4124.1308,4131.985,2.0328,0.0492,529370116,897955034.8388
000001.SH,20260211,4131.985,4124.4277,4142.5612,4122.4283,4128.3731,3.6119,0.0875,500685278,822607547.2508
000001.SH,20260210,4128.3731,4127.7658,4134.3382,4117.5635,4123.0897,5.2834,0.1281,524620969,882201747.0438
000001.SH,20260209,4123.0897,4103.5396,4123.1587,4093.0561,4065.5834,57.5063,1.4145,572632582,949726335.9658
000001.SH,20260206,4065.5834,4040.2992,4095.0303,4029.9731,4075.9167,-10.3333,-0.2535,556709801,898655032.959
000001.SH,20260205,4075.9167,4075.0254,4088.9041,4048.939,4102.202,-26.2853,-0.6408,596722236,946988891.2706
000001.SH,20260204,4102.202,4064.6772,4104.6207,4062.6825,4067.7379,34.4641,0.8473,674254244,1063544769.9283
000001.SH,20260203,4067.7379,4043.9061,4069.4179,4002.782,4015.7464,51.9915,1.2947,637684249,1110720213.0163
000001.SH,20260202,4015.7464,4079.7075,4103.4073,4013.6557,4117.9476,-102.2012,-2.4818,732953698,1163532654.1618
000001.SH,20260130,4117.9476,4131.9929,4152.8501,4064.7769,4157.9845,-40.0369,-0.9629,804342746,1269855689.0279
000001.SH,20260129,4157.9845,4155.9185,4170.2138,4138.2992,4151.2378,6.7467,0.1625,905908371,1485795395.4162
000001.SH,20260128,4151.2378,4150.2152,4170.1468,4138.0188,4139.9041,11.3337,0.2738,823026748,1365526057.112
000001.SH,20260127,4139.9041,4125.2155,4158.8019,4101.8299,4132.6052,7.2989,0.1766,754990869,1289432378.9454
000001.SH,20260126,4132.6052,4144.7782,4160.9852,4124.7004,4136.1642,-3.559,-0.086,887439731,1451859840.0273
000001.SH,20260123,4136.1642,4130.1076,4143.7498,4120.204,4122.576,13.5882,0.3296,782115454,1336857054.8376
000001.SH,20260122,4122.576,4126.0717,4140.8378,4109.9232,4116.94,5.636,0.1369,709695409,1201764210.2374
000001.SH,20260121,4116.94,4103.5291,4135.9585,4103.5291,4113.649,3.291,0.08,666989507,1180184557.0062
000001.SH,20260120,4113.649,4116.3659,4128.9304,4080.2938,4114.0001,-0.3511,-0.0085,734362496,1221485626.2085
000001.SH,20260119,4114.0001,4090.7185,4126.5175,4090.0567,4101.9127,12.0874,0.2947,688905870,1190137813.599
000001.SH,20260116,4101.9127,4127.0632,4140.2251,4091.8106,4112.6012,-10.6885,-0.2599,763588465,1338017280.024
000001.SH,20260115,4112.6012,4106.2241,4133.0726,4096.8496,4126.0932,-13.492,-0.327,680250791,1175915097.3961
000001.SH,20260114,4126.0932,4138.6454,4190.8663,4103.6205,4138.7585,-12.6653,-0.306,952551289,1607041237.7679
000001.SH,20260113,4138.7585,4169.7041,4179.702,4126.2343,4165.287,-26.5285,-0.6369,868382717,1481574218.6134
000001.SH,20260112,4165.287,4134.893,4168.3569,4119.8793,4120.426,44.861,1.0887,839456089,1446230122.0053
000001.SH,20260109,4120.426,4086.7624,4121.7226,4083.6155,4082.9788,37.4472,0.9172,729837985,1289205972.2632
000001.SH,20260108,4082.9788,4077.715,4093.8718,4067.1216,4085.7723,-2.7935,-0.0684,666131337,1183188755.9514
000001.SH,20260107,4085.7723,4083.843,4098.7771,4069.4358,4083.6672,2.1051,0.0515,683384352,1197422798.2767
000001.SH,20260106,4083.6672,4026.0158,4083.6672,4025.088,4023.4167,60.2505,1.4975,702472270,1175768705.035
000001.SH,20260105,4023.4167,3986.9721,4025.2632,3983.5759,3968.8401,54.5766,1.3751,596950455,1067334169.2015
000001.SH,20251231,3968.8401,3968.7256,3977.5358,3955.4871,3965.1159,3.7242,0.0939,490751490,829511897.4949
000001.SH,20251230,3965.1159,3947.8707,3979.9901,3947.4187,3965.2796,-0.1637,-0.0041,525932588,887533318.5884
000001.SH,20251229,3965.2796,3964.6513,3983.9787,3956.9455,3963.6789,1.6007,0.0404,563687197,903819726.7646
000001.SH,20251226,3963.6789,3957.8326,3977.7062,3945.5238,3959.6211,4.0578,0.1025,555489592,893644363.9347
000001.SH,20251225,3959.6211,3937.7196,3964.0733,3936.0782,3940.947,18.6741,0.4738,469313093,785018650.0911
000001.SH,20251224,3940.947,3920.3466,3947.0408,3912.3107,3919.9786,20.9684,0.5349,474896447,773928624.4676
000001.SH,20251223,3919.9786,3919.1063,3937.127,3910.7449,3917.3638,2.6148,0.0667,521156952,806853443.041
000001.SH,20251222,3917.3638,3900.535,3920.0121,3900.5152,3890.4475,26.9163,0.6919,522938992,789756386.7523
000001.SH,20251219,3890.4475,3878.227,3902.6708,3871.7767,3876.3705,14.077,0.3631,513511893,738066004.8156
000001.SH,20251218,3876.3705,3857.2568,3888.2853,3856.4229,3870.2775,6.093,0.1574,461172625,704895595.1791
000001.SH,20251217,3870.2775,3822.5086,3881.7519,3817.9955,3824.8119,45.4656,1.1887,512313692,766820526.3426
000001.SH,20251216,3824.8119,3861.5145,3862.4271,3815.8444,3867.9209,-43.109,-1.1145,512494827,733294004.0204
000001.SH,20251215,3867.9209,3865.4021,3896.9769,3863.6296,3889.3457,-21.4248,-0.5509,500922790,764604815.504
000001.SH,20251212,3889.3457,3869.4127,3891.8068,3850.5968,3873.3176,16.0281,0.4138,573947130,909950905.4609
000001.SH,20251211,3873.3176,3903.8948,3904.9632,3862.821,3900.496,-27.1784,-0.6968,525658600,764350151.5785
000001.SH,20251210,3900.496,3901.1275,3906.1163,3876.4745,3909.5216,-9.0256,-0.2309,497331504,730359828.4451
000001.SH,20251209,3909.5216,3916.5087,3923.8986,3902.1278,3924.0778,-14.5562,-0.3709,524538256,781160399.409
000001.SH,20251208,3924.0778,3909.226,3936.3111,3904.7377,3902.8076,21.2702,0.545,547349789,839439003.4334
000001.SH,20251205,3902.8076,3873.1207,3907.7816,3863.3137,3875.7933,27.0143,0.697,500368768,716742448.877
000001.SH,20251204,3875.7933,3879.7417,3888.8595,3859.0491,3877.9996,-2.2063,-0.0569,445040290,623712571.5154
000001.SH,20251203,3877.9996,3894.1556,3901.696,3869.9528,3897.7116,-19.712,-0.5057,485617270,647166528.2032
000001.SH,20251202,3897.7116,3908.4559,3908.7688,3888.3275,3914.0061,-16.2945,-0.4163,455584494,627440672.4625
000001.SH,20251201,3914.0061,3894.2132,3914.4644,3890.9485,3888.5962,25.4099,0.6534,537554133,785658341.8602
000001.SH,20251128,3888.5962,3870.9438,3888.8885,3856.25,3875.2594,13.3368,0.3442,449931973,645755815.1049
000001.SH,20251127,3875.2594,3867.1971,3895.5892,3864.1311,3864.1844,11.075,0.2866,444021947,698519107.2485
000001.SH,20251126,3864.1844,3867.429,3879.9231,3861.1769,3870.0228,-5.8384,-0.1509,457589755,701019872.5289
000001.SH,20251125,3870.0228,3850.571,3882.0299,3845.1383,3836.7655,33.2573,0.8668,478727611,722788782.8195
000001.SH,20251124,3836.7655,3848.6565,3854.3305,3816.5757,3834.8908,1.8747,0.0489,504601716,715539247.3609
000001.SH,20251121,3834.8908,3896.6646,3912.0063,3834.749,3931.0512,-96.1604,-2.4462,631646251,824931134.7897
000001.SH,20251120,3931.0512,3960.6993,3967.971,3927.5124,3946.7424,-15.6912,-0.3976,534749540,711341284.0043
000001.SH,20251119,3946.7424,3937.9198,3960.0518,3930.0745,3939.8131,6.9293,0.1759,531149601,720908759.2239
000001.SH,20251118,3939.8131,3962.4437,3966.8854,3926.5885,3972.0348,-32.2217,-0.8112,594411046,790948598.3913
000001.SH,20251117,3972.0348,3988.5564,3992.4041,3958.9484,3990.4921,-18.4573,-0.4625,592017950,805733125.739
000001.SH,20251114,3990.4921,4007.1258,4034.0786,3990.3074,4029.5012,-39.0091,-0.9681,622017118,837969502.2033
000001.SH,20251113,4029.5012,3996.5143,4030.3983,3994.7712,4000.1396,29.3616,0.734,613031061,876400923.5967
000001.SH,20251112,4000.1396,3996.5648,4020.3775,3980.6756,4002.7576,-2.618,-0.0654,586193228,840467209.8901
000001.SH,20251111,4002.7576,4023.877,4024.939,3991.5156,4018.5972,-15.8396,-0.3942,581994921,858362142.5527
000001.SH,20251110,4018.5972,4001.7939,4018.6958,3990.8359,3997.5557,21.0415,0.5264,634049993,960588645.7624
000001.SH,20251107,3997.5557,3994.3167,4012.0054,3993.691,4007.7599,-10.2042,-0.2546,596507034,875486746.3911
000001.SH,20251106,4007.7599,3973.3493,4008.7991,3973.3493,3969.2483,38.5116,0.9702,627367547,930275554.3548
000001.SH,20251105,3969.2483,3922.5844,3979.7537,3922.5844,3960.186,9.0623,0.2288,614991618,827133576.9498
000001.SH,20251104,3960.186,3973.4575,3985.8822,3938.5197,3976.5207,-16.3347,-0.4108,615493792,852938368.4296
000001.SH,20251103,3976.5207,3954.0783,3977.3051,3937.0215,3954.79,21.7307,0.5495,641245945,941703699.2636
000001.SH,20251031,3954.79,3985.0641,3986.7433,3951.7308,3986.9008,-32.1108,-0.8054,675615406,1031104616.8294
000001.SH,20251030,3986.9008,4007.8207,4025.7048,3984.8284,4016.331,-29.4302,-0.7328,668485609,1070058589.3948
000001.SH,20251029,4016.331,3990.2655,4016.331,3986.9414,3988.2239,28.1071,0.7048,612917466,968215713.2639
000001.SH,20251028,3988.2239,3986.8912,4010.7275,3976.8326,3996.9445,-8.7206,-0.2182,577357684,940760864.4693
000001.SH,20251027,3996.9445,3969.2197,3999.0667,3963.1017,3950.3115,46.633,1.1805,637589545,1043404043.2035
000001.SH,20251024,3950.3115,3929.115,3950.3115,3928.9598,3922.4101,27.9014,0.7113,567858443,858491253.2107
000001.SH,20251023,3922.4101,3904.159,3926.2171,3877.5294,3913.7576,8.6525,0.2211,565189264,718931051.9724
000001.SH,20251022,3913.7576,3896.0736,3918.5924,3893.325,3916.3322,-2.5746,-0.0657,543117344,741524798.4466
000001.SH,20251021,3916.3322,3870.7488,3919.3183,3868.1453,3863.8926,52.4396,1.3572,599415713,837938398.3148
000001.SH,20251020,3863.8926,3865.5523,3877.7215,3850.3673,3839.7553,24.1373,0.6286,549261712,772503219.6318
000001.SH,20251017,3839.7553,3912.0403,3921.0648,3835.3648,3916.228,-76.4727,-1.9527,617563018,873181597.9486
000001.SH,20251016,3916.228,3900.6834,3931.05,3899.1673,3912.2095,4.0185,0.1027,595451491,869264580.4647
000001.SH,20251015,3912.2095,3867.5364,3912.2912,3857.6668,3865.2289,46.9806,1.2155,645012955,961552165.6352
000001.SH,20251014,3865.2289,3910.7825,3918.4357,3851.1209,3889.5022,-24.2733,-0.6241,800839631,1209983827.6837
000001.SH,20251013,3889.5022,3800.1055,3895.83,3800.1055,3897.0281,-7.5259,-0.1931,709506101,1085413591.3255
000001.SH,20251010,3897.0281,3915.4752,3933.0053,3886.305,3933.9724,-36.9443,-0.9391,718917673,1132127151.7345
000001.SH,20251009,3933.9724,3898.307,3936.5761,3885.7437,3882.7774,51.195,1.3185,725218501,1216888716.0622
000001.SH,20250930,3882.7774,3869.7046,3887.57,3866.2808,3862.5317,20.2457,0.5242,569734631,973274951.6486
000001.SH,20250929,3862.5317,3828.1656,3881.0023,3809.5352,3828.106,34.4257,0.8993,608466399,968212397.5721
000001.SH,20250926,3828.106,3839.8553,3856.6062,3828.106,3853.3021,-25.1961,-0.6539,551275335,927864903.4168
000001.SH,20250925,3853.3021,3852.431,3866.1058,3840.459,3853.6422,-0.3401,-0.0088,589950531,1001211369.1138
000001.SH,20250924,3853.6422,3804.4833,3854.923,3804.3279,3821.8327,31.8095,0.8323,602056670,1015707870.4547
000001.SH,20250923,3821.8327,3830.1379,3838.6059,3774.5282,3828.5764,-6.7437,-0.1761,701902868,1071697826.1381
000001.SH,20250922,3828.5764,3822.0096,3831.7404,3806.2016,3820.0894,8.487,0.2222,568325686,941799982.0649
000001.SH,20250919,3820.0894,3830.4437,3843.1696,3811.9029,3831.6562,-11.5668,-0.3019,682292613,1016348310.666
000001.SH,20250918,3831.6562,3876.0592,3899.9594,3800.9953,3876.3409,-44.6847,-1.1528,876027389,1365962423.6401
000001.SH,20250917,3876.3409,3854.0726,3882.6687,3848.9455,3861.8651,14.4758,0.3748,663434713,1006679080.9142
000001.SH,20250916,3861.8651,3865.9801,3876.6901,3838.6483,3860.5036,1.3615,0.0353,673439723,989786137.9216
000001.SH,20250915,3860.5036,3876.0974,3879.7365,3855.9725,3870.5984,-10.0948,-0.2608,644793944,986171993.9404
000001.SH,20250912,3870.5984,3875.5072,3892.7375,3866.5388,3875.3094,-4.711,-0.1216,700641784,1093807300.6635
000001.SH,20250911,3875.3094,3806.0564,3875.3094,3796.4345,3812.2212,63.0882,1.6549,617012930,1016794001.3821
000001.SH,20250910,3812.2212,3806.5842,3826.9959,3794.0574,3807.2923,4.9289,0.1295,534539825,821113584.5222
000001.SH,20250909,3807.2923,3816.6574,3834.671,3791.7243,3826.8407,-19.5484,-0.5108,600239380,917795306.2257
000001.SH,20250908,3826.8407,3811.6692,3833.143,3803.6033,3812.5143,14.3264,0.3758,660066898,1025883749.952
000001.SH,20250905,3812.5143,3761.8801,3817.1589,3745.3091,3765.8759,46.6384,1.2384,626223380,979061710.2211
000001.SH,20250904,3765.8759,3807.7571,3808.3955,3732.8404,3813.5566,-47.6807,-1.2503,710227933,1107892043.2037
000001.SH,20250903,3813.5566,3865.286,3868.3877,3794.8837,3858.1334,-44.5768,-1.1554,645668510,1012296084.0032
000001.SH,20250902,3858.1334,3877.0858,3885.3145,3828.6775,3875.5304,-17.397,-0.4489,762618833,1222777663.9974
000001.SH,20250901,3875.5304,3869.7457,3879.0453,3853.6584,3857.9274,17.603,0.4563,747709536,1208347980.8561
000001.SH,20250829,3857.9274,3842.8234,3867.6058,3839.2059,3843.5974,14.33,0.3728,739462366,1221691851.556
000001.SH,20250828,3843.5974,3796.7112,3845.0871,3761.4221,3800.3499,43.2475,1.138,788351947,1265185534.1951
000001.SH,20250827,3800.3499,3869.6116,3887.198,3800.3499,3868.382,-68.0321,-1.7587,858633499,1326848744.0182
000001.SH,20250826,3868.382,3871.471,3888.5985,3859.7575,3883.5617,-15.1797,-0.3909,734565305,1114187895.2502
000001.SH,20250825,3883.5617,3848.1629,3883.5617,3839.9724,3825.7592,57.8025,1.5109,885474802,1360903869.0367
000001.SH,20250822,3825.7592,3772.2769,3825.7592,3772.2769,3771.0989,54.6603,1.4495,698136277,1095091495.7102
000001.SH,20250821,3771.0989,3770.6757,3787.9806,3757.9918,3766.2104,4.8885,0.1298,691552959,997741900.7503
000001.SH,20250820,3766.2104,3716.6847,3767.43,3704.9912,3727.2879,38.9225,1.0443,679836426,1017500164.0639
000001.SH,20250819,3727.2879,3728.4851,3746.669,3718.1467,3728.0273,-0.7394,-0.0198,696099750,1060899235.6684
000001.SH,20250818,3728.0273,3712.4952,3745.939,3702.3802,3696.7705,31.2568,0.8455,776016669,1133941943.1577
000001.SH,20250815,3696.7705,3659.8146,3702.2553,3658.3762,3666.4426,30.3279,0.8272,678521703,960624988.909
000001.SH,20250814,3666.4426,3685.5223,3704.7715,3662.5695,3683.4648,-17.0222,-0.4621,647829587,949464273.6235
000001.SH,20250813,3683.4648,3668.6581,3688.6276,3666.5468,3665.9177,17.5471,0.4787,613528884,887022595.7193
000001.SH,20250812,3665.9177,3647.9625,3669.0384,3647.9625,3647.5467,18.371,0.5037,536623739,778161034.2482
000001.SH,20250811,3647.5467,3637.0534,3656.8517,3629.6267,3635.1281,12.4186,0.3416,551393348,751329446.7775
000001.SH,20250808,3635.1281,3634.8546,3645.3667,3625.4508,3639.6666,-4.5385,-0.1247,526407572,713569731.1415
000001.SH,20250807,3639.6666,3637.7811,3645.117,3622.5224,3633.9949,5.6717,0.1561,535501202,749699997.3363
000001.SH,20250806,3633.9949,3615.808,3634.3135,3613.9894,3617.5976,16.3973,0.4533,512467273,707221251.6075
000001.SH,20250805,3617.5976,3588.8077,3617.5976,3586.9686,3583.3088,34.2888,0.9569,499797780,656382505.1018
000001.SH,20250804,3583.3088,3547.1629,3583.3088,3547.1629,3559.9518,23.357,0.6561,458573618,639775598.4567
000001.SH,20250801,3559.9518,3568.2608,3581.7457,3550.0434,3573.2082,-13.2564,-0.371,509563080,684645226.0213
000001.SH,20250731,3573.2082,3604.6959,3606.3744,3562.6072,3615.7167,-42.5085,-1.1757,654509349,845893058.0582
000001.SH,20250730,3615.7167,3608.354,3636.1664,3593.7338,3609.7113,6.0054,0.1664,637221916,819627949.1139
000001.SH,20250729,3609.7113,3595.8099,3611.3532,3585.9435,3597.9369,11.7744,0.3273,610642058,793606423.7045
000001.SH,20250728,3597.9369,3594.2313,3606.2742,3582.1489,3593.6553,4.2816,0.1191,594187877,761265438.4323
000001.SH,20250725,3593.6553,3604.4505,3610.0287,3586.22,3605.7269,-12.0716,-0.3348,697189549,821609575.947
000001.SH,20250724,3605.7269,3578.9121,3608.7278,3577.1131,3582.298,23.4289,0.654,773265835,852239625.2565
000001.SH,20250723,3582.298,3588.8777,3613.0223,3577.5942,3581.8611,0.4369,0.0122,767672388,857045959.5341
000001.SH,20250722,3581.8611,3561.6316,3584.7185,3547.252,3559.7912,22.0699,0.62,716155230,840573441.8711
000001.SH,20250721,3559.7912,3542.8164,3560.6285,3542.5677,3534.4827,25.3085,0.716,633649736,730905862.9054
000001.SH,20250718,3534.4827,3519.4752,3536.0143,3518.2313,3516.8255,17.6572,0.5021,493484088,643627574.9286
000001.SH,20250717,3516.8255,3500.3715,3517.2847,3499.1856,3503.7769,13.0486,0.3724,472211056,609791010.2576
000001.SH,20250716,3503.7769,3502.8987,3511.8058,3489.1368,3504.9988,-1.2219,-0.0349,470878578,572419318.6503
000001.SH,20250715,3504.9988,3519.8052,3527.0379,3483.3798,3519.6498,-14.651,-0.4163,572074726,646851665.1467
000001.SH,20250714,3519.6498,3513.2515,3532.1183,3513.2515,3510.1772,9.4726,0.2699,572084705,623102482.2784
000001.SH,20250711,3510.1772,3511.3656,3555.2179,3506.7994,3509.6818,0.4954,0.0141,664185249,753549049.0707
000001.SH,20250710,3509.6818,3491.4973,3526.5899,3491.4973,3493.0495,16.6323,0.4762,564159805,613160543.9482
000001.SH,20250709,3493.0495,3498.724,3512.6687,3491.2007,3497.4753,-4.4258,-0.1265,523920088,595962525.1119
000001.SH,20250708,3497.4753,3474.6316,3499.8857,3474.6316,3473.1271,24.3482,0.701,493484773,567506524.7607
000001.SH,20250707,3473.1271,3467.9849,3474.8007,3462.7923,3472.3192,0.8079,0.0233,436631340,476197431.4228
000001.SH,20250704,3472.3192,3459.5924,3497.2248,3455.4938,3461.1506,11.1686,0.3227,500195210,567241277.895
000001.SH,20250703,3461.1506,3456.1519,3463.6198,3446.9739,3454.7924,6.3582,0.184,438543465,500211767.7562
000001.SH,20250702,3454.7924,3458.171,3461.328,3447.9557,3457.7474,-2.955,-0.0855,498116776,543130721.6941
000001.SH,20250701,3457.7474,3445.8457,3459.5866,3441.0379,3444.4256,13.3218,0.3868,444356739,553556536.1571
000001.SH,20250630,3444.4256,3423.4738,3447.46,3420.1118,3424.2267,20.1989,0.5899,457348049,567137246.0341
000001.SH,20250627,3424.2267,3450.6863,3462.6273,3421.0403,3448.4534,-24.2267,-0.7025,523129432,605731616.2577
000001.SH,20250626,3448.4534,3451.7193,3462.752,3446.1855,3455.9736,-7.5202,-0.2176,496541077,603095111.8968
000001.SH,20250625,3455.9736,3419.0914,3459.0093,3417.4105,3420.566,35.4076,1.0351,509384064,620173277.605
000001.SH,20250624,3420.566,3380.08,3423.7835,3380.08,3381.5816,38.9844,1.1528,460963800,544882077.6366
000001.SH,20250623,3381.5816,3349.4603,3389.4524,3347.6508,3359.8954,21.6862,0.6454,384561397,442789178.4695
000001.SH,20250620,3359.8954,3358.9128,3370.7984,3357.7061,3362.1082,-2.2128,-0.0658,350223662,410873272.6198
000001.SH,20250619,3362.1082,3384.2932,3386.9194,3353.9355,3388.8086,-26.7004,-0.7879,415327655,473258595.4311
000001.SH,20250618,3388.8086,3386.136,3391.7087,3369.9859,3387.4049,1.4037,0.0414,378684891,441011095.449
000001.SH,20250617,3387.4049,3388.1801,3393.3127,3376.4201,3388.7293,-1.3244,-0.0391,390012447,458038158.6783
000001.SH,20250616,3388.7293,3369.3661,3389.7563,3368.8764,3376.996,11.7333,0.3474,405383278,481594409.5263
000001.SH,20250613,3376.996,3397.4844,3401.5526,3370.5924,3402.658,-25.662,-0.7542,510065221,605384839.3912
000001.SH,20250612,3402.658,3397.972,3408.2049,3388.8657,3402.3159,0.3421,0.0101,409490610,501624560.6372
000001.SH,20250611,3402.3159,3385.4568,3413.5132,3385.4568,3384.8163,17.4996,0.517,424090313,501807385.818
000001.SH,20250610,3384.8163,3402.013,3406.4515,3365.6674,3399.7716,-14.9553,-0.4399,481618568,557427629.0048
000001.SH,20250609,3399.7716,3388.7783,3402.0503,3383.0742,3385.3579,14.4137,0.4258,427347947,511879936.9684
000001.SH,20250606,3385.3579,3384.2949,3391.451,3379.7641,3384.0985,1.2594,0.0372,380122886,452743716.1064
000001.SH,20250605,3384.0985,3378.2169,3387.7645,3371.1457,3376.2029,7.8956,0.2339,406252093,498241228.9009
000001.SH,20250604,3376.2029,3363.391,3379.6401,3363.391,3361.9755,14.2274,0.4232,386494643,446844610.6922
000001.SH,20250603,3361.9755,3340.0666,3366.9974,3340.0666,3347.4873,14.4882,0.4328,398060772,468292670.251
000001.SH,20250530,3347.4873,3358.8093,3361.2751,3341.6484,3363.4455,-15.9582,-0.4745,385602170,443358967.7226
000001.SH,20250529,3363.4455,3340.4012,3368.6334,3337.415,3339.9319,23.5136,0.704,393233806,453741382.1708
000001.SH,20250528,3339.9319,3341.8518,3348.234,3336.7273,3340.687,-0.7551,-0.0226,341555443,389341214.7082
000001.SH,20250527,3340.687,3346.5029,3351.5718,3332.4895,3346.8388,-6.1518,-0.1838,344071157,394408732.8801
000001.SH,20250526,3346.8388,3346.561,3362.307,3336.3552,3348.3717,-1.5329,-0.0458,347562101,400526568.3625
000001.SH,20250523,3348.3717,3376.8691,3389.4686,3348.3717,3380.1885,-31.8168,-0.9413,400227004,468587869.6215
000001.SH,20250522,3380.1885,3381.865,3390.5925,3376.2331,3387.5736,-7.3851,-0.218,394217206,438334515.3354
000001.SH,20250521,3387.5736,3380.2094,3394.7541,3380.2094,3380.478,7.0956,0.2099,412496165,465956993.3721
000001.SH,20250520,3380.478,3371.6886,3387.804,3369.9629,3367.5829,12.8951,0.3829,405544534,450290477.2032
000001.SH,20250519,3367.5829,3365.8823,3373.5994,3356.6483,3367.4619,0.121,0.0036,403074805,437177569.2193
000001.SH,20250516,3367.4619,3374.7061,3380.29,3356.6609,3380.8214,-13.3595,-0.3952,395401030,435647042.6642
000001.SH,20250515,3380.8214,3398.4272,3402.8656,3378.0208,3403.9481,-23.1267,-0.6794,424100916,461292249.4337
000001.SH,20250514,3403.9481,3374.2353,3417.3142,3368.0781,3374.8707,29.0774,0.8616,464934441,534872944.6268
000001.SH,20250513,3374.8707,3386.2344,3386.2344,3370.2516,3369.2445,5.6262,0.167,426240700,506608943.7803
000001.SH,20250512,3369.2445,3352.9698,3372.4724,3344.2687,3341.9989,27.2456,0.8152,418239910,522080702.3573
000001.SH,20250509,3341.9989,3350.405,3351.2198,3335.127,3351.9958,-9.9969,-0.2982,398909191,464862361.5335
000001.SH,20250508,3351.9958,3331.2052,3359.7309,3327.9024,3342.6651,9.3307,0.2791,428377766,501611375.4802
000001.SH,20250507,3342.6651,3354.9737,3356.6884,3324.8088,3316.1135,26.5516,0.8007,511159606,595230089.0568
000001.SH,20250506,3316.1135,3295.2504,3316.4476,3286.9886,3279.0314,37.0821,1.1309,474369617,551825065.6245
000001.SH,20250430,3279.0314,3284.0812,3292.2002,3277.5499,3286.6548,-7.6234,-0.232,435794335,505572584.2248
000001.SH,20250429,3286.6548,3281.4453,3294.9815,3277.6271,3288.4147,-1.7599,-0.0535,388961672,430881033.5035
000001.SH,20250428,3288.4147,3292.0559,3296.9318,3279.8773,3295.06,-6.6453,-0.2017,410665863,441916383.127
000001.SH,20250425,3295.06,3300.3916,3305.2618,3288.7545,3297.2881,-2.2281,-0.0676,411043192,445417627.3326
000001.SH,20250424,3297.2881,3295.1487,3313.5087,3286.2363,3296.3552,0.9329,0.0283,392844749,434706037.2252
000001.SH,20250423,3296.3552,3308.1514,3312.1923,3293.0633,3299.7571,-3.4019,-0.1031,411633212,486209315.161
000001.SH,20250422,3299.7571,3289.1664,3311.1529,3288.3316,3291.4341,8.323,0.2529,403167615,452675441.997
000001.SH,20250421,3291.4341,3273.1383,3298.6398,3270.0131,3276.7304,14.7037,0.4487,379307588,429391687.7598
000001.SH,20250418,3276.7304,3270.3534,3283.0896,3262.3916,3280.3412,-3.6108,-0.1101,358836193,380313472.554
000001.SH,20250417,3280.3412,3261.7177,3285.9154,3258.1451,3276.0039,4.3373,0.1324,382012698,442596764.018
000001.SH,20250416,3276.0039,3267.665,3276.0045,3233.7911,3267.6623,8.3416,0.2553,429534854,489200692.6515
000001.SH,20250415,3267.6623,3260.685,3268.9848,3246.3369,3262.8075,4.8548,0.1488,396662895,456332610.4195
000001.SH,20250414,3262.8075,3251.9779,3272.7203,3244.7327,3238.2268,24.5807,0.7591,471373220,543811431.5339
000001.SH,20250411,3238.2268,3219.5053,3249.8536,3211.3497,3223.6379,14.5889,0.4526,475531804,580791402.1937
000001.SH,20250410,3223.6379,3227.8362,3239.9408,3201.5714,3186.8099,36.828,1.1556,591208273,682356544.7556
000001.SH,20250409,3186.8099,3110.0101,3186.8099,3070.0778,3145.5491,41.2608,1.3117,684797174,755430247.4441
000001.SH,20250408,3145.5491,3094.2619,3145.5491,3085.1229,3096.5762,48.9729,1.5815,662242387,730166160.6547
000001.SH,20250407,3096.5762,3193.1024,3217.7818,3040.6932,3342.0077,-245.4315,-7.3438,662199584,735367327.4815
000001.SH,20250403,3342.0077,3319.6057,3358.4256,3319.6057,3350.1266,-8.1189,-0.2423,400517827,486510412.9864
000001.SH,20250402,3350.1266,3344.1711,3361.134,3343.1155,3348.4351,1.6915,0.0505,350127364,411666039.5179
000001.SH,20250401,3348.4351,3340.7121,3357.6215,3338.7788,3335.7462,12.6889,0.3804,422588670,499415666.0192
000001.SH,20250331,3335.7462,3343.3442,3361.7415,3317.7381,3351.3068,-15.5606,-0.4643,472571978,531475775.8441
000001.SH,20250328,3351.3068,3372.0388,3375.0528,3346.0807,3373.7489,-22.4421,-0.6652,412284289,468807615.3431
000001.SH,20250327,3373.7489,3362.7123,3394.0349,3351.1739,3368.6973,5.0516,0.15,414776314,496457111.68
000001.SH,20250326,3368.6973,3365.6658,3382.3424,3365.6658,3369.9763,-1.279,-0.038,428533770,485185602.2788
000001.SH,20250325,3369.9763,3370.0008,3379.9884,3361.0462,3370.0283,-0.052,-0.0015,456357393,516435662.209
000001.SH,20250324,3370.0283,3364.8342,3373.6936,3340.2383,3364.8307,5.1976,0.1545,513310260,586745474.406
000001.SH,20250321,3364.8307,3401.7593,3414.7094,3355.8396,3408.9482,-44.1175,-1.2942,520862630,623164007.2972
000001.SH,20250320,3408.9482,3425.2157,3427.0454,3404.662,3426.4291,-17.4809,-0.5102,451630682,565607596.5588
000001.SH,20250319,3426.4291,3424.1726,3439.0463,3414.5933,3429.7593,-3.3302,-0.0971,440316299,559970207.9068
000001.SH,20250318,3429.7593,3434.5653,3437.0654,3423.3005,3426.1285,3.6308,0.106,454916063,586338207.3255
000001.SH,20250317,3426.1285,3430.8093,3436.3516,3422.4618,3419.5616,6.5669,0.192,515685138,639349980.3611
000001.SH,20250314,3419.5616,3361.6861,3421.2333,3360.6063,3358.7285,60.8331,1.8112,582663388,750041647.1639
000001.SH,20250313,3358.7285,3371.0945,3377.1183,3341.1182,3371.9235,-13.195,-0.3913,519013479,636211623.471
000001.SH,20250312,3371.9235,3385.6853,3392.4086,3370.2204,3379.8284,-7.9049,-0.2339,502195100,648501625.8542
000001.SH,20250311,3379.8284,3335.4394,3379.8287,3334.8313,3366.163,13.6654,0.406,448468323,592285777.9471
000001.SH,20250310,3366.163,3373.2588,3375.7978,3347.1859,3372.5458,-6.3828,-0.1893,450380832,595026433.9233
000001.SH,20250307,3372.5458,3373.1808,3390.9442,3363.9288,3381.0983,-8.5525,-0.253,517663551,687879051.0044
000001.SH,20250306,3381.0983,3353.5703,3387.0538,3348.684,3341.9649,39.1334,1.171,539992709,736438106.6717
000001.SH,20250305,3341.9649,3324.6962,3342.7143,3314.1478,3324.2099,17.755,0.5341,460952696,587767599.7996
000001.SH,20250304,3324.2099,3300.498,3327.8242,3297.5304,3316.9253,7.2846,0.2196,429996111,568728427.1907
000001.SH,20250303,3316.9253,3328.3955,3349.0169,3304.5931,3320.8973,-3.972,-0.1196,502417862,643980682.9818
000001.SH,20250228,3320.8973,3374.6636,3383.1909,3318.7162,3388.0622,-67.1649,-1.9824,568319504,758054890.3593
000001.SH,20250227,3388.0622,3378.4494,3388.7808,3353.5712,3380.2144,7.8478,0.2322,575815020,774059980.112
000001.SH,20250226,3380.2144,3351.2093,3380.2144,3351.2093,3346.0398,34.1746,1.0213,553992031,747887357.8575
000001.SH,20250225,3346.0398,3345.6534,3369.5583,3337.8448,3373.0276,-26.9878,-0.8001,527578562,727509770.0701
000001.SH,20250224,3373.0276,3374.0813,3384.8106,3355.8694,3379.1128,-6.0852,-0.1801,598188203,802847050.0678
000001.SH,20250221,3379.1128,3356.6947,3381.0575,3339.0256,3350.7833,28.3295,0.8455,608190206,855656954.7735
000001.SH,20250220,3350.7833,3347.5893,3355.5571,3338.0335,3351.5392,-0.7559,-0.0226,504357114,670099045.6574
000001.SH,20250219,3351.5392,3320.7801,3352.0867,3320.5809,3324.4906,27.0486,0.8136,502912965,675146370.3795
000001.SH,20250218,3324.4906,3348.9827,3366.0119,3314.3006,3355.8296,-31.339,-0.9339,562679240,696798784.1443
000001.SH,20250217,3355.8296,3355.4171,3357.1212,3333.1948,3346.7242,9.1054,0.2721,589546569,750113054.9352
000001.SH,20250214,3346.7242,3328.483,3349.0836,3322.5289,3332.4826,14.2416,0.4274,532332965,667555376.4115
000001.SH,20250213,3332.4826,3343.2347,3359.1807,3332.4826,3346.3854,-13.9028,-0.4155,568631161,705799791.9541
000001.SH,20250212,3346.3854,3312.2572,3346.3854,3310.3904,3318.0569,28.3285,0.8538,513437828,647387578.5034
000001.SH,20250211,3318.0569,3323.6694,3324.1727,3304.4443,3322.1698,-4.1129,-0.1238,511943541,632166670.8705
000001.SH,20250210,3322.1698,3308.04,3325.3558,3299.2429,3303.6666,18.5032,0.5601,546589749,677038155.5199
000001.SH,20250207,3303.6666,3269.2269,3324.428,3262.5085,3270.6594,33.0072,1.0092,600558451,757613811.1794
000001.SH,20250206,3270.6594,3226.575,3271.4271,3225.8459,3229.4876,41.1718,1.2749,460842730,590421697.7539
000001.SH,20250205,3229.4876,3270.1604,3271.022,3220.2794,3250.6007,-21.1131,-0.6495,406388181,521103029.3444
000001.SH,20250127,3250.6007,3256.6136,3274.3924,3250.6007,3252.6264,-2.0257,-0.0623,387467642,450231535.7603
000001.SH,20250124,3252.6264,3222.8774,3260.0112,3221.7121,3230.1637,22.4627,0.6954,398653033,480685057.9732
000001.SH,20250123,3230.1637,3237.5988,3273.5203,3229.5716,3213.6237,16.54,0.5147,458246803,539800587.2266
000001.SH,20250122,3213.6237,3235.4925,3235.5013,3203.3801,3242.6226,-28.9989,-0.8943,364817518,452312867.4313
000001.SH,20250121,3242.6226,3256.8325,3258.6103,3229.0689,3244.3776,-1.755,-0.0541,384583718,468263378.8977
000001.SH,20250120,3244.3776,3256.1492,3268.2626,3238.1214,3241.8212,2.5564,0.0789,403337948,469741031.3975
000001.SH,20250117,3241.8212,3226.7616,3256.5067,3219.7734,3236.032,5.7892,0.1789,383599260,456553132.9604
000001.SH,20250116,3236.032,3239.0261,3265.2824,3217.0966,3227.1167,8.9153,0.2763,430655539,499055442.4444
000001.SH,20250115,3227.1167,3234.7152,3245.9042,3222.2359,3240.94,-13.8233,-0.4265,404723199,466216166.9437
000001.SH,20250114,3240.94,3165.1613,3245.2196,3159.432,3160.755,80.185,2.5369,469212704,538983836.0025
000001.SH,20250113,3160.755,3148.8259,3172.7,3140.9775,3168.5238,-7.7688,-0.2452,372742023,411773991.8035
000001.SH,20250110,3168.5238,3211.7068,3220.1073,3168.5238,3211.3933,-42.8695,-1.3349,403663348,465939368.0474
000001.SH,20250109,3211.3933,3220.7205,3228.9725,3205.9103,3230.1679,-18.7746,-0.5812,382943557,434445510.3302
000001.SH,20250108,3230.1679,3218.8577,3246.2908,3175.7247,3229.6439,0.524,0.0162,472864390,508148444.8637
000001.SH,20250107,3229.6439,3203.3068,3230.8529,3190.4612,3206.9228,22.7211,0.7085,409660529,436388386.572
000001.SH,20250106,3206.9228,3209.7832,3219.4877,3185.4631,3211.4299,-4.5071,-0.1403,430978403,444188212.8311
000001.SH,20250103,3211.4299,3267.0766,3273.5656,3205.7755,3262.5607,-51.1308,-1.5672,517592014,523159754.7066
000001.SH,20250102,3262.5607,3347.9392,3351.722,3242.0865,3351.763,-89.2023,-2.6614,561375199,603340526.7398
000001.SH,20241231,3351.763,3406.9652,3413.4545,3351.763,3407.3259,-55.5629,-1.6307,502731062,562584237.4311
000001.SH,20241230,3407.3259,3395.3962,3412.8414,3394.9648,3400.142,7.1839,0.2113,455262383,522245330.1695
000001.SH,20241227,3400.142,3397.2939,3418.952,3388.3215,3398.0765,2.0655,0.0608,500488130,586090438.9394
000001.SH,20241226,3398.0765,3389.3383,3401.0951,3380.255,3393.3501,4.7264,0.1393,422177271,518937022.5534
000001.SH,20241225,3393.3501,3395.1072,3406.2125,3374.0113,3393.5281,-0.178,-0.0052,471315592,522168241.8942
000001.SH,20241224,3393.5281,3353.5354,3394.9044,3352.9474,3351.2571,42.271,1.2613,471992673,530758037.565
000001.SH,20241223,3351.2571,3367.9037,3384.9918,3348.277,3368.0693,-16.8122,-0.4992,556747248,623117789.2961
000001.SH,20241220,3368.0693,3364.481,3390.6182,3362.8193,3370.0331,-1.9638,-0.0583,490964621,596821938.6438
000001.SH,20241219,3370.0331,3355.9041,3377.5321,3346.469,3382.2081,-12.175,-0.36,513909063,559130979.0003
000001.SH,20241218,3382.2081,3371.2955,3396.4603,3371.2955,3361.485,20.7231,0.6165,512524979,539790684.4202
000001.SH,20241217,3361.485,3381.8141,3396.2074,3357.7694,3386.3312,-24.8462,-0.7337,568941505,584789337.2975
000001.SH,20241216,3386.3312,3390.083,3401.9263,3376.5358,3391.8782,-5.547,-0.1635,625578996,675237492.9205
000001.SH,20241213,3391.8782,3442.9259,3442.9259,3390.7537,3461.4998,-69.6216,-2.0113,777464144,850714862.9744
000001.SH,20241212,3461.4998,3432.2786,3464.1162,3425.9755,3432.4902,29.0096,0.8451,700096689,734168982.7353
000001.SH,20241211,3432.4902,3416.0874,3437.8103,3416.0874,3422.6607,9.8295,0.2872,681544610,692929618.7028
000001.SH,20241210,3422.6607,3490.2892,3494.8669,3417.7654,3402.5343,20.1264,0.5915,794668034,860483994.8416
000001.SH,20241209,3402.5343,3402.6288,3426.6451,3385.9588,3404.0764,-1.5421,-0.0453,694905205,649443191.2954
000001.SH,20241206,3404.0764,3370.9405,3418.2608,3364.2061,3368.8553,35.2211,1.0455,698186572,685981058.1135
000001.SH,20241205,3368.8553,3353.0573,3377.055,3353.0573,3364.6498,4.2055,0.125,543885746,565551128.3282
000001.SH,20241204,3364.6498,3376.5715,3388.0241,3352.9434,3378.8063,-14.1565,-0.419,621028862,653467546.7178
000001.SH,20241203,3378.8063,3366.2853,3386.6176,3348.3742,3363.9823,14.824,0.4407,663030139,683982592.7691
000001.SH,20241202,3363.9823,3328.482,3369.3032,3323.0091,3326.4557,37.5266,1.1281,668477762,709509517.8363
000001.SH,20241129,3326.4557,3295.2096,3357.5013,3293.6899,3295.6983,30.7574,0.9333,580227102,663851511.0364
000001.SH,20241128,3295.6983,3308.2797,3319.2559,3290.3641,3309.7789,-14.0806,-0.4254,511953047,558164131.747
000001.SH,20241127,3309.7789,3250.591,3309.8805,3227.3553,3259.7572,50.0217,1.5345,511202303,571617596.0235
000001.SH,20241126,3259.7572,3256.8576,3285.3281,3252.8661,3263.7597,-4.0025,-0.1226,472219304,509490596.2608
000001.SH,20241125,3263.7597,3274.884,3285.4555,3232.9178,3267.1916,-3.4319,-0.105,538897390,596502088.2924
000001.SH,20241122,3267.1916,3368.043,3372.0034,3267.1916,3370.4039,-103.2123,-3.0623,630687790,707626460.3318
000001.SH,20241121,3370.4039,3362.9444,3378.5175,3348.8552,3367.9893,2.4146,0.0717,530331830,614517433.7001
000001.SH,20241120,3367.9893,3337.6778,3375.2482,3333.0023,3346.0098,21.9795,0.6569,566154289,627858323.157
000001.SH,20241119,3346.0098,3324.8831,3346.7577,3284.133,3323.8486,22.1612,0.6667,625024151,651575376.256
000001.SH,20241118,3323.8486,3344.6904,3386.9031,3309.0076,3330.7263,-6.8777,-0.2065,743950692,755809644.4633
000001.SH,20241115,3330.7263,3369.8092,3391.3204,3330.7263,3379.8389,-49.1126,-1.4531,630285583,745937122.4283
000001.SH,20241114,3379.8389,3429.5054,3441.7746,3376.1528,3439.2778,-59.4389,-1.7282,631556690,762884198.7843
000001.SH,20241113,3439.2778,3406.9164,3442.2983,3404.5254,3421.9701,17.3077,0.5058,673662348,829435316.9894
000001.SH,20241112,3421.9701,3469.8908,3489.4244,3402.0422,3470.0657,-48.0956,-1.386,817926524,1039600859.2871
000001.SH,20241111,3470.0657,3432.3672,3471.1222,3416.7266,3452.2971,17.7686,0.5147,818025436,1024334899.5108
000001.SH,20241108,3452.2971,3502.1331,3509.8182,3443.193,3470.6609,-18.3638,-0.5291,964034562,1107932295.5714
000001.SH,20241107,3470.6609,3359.9851,3470.6609,3356.258,3383.8062,86.8547,2.5668,959556680,1048841306.1208
000001.SH,20241106,3383.8062,3395.2217,3420.9986,3367.0812,3386.9869,-3.1807,-0.0939,895855930,1026807640.3578
000001.SH,20241105,3386.9869,3306.8098,3386.9869,3302.0472,3310.2072,76.7797,2.3195,821124902,929931429.3686
000001.SH,20241104,3310.2072,3275.6787,3310.2072,3263.8421,3272.0142,38.193,1.1673,665077454,692341763.2723
000001.SH,20241101,3272.0142,3275.5768,3305.3181,3258.7346,3279.8244,-7.8102,-0.2381,852055320,878112793.9445
000001.SH,20241031,3279.8244,3267.975,3295.7421,3252.3899,3266.2378,13.5866,0.416,784649094,864970968.9626
000001.SH,20241030,3266.2378,3273.6421,3291.6795,3244.8063,3286.407,-20.1692,-0.6137,669018090,730619786.7463
000001.SH,20241029,3286.407,3328.0885,3340.4584,3284.2108,3322.1975,-35.7905,-1.0773,725326154,806573822.2619
000001.SH,20241028,3322.1975,3300.4634,3322.1975,3279.715,3299.7003,22.4972,0.6818,672373131,717510218.0189
000001.SH,20241025,3299.7003,3280.7616,3319.3571,3276.1303,3280.2625,19.4378,0.5926,595651707,677255321.3493
000001.SH,20241024,3280.2625,3287.8243,3292.9448,3266.8823,3302.8028,-22.5403,-0.6825,519827074,585248946.9603
000001.SH,20241023,3302.8028,3285.2474,3331.0823,3277.0663,3285.8669,16.9359,0.5154,650444128,760066419.5499
000001.SH,20241022,3285.8669,3263.8224,3294.9612,3255.1375,3268.11,17.7569,0.5433,574913781,698861461.3351
000001.SH,20241021,3268.11,3276.0598,3300.664,3239.0965,3261.5633,6.5467,0.2007,668150299,855781454.0171
000001.SH,20241018,3261.5633,3165.9745,3313.9784,3152.8213,3169.3843,92.179,2.9084,693014623,827948922.1391
000001.SH,20241017,3169.3843,3220.7334,3241.5675,3169.3843,3202.948,-33.5637,-1.0479,528611772,557347351.398
000001.SH,20241016,3202.948,3169.1685,3236.848,3167.7364,3201.2919,1.6561,0.0517,515813997,533062408.932
000001.SH,20241015,3201.2919,3265.7461,3285.2147,3201.2919,3284.3225,-83.0306,-2.5281,566054558,619091471.8604
000001.SH,20241014,3284.3225,3241.4275,3294.6199,3203.901,3217.7377,66.5848,2.0693,631466859,701499242.5693
000001.SH,20241011,3217.7377,3287.8727,3297.7517,3187.9882,3301.9259,-84.1882,-2.5497,606027433,664332794.4619
000001.SH,20241010,3301.9259,3277.6916,3379.8053,3228.1248,3258.8578,43.0681,1.3216,834500257,947788514.989
000001.SH,20241009,3258.8578,3427.2199,3437.1571,3249.1591,3489.7751,-230.9173,-6.617,992757256,1264311454.4295
000001.SH,20241008,3489.7751,3674.4048,3674.4048,3372.1868,3336.4974,153.2777,4.594,1313460195,1510513250.8171
000001.SH,20240930,3336.4974,3194.7224,3358.5883,3153.697,3087.5286,248.9688,8.0637,1102337917,1167772549.9904
000001.SH,20240927,3087.5286,3049.1026,3087.5286,3017.4453,3000.9526,86.576,2.885,492287163,480612559.5395
000001.SH,20240926,3000.9526,2893.7451,3000.9526,2889.0143,2896.3057,104.6469,3.6131,576319261,524669070.8706
000001.SH,20240925,2896.3057,2901.4185,2952.4511,2889.048,2863.1255,33.1802,1.1589,568259816,516698093.5622
000001.SH,20240924,2863.1255,2770.7543,2863.1519,2761.3717,2748.9177,114.2078,4.1546,477619545,442795296.8688
000001.SH,20240923,2748.9177,2735.3895,2760.4799,2731.3571,2736.8139,12.1038,0.4423,257642154,235214505.8771
000001.SH,20240920,2736.8139,2734.2277,2741.1552,2717.9451,2736.0222,0.7917,0.0289,285644627,255433329.8925
000001.SH,20240919,2736.0222,2723.2053,2747.7402,2697.7756,2717.2813,18.7409,0.6897,315208389,280536046.232
000001.SH,20240918,2717.2813,2705.3451,2724.1141,2689.6952,2704.0896,13.1917,0.4878,247817132,213090588.6447
000001.SH,20240913,2704.0896,2718.9864,2728.7797,2703.3689,2717.1231,-13.0335,-0.4797,251270038,227818801.1493
000001.SH,20240912,2717.1231,2722.1382,2734.6832,2716.5552,2721.7952,-4.6721,-0.1717,240084315,218571098.6973
000001.SH,20240911,2721.7952,2732.7314,2732.7314,2710.6208,2744.1921,-22.3969,-0.8162,242264900,219755948.4114
000001.SH,20240910,2744.1921,2737.881,2750.1181,2718.6273,2736.4876,7.7045,0.2815,262159015,226408492.9619
000001.SH,20240909,2736.4876,2754.7237,2756.556,2726.9667,2765.8066,-29.319,-1.0601,261468847,236605848.4738
000001.SH,20240906,2765.8066,2791.7645,2804.0932,2765.6394,2788.3141,-22.5075,-0.8072,253645375,228570135.0269
000001.SH,20240905,2788.3141,2785.2635,2796.0186,2777.471,2784.2783,4.0358,0.1449,242040948,227514507.2378
000001.SH,20240904,2784.2783,2786.5046,2800.6065,2781.9352,2802.9787,-18.7004,-0.6672,257453500,234711697.2576
000001.SH,20240903,2802.9787,2809.1733,2814.903,2794.9111,2811.035,-8.0563,-0.2866,275736139,252782482.5251
000001.SH,20240902,2811.035,2832.3499,2839.2784,2810.3739,2842.2142,-31.1792,-1.097,340714193,314813036.7155
000001.SH,20240830,2842.2142,2819.6498,2867.9649,2817.0141,2823.106,19.1082,0.6769,397516975,384092892.1384
000001.SH,20240829,2823.106,2829.4506,2831.4309,2815.3829,2837.4293,-14.3233,-0.5048,277510534,257644228.8076
000001.SH,20240828,2837.4293,2844.3269,2852.5621,2830.9615,2848.7312,-11.3019,-0.3967,228730623,213862368.7275
000001.SH,20240827,2848.7312,2850.8773,2853.7804,2843.1576,2855.5203,-6.7891,-0.2378,230693006,215686326.2359
000001.SH,20240826,2855.5203,2855.4741,2860.6545,2844.3828,2854.3675,1.1528,0.0404,227351523,216806649.0369
000001.SH,20240823,2854.3675,2844.7703,2860.7327,2839.3371,2848.7718,5.5957,0.1964,226692565,214581900.3232
000001.SH,20240822,2848.7718,2856.2001,2861.6071,2845.5024,2856.5839,-7.8121,-0.2735,245399415,230124077.1896
000001.SH,20240821,2856.5839,2858.9388,2863.891,2848.1509,2866.661,-10.0771,-0.3515,229200027,209909187.787
000001.SH,20240820,2866.661,2895.5506,2896.5194,2855.3293,2893.6738,-27.0128,-0.9335,263658002,237307803.9642
000001.SH,20240819,2893.6738,2877.9542,2905.1547,2877.7709,2879.4298,14.244,0.4947,261687730,242994885.2902
000001.SH,20240816,2879.4298,2877.9403,2888.6753,2873.0601,2877.3579,2.0719,0.072,263653441,243608265.3924
000001.SH,20240815,2877.3579,2844.2005,2889.0866,2839.3875,2850.6539,26.704,0.9368,271900000,254987115.6349
000001.SH,20240814,2850.6539,2866.2434,2866.2434,2850.401,2867.946,-17.2921,-0.6029,217885170,207457552.3846
000001.SH,20240813,2867.946,2860.4099,2867.946,2845.3099,2858.2046,9.7414,0.3408,231674601,210908509.4135
000001.SH,20240812,2858.2046,2858.8946,2869.2688,2851.2952,2862.1941,-3.9895,-0.1394,244241371,217626684.5266
000001.SH,20240809,2862.1941,2879.8726,2887.8489,2862.1941,2869.9014,-7.7073,-0.2686,284253916,252884027.0378
000001.SH,20240808,2869.9014,2864.758,2886.3994,2850.8745,2869.8338,0.0676,0.0024,289128632,271107919.4814
000001.SH,20240807,2869.8338,2864.0101,2886.9417,2857.7247,2867.2837,2.5501,0.0889,263097150,263793649.8051
000001.SH,20240806,2867.2837,2878.6508,2888.2009,2845.335,2860.6978,6.5859,0.2302,297300803,295835558.778
000001.SH,20240805,2860.6978,2889.3634,2919.0252,2860.6978,2905.3375,-44.6397,-1.5365,355540572,356863001.4189
000001.SH,20240802,2905.3375,2913.0198,2931.2593,2902.7202,2932.3871,-27.0496,-0.9224,312205039,314917985.4095
000001.SH,20240801,2932.3871,2940.12,2947.8768,2928.8262,2938.7493,-6.3622,-0.2165,346621137,352586120.3701
000001.SH,20240731,2938.7493,2877.5409,2940.5927,2876.3009,2879.2996,59.4497,2.0647,412723417,418871723.4034
000001.SH,20240730,2879.2996,2885.2152,2885.2152,2865.1493,2891.8453,-12.5457,-0.4338,262478837,269477482.5904
000001.SH,20240729,2891.8453,2889.4726,2898.9512,2878.5825,2890.8973,0.948,0.0328,256899727,260094898.4415
000001.SH,20240726,2890.8973,2885.9953,2899.1162,2875.3959,2886.7416,4.1557,0.144,278387536,275443434.9629
000001.SH,20240725,2886.7416,2891.8918,2897.7674,2872.8497,2901.9518,-15.2102,-0.5241,274639500,273281622.4586
000001.SH,20240724,2901.9518,2909.1521,2922.0298,2894.2885,2915.3685,-13.4167,-0.4602,306118853,288660361.5507
000001.SH,20240723,2915.3685,2960.5004,2960.5004,2915.3682,2964.2155,-48.847,-1.6479,296295994,307194049.8618
000001.SH,20240722,2964.2155,2978.1932,2978.6007,2946.5608,2982.3086,-18.0931,-0.6067,278749559,316415459.8552
000001.SH,20240719,2982.3086,2963.5144,2986.2425,2955.1199,2977.1334,5.1752,0.1738,280932413,319112460.4701
000001.SH,20240718,2977.1334,2951.1434,2978.0919,2937.9045,2962.8549,14.2785,0.4819,278022665,301283750.6047
000001.SH,20240717,2962.8549,2970.8081,2972.7949,2957.948,2976.3043,-13.4494,-0.4519,282307991,305469105.9783
000001.SH,20240716,2976.3043,2963.9001,2977.3613,2959.6655,2974.0107,2.2936,0.0771,260783630,279121370.473
000001.SH,20240715,2974.0107,2963.8472,2977.3126,2959.1288,2971.295,2.7157,0.0914,268992597,268733339.4738
000001.SH,20240712,2971.295,2965.6121,2977.1417,2963.3033,2970.3874,0.9076,0.0306,303713014,302581575.9789
000001.SH,20240711,2970.3874,2957.2502,2971.3608,2947.4027,2939.3636,31.0238,1.0555,328372424,337653177.1351
000001.SH,20240710,2939.3636,2949.0261,2958.8594,2935.3304,2959.3724,-20.0088,-0.6761,301549456,306035255.3617
000001.SH,20240709,2959.3724,2919.5729,2963.7822,2904.0389,2922.4498,36.9226,1.2634,315062031,320361092.7852
000001.SH,20240708,2922.4498,2939.8367,2947.61,2917.2322,2949.9333,-27.4835,-0.9317,277533424,270872022.8985
000001.SH,20240705,2949.9333,2954.3723,2957.1069,2920.2046,2957.567,-7.6337,-0.2581,272324556,271508929.397
000001.SH,20240704,2957.567,2984.8303,2995.5695,2955.2895,2982.3756,-24.8086,-0.8318,274268789,259006711.0392
000001.SH,20240703,2982.3756,2995.6642,2998.5369,2978.0686,2997.0111,-14.6355,-0.4883,246284642,257840296.8267
000001.SH,20240702,2997.0111,2992.8556,3004.987,2989.4701,2994.7303,2.2808,0.0762,281364683,282559369.5348
000001.SH,20240701,2994.7303,2965.2452,2996.4086,2961.8556,2967.4028,27.3275,0.9209,297782235,294321888.8315
000001.SH,20240628,2967.4028,2940.3032,2985.4679,2939.984,2945.8524,21.5504,0.7316,315201432,313347004.2491
000001.SH,20240627,2945.8524,2962.6964,2963.0644,2944.8979,2972.5251,-26.6727,-0.8973,270548519,266670979.3877
000001.SH,20240626,2972.5251,2943.4471,2976.669,2933.3304,2949.9963,22.5288,0.7637,282388409,276215175.4762
000001.SH,20240625,2949.9963,2962.7654,2971.6534,2935.5382,2963.0989,-13.1026,-0.4422,273209938,296569297.319
000001.SH,20240624,2963.0989,2982.8263,2990.6429,2960.1267,2998.1377,-35.0388,-1.1687,298653884,318595817.7411
000001.SH,20240621,2998.1377,2998.2413,3011.9141,2985.9291,3005.4369,-7.2992,-0.2429,255001251,280275384.7545
000001.SH,20240620,3005.4369,3015.7224,3028.5143,3001.7677,3018.0491,-12.6122,-0.4179,295515907,324101266.446
000001.SH,20240619,3018.0491,3029.0993,3030.2259,3015.3263,3030.2464,-12.1973,-0.4025,261296248,300290286.695
000001.SH,20240618,3030.2464,3015.0713,3031.9758,3012.5234,3015.8907,14.3557,0.476,273625999,317319995.6921
000001.SH,20240617,3015.8907,3017.7169,3026.6242,3012.0452,3032.6333,-16.7426,-0.5521,295763448,338146875.6477
000001.SH,20240614,3032.6333,3020.9588,3037.9046,3011.5773,3028.9187,3.7146,0.1226,348746753,396194698.2999
000001.SH,20240613,3028.9187,3038.0859,3040.4021,3022.8224,3037.4675,-8.5488,-0.2814,297862463,336871037.0653
000001.SH,20240612,3037.4675,3025.2963,3042.0423,3021.3085,3028.0451,9.4224,0.3112,279452106,312058601.4829
000001.SH,20240611,3028.0451,3042.1338,3043.1997,3013.8611,3051.2787,-23.2336,-0.7614,310481942,332683377.7725
000001.SH,20240607,3051.2787,3053.9153,3065.0247,3031.0443,3048.7939,2.4848,0.0815,316342484,318911097.4856
000001.SH,20240606,3048.7939,3069.4393,3077.6725,3040.8295,3065.4034,-16.6095,-0.5418,369867104,371317019.0324
000001.SH,20240605,3065.4034,3086.0509,3092.3459,3064.7359,3091.1992,-25.7958,-0.8345,290542344,299722764.3995
000001.SH,20240604,3091.1992,3071.3196,3095.3221,3063.5879,3078.4887,12.7105,0.4129,309287598,325589691.9204
000001.SH,20240603,3078.4887,3085.9814,3097.2043,3061.2766,3086.8134,-8.3247,-0.2697,357563362,367608352.547
000001.SH,20240531,3086.8134,3094.7587,3107.6035,3086.8134,3091.6778,-4.8644,-0.1573,276072816,301121881.3201
000001.SH,20240530,3091.6778,3103.7078,3121.218,3085.3841,3111.0176,-19.3398,-0.6217,302380762,318475183.0048
000001.SH,20240529,3111.0176,3108.0267,3128.1365,3100.9797,3109.5721,1.4455,0.0465,289970346,297512177.2918
000001.SH,20240528,3109.5721,3122.3877,3130.3103,3106.3645,3124.0427,-14.4706,-0.4632,310066974,320985406.5281
000001.SH,20240527,3124.0427,3094.14,3125.5064,3091.9893,3088.8705,35.1722,1.1387,319396765,345383767.8449
000001.SH,20240524,3088.8705,3110.7533,3130.4245,3087.7941,3116.387,-27.5165,-0.883,306532279,322748606.3691
000001.SH,20240523,3116.387,3149.8752,3150.6282,3110.2773,3158.5399,-42.1529,-1.3346,353943727,356689462.8821
000001.SH,20240522,3158.5399,3157.1889,3166.9191,3152.457,3157.9657,0.5742,0.0182,354098082,364137830.7253
000001.SH,20240521,3157.9657,3164.6826,3165.2237,3148.342,3171.1451,-13.1794,-0.4156,335783572,346584200.8314
000001.SH,20240520,3171.1451,3156.1482,3174.2658,3155.9903,3154.0263,17.1188,0.5428,426867280,448816915.0428
000001.SH,20240517,3154.0263,3121.7126,3154.0263,3116.7842,3122.401,31.6253,1.0129,383915244,389572549.3179
000001.SH,20240516,3122.401,3127.1841,3137.8779,3116.1627,3119.9021,2.4989,0.0801,367417361,377502921.4777
000001.SH,20240515,3119.9021,3141.2518,3142.9725,3117.9287,3145.7743,-25.8722,-0.8224,321027962,333005622.1982
000001.SH,20240514,3145.7743,3148.8488,3155.8071,3137.6091,3148.0207,-2.2464,-0.0714,343526194,370069674.8709
000001.SH,20240513,3148.0207,3139.4753,3157.3656,3126.1697,3154.5472,-6.5265,-0.2069,397030565,425963088.1946
000001.SH,20240510,3154.5472,3158.5891,3163.1441,3137.1517,3154.3201,0.2271,0.0072,384287495,406707822.8448
000001.SH,20240509,3154.3201,3128.1644,3158.4646,3128.1644,3128.4798,25.8403,0.826,360881462,398979066.8962
000001.SH,20240508,3128.4798,3141.4874,3144.9856,3126.1729,3147.738,-19.2582,-0.6118,334000320,367220116.4828
000001.SH,20240507,3147.738,3139.6637,3151.219,3133.6904,3140.7204,7.0176,0.2234,379102564,426951665.9062
000001.SH,20240506,3140.7204,3132.5115,3142.3816,3126.7689,3104.8245,35.8959,1.1561,450656899,511256135.5805
000001.SH,20240430,3104.8245,3110.1594,3123.2876,3104.2943,3113.0432,-8.2187,-0.264,440213213,473803228.5309
000001.SH,20240429,3113.0432,3086.6819,3119.6857,3080.5858,3088.6357,24.4075,0.7902,506925445,554918811.2318
000001.SH,20240426,3088.6357,3054.9793,3092.43,3054.9793,3052.9,35.7357,1.1705,439382563,484160092.9824
000001.SH,20240425,3052.9,3037.9273,3060.2635,3034.6499,3044.8223,8.0777,0.2653,292280148,315797661.2188
000001.SH,20240424,3044.8223,3029.4028,3045.6398,3019.1239,3021.9775,22.8448,0.756,305264093,335157362.7134
000001.SH,20240423,3021.9775,3038.6118,3044.9438,3016.5169,3044.5952,-22.6177,-0.7429,325595128,348651765.3849
000001.SH,20240422,3044.5952,3059.0649,3078.4226,3042.542,3065.261,-20.6658,-0.6742,357216399,382192259.1895
000001.SH,20240419,3065.261,3060.2989,3080.3227,3055.0577,3074.2246,-8.9636,-0.2916,375543855,396614941.1212
000001.SH,20240418,3074.2246,3060.0309,3102.5527,3057.7606,3071.3806,2.844,0.0926,416321349,441432075.7562
000001.SH,20240417,3071.3806,3008.0614,3071.3806,3002.0564,3007.0681,64.3125,2.1387,413358368,416254660.835
000001.SH,20240416,3007.0681,3043.5505,3052.4346,3005.34,3057.3776,-50.3095,-1.6455,448070473,435170805.4763
000001.SH,20240415,3057.3776,3013.6722,3066.9412,2995.542,3019.4735,37.9041,1.2553,461239244,459849043.2723
000001.SH,20240412,3019.4735,3035.5773,3043.5599,3014.8297,3034.2464,-14.7729,-0.4869,334229771,363119193.0138
000001.SH,20240411,3034.2464,3013.5727,3050.3372,3009.8972,3027.3349,6.9115,0.2283,340894392,364147836.4547
000001.SH,20240410,3027.3349,3045.9609,3049.6072,3013.5897,3048.5369,-21.202,-0.6955,348991721,364717833.491
000001.SH,20240409,3048.5369,3044.6136,3051.5851,3033.2089,3047.0526,1.4843,0.0487,333489965,347834663.4756
000001.SH,20240408,3047.0526,3057.3255,3077.3512,3045.4692,3069.2959,-22.2433,-0.7247,402936740,421808399.7331
000001.SH,20240403,3069.2959,3074.8929,3079.02,3057.3972,3074.9586,-5.6627,-0.1842,363211380,392704394.0409
000001.SH,20240402,3074.9586,3076.8752,3085.5365,3063.9808,3077.3786,-2.42,-0.0786,367304262,396705813.2949
000001.SH,20240401,3077.3786,3049.0207,3078.4883,3049.0207,3041.1669,36.2117,1.1907,375393640,420902006.7734
000001.SH,20240329,3041.1669,3008.3757,3041.2978,3008.1672,3010.6636,30.5033,1.0132,334822785,364571210.0901
000001.SH,20240328,3010.6636,2988.5899,3033.3666,2984.1201,2993.1388,17.5248,0.5855,353200026,392929088.7204
000001.SH,20240327,2993.1388,3026.8138,3030.4495,2993.1388,3031.4809,-38.3421,-1.2648,343198010,376242896.147
000001.SH,20240326,3031.4809,3026.9218,3036.4939,3006.2597,3026.3055,5.1754,0.171,345928787,396410716.1433
000001.SH,20240325,3026.3055,3040.501,3065.2611,3026.3055,3048.0336,-21.7281,-0.7129,387485389,443472341.3423
000001.SH,20240322,3048.0336,3070.5481,3073.2058,3027.7615,3077.113,-29.0794,-0.945,394740486,456762466.5595
000001.SH,20240321,3077.113,3084.4116,3090.0513,3069.272,3079.6859,-2.5729,-0.0835,366877968,437634616.2556
000001.SH,20240320,3079.6859,3058.6478,3081.7547,3056.645,3062.7558,16.9301,0.5528,349187729,407432569.6658
000001.SH,20240319,3062.7558,3077.9805,3090.0459,3062.6279,3084.9262,-22.1704,-0.7187,384123680,446930657.7741
000001.SH,20240318,3084.9262,3057.2093,3085.3124,3055.9221,3054.6359,30.2903,0.9916,406653508,485520636.5026
000001.SH,20240315,3054.6359,3031.5229,3056.4473,3023.2152,3038.2339,16.402,0.5399,360268463,405917703.9906
000001.SH,20240314,3038.2339,3042.4131,3059.9975,3020.637,3043.8346,-5.6007,-0.184,364072290,436338838.3398
000001.SH,20240313,3043.8346,3053.3413,3061.951,3031.8985,3055.935,-12.1004,-0.396,365047453,442453946.2741
000001.SH,20240312,3055.935,3068.182,3075.1308,3044.8572,3068.4554,-12.5204,-0.408,415743914,494558502.7942
000001.SH,20240311,3068.4554,3042.6188,3068.4554,3035.4451,3046.0192,22.4362,0.7366,361608821,427851361.2879
000001.SH,20240308,3046.0192,3026.1654,3049.194,3016.9032,3027.4013,18.6179,0.615,319204392,370647474.7694
000001.SH,20240307,3027.4013,3040.2111,3063.6924,3023.1177,3039.9309,-12.5296,-0.4122,377154391,423391257.0397
000001.SH,20240306,3039.9309,3041.7518,3060.5629,3034.3536,3047.7931,-7.8622,-0.258,340982739,401334635.5997
000001.SH,20240305,3047.7931,3027.1028,3052.5413,3022.1777,3039.3055,8.4876,0.2793,383509955,458900476.7855
000001.SH,20240304,3039.3055,3026.6071,3040.3447,3007.6829,3027.0204,12.2851,0.4058,387760002,461727516.6448
000001.SH,20240301,3027.0204,3013.8229,3032.2315,3003.7632,3015.1712,11.8492,0.393,379132184,442984248.1971
000001.SH,20240229,3015.1712,2943.6242,3015.1712,2943.6242,2957.8524,57.3188,1.9379,409696374,452808746.1349
000001.SH,20240228,2957.8524,3016.2555,3031.4881,2957.8524,3015.4807,-57.6283,-1.9111,544109093,576555221.675
000001.SH,20240227,3015.4807,2966.4166,3015.4807,2961.1479,2977.0221,38.4586,1.2918,372984687,412614978.5167
000001.SH,20240226,2977.0221,3002.1179,3009.479,2967.0571,3004.881,-27.8589,-0.9271,409026558,427564895.7567
000001.SH,20240223,3004.881,2992.9115,3009.1359,2979.9728,2988.3578,16.5232,0.5529,380083270,398232220.6743
000001.SH,20240222,2988.3578,2945.4465,2988.3578,2944.4988,2950.9556,37.4022,1.2675,354132536,365264217.8733
000001.SH,20240221,2950.9556,2906.0243,2994.6149,2898.0496,2922.7302,28.2254,0.9657,444245463,450922050.7181
000001.SH,20240220,2922.7302,2902.8765,2927.308,2887.4741,2910.544,12.1862,0.4187,350138735,357057491.9726
000001.SH,20240219,2910.544,2886.5871,2910.544,2867.7103,2865.9032,44.6408,1.5577,458967704,442148454.5745
000001.SH,20240208,2865.9032,2832.4855,2867.4738,2827.902,2829.6956,36.2076,1.2796,531108893,482939732.0246
000001.SH,20240207,2829.6956,2791.5145,2829.6956,2770.5293,2789.486,40.2096,1.4415,547117439,495919878.0834
000001.SH,20240206,2789.486,2680.4846,2802.9312,2669.6732,2702.185,87.301,3.2308,502849313,441215054.0989
000001.SH,20240205,2702.185,2716.081,2739.7383,2635.0897,2730.152,-27.967,-1.0244,478990292,424877418.2686
000001.SH,20240202,2730.152,2773.2949,2791.6756,2666.3335,2770.7403,-40.5883,-1.4649,426230199,392661142.2979
000001.SH,20240201,2770.7403,2773.4239,2805.0146,2752.7824,2788.5482,-17.8079,-0.6386,352889185,337547960.5208
000001.SH,20240131,2788.5482,2815.5042,2834.011,2782.5869,2830.5266,-41.9784,-1.4831,377103965,355636999.8335
000001.SH,20240130,2830.5266,2866.2795,2881.3468,2829.2498,2883.356,-52.8294,-1.8322,335661226,329254005.8919
000001.SH,20240129,2883.356,2910.6072,2923.8992,2883.3327,2910.2227,-26.8667,-0.9232,410581311,397014731.3699
000001.SH,20240126,2910.2227,2897.9149,2924.3065,2890.4819,2906.1087,4.114,0.1416,421109084,402400231.2626
000001.SH,20240125,2906.1087,2823.8259,2906.794,2821.7093,2820.7719,85.3368,3.0253,442009045,437679811.2855
000001.SH,20240124,2820.7719,2782.1415,2823.6953,2743.3971,2770.9763,49.7956,1.797,369070600,357316181.6443
000001.SH,20240123,2770.9763,2746.8923,2784.8407,2724.1573,2756.3399,14.6364,0.531,308749417,312191330.2169
000001.SH,20240122,2756.3399,2826.5034,2828.3202,2735.3721,2832.2793,-75.9394,-2.6812,350165758,359918989.5701
000001.SH,20240119,2832.2793,2836.9749,2849.8755,2822.8434,2845.7839,-13.5046,-0.4745,266664388,296717043.8284
000001.SH,20240118,2845.7839,2822.6672,2849.2559,2760.978,2833.6152,12.1687,0.4294,390396855,400709904.7342
000001.SH,20240117,2833.6152,2887.2917,2887.4893,2833.6152,2893.9886,-60.3734,-2.0862,261251308,283073939.8177
000001.SH,20240116,2893.9886,2881.5602,2896.683,2861.1302,2886.2908,7.6978,0.2667,286286714,300837919.1685
000001.SH,20240115,2886.2908,2872.5562,2904.4643,2869.2236,2881.9769,4.3139,0.1497,244611236,269229737.0815
000001.SH,20240112,2881.9769,2880.0399,2904.1743,2878.8752,2886.6502,-4.6733,-0.1619,261602931,282877466.3328
000001.SH,20240111,2886.6502,2873.7982,2896.1788,2867.7223,2877.7023,8.9479,0.3109,267050764,298552532.937
000001.SH,20240110,2877.7023,2886.9807,2903.1621,2870.4155,2893.2513,-15.549,-0.5374,244046526,281192192.4193
000001.SH,20240109,2893.2513,2887.1095,2900.7266,2878.4123,2887.5379,5.7134,0.1979,262955975,294446373.6825
000001.SH,20240108,2887.5379,2923.457,2924.4559,2887.5379,2929.1833,-41.6454,-1.4217,270275055,290730589.5888
000001.SH,20240105,2929.1833,2949.8221,2967.9677,2916.7206,2954.3486,-25.1653,-0.8518,301040239,325917001.1646
000001.SH,20240104,2954.3486,2965.5087,2966.6828,2936.6347,2967.2472,-12.8986,-0.4347,264980924,296291346.8788
000001.SH,20240103,2967.2472,2957.1117,2971.2834,2953.2901,2962.2762,4.971,0.1678,285455945,321018391.3101
000001.SH,20240102,2962.2762,2972.775,2976.2682,2962.2762,2974.9348,-12.6586,-0.4255,304141793,345950729.1946
000001.SH,20231229,2974.9348,2950.8372,2975.0319,2950.0173,2954.7035,20.2313,0.6847,290672687,349002967.2664
000001.SH,20231228,2954.7035,2913.1096,2961.6476,2909.3886,2914.6138,40.0897,1.3755,339213116,392449073.4933
000001.SH,20231227,2914.6138,2900.1491,2917.9564,2890.165,2898.8787,15.7351,0.5428,247900882,279048608.0094
000001.SH,20231226,2898.8787,2917.9708,2917.9708,2892.8373,2918.8126,-19.9339,-0.6829,228140855,260220552.7727
000001.SH,20231225,2918.8126,2909.8751,2920.6323,2903.987,2914.7752,4.0374,0.1385,229814178,261487251.019
000001.SH,20231222,2914.7752,2919.2879,2935.7002,2906.5094,2918.7149,-3.9397,-0.135,296628367,327498019.5805
000001.SH,20231221,2918.7149,2892.0201,2924.2562,2882.0195,2902.1096,16.6053,0.5722,282541827,315943775.5436
000001.SH,20231220,2902.1096,2932.1186,2937.1011,2902.0395,2932.3908,-30.2812,-1.0326,265562454,290838402.1394
000001.SH,20231219,2932.3908,2928.7631,2940.5014,2914.1253,2930.8036,1.5872,0.0542,265926980,283234126.1819
000001.SH,20231218,2930.8036,2936.5751,2951.1479,2924.3254,2942.5568,-11.7532,-0.3994,293086999,304915892.9995
000001.SH,20231215,2942.5568,2966.3015,2976.3094,2940.0266,2958.9856,-16.4288,-0.5552,289327642,322083690.7882
000001.SH,20231214,2958.9856,2979.699,2986.1773,2958.066,2968.7606,-9.775,-0.3293,271457650,312658124.5598
000001.SH,20231213,2968.7606,2997.3358,2997.3358,2968.7606,3003.4378,-34.6772,-1.1546,282754098,331476614.7207
000001.SH,20231212,3003.4378,2986.3282,3003.7455,2980.4462,2991.4385,11.9993,0.4011,287638762,333170576.4187
000001.SH,20231211,2991.4385,2956.2905,2995.6698,2930.422,2969.5594,21.8791,0.7368,360216344,405351583.2162
000001.SH,20231208,2969.5594,2965.3901,2980.8344,2962.327,2966.2061,3.3533,0.1131,369138705,423492311.9473
000001.SH,20231207,2966.2061,2965.6523,2976.0148,2949.1438,2968.9334,-2.7273,-0.0919,296243687,348039623.9694
000001.SH,20231206,2968.9334,2966.9475,2985.3143,2959.603,2972.2959,-3.3625,-0.1131,294104187,336218906.3564
000001.SH,20231205,2972.2959,3017.0102,3017.0102,2972.2959,3022.9138,-50.6179,-1.6745,293943278,340454488.0826
000001.SH,20231204,3022.9138,3033.298,3038.9794,3022.3477,3031.6358,-8.722,-0.2877,288162053,344279695.9666
000001.SH,20231201,3031.6358,3027.353,3035.7599,3010.2333,3029.6727,1.9631,0.0648,286089700,335547176.4257
000001.SH,20231130,3029.6727,3021.1025,3030.9086,3013.7678,3021.6874,7.9853,0.2643,282945357,326755696.0999
000001.SH,20231129,3021.6874,3038.4641,3038.9767,3017.6611,3038.5545,-16.8671,-0.5551,277956448,322141206.0787
000001.SH,20231128,3038.5545,3028.5983,3039.6945,3020.2306,3031.7002,6.8543,0.2261,268920746,317303697.7293
000001.SH,20231127,3031.7002,3038.1864,3038.3578,3015.0076,3040.9717,-9.2715,-0.3049,310517868,350705835.4579
000001.SH,20231124,3040.9717,3060.3306,3060.3306,3037.2012,3061.8562,-20.8845,-0.6821,287788413,311509355.9317
000001.SH,20231123,3061.8562,3041.6779,3062.8665,3034.2969,3043.611,18.2452,0.5995,276592059,315612515.6412
000001.SH,20231122,3043.611,3060.4984,3067.9625,3043.611,3067.9328,-24.3218,-0.7928,289056490,330385482.6694
000001.SH,20231121,3067.9328,3074.8281,3089.7738,3063.3449,3068.3191,-0.3863,-0.0126,330733102,391558034.8615
000001.SH,20231120,3068.3191,3056.9268,3072.5134,3043.5148,3054.3655,13.9536,0.4568,287556998,367109310.1683
000001.SH,20231117,3054.3655,3043.617,3055.8561,3033.7472,3050.9257,3.4398,0.1127,267606393,328568598.8254
000001.SH,20231116,3050.9257,3066.8554,3071.4522,3050.9257,3072.8348,-21.9091,-0.713,271079460,329364382.654
000001.SH,20231115,3072.8348,3077.0291,3080.1284,3064.3464,3056.0703,16.7645,0.5486,304250107,389515977.9747
000001.SH,20231114,3056.0703,3046.8171,3059.5294,3044.4259,3046.5329,9.5374,0.3131,294844733,358249840.1575
000001.SH,20231113,3046.5329,3044.0319,3048.6209,3028.168,3038.9699,7.563,0.2489,290430588,344120017.2218
000001.SH,20231110,3038.9699,3043.5585,3044.0007,3027.0878,3053.2792,-14.3093,-0.4687,285546497,346913084.5402
000001.SH,20231109,3053.2792,3047.6532,3063.4674,3045.8336,3052.3726,0.9066,0.0297,315621764,388556747.0915
000001.SH,20231108,3052.3726,3051.1531,3062.991,3037.2888,3057.2697,-4.8971,-0.1602,335677834,415289260.0783
000001.SH,20231107,3057.2697,3052.9202,3064.5771,3042.4689,3058.4105,-1.1408,-0.0373,326853455,401065573.9186
000001.SH,20231106,3058.4105,3047.1301,3058.9891,3037.6941,3030.7977,27.6128,0.9111,372949630,447638159.9487
000001.SH,20231103,3030.7977,3012.4654,3040.9807,3012.4654,3009.4058,21.3919,0.7108,268486347,329300477.5006
000001.SH,20231102,3009.4058,3028.6647,3038.6422,3009.121,3023.0765,-13.6707,-0.4522,268794581,311936400.7778
000001.SH,20231101,3023.0765,3038.1821,3038.3303,3013.933,3018.7706,4.3059,0.1426,280110445,347121456.4829
000001.SH,20231031,3018.7706,3019.646,3023.0014,3006.6088,3021.5534,-2.7828,-0.0921,319859967,386277226.4272
000001.SH,20231030,3021.5534,3009.6104,3028.2641,3002.3477,3017.7842,3.7692,0.1249,360604238,439587974.7696
000001.SH,20231027,3017.7842,2978.4026,3029.2101,2974.8802,2988.2992,29.485,0.9867,321803717,385692318.1003
000001.SH,20231026,2988.2992,2960.1038,2990.3277,2956.006,2974.1135,14.1857,0.477,291814511,332258828.0446
000001.SH,20231025,2974.1135,2986.4066,2993.2951,2972.4177,2962.2437,11.8698,0.4007,332392004,362846635.5492
000001.SH,20231024,2962.2437,2944.3105,2964.7605,2929.0883,2939.2913,22.9524,0.7809,310985389,339902176.8776
000001.SH,20231023,2939.2913,2969.7858,2973.6611,2923.5113,2983.0585,-43.7672,-1.4672,278904128,304028962.456
000001.SH,20231020,2983.0585,2995.3575,3006.2746,2977.1731,3005.3934,-22.3349,-0.7432,267113594,307388393.3272
000001.SH,20231019,3005.3934,3043.1955,3043.1955,3004.7745,3058.7098,-53.3164,-1.7431,304038910,355069176.9764
000001.SH,20231018,3058.7098,3076.5796,3076.5796,3057.0588,3083.4964,-24.7866,-0.8038,268647155,310306035.7772
000001.SH,20231017,3083.4964,3076.4283,3084.0725,3064.8897,3073.813,9.6834,0.315,259019588,300026228.4522
000001.SH,20231016,3073.813,3091.0647,3091.1257,3063.6856,3088.0991,-14.2861,-0.4626,263882363,314394203.0297
000001.SH,20231013,3088.0991,3091.9972,3094.9153,3080.5481,3107.9007,-19.8016,-0.6371,255085235,309538085.3249
000001.SH,20231012,3107.9007,3101.7051,3109.9898,3092.1771,3078.9556,28.9451,0.9401,274827998,325865894.3683
000001.SH,20231011,3078.9556,3085.6989,3095.6594,3071.936,3075.2361,3.7195,0.121,259918692,326562386.1706
000001.SH,20231010,3075.2361,3104.3651,3109.9822,3073.1864,3096.9224,-21.6863,-0.7003,255327379,293653291.7165
000001.SH,20231009,3096.9224,3099.9998,3103.3597,3072.6418,3110.4753,-13.5529,-0.4357,264422205,302662162.1238
000001.SH,20230928,3110.4753,3117.7549,3121.8352,3105.9397,3107.3156,3.1597,0.1017,236329981,288396222.7544
000001.SH,20230927,3107.3156,3104.0395,3125.447,3103.8441,3102.2726,5.043,0.1626,240495830,293421022.407
000001.SH,20230926,3102.2726,3114.0214,3120.2889,3102.2726,3115.6071,-13.3345,-0.428,222644313,270006131.0189
000001.SH,20230925,3115.6071,3131.2079,3131.2079,3112.1505,3132.4316,-16.8245,-0.5371,258071885,294635829.6379
000001.SH,20230922,3132.4316,3084.7567,3132.5578,3078.8007,3084.701,47.7306,1.5473,285978351,321443778.9432
000001.SH,20230921,3084.701,3103.1754,3113.4939,3084.701,3108.5679,-23.8669,-0.7678,228659100,243536277.5366
000001.SH,20230920,3108.5679,3118.6671,3122.1277,3108.1578,3124.9567,-16.3888,-0.5244,228124462,243019998.6574
000001.SH,20230919,3124.9567,3123.9862,3131.1298,3113.5254,3125.9319,-0.9752,-0.0312,253652761,274062664.3567
000001.SH,20230918,3125.9319,3110.4404,3128.7009,3098.496,3117.7434,8.1885,0.2626,259444257,299644725.4274
000001.SH,20230915,3117.7434,3133.5883,3141.9642,3107.448,3126.5511,-8.8077,-0.2817,292026365,326091455.8716
000001.SH,20230914,3126.5511,3124.8482,3135.025,3111.8588,3123.0669,3.4842,0.1116,263990138,281641855.5331
000001.SH,20230913,3123.0669,3137.7718,3143.7577,3106.9693,3137.0593,-13.9924,-0.446,249701038,282015557.2107
000001.SH,20230912,3137.0593,3140.3409,3147.5141,3134.3176,3142.779,-5.7197,-0.182,234672051,281897501.7606
000001.SH,20230911,3142.779,3119.6101,3155.1026,3113.8164,3116.7191,26.0599,0.8361,290442917,351883735.9766
000001.SH,20230908,3116.7191,3114.2296,3126.0412,3104.6743,3122.3523,-5.6332,-0.1804,228125064,270006714.9343
000001.SH,20230907,3122.3523,3152.2028,3152.2662,3120.8229,3158.0769,-35.7246,-1.1312,269264733,317186963.334
000001.SH,20230906,3158.0769,3147.1363,3162.1547,3136.8998,3154.3693,3.7076,0.1175,267002230,324001129.6933
000001.SH,20230905,3154.3693,3169.7384,3169.7384,3150.0753,3177.0603,-22.691,-0.7142,294061849,342760613.428
000001.SH,20230904,3177.0603,3145.9435,3177.0603,3143.3793,3133.2467,43.8136,1.3983,366391140,404500273.0175
000001.SH,20230901,3133.2467,3126.0234,3143.8457,3123.1896,3119.8764,13.3703,0.4286,292310992,334739632.9247
000001.SH,20230831,3119.8764,3134.5529,3139.9801,3113.9459,3137.1375,-17.2611,-0.5502,313448242,362507128.7767
000001.SH,20230830,3137.1375,3144.4067,3153.689,3126.9024,3135.8867,1.2508,0.0399,347511867,414729469.5993
000001.SH,20230829,3135.8867,3091.9379,3145.761,3090.4377,3098.6363,37.2504,1.2022,398875780,443979436.9751
000001.SH,20230828,3098.6363,3219.0432,3219.0432,3089.1194,3064.0747,34.5616,1.128,485607764,517234120.9086
000001.SH,20230825,3064.0747,3068.615,3085.047,3053.0373,3082.2439,-18.1692,-0.5895,293347686,317757173.3997
000001.SH,20230824,3082.2439,3085.9107,3106.1824,3072.9511,3078.4021,3.8418,0.1248,300024637,332447831.2616
000001.SH,20230823,3078.4021,3116.2661,3116.3765,3077.6056,3120.3338,-41.9317,-1.3438,272244124,297986364.377
000001.SH,20230822,3120.3338,3103.7807,3126.7838,3074.5307,3092.9777,27.3561,0.8845,309316335,348637687.6068
000001.SH,20230821,3092.9777,3125.9897,3134.9571,3092.9777,3131.953,-38.9753,-1.2444,265753423,293721061.6212
000001.SH,20230818,3131.953,3165.0998,3179.1159,3131.953,3163.7393,-31.7863,-1.0047,294390352,320449006.9367
000001.SH,20230817,3163.7393,3137.3514,3167.4457,3123.2495,3150.1277,13.6116,0.4321,294692586,320785474.1076
000001.SH,20230816,3150.1277,3164.7019,3176.626,3149.7226,3176.1758,-26.0481,-0.8201,281728292,303611332.6384
000001.SH,20230815,3176.1758,3180.5579,3186.234,3147.3459,3178.4272,-2.2514,-0.0708,273251922,300827985.3746
000001.SH,20230814,3178.4272,3159.7138,3180.5067,3141.6551,3189.248,-10.8208,-0.3393,299840327,322632054.3965
000001.SH,20230811,3189.248,3254.4751,3254.4751,3189.248,3254.5597,-65.3117,-2.0068,330137750,339187129.8407
000001.SH,20230810,3254.5597,3242.2057,3257.0298,3234.1158,3244.4867,10.073,0.3105,287412142,307263291.7332
000001.SH,20230809,3244.4867,3251.1521,3257.0816,3240.2888,3260.6196,-16.1329,-0.4948,271218538,309778299.5736
000001.SH,20230808,3260.6196,3260.7218,3274.5186,3246.6745,3268.8311,-8.2115,-0.2512,316520733,355750325.3405
000001.SH,20230807,3268.8311,3276.7756,3276.7756,3258.5372,3288.0842,-19.2531,-0.5855,360341484,393056934.1815
000001.SH,20230804,3288.0842,3296.0944,3315.0492,3281.7343,3280.4626,7.6216,0.2323,470927697,497188089.3893
000001.SH,20230803,3280.4626,3254.5651,3280.8636,3247.2719,3261.6903,18.7723,0.5755,384691317,389530671.9671
000001.SH,20230802,3261.6903,3281.8583,3290.8203,3252.3036,3290.9493,-29.259,-0.8891,405341499,388952703.9735
000001.SH,20230801,3290.9493,3288.7604,3305.3402,3279.5656,3291.0398,-0.0905,-0.0027,459890833,441023318.5885
000001.SH,20230731,3291.0398,3287.2089,3322.1291,3281.0133,3275.9257,15.1141,0.4614,459030994,511505348.4179
000001.SH,20230728,3275.9257,3206.741,3280.2777,3200.9939,3216.6709,59.2548,1.8421,411068434,436923617.4084
000001.SH,20230727,3216.6709,3225.4763,3245.6028,3210.4699,3223.0279,-6.357,-0.1972,327118867,332145068.2675
000001.SH,20230726,3223.0279,3228.0873,3229.8921,3212.8801,3231.5213,-8.4934,-0.2628,317206051,328306929.3731
000001.SH,20230725,3231.5213,3201.4575,3231.7486,3201.4575,3164.1608,67.3605,2.1289,348617714,410846601.1105
000001.SH,20230724,3164.1608,3157.4694,3178.7335,3151.1252,3167.7452,-3.5844,-0.1132,216595211,260119088.909
000001.SH,20230721,3167.7452,3163.421,3185.6357,3157.3335,3169.522,-1.7768,-0.0561,225331363,280673190.4042
000001.SH,20230720,3169.522,3201.9111,3209.0554,3165.6739,3198.8358,-29.3138,-0.9164,238932891,302376024.1102
000001.SH,20230719,3198.8358,3195.0085,3204.3612,3181.5611,3197.8201,1.0157,0.0318,217355860,281206091.159
000001.SH,20230718,3197.8201,3206.786,3210.2482,3190.0049,3209.6298,-11.8097,-0.3679,235030259,307331649.3099
000001.SH,20230717,3209.6298,3219.0162,3219.0162,3195.8862,3237.7012,-28.0714,-0.867,250208376,322074497.0629
000001.SH,20230714,3237.7012,3240.9695,3248.3849,3233.9985,3236.48,1.2212,0.0377,273327494,368337829.1075
000001.SH,20230713,3236.48,3202.6992,3238.4675,3202.6992,3196.1337,40.3463,1.2623,276620508,373242517.8247
000001.SH,20230712,3196.1337,3220.3758,3224.3312,3193.4366,3221.3666,-25.2329,-0.7833,271423386,365433182.2936
000001.SH,20230711,3221.3666,3211.1222,3221.6804,3200.3845,3203.6958,17.6708,0.5516,227600467,309950254.6796
000001.SH,20230710,3203.6958,3208.7349,3216.5348,3192.6579,3196.6092,7.0866,0.2217,236560367,311462495.6014
000001.SH,20230707,3196.6092,3197.4716,3212.0472,3189.2114,3205.5748,-8.9656,-0.2797,255688469,313607453.159
000001.SH,20230706,3205.5748,3215.8633,3229.4799,3199.7164,3222.9469,-17.3721,-0.539,246119032,320808312.5891
000001.SH,20230705,3222.9469,3240.0486,3241.8353,3218.6022,3245.3492,-22.4023,-0.6903,264016426,351234984.7406
000001.SH,20230704,3245.3492,3241.2305,3246.9576,3233.9895,3243.975,1.3742,0.0424,279248721,387115944.0596
000001.SH,20230703,3243.975,3209.1623,3246.8605,3209.1623,3202.0623,41.9127,1.3089,312371395,421353472.3564
000001.SH,20230630,3202.0623,3178.9242,3212.9928,3177.9913,3182.3812,19.6811,0.6184,265379873,359739563.3541
000001.SH,20230629,3182.3812,3185.4242,3196.5025,3179.5251,3189.3758,-6.9946,-0.2193,250340074,340636710.9113
000001.SH,20230628,3189.3758,3183.4865,3192.6589,3157.1229,3189.4427,-0.0669,-0.0021,276231948,360118192.4784
000001.SH,20230627,3189.4427,3153.3132,3194.4086,3148.2657,3150.6189,38.8238,1.2323,287604327,354487810.6004
000001.SH,20230626,3150.6189,3177.2293,3181.0758,3144.2484,3197.9011,-47.2822,-1.4785,308129811,398859657.4078
000001.SH,20230621,3197.9011,3230.1142,3236.3626,3197.9011,3240.3648,-42.4637,-1.3105,294377372,406234561.3598
000001.SH,20230620,3240.3648,3252.5435,3252.8435,3237.7857,3255.8057,-15.4409,-0.4743,298260596,433243981.4599
000001.SH,20230619,3255.8057,3271.1635,3271.1635,3251.7789,3273.3341,-17.5284,-0.5355,327753047,455226178.2188
000001.SH,20230616,3273.3341,3256.2989,3276.5522,3255.4988,3252.9751,20.359,0.6259,326281846,444375632.3957
000001.SH,20230615,3252.9751,3230.4512,3252.9751,3229.1452,3228.9887,23.9864,0.7428,313255752,437522981.5482
000001.SH,20230614,3228.9887,3238.1189,3248.4609,3226.7743,3233.6734,-4.6847,-0.1449,303537260,404009517.761
000001.SH,20230613,3233.6734,3223.8958,3235.0854,3215.4989,3228.8336,4.8398,0.1499,280628454,377193491.3894
000001.SH,20230612,3228.8336,3225.3049,3239.4368,3210.7135,3231.4055,-2.5719,-0.0796,313784444,403241619.6234
000001.SH,20230609,3231.4055,3213.033,3231.4055,3206.1027,3213.5855,17.82,0.5545,314155501,413341768.4127
000001.SH,20230608,3213.5855,3194.8348,3225.5263,3180.5354,3197.7587,15.8268,0.4949,293530741,353551633.1556
000001.SH,20230607,3197.7587,3197.4677,3210.3295,3188.0053,3195.3404,2.4183,0.0757,258063400,331083866.6517
000001.SH,20230606,3195.3404,3228.4068,3247.349,3189.2692,3232.441,-37.1006,-1.1478,308285872,387492228.8357
000001.SH,20230605,3232.441,3231.8108,3244.1801,3221.6254,3230.0686,2.3724,0.0734,278060203,357810090.5748
000001.SH,20230602,3230.0686,3212.4489,3233.9916,3211.737,3204.6345,25.4341,0.7937,294667098,377507927.7291
000001.SH,20230601,3204.6345,3196.1547,3225.093,3189.5174,3204.5644,0.0701,0.0022,312330759,400981483.1776
000001.SH,20230531,3204.5644,3214.6551,3216.3597,3190.2736,3224.2133,-19.6489,-0.6094,294573338,384999190.2157
000001.SH,20230530,3224.2133,3214.6728,3230.6317,3186.6256,3221.4484,2.7649,0.0858,303532460,376622572.8651
000001.SH,20230529,3221.4484,3219.7553,3230.9706,3208.955,3212.5038,8.9446,0.2784,297389487,377875996.064
000001.SH,20230526,3212.5038,3198.8825,3220.7737,3179.8217,3201.2605,11.2433,0.3512,261700479,333319265.9731
000001.SH,20230525,3201.2605,3197.3644,3207.021,3168.5716,3204.7494,-3.4889,-0.1089,283588925,347709231.7305
000001.SH,20230524,3204.7494,3237.7045,3237.7045,3204.3813,3246.238,-41.4886,-1.2781,288720257,342677325.7346
000001.SH,20230523,3246.238,3294.7877,3298.2257,3246.238,3296.4696,-50.2316,-1.5238,275279083,324667932.8729
000001.SH,20230522,3296.4696,3278.596,3308.5325,3276.5398,3283.5417,12.9279,0.3937,273889998,342448401.6305
000001.SH,20230519,3283.5417,3288.8911,3302.3424,3268.2242,3297.3199,-13.7782,-0.4179,285404064,359507956.5181
000001.SH,20230518,3297.3199,3288.4112,3313.8622,3284.1679,3284.232,13.0879,0.3985,309967472,368435070.9882
000001.SH,20230517,3284.232,3281.9664,3298.519,3269.8936,3290.9874,-6.7554,-0.2053,285744050,340482661.4975
000001.SH,20230516,3290.9874,3310.1607,3317.9012,3282.4918,3310.7367,-19.7493,-0.5965,322479410,385386011.2023
000001.SH,20230515,3310.7367,3269.8781,3310.7367,3235.8679,3272.3619,38.3748,1.1727,388045887,431706863.2693
000001.SH,20230512,3272.3619,3304.4582,3319.1307,3271.4311,3309.5512,-37.1893,-1.1237,347314983,387081199.2853
000001.SH,20230511,3309.5512,3323.6583,3333.2496,3307.2887,3319.1506,-9.5994,-0.2892,354258271,401313953.4043
000001.SH,20230510,3319.1506,3347.7015,3349.7213,3305.2506,3357.6707,-38.5201,-1.1472,451739731,489553667.2965
000001.SH,20230509,3357.6707,3402.3938,3418.9534,3356.1183,3395.0036,-37.3329,-1.0996,573013309,619108477.5013
000001.SH,20230508,3395.0036,3340.9904,3400.1766,3340.9904,3334.5028,60.5008,1.8144,534103659,564661993.453
000001.SH,20230505,3334.5028,3350.6538,3364.1417,3321.1872,3350.4587,-15.9559,-0.4762,436504494,499294430.5323
000001.SH,20230504,3350.4587,3306.4827,3352.7463,3302.0275,3323.2746,27.1841,0.818,483364916,550494850.3467
000001.SH,20230428,3323.2746,3283.1224,3324.8808,3283.1224,3285.8844,37.3902,1.1379,401554785,514904620.6877
000001.SH,20230427,3285.8844,3256.2278,3299.301,3253.1117,3264.1006,21.7838,0.6674,341590534,466175350.4204
000001.SH,20230426,3264.1006,3255.2171,3277.9797,3239.9893,3264.8717,-0.7711,-0.0236,357917842,480418149.4028
000001.SH,20230425,3264.8717,3276.403,3288.5685,3229.4461,3275.413,-10.5413,-0.3218,380895729,494240131.3883
000001.SH,20230424,3275.413,3300.8125,3303.0908,3264.9349,3301.2575,-25.8445,-0.7829,354255626,473265986.2688
000001.SH,20230421,3301.2575,3363.9987,3367.6093,3301.2575,3367.031,-65.7735,-1.9535,387395098,530517857.7717
000001.SH,20230420,3367.031,3367.0525,3371.3679,3344.016,3370.1283,-3.0973,-0.0919,350354965,499672394.2156
000001.SH,20230419,3370.1283,3391.3549,3394.959,3364.6419,3393.3312,-23.2029,-0.6838,346123443,476496941.0172
000001.SH,20230418,3393.3312,3379.2267,3396.1745,3375.7803,3385.6095,7.7217,0.2281,348399486,474287388.9442
000001.SH,20230417,3385.6095,3337.0605,3385.6095,3336.3881,3338.1525,47.457,1.4217,402809926,523790271.0223
000001.SH,20230414,3338.1525,3326.3704,3340.0764,3316.8101,3318.3638,19.7887,0.5963,338299275,478345417.4613
000001.SH,20230413,3318.3638,3321.2733,3334.4697,3309.2515,3327.1816,-8.8178,-0.265,347862106,477587943.3796
000001.SH,20230412,3327.1816,3316.8623,3330.7079,3315.3991,3313.5705,13.6111,0.4108,343025315,482066170.1348
000001.SH,20230411,3313.5705,3317.0771,3317.4484,3298.2498,3315.3578,-1.7873,-0.0539,320566055,466895849.2546
000001.SH,20230410,3315.3578,3331.5051,3332.7152,3309.9171,3327.6457,-12.2879,-0.3693,340819845,516434325.4021
000001.SH,20230407,3327.6457,3312.4813,3328.8455,3308.061,3312.628,15.0177,0.4533,283032247,436372798.9258
000001.SH,20230406,3312.628,3302.751,3314.5262,3296.055,3312.5578,0.0702,0.0021,327155424,506500167.1652
000001.SH,20230404,3312.5578,3297.183,3312.5615,3290.9925,3296.396,16.1618,0.4903,385871617,555811064.0155
000001.SH,20230403,3296.396,3277.34,3299.7321,3276.4158,3272.8602,23.5358,0.7191,357676775,513390565.537
000001.SH,20230331,3272.8602,3263.4061,3278.4231,3260.0396,3261.2485,11.6117,0.3561,283613746,396689286.2543
000001.SH,20230330,3261.2485,3243.0683,3263.7379,3220.9846,3240.0568,21.1917,0.6541,299898295,401634271.1052
000001.SH,20230329,3240.0568,3253.6212,3254.5564,3229.5848,3245.376,-5.3192,-0.1639,296900508,405542776.8654
000001.SH,20230328,3245.376,3256.6023,3264.0978,3241.7368,3251.3971,-6.0211,-0.1852,295682660,396882943.3678
000001.SH,20230327,3251.3971,3261.8235,3261.8235,3229.7037,3265.6537,-14.2566,-0.4366,337861206,453585768.7405
000001.SH,20230324,3265.6537,3282.739,3282.739,3260.8444,3286.6491,-20.9954,-0.6388,324513337,430761598.8632
000001.SH,20230323,3286.6491,3258.7791,3286.6491,3252.9917,3265.7475,20.9016,0.64,306118393,426564792.5791
000001.SH,20230322,3265.7475,3263.4129,3279.3938,3255.7394,3255.6505,10.097,0.3101,290840462,382509081.3094
000001.SH,20230321,3255.6505,3240.8388,3255.9997,3237.8934,3234.9103,20.7402,0.6411,301810779,388047055.8748
000001.SH,20230320,3234.9103,3253.9302,3267.9931,3231.6459,3250.546,-15.6357,-0.481,392517391,480292404.9439
000001.SH,20230317,3250.546,3245.2604,3279.9228,3240.157,3226.8912,23.6548,0.7331,343001022,431983057.7365
000001.SH,20230316,3226.8912,3244.4699,3257.433,3224.7223,3263.3148,-36.4236,-1.1162,327389632,392910208.3967
000001.SH,20230315,3263.3148,3261.0284,3273.1232,3256.8566,3245.3123,18.0025,0.5547,305168798,373276384.4095
000001.SH,20230314,3245.3123,3261.9219,3262.0025,3216.9927,3268.6955,-23.3832,-0.7154,319906033,409976276.1209
000001.SH,20230313,3268.6955,3228.1239,3268.6955,3228.1239,3230.0766,38.6189,1.1956,294928087,364414206.5117
000001.SH,20230310,3230.0766,3255.5121,3262.147,3229.4959,3276.0937,-46.0171,-1.4046,281135410,342198577.5881
000001.SH,20230309,3276.0937,3285.9427,3289.06,3259.9999,3283.2479,-7.1542,-0.2179,264021859,328825695.4925
000001.SH,20230308,3283.2479,3271.8798,3283.2479,3263.6927,3285.0988,-1.8509,-0.0563,260443547,312822175.7007
000001.SH,20230307,3285.0988,3320.211,3342.8585,3284.4099,3322.0259,-36.9271,-1.1116,389957956,430081145.2293
000001.SH,20230306,3322.0259,3332.0235,3333.0619,3308.7255,3328.3927,-6.3668,-0.1913,340530446,431616811.145
000001.SH,20230303,3328.3927,3314.7727,3330.6046,3302.6231,3310.6536,17.7391,0.5358,343996919,388860006.7049
000001.SH,20230302,3310.6536,3308.0113,3320.7441,3306.4554,3312.3478,-1.6942,-0.0511,328520016,389390626.8788
000001.SH,20230301,3312.3478,3279.1364,3315.1604,3272.0351,3279.6053,32.7425,0.9984,318398704,384387413.8303
000001.SH,20230228,3279.6053,3265.742,3280.4154,3246.1446,3258.0344,21.5709,0.6621,251625032,318030137.2864
000001.SH,20230227,3258.0344,3256.9998,3276.5791,3251.7213,3267.1597,-9.1253,-0.2793,242855344,324605090.9248
000001.SH,20230224,3267.1597,3287.2553,3288.3922,3253.9748,3287.477,-20.3173,-0.618,234206306,308004347.731
000001.SH,20230223,3287.477,3293.5219,3307.4385,3275.3621,3291.1477,-3.6707,-0.1115,262324304,334364534.3783
000001.SH,20230222,3291.1477,3292.0489,3307.0343,3286.7207,3306.5236,-15.3759,-0.465,255403985,320515620.0012
000001.SH,20230221,3306.5236,3291.6312,3308.7908,3282.436,3290.3383,16.1853,0.4919,324409449,390691271.556
000001.SH,20230220,3290.3383,3230.4728,3291.0388,3225.8427,3224.0243,66.314,2.0569,325007733,397720315.3051
000001.SH,20230217,3224.0243,3244.7325,3262.4729,3223.2581,3249.0295,-25.0052,-0.7696,278451237,355625842.5427
000001.SH,20230216,3249.0295,3281.7352,3308.8279,3231.3421,3280.4919,-31.4624,-0.9591,380863545,468382512.2274
000001.SH,20230215,3280.4919,3294.015,3296.1995,3274.5505,3293.2825,-12.7906,-0.3884,269939123,357621816.1305
000001.SH,20230214,3293.2825,3288.9742,3293.7338,3279.1894,3284.1599,9.1226,0.2778,270974168,355558052.4425
000001.SH,20230213,3284.1599,3256.9881,3285.0913,3252.6327,3260.6734,23.4865,0.7203,297213188,397011413.4057
000001.SH,20230210,3260.6734,3266.4367,3269.9944,3247.2296,3270.3826,-9.7092,-0.2969,260626926,341749872.0239
000001.SH,20230209,3270.3826,3227.7278,3270.3826,3225.7724,3232.1063,38.2763,1.1843,254754529,351760831.7332
000001.SH,20230208,3232.1063,3251.5006,3257.114,3230.4393,3248.094,-15.9877,-0.4922,234530481,293332736.1258
000001.SH,20230207,3248.094,3245.2297,3250.033,3233.8334,3238.6978,9.3962,0.2901,250946450,321257641.9429
000001.SH,20230206,3238.6978,3244.7007,3250.3514,3226.2112,3263.4059,-24.7081,-0.7571,267053107,349127264.8947
000001.SH,20230203,3263.4059,3275.6578,3275.6578,3235.3533,3285.6705,-22.2646,-0.6776,293342814,378648522.9653
000001.SH,20230202,3285.6705,3291.7828,3295.7636,3272.414,3284.9213,0.7492,0.0228,333413133,428662803.4302
000001.SH,20230201,3284.9213,3262.1961,3284.9224,3245.4113,3255.6692,29.2521,0.8985,339509410,413395187.7485
000001.SH,20230131,3255.6692,3266.1442,3277.2524,3252.0145,3269.318,-13.6488,-0.4175,300162957,375260749.5687
000001.SH,20230130,3269.318,3308.8694,3310.4903,3266.758,3264.8138,4.5042,0.138,353325829,453177014.1103
000001.SH,20230120,3264.8138,3247.2031,3267.0579,3247.2031,3240.2794,24.5344,0.7572,273219182,329028168.4249
000001.SH,20230119,3240.2794,3221.5179,3240.2794,3210.3825,3224.406,15.8734,0.4923,226465030,296815557.2559
000001.SH,20230118,3224.406,3227.5947,3234.8169,3220.3703,3224.2448,0.1612,0.005,212109730,266068176.6824
000001.SH,20230117,3224.2448,3229.4354,3231.2645,3211.7573,3227.5916,-3.3468,-0.1037,226592230,302611778.5286
000001.SH,20230116,3227.5916,3198.5189,3251.3739,3197.3186,3195.3059,32.2857,1.0104,306749549,413219640.9599
000001.SH,20230113,3195.3059,3170.3548,3195.3067,3167.5098,3163.4509,31.855,1.007,220226897,288062499.1323
000001.SH,20230112,3163.4509,3167.273,3171.5905,3153.4038,3161.8376,1.6133,0.051,216671305,275371843.3434
000001.SH,20230111,3161.8376,3172.3759,3184.757,3160.8896,3169.5072,-7.6696,-0.242,237742869,309248892.8544
000001.SH,20230110,3169.5072,3178.022,3178.1569,3165.1446,3176.0845,-6.5773,-0.2071,232984175,310357698.6084
000001.SH,20230109,3176.0845,3169.3737,3183.583,3165.4282,3157.6365,18.448,0.5842,258115218,342693770.9741
000001.SH,20230106,3157.6365,3155.0747,3170.7418,3151.8407,3155.2162,2.4203,0.0767,257380255,338539843.6866
000001.SH,20230105,3155.2162,3132.7614,3159.427,3130.23,3123.5164,31.6998,1.0149,257003018,335635934.5275
000001.SH,20230104,3123.5164,3117.5711,3129.0937,3109.4512,3116.5119,7.0045,0.2248,273313626,316391228.728
000001.SH,20230103,3116.5119,3087.513,3119.8556,3073.054,3089.2579,27.254,0.8822,281370362,331392138.948
000001.SH,20221230,3089.2579,3084.5226,3096.3135,3082.1964,3073.7016,15.5563,0.5061,217545344,250355950.8646
000001.SH,20221229,3073.7016,3076.7264,3086.0048,3064.4594,3087.3997,-13.6981,-0.4437,215570676,253916981.2202
000001.SH,20221228,3087.3997,3088.6174,3098.6496,3079.4338,3095.5678,-8.1681,-0.2639,224554151,260508525.6826
000001.SH,20221227,3095.5678,3077.7469,3098.0783,3074.3133,3065.5626,30.0052,0.9788,222218322,267946785.4419
000001.SH,20221226,3065.5626,3048.1963,3071.8363,3047.3491,3045.8664,19.6962,0.6467,206503893,255470265.3068
000001.SH,20221223,3045.8664,3038.8416,3061.867,3031.5358,3054.4313,-8.5649,-0.2804,192020305,233335246.1956
000001.SH,20221222,3054.4313,3085.8004,3096.2449,3044.5991,3068.4105,-13.9792,-0.4556,223639537,266315477.4324
000001.SH,20221221,3068.4105,3078.3312,3085.7951,3060.5542,3073.7659,-5.3554,-0.1742,189067920,226852792.5811
000001.SH,20221220,3073.7659,3098.9532,3100.7477,3061.5098,3107.115,-33.3491,-1.0733,218836766,261716073.4272
000001.SH,20221219,3107.115,3165.3092,3170.2552,3096.0981,3167.8576,-60.7426,-1.9175,278513541,307934621.4619
000001.SH,20221216,3167.8576,3156.1349,3175.3526,3151.6089,3168.6478,-0.7902,-0.0249,259771795,307227738.3545
000001.SH,20221215,3168.6478,3177.1995,3179.1,3158.4515,3176.5253,-7.8775,-0.248,243023333,305204998.5624
000001.SH,20221214,3176.5253,3178.5542,3189.835,3168.5925,3176.3255,0.1998,0.0063,265623569,333950671.1282
000001.SH,20221213,3176.3255,3179.4354,3187.2035,3171.4827,3179.0417,-2.7162,-0.0854,285821200,333539763.0097
000001.SH,20221212,3179.0417,3195.868,3196.7247,3176.5752,3206.9502,-27.9085,-0.8703,333381792,394919615.2495
000001.SH,20221209,3206.9502,3197.1183,3212.1059,3182.9068,3197.3499,9.6003,0.3003,373343209,447750222.0468
000001.SH,20221208,3197.3499,3196.0156,3206.7151,3187.2566,3199.6194,-2.2695,-0.0709,320969294,364935622.7005
000001.SH,20221207,3199.6194,3204.9352,3226.0817,3188.6705,3212.5334,-12.914,-0.402,354113078,402146133.1375
000001.SH,20221206,3212.5334,3200.275,3224.822,3195.0788,3211.8144,0.719,0.0224,373590296,435248700.1791
000001.SH,20221205,3211.8144,3181.9155,3213.4395,3177.0642,3156.1442,55.6702,1.7639,447398437,479203617.3735
000001.SH,20221202,3156.1442,3160.5789,3170.898,3149.8406,3165.4711,-9.3269,-0.2946,307812484,366318678.8083
000001.SH,20221201,3165.4711,3187.9899,3198.4088,3164.5348,3151.3353,14.1358,0.4486,387013056,462184974.0228
000001.SH,20221130,3151.3353,3141.3992,3158.5732,3137.3687,3149.7478,1.5875,0.0504,372718321,404504379.2834
000001.SH,20221129,3149.7478,3096.1126,3152.0027,3096.1126,3078.5485,71.1993,2.3128,391449748,439102619.2642
000001.SH,20221128,3078.5485,3055.2899,3080.1843,3034.7045,3101.6932,-23.1447,-0.7462,305811284,338549350.7748
000001.SH,20221125,3101.6932,3085.4611,3111.4214,3077.9671,3089.3096,12.3836,0.4009,311431979,325426338.4472
000001.SH,20221124,3089.3096,3104.0955,3113.2392,3084.8554,3096.9073,-7.5977,-0.2453,267482928,308190185.8046
000001.SH,20221123,3096.9073,3084.7403,3108.2438,3075.3241,3088.9426,7.9647,0.2578,326155449,356400844.2781
000001.SH,20221122,3088.9426,3084.2328,3118.1197,3076.3214,3085.0444,3.8982,0.1264,327565927,374142821.1304
000001.SH,20221121,3085.0444,3078.0569,3085.2426,3056.1703,3097.2432,-12.1988,-0.3939,256045549,345025496.4746
000001.SH,20221118,3097.2432,3116.7291,3126.7107,3096.8858,3115.4347,-18.1915,-0.5839,299954276,389207386.4672
000001.SH,20221117,3115.4347,3110.9649,3115.4351,3087.1737,3119.9804,-4.5457,-0.1457,287028407,377900109.2726
000001.SH,20221116,3119.9804,3133.6504,3145.7526,3115.3453,3134.0778,-14.0974,-0.4498,303429844,386992905.0507
000001.SH,20221115,3134.0778,3081.1349,3135.5903,3074.4982,3083.4013,50.6765,1.6435,331470577,446460007.8894
000001.SH,20221114,3083.4013,3100.8669,3121.4056,3075.2152,3087.2926,-3.8913,-0.126,361788216,454546731.4091
000001.SH,20221111,3087.2926,3099.65,3117.7419,3070.3007,3036.1318,51.1608,1.6851,409604534,513784597.2743
000001.SH,20221110,3036.1318,3031.6915,3047.9803,3022.8506,3048.1676,-12.0358,-0.3949,270371798,335925917.7224
000001.SH,20221109,3048.1676,3064.4633,3073.9183,3046.1881,3064.4928,-16.3252,-0.5327,235637324,306860895.7081
000001.SH,20221108,3064.4928,3077.3056,3078.276,3047.4624,3077.817,-13.3242,-0.4329,256522007,338966942.0215
000001.SH,20221107,3077.817,3062.859,3088.1927,3054.4571,3070.7964,7.0206,0.2286,320567097,424429131.5189
000001.SH,20221104,3070.7964,2996.9971,3081.5903,2996.9971,2997.8057,72.9907,2.4348,329806740,458770093.6947
000001.SH,20221103,2997.8057,2981.2038,3003.7207,2977.7162,3003.3699,-5.5642,-0.1853,259348567,370653283.7634
000001.SH,20221102,3003.3699,2960.6465,3019.0486,2954.9478,2969.1995,34.1704,1.1508,325078248,457581522.0447
000001.SH,20221101,2969.1995,2899.4985,2969.1995,2896.7572,2893.4829,75.7166,2.6168,319809578,431015902.8741
000001.SH,20221031,2893.4829,2893.1962,2926.015,2885.0894,2915.9257,-22.4428,-0.7697,301994203,396654162.1335
000001.SH,20221028,2915.9257,2967.0221,2974.236,2908.9831,2982.9029,-66.9772,-2.2454,292531308,385261361.8777
000001.SH,20221027,2982.9029,3005.0373,3017.2629,2981.6889,2999.5036,-16.6007,-0.5534,265608254,381330371.123
000001.SH,20221026,2999.5036,2977.5643,3028.3478,2977.5643,2976.283,23.2206,0.7802,268689492,372845274.6292
000001.SH,20221025,2976.283,2969.156,3001.715,2944.2607,2977.5554,-1.2724,-0.0427,255554160,337519280.7573
000001.SH,20221024,2977.5554,3034.7458,3064.4211,2965.1675,3038.9291,-61.3737,-2.0196,298085356,394725942.5126
000001.SH,20221021,3038.9291,3038.0358,3055.4157,3026.9603,3035.0504,3.8787,0.1278,245254122,315110985.7968
000001.SH,20221020,3035.0504,3029.3028,3070.2648,3013.6929,3044.3777,-9.3273,-0.3064,244736145,340091337.7595
000001.SH,20221019,3044.3777,3073.2616,3081.3903,3044.3777,3080.9574,-36.5797,-1.1873,230895310,313108348.6524
000001.SH,20221018,3080.9574,3094.9272,3099.9182,3074.2162,3084.9423,-3.9849,-0.1292,245634757,326002905.366
000001.SH,20221017,3084.9423,3060.5176,3087.1944,3052.7149,3071.9868,12.9555,0.4217,262608618,349214469.6854
000001.SH,20221014,3071.9868,3035.0341,3084.2724,3035.0341,3016.3561,55.6307,1.8443,277304061,372050694.5789
000001.SH,20221013,3016.3561,3008.3016,3036.2485,3004.4963,3025.5055,-9.1494,-0.3024,249683281,317764786.7347
000001.SH,20221012,3025.5055,2976.7168,3025.5055,2934.0922,2979.7926,45.7129,1.5341,248013557,306871328.7649
000001.SH,20221011,2979.7926,2978.0617,2986.9116,2953.4953,2974.1454,5.6472,0.1899,208635950,246715637.0251
000001.SH,20221010,2974.1454,3026.9354,3029.4478,2968.281,3024.3905,-50.2451,-1.6613,243404828,290120024.1669
000001.SH,20220930,3024.3905,3042.1664,3054.6129,3021.9309,3041.2046,-16.8141,-0.5529,204115336,240262768.4089
000001.SH,20220929,3041.2046,3067.4727,3076.7615,3026.0792,3045.0668,-3.8622,-0.1268,230030416,276441059.4177
000001.SH,20220928,3045.0668,3089.0975,3089.0975,3044.864,3093.8618,-48.795,-1.5772,230098650,276039741.572
000001.SH,20220927,3093.8618,3056.3917,3094.0389,3048.365,3051.226,42.6358,1.3973,232735303,290065702.6963
000001.SH,20220926,3051.226,3067.5689,3102.6544,3048.5143,3088.3695,-37.1435,-1.2027,262698628,293536440.8385
000001.SH,20220923,3088.3695,3106.8055,3124.6583,3072.2409,3108.9096,-20.5401,-0.6607,243057719,285552915.2056
000001.SH,20220922,3108.9096,3098.7682,3125.6797,3092.8189,3117.1774,-8.2678,-0.2652,221140689,269978597.6498
000001.SH,20220921,3117.1774,3116.0065,3129.8245,3091.2966,3122.4058,-5.2284,-0.1674,232972496,269513754.5033
000001.SH,20220920,3122.4058,3127.8356,3140.0252,3114.0368,3115.6019,6.8039,0.2184,219942534,268600300.2376
000001.SH,20220919,3115.6019,3122.7549,3135.5565,3101.2207,3126.3977,-10.7958,-0.3453,249113662,289918817.1393
000001.SH,20220916,3126.3977,3189.8265,3191.8265,3126.3972,3199.9187,-73.521,-2.2976,316475893,355085342.9179
000001.SH,20220915,3199.9187,3248.9721,3254.1789,3174.3899,3237.5419,-37.6232,-1.1621,325206121,392490591.5214
000001.SH,20220914,3237.5419,3224.6783,3250.8024,3221.9609,3263.7972,-26.2553,-0.8044,255193365,306452822.218
000001.SH,20220913,3263.7972,3272.0492,3278.1659,3259.6644,3262.0542,1.743,0.0534,276189823,339021890.6195
000001.SH,20220909,3262.0542,3241.1809,3266.1974,3236.5078,3235.5862,26.468,0.818,283827665,338566713.3095
000001.SH,20220908,3235.5862,3245.557,3253.7005,3233.8007,3246.2943,-10.7081,-0.3299,281680358,328657091.5912
000001.SH,20220907,3246.2943,3232.1368,3253.7671,3227.8225,3243.4466,2.8477,0.0878,301014466,368608741.4746
000001.SH,20220906,3243.4466,3207.933,3244.6353,3203.8161,3199.9118,43.5348,1.3605,318869689,378636070.3275
000001.SH,20220905,3199.9118,3183.946,3199.9118,3172.0394,3186.4781,13.4337,0.4216,280675633,339591536.2531
000001.SH,20220902,3186.4781,3189.6439,3198.2812,3173.7929,3184.9797,1.4984,0.047,250456911,313337604.1154
000001.SH,20220901,3184.9797,3196.5367,3214.5583,3181.6256,3202.1378,-17.1581,-0.5358,274660541,336978641.1987
000001.SH,20220831,3202.1378,3216.5257,3232.0158,3184.3936,3227.2203,-25.0825,-0.7772,344408829,431758007.4169
000001.SH,20220830,3227.2203,3240.1835,3243.746,3212.6346,3240.7275,-13.5072,-0.4168,294318914,353775673.8494
000001.SH,20220829,3240.7275,3203.1022,3240.7275,3198.996,3236.2226,4.5049,0.1392,297015097,363729979.752
000001.SH,20220826,3236.2226,3250.6276,3266.2737,3232.2766,3246.2481,-10.0255,-0.3088,309927554,397556251.3086
000001.SH,20220825,3246.2481,3223.4645,3248.3505,3199.1242,3215.2033,31.0448,0.9656,336196165,419464277.0281
000001.SH,20220824,3215.2033,3279.1716,3281.8752,3212.386,3276.2234,-61.0201,-1.8625,366140577,458360278.3552
000001.SH,20220823,3276.2234,3274.427,3284.5963,3262.6331,3277.7943,-1.5709,-0.0479,316566356,418311743.9629
000001.SH,20220822,3277.7943,3249.7046,3278.1655,3247.187,3258.0784,19.7159,0.6051,314537869,427653295.8259
000001.SH,20220819,3258.0784,3275.6229,3286.4911,3258.0637,3277.5438,-19.4654,-0.5939,333535471,457863361.1082
000001.SH,20220818,3277.5438,3286.3669,3289.1415,3270.5584,3292.526,-14.9822,-0.455,301694778,418075199.6801
000001.SH,20220817,3292.526,3282.1008,3295.9976,3263.3483,3277.8847,14.6413,0.4467,326124759,423859011.3683
000001.SH,20220816,3277.8847,3278.6756,3295.0226,3271.5703,3276.087,1.7977,0.0549,303592274,409210082.2914
000001.SH,20220815,3276.087,3268.3653,3286.891,3261.8151,3276.8877,-0.8007,-0.0244,287106773,387257744.6461
000001.SH,20220812,3276.8877,3275.77,3288.2233,3272.8406,3281.6654,-4.7777,-0.1456,299932928,403906156.2887
000001.SH,20220811,3281.6654,3243.4716,3281.6654,3237.9041,3230.02,51.6454,1.5989,300605376,427399149.6163
000001.SH,20220810,3230.02,3242.3622,3253.1662,3217.8065,3247.4318,-17.4118,-0.5362,257583592,390066120.1474
000001.SH,20220809,3247.4318,3235.7351,3248.7718,3227.5394,3236.9337,10.4981,0.3243,259605467,391415560.2671
000001.SH,20220808,3236.9337,3218.8511,3237.9693,3214.0826,3227.0267,9.907,0.307,254268050,392277178.4899
000001.SH,20220805,3227.0267,3195.2274,3228.8863,3184.4549,3189.0391,37.9876,1.1912,274683729,414055641.4932
000001.SH,20220804,3189.0391,3179.4278,3190.9992,3155.7039,3163.6741,25.365,0.8018,260898943,371146916.0778
000001.SH,20220803,3163.6741,3188.8906,3217.5496,3159.457,3186.2664,-22.5923,-0.7091,324885673,455409764.9427
000001.SH,20220802,3186.2664,3231.2621,3231.2621,3155.1866,3259.9585,-73.6921,-2.2605,394176168,475962696.161
000001.SH,20220801,3259.9585,3246.6161,3264.3041,3225.5533,3253.2382,6.7203,0.2066,292204805,399000239.744
000001.SH,20220729,3253.2382,3282.8114,3294.8045,3246.3677,3282.5758,-29.3376,-0.8937,307331047,410553093.4044
000001.SH,20220728,3282.5758,3287.5019,3305.7057,3277.1078,3275.7553,6.8205,0.2082,288055056,395925555.5486
000001.SH,20220727,3275.7553,3271.7825,3282.5739,3265.7267,3277.4356,-1.6803,-0.0513,249131485,339768241.053
000001.SH,20220726,3277.4356,3254.1852,3282.4133,3246.044,3250.388,27.0476,0.8321,259468676,334421587.0362
000001.SH,20220725,3250.388,3269.707,3273.1836,3243.0311,3269.9739,-19.5859,-0.599,271245744,348281870.965
000001.SH,20220722,3269.9739,3276.1966,3293.6439,3246.7313,3272.0012,-2.0273,-0.062,300690066,383576011.593
000001.SH,20220721,3272.0012,3297.6614,3300.5345,3272.0012,3304.7243,-32.7231,-0.9902,332358707,420696576.7415
000001.SH,20220720,3304.7243,3291.5507,3308.3472,3287.7441,3279.4313,25.293,0.7713,301515123,383422746.8384
000001.SH,20220719,3279.4313,3278.7221,3283.9295,3256.0152,3278.1033,1.328,0.0405,315651918,396042358.3231
000001.SH,20220718,3278.1033,3235.0881,3278.4715,3226.2315,3228.0609,50.0424,1.5502,348346022,423357272.2997
000001.SH,20220715,3228.0609,3261.3826,3288.9198,3228.0609,3281.744,-53.6831,-1.6358,380156371,460877019.1414
000001.SH,20220714,3281.744,3277.4545,3299.2512,3261.4934,3284.2918,-2.5478,-0.0776,355926432,431969353.5479
000001.SH,20220713,3284.2918,3279.6025,3297.0185,3266.4811,3281.4665,2.8253,0.0861,331845669,394134617.511
000001.SH,20220712,3281.4665,3307.2211,3319.2512,3277.0794,3313.584,-32.1175,-0.9693,334600539,410950560.7183
000001.SH,20220711,3313.584,3341.1016,3341.1016,3297.005,3356.0778,-42.4938,-1.2662,342669193,424942266.3128
000001.SH,20220708,3356.0778,3380.3686,3386.3149,3354.1209,3364.398,-8.3202,-0.2473,322921072,421883933.1327
000001.SH,20220707,3364.398,3353.1283,3375.8595,3332.3092,3355.3497,9.0483,0.2697,334400202,438203112.921
000001.SH,20220706,3355.3497,3391.0265,3391.0265,3333.0965,3404.0252,-48.6755,-1.4299,384630047,487474666.9244
000001.SH,20220705,3404.0252,3411.1297,3424.8366,3372.0623,3405.4267,-1.4015,-0.0412,411699672,516605703.8777
000001.SH,20220704,3405.4267,3381.8194,3405.6185,3364.0947,3387.6373,17.7894,0.5251,357737919,489347955.3468
000001.SH,20220701,3387.6373,3400.2616,3404.0523,3378.3621,3398.6161,-10.9788,-0.323,350489299,458435288.4559
000001.SH,20220630,3398.6161,3358.9338,3417.0085,3358.9338,3361.5177,37.0984,1.1036,381243178,510307202.9475
000001.SH,20220629,3361.5177,3399.6779,3414.6467,3358.4676,3409.2103,-47.6926,-1.3989,440573559,561306976.8123
000001.SH,20220628,3409.2103,3377.6793,3412.1017,3358.8666,3379.1852,30.0251,0.8885,412056516,525512509.3346
000001.SH,20220627,3379.1852,3364.003,3393.3091,3364.003,3349.747,29.4382,0.8788,414117738,541573846.1341
000001.SH,20220624,3349.747,3324.736,3356.7145,3322.9496,3320.1487,29.5983,0.8915,390819734,509615998.4691
000001.SH,20220623,3320.1487,3269.0545,3320.1487,3262.2939,3267.2016,52.9471,1.6206,400614211,474200107.5215
000001.SH,20220622,3267.2016,3309.1184,3311.0209,3266.5427,3306.7186,-39.517,-1.1951,375529782,440850994.2562
000001.SH,20220621,3306.7186,3313.7874,3329.39,3279.8269,3315.4302,-8.7116,-0.2628,394456891,471793645.3698
000001.SH,20220620,3315.4302,3315.7833,3333.9025,3292.9279,3316.7857,-1.3555,-0.0409,413460410,527751758.0463
000001.SH,20220617,3316.7857,3265.5124,3323.2797,3262.8936,3285.3845,31.4012,0.9558,395300700,497252170.2219
000001.SH,20220616,3285.3845,3306.8353,3319.689,3277.5306,3305.4066,-20.0221,-0.6057,433220868,506053993.8414
000001.SH,20220615,3305.4066,3289.1036,3358.5453,3288.8512,3288.9066,16.5,0.5017,550584131,621972527.6627
000001.SH,20220614,3288.9066,3224.2141,3289.1343,3195.8192,3255.5511,33.3555,1.0246,450388187,513844989.4785
000001.SH,20220613,3255.5511,3256.275,3272.9906,3229.3089,3284.8341,-29.283,-0.8915,438578312,511966171.7593
000001.SH,20220610,3284.8341,3214.1848,3286.6195,3210.8083,3238.9543,45.8798,1.4165,439865730,504153681.0881
000001.SH,20220609,3238.9543,3259.4899,3270.5571,3223.4751,3263.7934,-24.8391,-0.7611,422728372,468458214.2897
000001.SH,20220608,3263.7934,3245.0173,3266.6298,3216.0148,3241.7635,22.0299,0.6796,434183270,508408534.8968
000001.SH,20220607,3241.7635,3235.416,3253.093,3222.6354,3236.3719,5.3916,0.1666,402203220,482203196.9099
000001.SH,20220606,3236.3719,3196.9552,3237.071,3181.647,3195.458,40.9139,1.2804,422027835,517314346.904
000001.SH,20220602,3195.458,3170.3055,3197.2818,3163.7555,3182.1566,13.3014,0.418,361770632,413729263.9169
000001.SH,20220601,3182.1566,3179.6949,3190.6094,3160.0399,3186.4271,-4.2705,-0.134,365664432,402419941.2412
000001.SH,20220531,3186.4271,3149.9443,3188.6026,3142.0044,3149.0607,37.3664,1.1866,374523265,432528021.8802
000001.SH,20220530,3149.0607,3141.956,3150.8923,3123.1495,3130.2394,18.8213,0.6013,349362285,376667694.1931
000001.SH,20220527,3130.2394,3135.0315,3151.047,3112.5443,3123.1079,7.1315,0.2283,359463866,372631595.5271
000001.SH,20220526,3123.1079,3111.4817,3133.2767,3079.4812,3107.4641,15.6438,0.5034,370305518,377364655.262
000001.SH,20220525,3107.4641,3070.1702,3107.6279,3069.9459,3070.9272,36.5369,1.1898,342259227,342322167.6685
000001.SH,20220524,3070.9272,3149.059,3153.1299,3070.9272,3146.8573,-75.9301,-2.4129,416312158,438605376.4638
000001.SH,20220523,3146.8573,3150.4898,3150.5093,3127.8986,3146.5673,0.29,0.0092,353376325,381178569.2216
000001.SH,20220520,3146.5673,3107.0941,3146.5673,3107.0941,3096.9648,49.6025,1.6016,372336636,415306218.189
000001.SH,20220519,3096.9648,3046.7104,3096.9648,3042.6742,3085.9768,10.988,0.3561,336600749,360018210.692
000001.SH,20220518,3085.9768,3095.8862,3105.8419,3071.305,3093.6965,-7.7197,-0.2495,315037923,338849162.214
000001.SH,20220517,3093.6965,3076.4982,3093.6965,3057.6406,3073.7488,19.9477,0.649,330356537,351671298.4706
000001.SH,20220516,3073.7488,3100.55,3102.577,3063.3977,3084.2845,-10.5357,-0.3416,338108492,348957705.4937
000001.SH,20220513,3084.2845,3068.0331,3086.0957,3059.2527,3054.994,29.2905,0.9588,331737852,340942192.6529
000001.SH,20220512,3054.994,3044.7997,3072.1574,3032.9452,3058.7027,-3.7087,-0.1213,344440477,368879652.308
000001.SH,20220511,3058.7027,3035.3893,3100.8998,3034.6745,3035.8442,22.8585,0.753,423991912,472963382.2308
000001.SH,20220510,3035.8442,2965.7759,3043.7789,2957.3968,3004.1409,31.7033,1.0553,370660980,384012598.3749
000001.SH,20220509,3004.1409,2990.199,3015.9425,2983.6119,3001.5605,2.5804,0.086,292061556,299983258.9104
000001.SH,20220506,3001.5605,3011.3187,3030.6926,2992.7152,3067.7587,-66.1982,-2.1579,343264218,346214397.7196
000001.SH,20220505,3067.7587,3044.8491,3082.2295,3042.1155,3047.0624,20.6963,0.6792,383072875,409352003.2388
000001.SH,20220429,3047.0624,2986.0606,3048.4941,2968.334,2975.4848,71.5776,2.4056,423932794,440422728.8478
000001.SH,20220428,2975.4848,2945.8109,2991.5101,2936.7941,2958.282,17.2028,0.5815,375371775,388743021.8978
000001.SH,20220427,2958.282,2866.8161,2959.1781,2863.6497,2886.4257,71.8563,2.4895,423060191,422928346.5152
000001.SH,20220426,2886.4257,2930.4532,2957.68,2878.2563,2928.5118,-42.0861,-1.4371,401615154,395985961.2754
000001.SH,20220425,2928.5118,3034.2667,3043.8156,2928.5096,3086.9193,-158.4075,-5.1316,433606108,427077210.4344
000001.SH,20220422,3086.9193,3058.4044,3105.6552,3049.3555,3079.8077,7.1116,0.2309,342000563,348793631.0748
000001.SH,20220421,3079.8077,3138.4276,3160.8994,3069.6809,3151.0498,-71.2421,-2.2609,391934694,396542033.9467
000001.SH,20220420,3151.0498,3189.8912,3191.8315,3142.0485,3194.0287,-42.9789,-1.3456,362047037,373572708.0957
000001.SH,20220419,3194.0287,3192.0924,3207.8276,3174.7138,3195.524,-1.4953,-0.0468,339944104,362769876.6857
000001.SH,20220418,3195.524,3185.9428,3204.0274,3166.9782,3211.2448,-15.7208,-0.4896,347365123,366380807.9177
000001.SH,20220415,3211.2448,3210.6996,3229.8655,3200.1332,3225.6412,-14.3964,-0.4463,407842082,413498819.9165
000001.SH,20220414,3225.6412,3203.6337,3240.0014,3200.2346,3186.8244,38.8168,1.218,371242344,401191632.0812
000001.SH,20220413,3186.8244,3199.7972,3225.467,3183.533,3213.3295,-26.5051,-0.8248,391156925,398216898.4774
000001.SH,20220412,3213.3295,3165.1197,3214.5359,3140.8998,3167.1259,46.2036,1.4588,418321923,422455849.0245
000001.SH,20220411,3167.1259,3239.855,3239.855,3156.5066,3251.8502,-84.7243,-2.6054,424160185,435129505.0947
000001.SH,20220408,3251.8502,3239.8767,3257.0938,3208.3521,3236.6951,15.1551,0.4682,413826799,414037258.3748
000001.SH,20220407,3236.6951,3267.8103,3290.2561,3236.4791,3283.4261,-46.731,-1.4232,402626660,398081845.4726
000001.SH,20220406,3283.4261,3269.427,3288.108,3255.6894,3282.7166,0.7095,0.0216,429642779,433556392.4844
000001.SH,20220401,3282.7166,3234.668,3287.2285,3226.2965,3252.2029,30.5137,0.9382,378210460,405675715.4332
000001.SH,20220331,3252.2029,3256.1369,3272.04,3246.063,3266.5959,-14.393,-0.4406,398439934,428089033.6353
000001.SH,20220330,3266.5959,3217.5921,3266.5959,3216.3023,3203.9393,62.6566,1.9556,366753677,413008941.329
000001.SH,20220329,3203.9393,3216.0118,3229.1766,3196.4553,3214.5027,-10.5634,-0.3286,316273649,363964468.6542
000001.SH,20220328,3214.5027,3185.1668,3230.2153,3159.8348,3212.2399,2.2628,0.0704,344994873,374472279.9699
000001.SH,20220325,3212.2399,3247.1568,3257.1061,3211.6445,3250.2644,-38.0245,-1.1699,340020006,389770395.9777
000001.SH,20220324,3250.2644,3256.0573,3266.8866,3236.6592,3271.0325,-20.7681,-0.6349,329006654,390727516.5165
000001.SH,20220323,3271.0325,3264.7923,3279.8868,3251.9817,3259.8619,11.1706,0.3427,349875370,405422033.5015
000001.SH,20220322,3259.8619,3249.5428,3279.1127,3239.5323,3253.6857,6.1762,0.1898,361196158,402798964.0458
000001.SH,20220321,3253.6857,3255.6152,3267.4982,3223.3892,3251.0724,2.6133,0.0804,354228488,421076289.7277
000001.SH,20220318,3251.0724,3207.1522,3260.7829,3197.3578,3215.0445,36.0279,1.1206,373035611,428415081.6367
000001.SH,20220317,3215.0445,3215.0105,3260.1673,3202.9337,3170.7103,44.3342,1.3982,420813458,532549484.0157
000001.SH,20220316,3170.7103,3107.669,3177.7882,3023.3045,3063.9652,106.7451,3.4839,444667189,522305342.4852
000001.SH,20220315,3063.9652,3192.3637,3196.9161,3063.9652,3223.5328,-159.5676,-4.9501,465037164,508158410.06
000001.SH,20220314,3223.5328,3271.8902,3297.7973,3223.5328,3309.7467,-86.2139,-2.6048,337968687,418055596.1089
000001.SH,20220311,3309.7467,3259.3227,3315.6603,3217.4185,3296.0922,13.6545,0.4143,384067127,458687054.6961
000001.SH,20220310,3296.0922,3312.1789,3326.5827,3291.2352,3256.3884,39.7038,1.2193,378336376,466084008.3609
000001.SH,20220309,3256.3884,3303.706,3321.4811,3147.6768,3293.5301,-37.1417,-1.1277,466285569,519833299.622
000001.SH,20220308,3293.5301,3372.5546,3383.6326,3287.3412,3372.8552,-79.3251,-2.3519,415926766,485623581.0039
000001.SH,20220307,3372.8552,3438.5602,3438.5602,3360.7393,3447.649,-74.7938,-2.1694,393588999,458156894.7909
000001.SH,20220304,3447.649,3459.9845,3474.8816,3437.6964,3481.1125,-33.4635,-0.9613,393526581,430669055.3032
000001.SH,20220303,3481.1125,3495.928,3500.2872,3473.3376,3484.1916,-3.0791,-0.0884,412594289,443621777.1615
000001.SH,20220302,3484.1916,3478.2925,3486.6206,3466.9999,3488.8347,-4.6431,-0.1331,329367684,380143816.188
000001.SH,20220301,3488.8347,3471.3646,3491.1317,3465.7154,3462.3064,26.5283,0.7662,326001662,412562471.1604
000001.SH,20220228,3462.3064,3450.3155,3462.3064,3425.5162,3451.4061,10.9003,0.3158,345838388,413804526.7236
000001.SH,20220225,3451.4061,3445.3361,3480.1756,3440.9339,3429.9564,21.4497,0.6254,377542556,441659490.6218
000001.SH,20220224,3429.9564,3474.3692,3486.9773,3400.2136,3489.1465,-59.1901,-1.6964,488354901,569794044.2197
000001.SH,20220223,3489.1465,3458.5139,3490.7633,3458.1795,3457.146,32.0005,0.9256,325604895,415630339.8234
000001.SH,20220222,3457.146,3473.2874,3473.3931,3437.6717,3490.6123,-33.4663,-0.9588,326279484,387678927.6137
000001.SH,20220221,3490.6123,3488.4057,3492.1994,3471.6858,3490.7573,-0.145,-0.0042,301541740,345398586.1464
000001.SH,20220218,3490.7573,3451.6318,3490.7573,3447.0273,3468.0354,22.7219,0.6552,295149963,327220393.2831
000001.SH,20220217,3468.0354,3464.2091,3480.9719,3454.2767,3465.8305,2.2049,0.0636,297262682,355783125.6966
000001.SH,20220216,3465.8305,3457.073,3475.0576,3453.8014,3446.0885,19.742,0.5729,274993913,325563412.5292
000001.SH,20220215,3446.0885,3428.0447,3447.4917,3421.6403,3428.8821,17.2064,0.5018,275559322,341638876.4517
000001.SH,20220214,3428.8821,3451.8468,3457.2645,3415.4463,3462.9479,-34.0658,-0.9837,315274448,361677855.0975
000001.SH,20220211,3462.9479,3472.2757,3500.1471,3459.3299,3485.9071,-22.9592,-0.6586,361356090,426297923.4983
000001.SH,20220210,3485.9071,3481.9101,3488.8552,3464.2169,3479.9458,5.9613,0.1713,355666267,404969419.3994
000001.SH,20220209,3479.9458,3450.818,3484.739,3444.0848,3452.6288,27.317,0.7912,350249936,393719989.7698
000001.SH,20220208,3452.6288,3428.5424,3453.1863,3390.4578,3429.5809,23.0479,0.672,366093865,387969865.7364
000001.SH,20220207,3429.5809,3407.7621,3434.0256,3407.7621,3361.4397,68.1412,2.0271,320485211,357140422.9169
000001.SH,20220128,3361.4397,3407.5933,3417.0453,3356.5558,3394.2474,-32.8077,-0.9666,290855257,353774612.581
000001.SH,20220127,3394.2474,3456.1021,3456.363,3392.0154,3455.6679,-61.4205,-1.7774,280606534,346533957.9237
000001.SH,20220126,3455.6679,3442.6916,3462.1233,3417.7585,3433.0612,22.6067,0.6585,275122828,338312361.4522
000001.SH,20220125,3433.0612,3509.2847,3519.8334,3433.0612,3524.105,-91.0438,-2.5835,327353813,383727737.4537
000001.SH,20220124,3524.105,3508.2441,3531.6081,3500.1391,3522.5679,1.5371,0.0436,280268342,358009694.2703
000001.SH,20220121,3522.5679,3546.7495,3547.0003,3514.8853,3555.0629,-32.495,-0.914,326534880,417768922.5578
000001.SH,20220120,3555.0629,3556.2262,3576.2594,3540.5545,3558.1796,-3.1167,-0.0876,379509846,459701843.4145
000001.SH,20220119,3558.1796,3567.6309,3578.7348,3541.6619,3569.9144,-11.7348,-0.3287,333235269,420763364.2095
000001.SH,20220118,3569.9144,3541.8899,3579.3126,3531.3295,3541.666,28.2484,0.7976,377146435,470832038.6093
000001.SH,20220117,3541.666,3522.0851,3546.0853,3519.4257,3521.2559,20.4101,0.5796,312886733,438272981.5694
000001.SH,20220114,3521.2559,3544.0652,3548.4204,3519.3222,3555.2585,-34.0026,-0.9564,376937024,463197641.8656
000001.SH,20220113,3555.2585,3601.0265,3601.0725,3555.1576,3597.4321,-42.1736,-1.1723,369368365,457005419.279
000001.SH,20220112,3597.4321,3578.1629,3599.4993,3572.0965,3567.4409,29.9912,0.8407,343132956,435817892.9795
000001.SH,20220111,3567.4409,3589.9043,3602.1454,3562.7541,3593.5187,-26.0778,-0.7257,359761863,441300566.9336
000001.SH,20220110,3593.5187,3572.7434,3593.5187,3555.1255,3579.5427,13.976,0.3904,356222610,443400848.5924
000001.SH,20220107,3579.5427,3588.9851,3607.2316,3577.0976,3586.0792,-6.5365,-0.1823,436306961,502891435.4263
000001.SH,20220106,3586.0792,3581.2184,3594.489,3559.8803,3595.1761,-9.0969,-0.253,371540543,474284290.0054
000001.SH,20220105,3595.1761,3628.2634,3628.2634,3583.4668,3632.3289,-37.1528,-1.0228,423902028,538963631.6842
000001.SH,20220104,3632.3289,3649.151,3651.8924,3610.0922,3639.7754,-7.4465,-0.2046,405027769,510251060.6248
000001.SH,20211231,3639.7754,3626.242,3642.843,3624.9419,3619.1886,20.5868,0.5688,329681932,433489803.1035
000001.SH,20211230,3619.1886,3596.4921,3628.9177,3595.4957,3597.0002,22.1884,0.6169,307839291,413947692.7961
000001.SH,20211229,3597.0002,3630.9159,3630.9159,3596.3225,3630.1115,-33.1113,-0.9121,305131766,410425339.4969
000001.SH,20211228,3630.1115,3619.6419,3631.0766,3607.3643,3615.9741,14.1374,0.391,316202242,408761369.6957
000001.SH,20211227,3615.9741,3613.0469,3632.188,3601.9351,3618.0535,-2.0794,-0.0575,329235293,407482648.4463
000001.SH,20211224,3618.0535,3645.3948,3648.9556,3612.0673,3643.3391,-25.2856,-0.694,390347625,476261146.2668
000001.SH,20211223,3643.3391,3625.4695,3643.5459,3618.048,3622.6178,20.7213,0.572,382925734,449988152.7234
000001.SH,20211222,3622.6178,3632.6763,3635.8992,3616.5477,3625.1251,-2.5073,-0.0692,394825177,432451306.6373
000001.SH,20211221,3625.1251,3591.4519,3627.0884,3591.4519,3593.6019,31.5232,0.8772,408184348,428379392.3414
000001.SH,20211220,3593.6019,3620.0371,3643.9537,3589.3603,3632.3638,-38.7619,-1.0671,423851410,491828987.6239
000001.SH,20211217,3632.3638,3670.2578,3673.6535,3631.6605,3675.016,-42.6522,-1.1606,408487837,491952923.4886
000001.SH,20211216,3675.016,3648.9271,3675.016,3644.6646,3647.6303,27.3857,0.7508,381329507,465911359.475
000001.SH,20211215,3647.6303,3655.0489,3668.4016,3645.2425,3661.5253,-13.895,-0.3795,377477667,481134370.303
000001.SH,20211214,3661.5253,3669.8067,3671.6784,3654.6561,3681.082,-19.5567,-0.5313,362171934,487468521.3118
000001.SH,20211213,3681.082,3686.9368,3708.9424,3678.0583,3666.3479,14.7341,0.4019,424092009,574187961.6816
000001.SH,20211210,3666.3479,3654.3684,3667.8547,3651.3525,3673.0412,-6.6933,-0.1822,419988801,556324240.4589
000001.SH,20211209,3673.0412,3641.1579,3688.3968,3638.7022,3637.5675,35.4737,0.9752,431918157,568529389.5842
000001.SH,20211208,3637.5675,3602.824,3637.715,3591.9857,3595.0882,42.4793,1.1816,361036657,486034352.1416
000001.SH,20211207,3595.0882,3611.217,3614.2228,3572.5688,3589.3061,5.7821,0.1611,403842594,524119459.3965
000001.SH,20211206,3589.3061,3615.2356,3626.1257,3586.8052,3607.4322,-18.1261,-0.5025,418676743,528229670.8262
000001.SH,20211203,3607.4322,3576.4496,3608.4698,3573.2135,3573.8358,33.5964,0.9401,377551048,493565554.7622
000001.SH,20211202,3573.8358,3573.2468,3586.867,3567.137,3576.8853,-3.0495,-0.0853,354041524,468424828.2379
000001.SH,20211201,3576.8853,3561.886,3576.8853,3558.691,3563.8872,12.9981,0.3647,329873517,467522790.6186
000001.SH,20211130,3563.8872,3570.7468,3582.115,3546.3618,3562.6968,1.1904,0.0334,349187938,493605518.0477
000001.SH,20211129,3562.6968,3528.672,3563.677,3526.3551,3564.0894,-1.3926,-0.0391,333618331,490038170.2423
000001.SH,20211126,3564.0894,3576.1136,3576.1136,3554.8798,3584.1788,-20.0894,-0.5605,301000066,434625236.0584
000001.SH,20211125,3584.1788,3593.3883,3597.1478,3579.5333,3592.7025,-8.5237,-0.2373,306451518,450558843.1137
000001.SH,20211124,3592.7025,3590.0189,3602.7354,3575.2884,3589.0894,3.6131,0.1007,336775246,481020419.9833
000001.SH,20211123,3589.0894,3580.5058,3598.3749,3577.3608,3582.0797,7.0097,0.1957,360011593,508083893.7624
000001.SH,20211122,3582.0797,3562.7628,3585.1876,3562.7505,3560.3734,21.7063,0.6097,330009385,509123407.001
000001.SH,20211119,3560.3734,3519.2758,3561.9127,3517.6514,3520.7106,39.6628,1.1266,317989976,440593605.9991
000001.SH,20211118,3520.7106,3531.4923,3537.9758,3513.1136,3537.3662,-16.6556,-0.4708,312426927,432898314.2194
000001.SH,20211117,3537.3662,3518.5646,3537.5125,3513.523,3521.7867,15.5795,0.4424,276735671,401552317.8825
000001.SH,20211116,3521.7867,3530.4575,3549.7654,3517.8065,3533.3026,-11.5159,-0.3259,310399909,444700782.7648
000001.SH,20211115,3533.3026,3542.9034,3550.4438,3521.2924,3539.1002,-5.7976,-0.1638,313017612,464065405.7242
000001.SH,20211112,3539.1002,3534.1512,3543.648,3527.3896,3532.7858,6.3144,0.1787,308683354,443398366.9726
000001.SH,20211111,3532.7858,3486.451,3534.1991,3482.8291,3492.4616,40.3242,1.1546,322087957,464803859.1535
000001.SH,20211110,3492.4616,3498.9445,3498.9445,3448.4378,3507.0018,-14.5402,-0.4146,307030708,443112742.2924
000001.SH,20211109,3507.0018,3507.1075,3514.9512,3489.0431,3498.6308,8.371,0.2393,287315989,421200703.3256
000001.SH,20211108,3498.6308,3491.9709,3507.2744,3484.2399,3491.5677,7.0631,0.2023,298183722,421968075.3508
000001.SH,20211105,3491.5677,3520.2073,3525.8723,3491.4565,3526.8657,-35.298,-1.0008,354533565,485823223.5126
000001.SH,20211104,3526.8657,3505.8944,3527.9517,3503.0059,3498.5368,28.3289,0.8097,319440829,468829179.5982
000001.SH,20211103,3498.5368,3501.1051,3512.6089,3480.4877,3505.6283,-7.0915,-0.2023,306607669,449115126.7198
000001.SH,20211102,3505.6283,3543.3827,3559.0478,3477.664,3544.4795,-38.8512,-1.0961,417563173,585519469.7523
000001.SH,20211101,3544.4795,3530.3963,3556.59,3519.2901,3547.3361,-2.8566,-0.0805,382251325,564100255.0836
000001.SH,20211029,3547.3361,3519.3276,3547.3361,3502.8013,3518.4166,28.9195,0.8219,358809377,527231831.3804
000001.SH,20211028,3518.4166,3548.7021,3552.0419,3509.4872,3562.3052,-43.8886,-1.232,378171666,502982768.1047
000001.SH,20211027,3562.3052,3589.8573,3589.8573,3553.1277,3597.6377,-35.3325,-0.9821,350620940,470777794.1118
000001.SH,20211026,3597.6377,3612.8332,3625.0156,3589.706,3609.8626,-12.2249,-0.3387,337278291,465179593.7474
000001.SH,20211025,3609.8626,3574.2631,3611.0908,3564.2059,3582.6036,27.259,0.7609,321196816,443961628.8447
000001.SH,20211022,3582.6036,3594.7457,3607.5776,3578.7602,3594.7831,-12.1795,-0.3388,353157203,455441250.1364
000001.SH,20211021,3594.7831,3590.0496,3610.9602,3576.3547,3587.0009,7.7822,0.217,352310867,453571672.4883
000001.SH,20211020,3587.0009,3583.2364,3596.0499,3574.2957,3593.1533,-6.1524,-0.1712,344245008,450482950.9318
000001.SH,20211019,3593.1533,3562.2955,3596.7875,3560.6221,3568.1379,25.0154,0.7011,334197652,440181531.8002
000001.SH,20211018,3568.1379,3571.0482,3571.0482,3539.4779,3572.3662,-4.2283,-0.1184,340950616,455787893.4246
000001.SH,20211015,3572.3662,3551.9874,3578.7661,3542.6932,3558.2795,14.0867,0.3959,320292984,425924720.8639
000001.SH,20211014,3558.2795,3555.1085,3569.6864,3547.182,3561.7623,-3.4828,-0.0978,294969196,377519263.0935
000001.SH,20211013,3561.7623,3543.4918,3569.1332,3515.6481,3546.9362,14.8261,0.418,325050667,405020008.8069
000001.SH,20211012,3546.9362,3581.2967,3583.6391,3515.1408,3591.7087,-44.7725,-1.2466,405393748,461983492.1019
000001.SH,20211011,3591.7087,3600.3569,3614.6988,3586.7487,3592.1666,-0.4579,-0.0127,394361159,468673831.4448
000001.SH,20211008,3592.1666,3609.0874,3612.5539,3571.7338,3568.1668,23.9998,0.6726,407161148,492964826.4347
000001.SH,20210930,3568.1668,3541.9283,3572.4259,3541.9283,3536.2944,31.8724,0.9013,395629626,445734703.1433
000001.SH,20210929,3536.2944,3573.5178,3573.5178,3518.0477,3602.2184,-65.924,-1.8301,452511151,511106926.3146
000001.SH,20210928,3602.2184,3577.8859,3610.917,3568.8189,3582.8307,19.3877,0.5411,444168807,500081996.0599
000001.SH,20210927,3582.8307,3625.9597,3640.8077,3559.9154,3613.0673,-30.2366,-0.8369,510802795,640673648.2334
000001.SH,20210924,3613.0673,3637.8677,3651.4294,3607.7919,3642.2204,-29.1531,-0.8004,507304772,606788609.0826
000001.SH,20210923,3642.2204,3651.2661,3670.9542,3632.2822,3628.4897,13.7307,0.3784,534995486,633218929.0713
000001.SH,20210922,3628.4897,3563.2074,3629.4539,3560.5033,3613.9663,14.5234,0.4019,472296053,559874729.6063
000001.SH,20210917,3613.9663,3595.2715,3620.9575,3569.2707,3607.0922,6.8741,0.1906,516850210,628834394.2612
000001.SH,20210916,3607.0922,3664.841,3677.9198,3606.7276,3656.2232,-49.131,-1.3438,546741474,673955340.4248
000001.SH,20210915,3656.2232,3651.1583,3677.5265,3638.3225,3662.6015,-6.3783,-0.1741,474970001,604231544.0877
000001.SH,20210914,3662.6015,3709.6336,3723.8451,3655.6341,3715.3723,-52.7708,-1.4203,564952386,693778088.2515
000001.SH,20210913,3715.3723,3699.2534,3716.8315,3692.8157,3703.1103,12.262,0.3311,557484019,696192354.6521
000001.SH,20210910,3703.1103,3691.1856,3722.8732,3681.6415,3693.1296,9.9807,0.2703,635200433,759084638.0822
000001.SH,20210909,3693.1296,3666.8246,3693.4499,3662.1633,3675.1865,17.9431,0.4882,604810330,679465424.3763
000001.SH,20210908,3675.1865,3673.4023,3695.3204,3660.9998,3676.5866,-1.4001,-0.0381,586436193,674348482.6573
000001.SH,20210907,3676.5866,3621.7099,3681.9254,3615.1444,3621.8593,54.7273,1.511,547721875,658867924.8251
000001.SH,20210906,3621.8593,3580.1413,3626.2865,3580.1413,3581.7344,40.1249,1.1203,521713276,654085732.9186
000001.SH,20210903,3581.7344,3602.7421,3613.948,3569.3989,3597.0426,-15.3082,-0.4256,614532353,743840780.5968
000001.SH,20210902,3597.0426,3559.9025,3597.3656,3557.6769,3567.1008,29.9418,0.8394,572684039,691113292.7745
000001.SH,20210901,3567.1008,3543.8663,3582.3236,3514.6744,3543.9402,23.1606,0.6535,667276305,842528984.3642
000001.SH,20210831,3543.9402,3519.0245,3543.9402,3496.3891,3528.1512,15.789,0.4475,524205056,703504818.9212
000001.SH,20210830,3528.1512,3535.0727,3539.494,3512.9929,3522.1567,5.9945,0.1702,512785716,699116242.8301
000001.SH,20210827,3522.1567,3494.4176,3530.1927,3493.375,3501.6643,20.4924,0.5852,455345906,595518692.6378
000001.SH,20210826,3501.6643,3537.3139,3537.3155,3499.4529,3540.3837,-38.7194,-1.0936,502903147,622393475.9721
000001.SH,20210825,3540.3837,3517.9151,3540.3948,3510.0664,3514.471,25.9127,0.7373,450047019,598611868.6554
000001.SH,20210824,3514.471,3482.2658,3522.6973,3481.1409,3477.1321,37.3389,1.0738,430236463,616084137.9418
000001.SH,20210823,3477.1321,3436.7963,3481.2543,3436.6706,3427.3338,49.7983,1.453,384727440,564308155.5138
000001.SH,20210820,3427.3338,3442.5062,3453.1531,3394.9723,3465.5546,-38.2208,-1.1029,391136918,552667602.5517
000001.SH,20210819,3465.5546,3475.298,3480.4598,3446.0146,3485.2859,-19.7313,-0.5661,382383031,537926524.3717
000001.SH,20210818,3485.2859,3442.3472,3487.4364,3437.6908,3446.976,38.3099,1.1114,389203756,535463068.0655
000001.SH,20210817,3446.976,3512.109,3531.7249,3438.1233,3517.3447,-70.3687,-2.0006,422885804,570430624.0187
000001.SH,20210816,3517.3447,3514.3445,3537.85,3510.8976,3516.2989,1.0458,0.0297,391099721,535458941.4173
000001.SH,20210813,3516.2989,3514.4671,3540.0799,3500.7995,3524.7374,-8.4385,-0.2394,378187282,532907854.2953
000001.SH,20210812,3524.7374,3522.7238,3538.396,3513.4457,3532.6213,-7.8839,-0.2232,381074593,538163449.8541
000001.SH,20210811,3532.6213,3527.1093,3544.0941,3524.0444,3529.9309,2.6904,0.0762,383783554,541942732.5995
000001.SH,20210810,3529.9309,3488.6642,3529.9309,3477.0641,3494.6348,35.2961,1.01,345112992,553440311.8015
000001.SH,20210809,3494.6348,3441.7502,3502.841,3438.703,3458.2277,36.4071,1.0528,349910094,539498929.5669
000001.SH,20210806,3458.2277,3465.4842,3466.3904,3436.9317,3466.5491,-8.3214,-0.24,336824400,516406643.1359
000001.SH,20210805,3466.5491,3461.7185,3486.1572,3449.3885,3477.2186,-10.6695,-0.3068,348436922,540401110.8914
000001.SH,20210804,3477.2186,3442.9368,3477.5972,3440.7835,3447.9914,29.2272,0.8477,348744218,546820755.9833
000001.SH,20210803,3447.9914,3446.7841,3470.6571,3435.4619,3464.2854,-16.294,-0.4703,400698081,603419198.4853
000001.SH,20210802,3464.2854,3385.6902,3464.2914,3367.643,3397.3574,66.928,1.97,432927871,657885783.9201
000001.SH,20210730,3397.3574,3398.196,3404.8813,3370.4506,3411.724,-14.3666,-0.4211,381440956,568820969.728
000001.SH,20210729,3411.724,3403.8383,3416.6071,3382.571,3361.5895,50.1345,1.4914,344569428,539748855.3829
000001.SH,20210728,3361.5895,3355.8189,3385.536,3312.7206,3381.1833,-19.5938,-0.5795,395825419,564697720.1252
000001.SH,20210727,3381.1833,3467.4473,3483.8738,3380.2763,3467.4409,-86.2576,-2.4876,469075443,702741087.4896
000001.SH,20210726,3467.4409,3538.0143,3538.0143,3424.7424,3550.3964,-82.9555,-2.3365,442882203,639061193.8034
000001.SH,20210723,3550.3964,3571.7152,3571.8541,3541.5101,3574.7344,-24.338,-0.6808,446421246,604195152.7126
000001.SH,20210722,3574.7344,3563.6608,3576.4732,3558.2933,3562.6611,12.0733,0.3389,381067054,566769499.1649
000001.SH,20210721,3562.6611,3543.0534,3569.0898,3543.0534,3536.7905,25.8706,0.7315,338978748,517239989.15
000001.SH,20210720,3536.7905,3515.0718,3538.6361,3509.1916,3539.1225,-2.332,-0.0659,293780594,422649888.6433
000001.SH,20210719,3539.1225,3530.4932,3544.8793,3506.3423,3539.3038,-0.1813,-0.0051,336760946,486952459.447
000001.SH,20210716,3539.3038,3559.526,3565.9992,3537.7288,3564.5902,-25.2864,-0.7094,366014779,518640630.0714
000001.SH,20210715,3564.5902,3519.063,3565.9347,3514.258,3528.5011,36.0891,1.0228,363259164,507481841.3079
000001.SH,20210714,3528.5011,3560.8281,3560.8281,3525.4938,3566.5225,-38.0214,-1.0661,372221722,507716415.4215
000001.SH,20210713,3566.5225,3547.5897,3567.4813,3542.8154,3547.8362,18.6863,0.5267,362416711,511917230.6954
000001.SH,20210712,3547.8362,3545.1977,3565.0321,3527.3927,3524.0881,23.7481,0.6739,403639558,564759282.7059
000001.SH,20210709,3524.0881,3512.2334,3529.3098,3485.0543,3525.5039,-1.4158,-0.0402,349884317,493020839.3281
000001.SH,20210708,3525.5039,3557.2177,3558.6772,3521.0579,3553.7155,-28.2116,-0.7939,350877857,526858672.9697
000001.SH,20210707,3553.7155,3508.5901,3557.879,3504.4723,3530.2589,23.4566,0.6644,318839189,457607653.2252
000001.SH,20210706,3530.2589,3533.1304,3538.347,3496.9276,3534.3222,-4.0633,-0.115,314070211,492886901.1857
000001.SH,20210705,3534.3222,3516.9228,3534.3222,3510.5781,3518.7595,15.5627,0.4423,288094837,445431942.1466
000001.SH,20210702,3518.7595,3569.8919,3569.8919,3514.3386,3588.7816,-70.0221,-1.9511,291945548,452263194.296
000001.SH,20210701,3588.7816,3600.5464,3607.7049,3573.9374,3591.197,-2.4154,-0.0673,291883192,450639036.9874
000001.SH,20210630,3591.197,3572.6236,3594.1185,3569.501,3573.1779,18.0191,0.5043,268162818,414698378.9335
000001.SH,20210629,3573.1779,3601.6772,3601.8265,3570.5253,3606.3722,-33.1943,-0.9204,306071178,440898705.2251
000001.SH,20210628,3606.3722,3612.2469,3614.3574,3594.2174,3607.5618,-1.1896,-0.033,321274974,456029594.4013
000001.SH,20210625,3607.5618,3567.3772,3614.2981,3564.5199,3566.6539,40.9079,1.147,346087832,483898970.8686
000001.SH,20210624,3566.6539,3568.5758,3570.4874,3548.8161,3566.2199,0.434,0.0122,335440754,461273595.5697
000001.SH,20210623,3566.2199,3559.3988,3577.4661,3549.8482,3557.412,8.8079,0.2476,310709518,470347635.637
000001.SH,20210622,3557.412,3539.7876,3560.1946,3536.812,3529.1826,28.2294,0.7999,307536399,437092259.1734
000001.SH,20210621,3529.1826,3515.5006,3540.2959,3504.0075,3525.0968,4.0858,0.1159,280898277,426562789.1481
000001.SH,20210618,3525.0968,3520.4966,3535.6221,3503.1833,3525.6042,-0.5074,-0.0144,296708585,446297401.4031
000001.SH,20210617,3525.6042,3508.317,3534.1976,3507.3535,3518.3292,7.275,0.2068,277229918,388761041.6794
000001.SH,20210616,3518.3292,3556.7139,3561.0921,3513.5592,3556.559,-38.2298,-1.0749,312597306,410609314.681
000001.SH,20210615,3556.559,3587.4658,3592.9465,3547.187,3589.7481,-33.1891,-0.9246,349168566,444719204.2183
000001.SH,20210611,3589.7481,3614.1134,3614.4038,3587.1491,3610.859,-21.1109,-0.5847,360554970,495372693.0645
000001.SH,20210610,3610.859,3587.5282,3624.3433,3584.1332,3591.3965,19.4625,0.5419,318174808,442117285.3839
000001.SH,20210609,3591.3965,3576.8015,3598.7082,3572.6364,3580.1063,11.2902,0.3154,298323296,403236322.7539
000001.SH,20210608,3580.1063,3598.7527,3621.5227,3563.2503,3599.541,-19.4347,-0.5399,304491470,443161808.0078
000001.SH,20210607,3599.541,3597.1413,3600.3759,3581.8988,3591.8447,7.6963,0.2143,303718677,432219952.2222
000001.SH,20210604,3591.8447,3565.4716,3618.8001,3561.8907,3584.2121,7.6326,0.213,330893038,435280519.9329
000001.SH,20210603,3584.2121,3595.4215,3618.5067,3584.2054,3597.1379,-12.9258,-0.3593,354233031,443506527.3292
000001.SH,20210602,3597.1379,3626.3283,3629.2896,3584.5955,3624.7138,-27.5759,-0.7608,348558420,454678066.3756
000001.SH,20210601,3624.7138,3608.5978,3626.0737,3581.9115,3615.4773,9.2365,0.2555,352811413,471663104.7967
000001.SH,20210531,3615.4773,3600.0702,3615.6568,3580.6524,3600.7844,14.6929,0.408,331523770,449694380.9755
000001.SH,20210528,3600.7844,3610.7668,3622.1801,3582.358,3608.8507,-8.0663,-0.2235,349208830,452445031.9652
000001.SH,20210527,3608.8507,3585.7337,3626.3584,3579.2601,3593.357,15.4937,0.4312,309551486,429004239.2706
000001.SH,20210526,3593.357,3586.8388,3603.4881,3585.3695,3581.3418,12.0152,0.3355,341980288,455831256.6606
000001.SH,20210525,3581.3418,3502.539,3584.5774,3502.4429,3497.2821,84.0597,2.4036,341241127,472213531.4332
000001.SH,20210524,3497.2821,3486.2711,3498.3037,3469.8746,3486.5569,10.7252,0.3076,289509242,367181627.934
000001.SH,20210521,3486.5569,3510.8353,3518.3769,3479.6744,3506.9444,-20.3875,-0.5813,283826285,356025931.2925
000001.SH,20210520,3506.9444,3500.8773,3517.7399,3486.0662,3510.9647,-4.0203,-0.1145,326009333,390355321.4864
000001.SH,20210519,3510.9647,3521.1097,3521.1097,3503.8151,3529.0144,-18.0497,-0.5115,278321117,349973152.2934
000001.SH,20210518,3529.0144,3520.6488,3529.0144,3510.862,3517.6158,11.3986,0.324,271308558,336028774.6535
000001.SH,20210517,3517.6158,3490.4091,3530.5055,3490.1438,3490.3762,27.2396,0.7804,322135969,424476783.398
000001.SH,20210514,3490.3762,3436.0919,3490.6437,3422.5649,3429.5361,60.8401,1.774,336982309,411116942.8491
000001.SH,20210513,3429.5361,3432.138,3448.0169,3418.3846,3462.7513,-33.2152,-0.9592,319325327,356376917.8186
000001.SH,20210512,3462.7513,3429.7544,3466.3708,3428.3944,3441.8454,20.9059,0.6074,311444547,343860406.4326
000001.SH,20210511,3441.8454,3406.598,3448.0959,3384.6966,3427.9909,13.8545,0.4042,350934112,390326273.8197
000001.SH,20210510,3427.9909,3423.5896,3429.7359,3401.9346,3418.8741,9.1168,0.2667,374170884,399717549.0094
000001.SH,20210507,3418.8741,3446.407,3457.8924,3416.7755,3441.2826,-22.4085,-0.6512,353785389,411078841.6427
000001.SH,20210506,3441.2826,3446.0743,3471.2396,3426.8487,3446.8564,-5.5738,-0.1617,310424192,400525169.5664
000001.SH,20210430,3446.8564,3468.3022,3469.0872,3426.9023,3474.9011,-28.0447,-0.8071,312660354,401442334.6771
000001.SH,20210429,3474.9011,3458.0819,3478.2278,3447.5878,3457.0683,17.8328,0.5158,276631387,371611589.9109
000001.SH,20210428,3457.0683,3432.1612,3457.0683,3423.325,3442.6111,14.4572,0.4199,247381120,349669207.2983
000001.SH,20210427,3442.6111,3440.0911,3443.8538,3417.2647,3441.1658,1.4453,0.042,253032393,327046020.0177
000001.SH,20210426,3441.1658,3484.1072,3497.1208,3438.5724,3474.166,-33.0002,-0.9499,276970771,388161675.5537
000001.SH,20210423,3474.166,3462.0858,3482.3587,3456.3329,3465.1138,9.0522,0.2612,249360433,323015935.2795
000001.SH,20210422,3465.1138,3482.8328,3485.3585,3456.3156,3472.9298,-7.816,-0.2251,251114510,317081034.8733
000001.SH,20210421,3472.9298,3456.2991,3481.2511,3450.1113,3472.9427,-0.0129,-0.0004,253777859,323914146.2319
000001.SH,20210420,3472.9427,3467.1481,3494.2983,3463.4637,3477.5485,-4.6058,-0.1324,285300082,358982768.1976
000001.SH,20210419,3477.5485,3427.548,3479.0099,3414.3564,3426.6178,50.9307,1.4863,302735819,368472467.5245
000001.SH,20210416,3426.6178,3407.188,3432.6286,3394.1344,3398.9875,27.6303,0.8129,258579672,295951094.7046
000001.SH,20210415,3398.9875,3409.6139,3409.6139,3373.0939,3416.7212,-17.7337,-0.519,234005054,272569196.7674
000001.SH,20210414,3416.7212,3397.021,3420.0278,3392.9751,3396.47,20.2512,0.5962,233242327,269010070.6139
000001.SH,20210413,3396.47,3411.2928,3425.3945,3387.902,3412.9477,-16.4777,-0.4828,270626054,290539879.9261
000001.SH,20210412,3412.9477,3445.9696,3456.1581,3403.9012,3450.6772,-37.7295,-1.0934,309577239,338890339.5644
000001.SH,20210409,3450.6772,3475.4434,3475.4467,3442.1392,3482.5548,-31.8776,-0.9154,280085196,306422226.2545
000001.SH,20210408,3482.5548,3467.4871,3495.9086,3459.3246,3479.6256,2.9292,0.0842,331755329,348011326.7694
000001.SH,20210407,3479.6256,3483.4211,3483.4211,3453.1947,3482.9674,-3.3418,-0.0959,295786978,323650987.0282
000001.SH,20210406,3482.9674,3491.6336,3493.2806,3471.761,3484.3924,-1.425,-0.0409,234746671,286329672.7403
000001.SH,20210402,3484.3924,3472.6276,3487.5862,3462.8321,3466.3315,18.0609,0.521,262654873,317953200.7675
000001.SH,20210401,3466.3315,3444.8102,3470.0311,3438.8255,3441.9115,24.42,0.7095,275244295,292651912.2905
000001.SH,20210331,3441.9115,3452.2078,3452.2078,3420.8321,3456.6766,-14.7651,-0.4271,283049261,314174120.1719
000001.SH,20210330,3456.6766,3432.5288,3457.6345,3423.3154,3435.2958,21.3808,0.6224,285423081,331625651.2185
000001.SH,20210329,3435.2958,3429.6322,3449.8338,3409.8868,3418.3267,16.9691,0.4964,284824243,327944119.6624
000001.SH,20210326,3418.3267,3373.3171,3423.2231,3373.3171,3363.5915,54.7352,1.6273,274614987,322408619.9464
000001.SH,20210325,3363.5915,3355.0706,3382.226,3344.9695,3367.0606,-3.4691,-0.103,270676097,290223442.6041
000001.SH,20210324,3367.0606,3394.1283,3415.2949,3362.1847,3411.5088,-44.4482,-1.3029,317398697,344800038.2458
000001.SH,20210323,3411.5088,3445.3408,3445.4159,3390.0477,3443.4392,-31.9304,-0.9273,326389409,343477167.7071
000001.SH,20210322,3443.4392,3406.1227,3443.6596,3404.2341,3404.6634,38.7758,1.1389,312559084,332535035.8413
000001.SH,20210319,3404.6634,3423.8733,3439.5236,3389.2929,3463.0681,-58.4047,-1.6865,309161716,339992292.814
000001.SH,20210318,3463.0681,3449.6413,3478.1447,3449.3774,3445.5509,17.5172,0.5084,284403891,316529174.1157
000001.SH,20210317,3445.5509,3435.7319,3454.0562,3410.2815,3446.7334,-1.1825,-0.0343,280059818,306630472.1479
000001.SH,20210316,3446.7334,3424.6524,3448.8829,3406.1746,3419.9456,26.7878,0.7833,316668747,332388484.7303
000001.SH,20210315,3419.9456,3441.882,3457.4892,3392.5089,3453.0777,-33.1321,-0.9595,367813293,381646491.3245
000001.SH,20210312,3453.0777,3447.2033,3454.5064,3417.2389,3436.8313,16.2464,0.4727,358027035,381964281.2215
000001.SH,20210311,3436.8313,3369.9024,3436.8313,3369.9024,3357.7372,79.0941,2.3556,322112044,369805365.5281
000001.SH,20210310,3357.7372,3389.8388,3397.0251,3354.823,3359.292,-1.5548,-0.0463,299749166,339571691.506
000001.SH,20210309,3359.292,3415.3391,3429.1503,3328.3119,3421.4141,-62.1221,-1.8157,407652539,456196190.2969
000001.SH,20210308,3421.4141,3524.983,3542.3039,3421.2153,3501.9867,-80.5726,-2.3008,387047954,453859203.3418
000001.SH,20210305,3501.9867,3463.3086,3523.5682,3456.6668,3503.4916,-1.5049,-0.043,356409223,408849901.8559
000001.SH,20210304,3503.4916,3546.6406,3552.2024,3487.3757,3576.9045,-73.4129,-2.0524,393616120,462233734.2309
000001.SH,20210303,3576.9045,3500.1576,3577.6218,3498.7192,3508.5912,68.3133,1.947,347656846,415490345.7356
000001.SH,20210302,3508.5912,3566.852,3566.852,3485.3635,3551.3998,-42.8086,-1.2054,339830486,427680453.0576
000001.SH,20210301,3551.3998,3531.4802,3552.5665,3511.9888,3509.0804,42.3194,1.206,315487526,402477044.2174
000001.SH,20210226,3509.0804,3514.5648,3550.4055,3500.7036,3585.0458,-75.9654,-2.119,333280067,424485913.9194
000001.SH,20210225,3585.0458,3595.5424,3608.5568,3568.4735,3564.0799,20.9659,0.5883,366232299,444735017.1124
000001.SH,20210224,3564.0799,3638.9359,3645.6474,3531.5936,3636.3573,-72.2774,-1.9876,362158952,484430414.6197
000001.SH,20210223,3636.3573,3617.7013,3672.1511,3617.7013,3642.4449,-6.0876,-0.1671,398873174,479631810.2402
000001.SH,20210222,3642.4449,3707.1912,3717.2669,3642.4449,3696.168,-53.7231,-1.4535,488821478,599323102.0809
000001.SH,20210219,3696.168,3661.7834,3699.6502,3634.0149,3675.3571,20.8109,0.5662,361059804,484990205.7536
000001.SH,20210218,3675.3571,3721.0865,3731.687,3663.6637,3655.088,20.2691,0.5545,340309065,483546564.6011
000001.SH,20210210,3655.088,3612.6125,3662.7655,3612.5049,3603.489,51.599,1.4319,257940824,392643389.6302
000001.SH,20210209,3603.489,3539.7726,3604.0112,3528.6755,3532.4467,71.0423,2.0111,253821760,371567972.4607
000001.SH,20210208,3532.4467,3504.5631,3542.2075,3492.1286,3496.3329,36.1138,1.0329,249799619,359187319.1793
000001.SH,20210205,3496.3329,3509.4874,3536.5417,3492.9624,3501.8592,-5.5263,-0.1578,290146174,397391919.5585
000001.SH,20210204,3501.8592,3503.7785,3524.7219,3465.7706,3517.308,-15.4488,-0.4392,298834854,418742552.8015
000001.SH,20210203,3517.308,3531.149,3544.0092,3508.5069,3533.6849,-16.3769,-0.4635,297351716,413731471.9707
000001.SH,20210202,3533.6849,3510.8084,3535.502,3495.5681,3505.2836,28.4013,0.8102,264540630,384127851.0923
000001.SH,20210201,3505.2836,3477.1715,3506.3889,3469.875,3483.0692,22.2144,0.6378,277567901,371473066.2888
000001.SH,20210129,3483.0692,3521.7175,3531.5981,3446.5471,3505.1759,-22.1067,-0.6307,293662664,416528620.977
000001.SH,20210128,3505.1759,3534.6685,3549.544,3496.8788,3573.3412,-68.1653,-1.9076,270862461,391574388.0266
000001.SH,20210127,3573.3412,3567.5485,3578.7968,3546.492,3569.429,3.9122,0.1096,264107161,396270389.6188
000001.SH,20210126,3569.429,3610.9686,3610.9686,3564.7415,3624.2381,-54.8091,-1.5123,278139884,436326664.6458
000001.SH,20210125,3624.2381,3605.3611,3637.1002,3591.0204,3606.7496,17.4885,0.4849,327341070,527257347.6528
000001.SH,20210122,3606.7496,3616.5401,3616.5401,3585.0339,3621.2641,-14.5145,-0.4008,324463084,485452192.4099
000001.SH,20210121,3621.2641,3590.9247,3636.2444,3585.8017,3583.092,38.1721,1.0653,327466995,469855226.6459
000001.SH,20210120,3583.092,3564.121,3589.9624,3556.4425,3566.3814,16.7106,0.4686,272271661,397144766.1845
000001.SH,20210119,3566.3814,3596.3564,3603.1477,3553.0236,3596.2237,-29.8423,-0.8298,323439541,467402582.3971
000001.SH,20210118,3596.2237,3554.7977,3608.7665,3544.2614,3566.3778,29.8459,0.8369,301652565,451740700.4495
000001.SH,20210115,3566.3778,3566.2847,3589.2655,3533.7882,3565.9046,0.4732,0.0133,324612744,480343780.9559
000001.SH,20210114,3565.9046,3584.9324,3599.0584,3559.6001,3598.6518,-32.7472,-0.91,347666819,511325103.6958
000001.SH,20210113,3598.6518,3613.281,3622.3475,3575.5945,3608.3389,-9.6871,-0.2685,388127791,554853439.0623
000001.SH,20210112,3608.3389,3518.0106,3608.3389,3517.4689,3531.4978,76.8411,2.1759,323406153,485771186.3307
000001.SH,20210111,3531.4978,3571.3212,3597.7022,3516.9862,3570.1082,-38.6104,-1.0815,362479154,526895927.2773
000001.SH,20210108,3570.1082,3577.6923,3588.0625,3544.8912,3576.2046,-6.0964,-0.1705,345557896,502170815.6138
000001.SH,20210107,3576.2046,3552.9087,3576.2046,3526.6174,3550.8767,25.3279,0.7133,405348226,545709628.1103
000001.SH,20210106,3550.8767,3530.9072,3556.8022,3513.1262,3528.6767,22.2,0.6291,370230926,521799529.7918
000001.SH,20210105,3528.6767,3492.1912,3528.6767,3484.7151,3502.9584,25.7183,0.7342,407995934,568019462.1877
000001.SH,20210104,3502.9584,3474.6793,3511.6554,3457.2061,3473.0693,29.8891,0.8606,380790800,523367700.8486
000001.SH,20201231,3473.0693,3419.7267,3474.9182,3419.7267,3414.4527,58.6166,1.7167,335673926,450482318.8835
000001.SH,20201230,3414.4527,3375.0086,3414.4539,3374.4156,3379.0362,35.4165,1.0481,291023543,377542350.9372
000001.SH,20201229,3379.0362,3399.2939,3407.0884,3376.0876,3397.2854,-18.2492,-0.5372,311769185,382102563.8072
000001.SH,20201228,3397.2854,3396.359,3412.5193,3383.654,3396.5626,0.7228,0.0213,316181542,398159968.8327
000001.SH,20201225,3396.5626,3351.7901,3397.0066,3348.3453,3363.1133,33.4493,0.9946,294546895,359094444.6831
000001.SH,20201224,3363.1133,3382.193,3394.0746,3354.0215,3382.3195,-19.2062,-0.5678,275044450,363321144.3282
000001.SH,20201223,3382.3195,3362.4721,3394.2089,3360.2019,3356.7822,25.5373,0.7608,299523527,413254779.0617
000001.SH,20201222,3356.7822,3410.9678,3415.7538,3353.8581,3420.5693,-63.7871,-1.8648,323037654,432199556.4882
000001.SH,20201221,3420.5693,3394.3945,3423.6088,3381.1158,3394.896,25.6733,0.7562,283759794,383898951.6025
000001.SH,20201218,3394.896,3400.4855,3413.8134,3382.7508,3404.8732,-9.9772,-0.293,280992641,354027376.8531
000001.SH,20201217,3404.8732,3367.277,3406.1547,3354.0112,3366.9832,37.89,1.1253,275463631,364740477.233
000001.SH,20201216,3366.9832,3371.2632,3378.6626,3359.1705,3367.2326,-0.2494,-0.0074,220813976,308823385.2669
000001.SH,20201215,3367.2326,3366.5813,3373.5579,3348.4192,3369.1201,-1.8875,-0.056,225667402,315289741.2934
000001.SH,20201214,3369.1201,3349.534,3371.1291,3338.6263,3347.191,21.9291,0.6551,239807926,316229132.8618
000001.SH,20201211,3347.191,3381.008,3383.1783,3325.172,3373.2758,-26.0848,-0.7733,298617158,379848803.5906
000001.SH,20201210,3373.2758,3365.731,3384.8875,3357.7531,3371.964,1.3118,0.0389,247308304,321616357.2189
000001.SH,20201209,3371.964,3416.0782,3422.536,3371.9156,3410.1771,-38.2131,-1.1206,260747424,339317806.3212
000001.SH,20201208,3410.1771,3417.6936,3428.6618,3403.0263,3416.6037,-6.4266,-0.1881,226907328,304635033.5096
000001.SH,20201207,3416.6037,3446.6478,3449.5782,3414.3142,3444.5814,-27.9777,-0.8122,254522508,336836800.3322
000001.SH,20201204,3444.5814,3436.7291,3448.4036,3417.0484,3442.1359,2.4455,0.071,256276705,329393208.3448
000001.SH,20201203,3442.1359,3448.5403,3452.1612,3428.8044,3449.3805,-7.2446,-0.21,298459930,352422286.6053
000001.SH,20201202,3449.3805,3453.5181,3465.7288,3435.8712,3451.9384,-2.5579,-0.0741,312811114,383340845.0665
000001.SH,20201201,3451.9384,3388.9867,3457.6354,3386.9113,3391.7551,60.1833,1.7744,316188980,385250751.3173
000001.SH,20201130,3391.7551,3418.1583,3456.7365,3391.7551,3408.3071,-16.552,-0.4856,384989968,454500571.7901
000001.SH,20201127,3408.3071,3373.8434,3408.3071,3364.4919,3369.7334,38.5737,1.1447,280649894,326069547.1575
000001.SH,20201126,3369.7334,3360.0609,3371.4537,3344.2822,3362.3274,7.406,0.2203,255886822,317308634.9999
000001.SH,20201125,3362.3274,3417.515,3423.4853,3362.3274,3402.8225,-40.4951,-1.19,322110207,383477785.1699
000001.SH,20201124,3402.8225,3407.4087,3413.9263,3396.2436,3414.4899,-11.6674,-0.3417,300994144,359505804.8795
000001.SH,20201123,3414.4899,3384.1039,3431.6529,3377.9862,3377.7267,36.7632,1.0884,373872047,431504375.6453
000001.SH,20201120,3377.7267,3359.5966,3380.1489,3356.3086,3363.0876,14.6391,0.4353,261271219,312659789.107
000001.SH,20201119,3363.0876,3339.0864,3367.3328,3330.4496,3347.3034,15.7842,0.4715,253262992,319520194.5195
000001.SH,20201118,3347.3034,3337.3315,3358.8938,3333.9916,3339.895,7.4084,0.2218,287531259,358745367.4246
000001.SH,20201117,3339.895,3347.1513,3347.6979,3323.9506,3346.9692,-7.0742,-0.2114,283632479,353623369.9121
000001.SH,20201116,3346.9692,3325.6209,3346.9692,3313.6469,3310.1046,36.8646,1.1137,279593761,333750600.1253
000001.SH,20201113,3310.1046,3327.2293,3327.2293,3291.6425,3338.6788,-28.5742,-0.8559,227898364,301527966.899
000001.SH,20201112,3338.6788,3344.4562,3350.2848,3329.485,3342.2025,-3.5237,-0.1054,216501309,286927436.4286
000001.SH,20201111,3342.2025,3354.0247,3365.836,3339.0407,3360.1485,-17.946,-0.5341,271204653,355802065.5472
000001.SH,20201110,3360.1485,3387.6219,3387.6219,3346.1715,3373.7337,-13.5852,-0.4027,278701113,390008391.7299
000001.SH,20201109,3373.7337,3329.4285,3380.8235,3329.4285,3312.159,61.5747,1.8591,310219771,429948921.8898
000001.SH,20201106,3312.159,3326.4645,3326.4645,3292.1507,3320.1333,-7.9743,-0.2402,234864132,325485056.7306
000001.SH,20201105,3320.1333,3305.5798,3320.408,3291.6,3277.4402,42.6931,1.3026,226801462,316292709.9793
000001.SH,20201104,3277.4402,3273.4326,3286.6212,3254.1113,3271.0744,6.3658,0.1946,188514128,270723846.5225
000001.SH,20201103,3271.0744,3239.8063,3278.3806,3237.8539,3225.1196,45.9548,1.4249,215297864,303730147.8102
000001.SH,20201102,3225.1196,3228.715,3242.8041,3209.9094,3224.5325,0.5871,0.0182,226779137,325321869.1274
000001.SH,20201030,3224.5325,3278.6312,3279.8563,3219.4216,3272.7274,-48.1949,-1.4726,230188803,328917241.6247
000001.SH,20201029,3272.7274,3235.7647,3289.7655,3231.1243,3269.238,3.4894,0.1067,184703589,278605665.2296
000001.SH,20201028,3269.238,3256.2225,3275.8714,3238.382,3254.3157,14.9223,0.4585,173181965,256213458.1818
000001.SH,20201027,3254.3157,3240.7395,3258.3369,3235.5443,3251.1188,3.1969,0.0983,149115566,217487420.9436
000001.SH,20201026,3251.1188,3258.7028,3264.4464,3226.6018,3277.9972,-26.8784,-0.82,167731795,235462468.3929
000001.SH,20201023,3277.9972,3308.1581,3326.0489,3276.6197,3312.5005,-34.5033,-1.0416,174208982,249912883.2876
000001.SH,20201022,3312.5005,3315.8206,3320.8787,3281.3662,3325.0247,-12.5242,-0.3767,165949987,236428248.9454
000001.SH,20201021,3325.0247,3332.147,3332.147,3304.1693,3328.1029,-3.0782,-0.0925,177632115,246848139.0105
000001.SH,20201020,3328.1029,3307.1498,3328.1029,3293.7662,3312.6671,15.4358,0.466,165084762,227823367.0944
000001.SH,20201019,3312.6671,3351.0961,3371.0862,3307.8407,3336.3582,-23.6911,-0.7101,212303540,283882790.1908
000001.SH,20201016,3336.3582,3334.4568,3348.9543,3319.11,3332.1832,4.175,0.1253,194295421,253448029.4766
000001.SH,20201015,3332.1832,3342.9222,3354.5784,3330.0014,3340.7782,-8.595,-0.2573,191031282,263848674.0252
000001.SH,20201014,3340.7782,3353.6247,3353.6247,3332.9635,3359.7499,-18.9717,-0.5647,198659382,281159984.7048
000001.SH,20201013,3359.7499,3353.1213,3361.8315,3334.4989,3358.4652,1.2847,0.0383,204926103,288505837.5276
000001.SH,20201012,3358.4652,3287.3281,3359.1526,3286.1111,3272.0762,86.389,2.6402,259622408,355700113.6866
000001.SH,20201009,3272.0762,3262.6105,3280.5124,3260.1873,3218.0521,54.0241,1.6788,188325648,264171043.7626
000001.SH,20200930,3218.0521,3232.7104,3244.9134,3202.3435,3224.3593,-6.3072,-0.1956,153504457,205762857.2942
000001.SH,20200929,3224.3593,3231.8551,3242.7937,3219.7902,3217.5346,6.8247,0.2121,151349870,207307813.8435
000001.SH,20200928,3217.5346,3224.9769,3238.1825,3210.8925,3219.4179,-1.8833,-0.0585,155982783,209672387.6168
000001.SH,20200925,3219.4179,3234.3739,3239.4662,3208.0349,3223.1764,-3.7585,-0.1166,164822419,220674476.9582
000001.SH,20200924,3223.1764,3262.879,3265.3451,3221.2365,3279.7105,-56.5341,-1.7238,206736011,258259919.7245
000001.SH,20200923,3279.7105,3278.8358,3289.7624,3264.8907,3274.3015,5.409,0.1652,169178068,240742428.7867
000001.SH,20200922,3274.3015,3290.6656,3320.2278,3265.7025,3316.9351,-42.6336,-1.2853,214015065,269113293.6565
000001.SH,20200921,3316.9351,3348.8988,3350.5893,3313.0714,3338.0897,-21.1546,-0.6337,216503093,287691308.0707
000001.SH,20200918,3338.0897,3270.911,3338.3243,3268.526,3270.435,67.6547,2.0687,256260788,337025892.9043
000001.SH,20200917,3270.435,3277.3238,3290.4094,3248.499,3283.9244,-13.4894,-0.4108,202931972,279311053.4282
000001.SH,20200916,3283.9244,3293.1678,3302.4556,3271.075,3295.6795,-11.7551,-0.3567,200443364,242270893.4545
000001.SH,20200915,3295.6795,3277.1284,3297.6904,3263.7522,3278.8138,16.8657,0.5144,197684400,251763868.5335
000001.SH,20200914,3278.8138,3275.9181,3283.5325,3261.1479,3260.3461,18.4677,0.5664,213924137,269219919.6541
000001.SH,20200911,3260.3461,3225.7836,3262.4976,3220.5363,3234.8234,25.5227,0.789,221698830,254844994.26
000001.SH,20200910,3234.8234,3282.232,3285.4731,3227.6435,3254.6279,-19.8045,-0.6085,312472804,309676743.6263
000001.SH,20200909,3254.6279,3280.9974,3289.6148,3238.5606,3316.417,-61.7891,-1.8631,351509747,341054534.0591
000001.SH,20200908,3316.417,3301.2173,3324.3929,3276.4431,3292.5907,23.8263,0.7236,271066278,320229901.3276
000001.SH,20200907,3292.5907,3349.9184,3368.2446,3285.6326,3355.3666,-62.7759,-1.8709,260616567,357726463.915
000001.SH,20200904,3355.3666,3336.4076,3360.1061,3328.5518,3384.9806,-29.614,-0.8749,221636550,308179657.6487
000001.SH,20200903,3384.9806,3404.0319,3425.6294,3374.2634,3404.8017,-19.8211,-0.5822,255346279,350706563.8996
000001.SH,20200902,3404.8017,3420.4693,3421.3959,3377.2111,3410.6068,-5.8051,-0.1702,261546319,345638982.3295
000001.SH,20200901,3410.6068,3389.7424,3410.6068,3381.7108,3395.6775,14.9293,0.4397,246999249,326850955.3479
000001.SH,20200831,3395.6775,3416.5497,3442.7363,3395.4675,3403.8066,-8.1291,-0.2388,323473890,436930125.4162
000001.SH,20200828,3403.8066,3346.2893,3405.8768,3339.6494,3350.1128,53.6938,1.6027,271325549,379367046.3713
000001.SH,20200827,3350.1128,3333.4909,3351.8324,3312.9859,3329.7388,20.374,0.6119,237099353,317153391.5245
000001.SH,20200826,3329.7388,3371.8083,3382.6032,3320.1355,3373.5781,-43.8393,-1.2995,294451036,381928906.5543
000001.SH,20200825,3373.5781,3392.8797,3408.8697,3364.1602,3385.6383,-12.0602,-0.3562,277113421,355997790.7678
000001.SH,20200824,3385.6383,3391.1132,3396.5663,3368.0258,3380.6825,4.9558,0.1466,266227841,345683380.0148
000001.SH,20200821,3380.6825,3380.2269,3393.9175,3358.0005,3363.8988,16.7837,0.4989,287488340,361281752.6648
000001.SH,20200820,3363.8988,3385.9645,3394.557,3352.7767,3408.1288,-44.23,-1.2978,335600982,401815550.0958
000001.SH,20200819,3408.1288,3444.5646,3454.4613,3406.1642,3451.0894,-42.9606,-1.2448,405722214,498262158.3163
000001.SH,20200818,3451.0894,3441.9337,3456.7206,3432.6402,3438.801,12.2884,0.3573,380729275,493052155.3261
000001.SH,20200817,3438.801,3373.9018,3450.8987,3369.3742,3360.0988,78.7022,2.3423,434598260,537425075.0533
000001.SH,20200814,3360.0988,3315.6687,3362.0267,3302.7357,3320.7261,39.3727,1.1857,305998376,367467421.74
000001.SH,20200813,3320.7261,3328.1754,3338.1518,3309.4629,3319.2656,1.4605,0.044,324291278,387162288.5983
000001.SH,20200812,3319.2656,3327.4929,3335.729,3263.2653,3340.29,-21.0244,-0.6294,378328959,480731246.0785
000001.SH,20200811,3340.29,3379.4874,3409.0589,3336.0945,3379.2524,-38.9624,-1.153,400452706,514020764.1014
000001.SH,20200810,3379.2524,3341.5276,3399.9323,3335.0427,3354.0352,25.2172,0.7518,381379630,527083944.5847
000001.SH,20200807,3354.0352,3370.5878,3374.133,3307.7127,3386.4631,-32.4279,-0.9576,403929633,561435649.5505
000001.SH,20200806,3386.4631,3380.7621,3392.7048,3334.3341,3377.5648,8.8983,0.2635,415302510,570488248.0652
000001.SH,20200805,3377.5648,3363.3324,3383.6365,3333.877,3371.6875,5.8773,0.1743,385823027,526515054.6575
000001.SH,20200804,3371.6875,3376.4402,3391.0743,3352.5017,3367.9658,3.7217,0.1105,442328551,604942141.5213
000001.SH,20200803,3367.9658,3332.1826,3368.1028,3327.6773,3310.0065,57.9593,1.751,407460867,572430759.8247
000001.SH,20200731,3310.0065,3280.7959,3333.7859,3261.6135,3286.822,23.1845,0.7054,353758979,495778040.7022
000001.SH,20200730,3286.822,3299.5718,3312.4508,3282.1617,3294.5521,-7.7301,-0.2346,340704121,476974005.6088
000001.SH,20200729,3294.5521,3221.9883,3294.5521,3209.9902,3227.9604,66.5917,2.063,324924062,453094399.5155
000001.SH,20200728,3227.9604,3226.1329,3245.2967,3208.4939,3205.2268,22.7336,0.7093,289377861,389873696.2147
000001.SH,20200727,3205.2268,3210.3863,3221.9846,3174.6583,3196.7684,8.4584,0.2646,299319021,402231919.2889
000001.SH,20200724,3196.7684,3310.6449,3319.1268,3184.9645,3325.1102,-128.3418,-3.8598,427054026,584311865.0166
000001.SH,20200723,3325.1102,3306.1489,3336.3002,3257.8269,3333.1635,-8.0533,-0.2416,407042499,546887089.7077
000001.SH,20200722,3333.1635,3315.1816,3381.9757,3311.7862,3320.8947,12.2688,0.3694,393335335,540577040.5936
000001.SH,20200721,3320.8947,3330.5467,3336.6791,3300.5719,3314.149,6.7457,0.2035,359252029,488862180.3705
000001.SH,20200720,3314.149,3243.9105,3314.149,3220.684,3214.1287,100.0203,3.1119,418555306,544045656.2323
000001.SH,20200717,3214.1287,3214.4022,3252.7786,3181.2745,3210.0986,4.0301,0.1255,359652413,486536118.2688
000001.SH,20200716,3210.0986,3356.359,3373.5317,3209.7272,3361.3044,-151.2058,-4.4984,490613123,679468340.6485
000001.SH,20200715,3361.3044,3422.0778,3432.4506,3345.7488,3414.6186,-53.3142,-1.5614,492030542,674727409.7863
000001.SH,20200714,3414.6186,3435.0237,3451.2224,3366.0828,3443.2863,-28.6677,-0.8326,543211492,707327005.1573
000001.SH,20200713,3443.2863,3379.3867,3458.7914,3369.0378,3383.3222,59.9641,1.7723,558006875,717397053.0992
000001.SH,20200710,3383.3222,3418.9347,3433.1085,3372.5066,3450.5935,-67.2713,-1.9496,556120011,703197550.4445
000001.SH,20200709,3450.5935,3403.4832,3456.9721,3393.6379,3403.4401,47.1534,1.3855,620001823,751406830.3951
000001.SH,20200708,3403.4401,3337.5518,3421.5312,3327.7062,3345.3369,58.1032,1.7368,587081685,696807634.5379
000001.SH,20200707,3345.3369,3380.9536,3407.0811,3336.2416,3332.8807,12.4562,0.3737,657840159,793638372.4248
000001.SH,20200706,3332.8807,3187.8393,3337.2723,3187.8393,3152.8126,180.0681,5.7113,643878906,724153675.7008
000001.SH,20200703,3152.8126,3103.9952,3152.8126,3103.9952,3090.5693,62.2433,2.014,458793851,535489334.7352
000001.SH,20200702,3090.5693,3023.7189,3092.4432,3021.6736,3025.981,64.5883,2.1345,391127996,478216482.3464
000001.SH,20200701,3025.981,2991.1813,3026.1862,2984.9841,2984.6741,41.3069,1.384,273313140,369883802.2967
000001.SH,20200630,2984.6741,2965.1054,2990.8253,2965.1054,2961.5164,23.1577,0.782,214957214,297312328.4138
000001.SH,20200629,2961.5164,2973.0757,2977.9122,2951.7702,2979.5505,-18.0341,-0.6053,220622729,293886016.0053
000001.SH,20200624,2979.5505,2972.9827,2982.9425,2971.2235,2970.6203,8.9302,0.3006,213200732,297008784.1324
000001.SH,20200623,2970.6203,2960.8875,2972.4025,2949.8469,2965.2717,5.3486,0.1804,225212208,305378770.5299
000001.SH,20200622,2965.2717,2966.9008,2983.4382,2959.035,2967.6341,-2.3624,-0.0796,267883834,346028748.3591
000001.SH,20200619,2967.6341,2938.7887,2973.3164,2935.8239,2939.3151,28.319,0.9635,264313961,319089106.6317
000001.SH,20200618,2939.3151,2929.8799,2942.8983,2920.1054,2935.873,3.4421,0.1172,258691377,289367727.8042
000001.SH,20200617,2935.873,2932.6708,2936.6162,2919.0353,2931.7493,4.1237,0.1407,234654391,278007110.7296
000001.SH,20200616,2931.7493,2912.8251,2931.7791,2909.1341,2890.0306,41.7187,1.4435,223313065,270948558.455
000001.SH,20200615,2890.0306,2908.2767,2922.5364,2890.0306,2919.7408,-29.7102,-1.0176,243205046,293361556.8336
000001.SH,20200612,2919.7408,2876.8029,2930.255,2872.6165,2920.8968,-1.156,-0.0396,236008642,274321726.179
000001.SH,20200611,2920.8968,2939.7914,2952.651,2912.1932,2943.7525,-22.8557,-0.7764,233722947,289023256.107
000001.SH,20200610,2943.7525,2951.2784,2951.3298,2934.8428,2956.1116,-12.3591,-0.4181,207925969,243968496.5381
000001.SH,20200609,2956.1116,2939.5351,2957.1186,2932.9385,2937.7712,18.3404,0.6243,209048585,251414696.2396
000001.SH,20200608,2937.7712,2941.9816,2950.0656,2934.2103,2930.7993,6.9719,0.2379,231124360,274611815.611
000001.SH,20200605,2930.7993,2923.1891,2930.7993,2909.1181,2919.2506,11.5487,0.3956,217360673,253141142.4776
000001.SH,20200604,2919.2506,2931.8376,2932.9677,2910.7516,2923.3711,-4.1205,-0.141,226605873,254345984.48
000001.SH,20200603,2923.3711,2930.3906,2942.7597,2922.6612,2921.398,1.9731,0.0675,255663980,300447817.0073
000001.SH,20200602,2921.398,2916.3168,2926.3588,2909.1277,2915.4311,5.9669,0.2047,256108049,294402745.8878
000001.SH,20200601,2915.4311,2871.9641,2917.1508,2871.9641,2852.3512,63.0799,2.2115,260196050,307416215.1478
000001.SH,20200529,2852.3512,2835.584,2855.3756,2829.6271,2846.2217,6.1295,0.2154,206792804,233798996.6427
000001.SH,20200528,2846.2217,2838.2072,2861.9241,2820.1455,2836.8036,9.4181,0.332,207546019,239234260.6359
000001.SH,20200527,2836.8036,2847.3198,2848.9965,2831.9281,2846.5473,-9.7437,-0.3423,198149343,227934395.7394
000001.SH,20200526,2846.5473,2827.8967,2848.3371,2825.901,2817.9697,28.5776,1.0141,174562369,207427833.7106
000001.SH,20200525,2817.9697,2816.241,2821.4978,2802.4653,2813.7654,4.2043,0.1494,172885557,202115352.6273
000001.SH,20200522,2813.7654,2863.0462,2863.0462,2808.0177,2867.9237,-54.1583,-1.8884,209063712,245229603.6979
000001.SH,20200521,2867.9237,2890.7213,2891.5177,2864.2073,2883.7378,-15.8141,-0.5484,203532038,250569937.5528
000001.SH,20200520,2883.7378,2896.4657,2896.4657,2876.1766,2898.576,-14.8382,-0.5119,210519985,269176553.6247
000001.SH,20200519,2898.576,2897.6867,2900.2187,2887.5768,2875.4176,23.1584,0.8054,197222405,256277803.0718
000001.SH,20200518,2875.4176,2872.5244,2889.9795,2862.2709,2868.4587,6.9589,0.2426,226022882,289089595.5434
000001.SH,20200515,2868.4587,2880.7067,2884.2199,2863.3698,2870.3422,-1.8835,-0.0656,188983592,246878191.0805
000001.SH,20200514,2870.3422,2887.0577,2887.0577,2869.1832,2898.0495,-27.7073,-0.9561,197776202,237336974.703
000001.SH,20200513,2898.0495,2882.9552,2900.2587,2875.5354,2891.5564,6.4931,0.2246,185061310,223866906.9235
000001.SH,20200512,2891.5564,2894.6171,2897.9018,2871.23,2894.802,-3.2456,-0.1121,197082985,238476218.839
000001.SH,20200511,2894.802,2901.5739,2914.2838,2884.3806,2895.3444,-0.5424,-0.0187,225120410,271930641.5124
000001.SH,20200508,2895.3444,2882.7078,2903.7967,2879.2034,2871.5232,23.8212,0.8296,226822075,276562716.9503
000001.SH,20200507,2871.5232,2876.4727,2882.0222,2864.5813,2878.1402,-6.617,-0.2299,226736957,268607485.2836
000001.SH,20200506,2878.1402,2831.6326,2879.2634,2830.6536,2860.0822,18.058,0.6314,249826616,303890031.0049
000001.SH,20200430,2860.0822,2832.3843,2865.59,2832.3843,2822.4424,37.6398,1.3336,242455278,277440934.0071
000001.SH,20200429,2822.4424,2801.383,2831.7642,2800.7379,2810.0243,12.4181,0.4419,202061807,222720221.7279
000001.SH,20200428,2810.0243,2819.9914,2821.745,2758.2459,2815.4947,-5.4704,-0.1943,253872745,270534752.6151
000001.SH,20200427,2815.4947,2812.2422,2832.6662,2802.9579,2808.5293,6.9654,0.248,210130981,225293706.2885
000001.SH,20200424,2808.5293,2834.9387,2834.9387,2802.4989,2838.4994,-29.9701,-1.0558,235185076,244122291.4768
000001.SH,20200423,2838.4994,2850.5104,2853.6357,2835.8961,2843.9804,-5.481,-0.1927,248779037,262662040.5318
000001.SH,20200422,2843.9804,2814.0661,2843.9804,2808.4819,2827.0133,16.9671,0.6002,217320000,232796777.7502
000001.SH,20200421,2827.0133,2842.2372,2842.2372,2808.0214,2852.5528,-25.5395,-0.8953,233235870,248688585.7356
000001.SH,20200420,2852.5528,2840.4085,2852.99,2833.2615,2838.4945,14.0583,0.4953,211847078,233759313.1926
000001.SH,20200417,2838.4945,2835.5581,2854.9599,2830.0217,2819.935,18.5595,0.6582,245736750,280025229.1395
000001.SH,20200416,2819.935,2798.4295,2823.3382,2796.8388,2811.1741,8.7609,0.3116,203003773,222432600.8657
000001.SH,20200415,2811.1741,2826.6618,2829.7503,2808.7039,2827.283,-16.1089,-0.5698,205621146,231631632.235
000001.SH,20200414,2827.283,2794.801,2827.2981,2789.4279,2783.0476,44.2354,1.5895,202696569,223605697.2889
000001.SH,20200413,2783.0476,2784.5979,2792.8906,2774.0808,2796.6312,-13.5836,-0.4857,177124554,184120284.1397
000001.SH,20200410,2796.6312,2827.1873,2833.0148,2789.9756,2825.9036,-29.2724,-1.0359,233454768,246376307.2367
000001.SH,20200409,2825.9036,2825.8393,2832.395,2820.4326,2815.3686,10.535,0.3742,238184843,247392988.0286
000001.SH,20200408,2815.3686,2805.9166,2823.2139,2800.2963,2820.7634,-5.3948,-0.1913,243515305,253159668.0523
000001.SH,20200407,2820.7634,2806.9676,2823.2767,2801.8386,2763.9874,56.776,2.0541,270198186,286627794.3281
000001.SH,20200403,2763.9874,2773.5764,2780.5868,2754.0731,2780.6379,-16.6505,-0.5988,200837404,214062212.0382
000001.SH,20200402,2780.6379,2720.2284,2780.6379,2719.9043,2734.5215,46.1164,1.6865,217864600,233111575.7112
000001.SH,20200401,2734.5215,2743.5409,2773.3641,2731.0794,2750.2962,-15.7747,-0.5736,217253427,225624646.5716
000001.SH,20200331,2750.2962,2767.3072,2771.1683,2743.1154,2747.2138,3.0824,0.1122,218598674,224271061.5691
000001.SH,20200330,2747.2138,2739.7191,2759.0989,2723.0543,2772.2033,-24.9895,-0.9014,239706604,250687144.2328
000001.SH,20200327,2772.2033,2792.9843,2805.5479,2771.7563,2764.9109,7.2924,0.2637,240764066,253630725.8923
000001.SH,20200326,2764.9109,2761.8961,2788.5038,2753.4282,2781.5913,-16.6804,-0.5997,234084022,248279785.0007
000001.SH,20200325,2781.5913,2775.3032,2788.6354,2757.8016,2722.4381,59.1532,2.1728,273144466,293191204.3987
000001.SH,20200324,2722.4381,2703.0193,2723.4066,2667.1333,2660.1674,62.2707,2.3409,257021930,278999306.6432
000001.SH,20200323,2660.1674,2677.591,2703.3295,2656.5008,2745.6182,-85.4508,-3.1123,249820250,268423241.9737
000001.SH,20200320,2745.6182,2727.0186,2751.8964,2702.4933,2702.1296,43.4886,1.6094,252019507,281583369.6644
000001.SH,20200319,2702.1296,2719.4063,2736.82,2646.8048,2728.7563,-26.6267,-0.9758,302302747,330518008.4898
000001.SH,20200318,2728.7563,2792.3221,2815.8737,2728.7563,2779.6407,-50.8844,-1.8306,291159852,318611391.5594
000001.SH,20200317,2779.6407,2796.284,2826.9068,2715.2213,2789.2537,-9.613,-0.3446,306149677,323012822.7991
000001.SH,20200316,2789.2537,2897.3009,2898.0349,2784.6616,2887.4265,-98.1728,-3.4,351878665,375627000.7942
000001.SH,20200313,2887.4265,2804.2322,2910.8812,2799.9841,2923.4856,-36.0591,-1.2334,366450436,393019665.228
000001.SH,20200312,2923.4856,2936.0163,2944.4651,2906.2838,2968.5174,-45.0318,-1.517,307778457,328209202.3778
000001.SH,20200311,2968.5174,3001.7616,3010.0286,2968.5174,2996.7618,-28.2444,-0.9425,352470970,378766618.9683
000001.SH,20200310,2996.7618,2918.9347,3000.2963,2904.7989,2943.2907,53.4711,1.8167,393296648,425017184.7909
000001.SH,20200309,2943.2907,2987.1805,2989.2051,2940.7138,3034.5113,-91.2206,-3.0061,414560736,438143854.6098
000001.SH,20200306,3034.5113,3039.9395,3052.4439,3029.4632,3071.6771,-37.1658,-1.21,362061533,377388542.6624
000001.SH,20200305,3071.6771,3036.1545,3074.2571,3022.9262,3011.6657,60.0114,1.9926,445425806,482770471.394
000001.SH,20200304,3011.6657,2981.806,3012.0035,2974.3583,2992.8968,18.7689,0.6271,353338278,389893917.4548
000001.SH,20200303,2992.8968,3006.8888,3026.842,2976.623,2970.9312,21.9656,0.7394,410108047,447053681.5437
000001.SH,20200302,2970.9312,2899.31,2982.5068,2899.31,2880.3038,90.6274,3.1465,367333369,397244201.1803
000001.SH,20200228,2880.3038,2924.6407,2948.1261,2878.5443,2991.3288,-111.025,-3.7116,401216914,432657775.0453
000001.SH,20200227,2991.3288,2992.4919,3009.4575,2980.4774,2987.9287,3.4001,0.1138,350523658,395955641.5136
000001.SH,20200226,2987.9287,2978.4195,3028.7788,2974.9423,3013.0501,-25.1214,-0.8338,469049552,495341447.2738
000001.SH,20200225,3013.0501,2982.0696,3016.9458,2943.7168,3031.2333,-18.1832,-0.5999,441622762,513128644.5509
000001.SH,20200224,3031.2333,3027.8925,3042.1821,3007.3557,3039.6692,-8.4359,-0.2775,370430044,451601363.0842
000001.SH,20200221,3039.6692,3022.2455,3058.898,3020.141,3030.1542,9.515,0.314,364557276,445062076.6843
000001.SH,20200220,3030.1542,2981.8802,3031.3706,2968.4451,2975.4019,54.7523,1.8402,345732881,413761364.103
000001.SH,20200219,2975.4019,2979.5223,2998.2718,2971.8219,2984.9716,-9.5697,-0.3206,315141151,381331160.4205
000001.SH,20200218,2984.9716,2981.4097,2990.6003,2960.7751,2983.6224,1.3492,0.0452,311665913,374998562.6485
000001.SH,20200217,2983.6224,2924.9913,2983.6371,2924.9913,2917.0077,66.6147,2.2837,313198007,367014340.1286
000001.SH,20200214,2917.0077,2899.8659,2926.9427,2899.5739,2906.0735,10.9342,0.3763,250650627,308080368.7258
000001.SH,20200213,2906.0735,2927.1443,2935.406,2901.2425,2926.8991,-20.8256,-0.7115,274804844,334526327.364
000001.SH,20200212,2926.8991,2895.5561,2926.8991,2892.424,2901.6744,25.2247,0.8693,248733429,297534420.4934
000001.SH,20200211,2901.6744,2894.5414,2913.8159,2882.2428,2890.4878,11.1866,0.387,269168335,302956847.2063
000001.SH,20200210,2890.4878,2860.499,2891.8479,2851.0503,2875.9636,14.5242,0.505,294929784,341520398.2507
000001.SH,20200207,2875.9636,2858.9324,2875.9636,2838.7702,2866.5097,9.4539,0.3298,309479642,362384162.4639
000001.SH,20200206,2866.5097,2826.8851,2876.5878,2807.609,2818.0878,48.4219,1.7183,316392142,358582589.711
000001.SH,20200205,2818.0878,2792.3713,2842.7426,2778.8641,2783.2875,34.8003,1.2503,309761823,349184114.8126
000001.SH,20200204,2783.2875,2685.2693,2786.1642,2685.2693,2746.6056,36.6819,1.3355,364046200,374068466.7565
000001.SH,20200203,2746.6056,2716.6978,2766.5773,2716.6978,2976.5281,-229.9225,-7.7245,215912103,257019597.4125
000001.SH,20200123,2976.5281,3037.9524,3045.0406,2955.346,3060.7545,-84.2264,-2.7518,272763234,327490360.4082
000001.SH,20200122,3060.7545,3038.4868,3069.2527,3006.2677,3052.1419,8.6126,0.2822,223852865,278456923.9748
000001.SH,20200121,3052.1419,3085.7895,3085.7895,3051.2301,3095.7873,-43.6454,-1.4098,234830739,286268098.2104
000001.SH,20200120,3095.7873,3082.1134,3096.3105,3070.4801,3075.4955,20.2918,0.6598,210493341,271122455.4331
000001.SH,20200117,3075.4955,3081.4641,3091.9516,3067.2525,3074.0814,1.4141,0.046,190304299,242273045.2552
000001.SH,20200116,3074.0814,3095.7342,3096.3717,3070.884,3090.0379,-15.9565,-0.5164,203375475,236843360.101
000001.SH,20200115,3090.0379,3103.1749,3107.9426,3082.0425,3106.8204,-16.7825,-0.5402,202313023,232913446.6557
000001.SH,20200114,3106.8204,3120.6669,3127.1692,3105.6049,3115.5696,-8.7492,-0.2808,229973769,271542441.3867
000001.SH,20200113,3115.5696,3091.493,3115.5696,3075.3837,3092.2907,23.2789,0.7528,210621004,258524058.0048
000001.SH,20200110,3092.2907,3102.2938,3105.2248,3081.3961,3094.8819,-2.5912,-0.0837,210442462,241555668.0608
000001.SH,20200109,3094.8819,3082.6398,3097.3291,3080.1313,3066.8925,27.9894,0.9126,243435649,271716020.9022
000001.SH,20200108,3066.8925,3094.2389,3094.2389,3059.1313,3104.8015,-37.909,-1.221,297872553,306517394.4592
000001.SH,20200107,3104.8015,3085.4882,3105.4507,3084.329,3083.4083,21.3932,0.6938,276583111,288159227.6566
000001.SH,20200106,3083.4083,3070.9088,3107.2032,3065.3088,3083.7858,-0.3775,-0.0122,312575842,331182549.9061
000001.SH,20200103,3083.7858,3089.022,3093.8192,3074.5178,3085.1976,-1.4118,-0.0458,261496667,289991708.3815
000001.SH,20200102,3085.1976,3066.3357,3098.1001,3066.3357,3050.124,35.0736,1.1499,292470208,327197122.6058
000001.SH,20191231,3050.124,3036.3858,3051.677,3030.5122,3040.0239,10.1001,0.3322,217429022,226763991.3495
000001.SH,20191230,3040.0239,2998.1689,3041.3969,2983.3436,3005.0355,34.9884,1.1643,248066530,267382994.3685
000001.SH,20191227,3005.0355,3006.8517,3036.1127,3003.6309,3007.3546,-2.3191,-0.0771,247102779,258118739.3951
000001.SH,20191226,3007.3546,2981.2485,3007.3546,2980.3966,2981.8805,25.4741,0.8543,182440426,195586079.1274
000001.SH,20191225,2981.8805,2980.4276,2988.2924,2970.6572,2982.6806,-0.8001,-0.0268,175654028,189608562.6677
000001.SH,20191224,2982.6806,2965.8258,2983.8194,2960.6839,2962.7513,19.9293,0.6727,163030250,167366667.2885
000001.SH,20191223,2962.7513,2999.0357,3009.338,2960.435,3004.9376,-42.1863,-1.4039,205716617,218484273.0726
000001.SH,20191220,3004.9376,3019.6395,3027.4835,3002.2601,3017.0658,-12.1282,-0.402,215075755,223305036.0142
000001.SH,20191219,3017.0658,3017.153,3021.4176,3007.992,3017.0444,0.0214,0.0007,208624264,220688292.3622
000001.SH,20191218,3017.0444,3021.4657,3033.2337,3011.7207,3022.4219,-5.3775,-0.1779,244089691,259173631.7521
000001.SH,20191217,3022.4219,2985.2619,3039.3834,2982.4956,2984.3925,38.0294,1.2743,293032254,302090897.4706
000001.SH,20191216,2984.3925,2970.9694,2984.6414,2958.7064,2967.6764,16.7161,0.5633,211862119,237666763.2172
000001.SH,20191213,2967.6764,2937.7763,2969.9809,2935.849,2915.6983,51.9781,1.7827,211978585,234036541.4428
000001.SH,20191212,2915.6983,2926.3416,2926.3416,2913.4755,2924.4173,-8.719,-0.2981,151760804,166044163.4394
000001.SH,20191211,2924.4173,2922.602,2928.2564,2915.0008,2917.3157,7.1016,0.2434,165541087,175716091.7387
000001.SH,20191210,2917.3157,2908.9439,2919.2011,2902.7896,2914.4775,2.8382,0.0974,170123998,180617291.4735
000001.SH,20191209,2914.4775,2914.4576,2919.5888,2905.2503,2912.0136,2.4639,0.0846,160796527,174546478.2136
000001.SH,20191206,2912.0136,2902.278,2912.0136,2894.7513,2899.4685,12.5451,0.4327,134128878,149507333.3207
000001.SH,20191205,2899.4685,2886.5164,2902.002,2885.0798,2878.1157,21.3528,0.7419,143163096,159736592.2793
000001.SH,20191204,2878.1157,2876.9079,2882.4981,2869.4219,2884.6988,-6.5831,-0.2282,125543653,135879221.4856
000001.SH,20191203,2884.6988,2869.8822,2884.8559,2857.3204,2875.8072,8.8916,0.3092,123778742,135278611.9151
000001.SH,20191202,2875.8072,2874.4484,2888.8897,2870.2424,2871.9813,3.8259,0.1332,128755806,139351761.4518
000001.SH,20191129,2871.9813,2885.9744,2892.3882,2858.5808,2889.6934,-17.7121,-0.6129,122612968,140371316.3616
000001.SH,20191128,2889.6934,2902.3644,2909.8398,2883.4339,2903.1947,-13.5013,-0.465,119522468,122616545.1907
000001.SH,20191127,2903.1947,2905.3959,2914.4865,2893.4175,2907.0602,-3.8655,-0.133,133862205,137449697.2256
000001.SH,20191126,2907.0602,2912.5209,2915.0411,2897.9276,2906.1688,0.8914,0.0307,170004663,165496766.1521
000001.SH,20191125,2906.1688,2885.6133,2906.6091,2880.6542,2885.2884,20.8804,0.7237,178587429,174234583.3225
000001.SH,20191122,2885.2884,2906.2433,2925.0178,2873.99,2903.6379,-18.3495,-0.6319,158623365,180593829.183
000001.SH,20191121,2903.6379,2902.5529,2910.3608,2891.5314,2911.0534,-7.4155,-0.2547,123458607,139851207.9043
000001.SH,20191120,2911.0534,2928.1068,2930.4929,2907.4229,2933.9908,-22.9374,-0.7818,137357530,158543195.6363
000001.SH,20191119,2933.9908,2904.2783,2933.9908,2902.855,2909.2002,24.7906,0.8521,135417604,155770741.2581
000001.SH,20191118,2909.2002,2889.5495,2911.3784,2884.0883,2891.3431,17.8571,0.6176,124433177,144677413.7244
000001.SH,20191115,2891.3431,2911.35,2917.8293,2891.2043,2909.8697,-18.5266,-0.6367,135519463,152576392.7361
000001.SH,20191114,2909.8697,2907.7358,2917.374,2899.6186,2905.2409,4.6288,0.1593,129145448,151576183.3925
000001.SH,20191113,2905.2409,2913.0197,2913.8612,2893.9712,2914.8232,-9.5823,-0.3287,129765841,146943636.6799
000001.SH,20191112,2914.8232,2912.9956,2918.303,2891.5105,2909.9746,4.8486,0.1666,129729154,139060726.1681
000001.SH,20191111,2909.9746,2949.9619,2949.9619,2906.769,2964.1849,-54.2103,-1.8288,157916105,166285140.292
000001.SH,20191108,2964.1849,2993.9773,2998.7594,2962.8447,2978.7144,-14.5295,-0.4878,149742107,173867227.16
000001.SH,20191107,2978.7144,2978.1531,2988.955,2969.1201,2978.5955,0.1189,0.004,136952678,155834877.7295
000001.SH,20191106,2978.5955,2992.0399,2995.5629,2969.7242,2991.5622,-12.9667,-0.4334,165263547,183985236.208
000001.SH,20191105,2991.5622,2977.7048,3008.3144,2968.0324,2975.4919,16.0703,0.5401,179891593,203691630.1685
000001.SH,20191104,2975.4919,2964.576,2983.0581,2964.576,2958.1992,17.2927,0.5846,167248364,188710094.7281
000001.SH,20191101,2958.1992,2924.3402,2959.833,2917.1455,2929.0561,29.1431,0.995,159907373,175630839.1049
000001.SH,20191031,2929.0561,2944.8427,2946.7523,2923.5167,2939.3209,-10.2648,-0.3492,161571483,181801937.4038
000001.SH,20191030,2939.3209,2949.4631,2953.2986,2934.8279,2954.176,-14.8551,-0.5029,158798110,181529501.3118
000001.SH,20191029,2954.176,2979.0365,2979.0365,2954.176,2980.0498,-25.8738,-0.8682,166110058,195288081.5992
000001.SH,20191028,2980.0498,2958.686,2980.128,2956.9607,2954.9327,25.1171,0.85,173731481,198817012.2447
000001.SH,20191025,2954.9327,2940.4741,2958.2409,2920.5195,2940.9215,14.0112,0.4764,136860706,160224090.6437
000001.SH,20191024,2940.9215,2944.0067,2953.0441,2927.0612,2941.6188,-0.6973,-0.0237,126540290,141667232.9801
000001.SH,20191023,2941.6188,2952.9693,2957.2995,2934.6274,2954.3799,-12.7611,-0.4319,123812881,139653650.4762
000001.SH,20191022,2954.3799,2945.6001,2954.6415,2934.3873,2939.6179,14.762,0.5022,117482048,130381741.175
000001.SH,20191021,2939.6179,2933.8969,2940.3246,2917.6884,2938.1413,1.4766,0.0503,132475107,145685881.2202
000001.SH,20191018,2938.1413,2982.3417,2987.2035,2933.2424,2977.3342,-39.1929,-1.3164,149990678,162018272.2943
000001.SH,20191017,2977.3342,2979.9929,2986.7191,2969.568,2978.7124,-1.3782,-0.0463,122527614,136051252.1041
000001.SH,20191016,2978.7124,2992.6103,3010.4241,2975.9233,2991.0459,-12.3335,-0.4123,149885496,166791549.3623
000001.SH,20191015,2991.0459,3005.6646,3005.6646,2986.3033,3007.8834,-16.8375,-0.5598,155376904,169531932.488
000001.SH,20191014,3007.8834,2993.9617,3026.3834,2989.8125,2973.6558,34.2276,1.151,208614802,221201755.725
000001.SH,20191011,2973.6558,2954.8189,2980.7875,2943.0137,2947.7106,25.9452,0.8802,161203746,182747393.1405
000001.SH,20191010,2947.7106,2923.7069,2949.2404,2918.2284,2924.8566,22.854,0.7814,134239752,157159976.8382
000001.SH,20191009,2924.8566,2902.0751,2924.8566,2891.5394,2913.5704,11.2862,0.3874,130424144,150940230.8487
000001.SH,20191008,2913.5704,2905.7559,2933.0163,2905.7559,2905.1892,8.3812,0.2885,125535812,151980792.0488
000001.SH,20190930,2905.1892,2927.9165,2936.482,2905.1892,2932.167,-26.9778,-0.9201,116646811,142591702.4696
000001.SH,20190927,2932.167,2929.486,2939.0789,2920.93,2929.0875,3.0795,0.1051,132905777,153311002.4485
000001.SH,20190926,2929.0875,2964.4776,2970.0354,2928.2589,2955.4325,-26.345,-0.8914,188932541,216277562.9409
000001.SH,20190925,2955.4325,2977.6676,2977.6676,2955.4325,2985.3406,-29.9081,-1.0018,168543135,203782754.1895
000001.SH,20190924,2985.3406,2979.4752,3002.8967,2973.7601,2977.0767,8.2639,0.2776,163902761,206245805.6218
000001.SH,20190923,2977.0767,2998.3995,2998.3995,2960.827,3006.4467,-29.37,-0.9769,168139450,199130548.8488
000001.SH,20190920,3006.4467,3004.8142,3011.34,2996.1929,2999.2789,7.1678,0.239,182145302,218390586.8979
000001.SH,20190919,2999.2789,2992.9222,2999.2789,2975.3978,2985.6586,13.6203,0.4562,162690615,193206549.4577
000001.SH,20190918,2985.6586,2984.0837,2996.4022,2982.4003,2978.1178,7.5408,0.2532,168046699,199953631.5537
000001.SH,20190917,2978.1178,3023.7109,3023.7109,2970.5704,3030.7544,-52.6366,-1.7367,223338061,237738935.8835
000001.SH,20190916,3030.7544,3041.922,3042.9284,3020.0495,3031.2351,-0.4807,-0.0159,221878959,237442265.4303
000001.SH,20190912,3031.2351,3016.6267,3033.473,3005.1948,3008.8118,22.4233,0.7453,196968701,224576025.2965
000001.SH,20190911,3008.8118,3029.9334,3030.557,3004.2152,3021.2024,-12.3906,-0.4101,229837362,263389555.0307
000001.SH,20190910,3021.2024,3027.4103,3027.4103,3005.3825,3024.7388,-3.5364,-0.1169,240012947,275321751.6337
000001.SH,20190909,3024.7388,3023.778,3026.2398,3005.6949,2999.6013,25.1375,0.838,243377752,286236532.1202
000001.SH,20190906,2999.6013,2996.6216,2999.9434,2981.5983,2985.8648,13.7365,0.4601,216826035,258318744.8605
000001.SH,20190905,2985.8648,2972.6619,3015.8443,2972.6619,2957.4116,28.4532,0.9621,305438706,340200666.5884
000001.SH,20190904,2957.4116,2927.747,2957.4116,2925.8825,2930.1538,27.2578,0.9303,225495907,251212694.015
000001.SH,20190903,2930.1538,2925.9422,2930.1538,2915.1974,2924.1063,6.0475,0.2068,189001216,225070157.3477
000001.SH,20190902,2924.1063,2886.9418,2928.4793,2883.6823,2886.2365,37.8698,1.3121,202786807,226043693.2675
000001.SH,20190830,2886.2365,2907.3825,2914.5767,2874.1028,2890.9192,-4.6827,-0.162,193959951,224751169.931
000001.SH,20190829,2890.9192,2895.9991,2898.6046,2878.5878,2893.7564,-2.8372,-0.098,178613082,196332770.5207
000001.SH,20190828,2893.7564,2901.6267,2905.4354,2887.0115,2902.1932,-8.4368,-0.2907,183097903,201805050.6367
000001.SH,20190827,2902.1932,2879.5154,2919.6444,2879.406,2863.5673,38.6259,1.3489,208141794,230999692.8566
000001.SH,20190826,2863.5673,2851.0158,2870.4939,2849.2381,2897.4253,-33.858,-1.1686,169895363,191036667.8512
000001.SH,20190823,2897.4253,2885.151,2902.4563,2878.7443,2883.4358,13.9895,0.4852,159156826,192567132.7432
000001.SH,20190822,2883.4358,2887.6649,2888.4969,2867.5522,2880.3307,3.1051,0.1078,149206215,169662167.2051
000001.SH,20190821,2880.3307,2875.4708,2885.5861,2872.5573,2880.0012,0.3295,0.0114,159019665,183187275.1704
000001.SH,20190820,2880.0012,2879.0816,2892.0796,2874.9988,2883.096,-3.0948,-0.1073,189677206,209774344.4027
000001.SH,20190819,2883.096,2835.5181,2883.096,2829.8542,2823.8238,59.2722,2.099,214546668,247092216.3493
000001.SH,20190816,2823.8238,2817.5708,2840.3164,2811.8016,2815.7976,8.0262,0.285,148582344,186139370.2816
000001.SH,20190815,2815.7976,2762.339,2815.8964,2756.8341,2808.9146,6.883,0.245,152772152,173670539.178
000001.SH,20190814,2808.9146,2824.4864,2829.8906,2807.719,2797.2596,11.655,0.4167,144014641,173944883.2802
000001.SH,20190813,2797.2596,2798.0512,2802.0415,2790.608,2814.9944,-17.7348,-0.63,130916505,153957510.6336
000001.SH,20190812,2814.9944,2781.9816,2814.9944,2776.6197,2774.7532,40.2412,1.4503,131563433,162523259.7808
000001.SH,20190809,2774.7532,2805.5856,2808.3289,2770.4777,2794.5523,-19.7991,-0.7085,148240293,171140338.786
000001.SH,20190808,2794.5523,2784.1835,2799.6859,2782.2447,2768.6795,25.8728,0.9345,149539564,178156148.3511
000001.SH,20190807,2768.6795,2789.0187,2792.6934,2768.6795,2777.5559,-8.8764,-0.3196,157716752,176475728.4192
000001.SH,20190806,2777.5559,2776.9889,2787.4185,2733.9242,2821.4957,-43.9398,-1.5573,231123727,255209231.2127
000001.SH,20190805,2821.4957,2854.578,2863.6891,2821.4957,2867.8376,-46.3419,-1.6159,167419423,196891483.092
000001.SH,20190802,2867.8376,2861.3323,2872.473,2851.4402,2908.766,-40.9284,-1.4071,184888443,216327400.6229
000001.SH,20190801,2908.766,2920.8506,2927.3421,2901.7503,2932.5058,-23.7398,-0.8095,142389813,171115635.6747
000001.SH,20190731,2932.5058,2944.3977,2944.3977,2926.4853,2952.3383,-19.8325,-0.6718,141052348,164607873.4745
000001.SH,20190730,2952.3383,2946.2566,2965.632,2946.2566,2941.007,11.3313,0.3853,148316462,170866349.9327
000001.SH,20190729,2941.007,2943.918,2948.4665,2932.9773,2944.541,-3.534,-0.12,127991846,147439134.515
000001.SH,20190726,2944.541,2928.0614,2948.3261,2924.4513,2937.3601,7.1809,0.2445,139343388,158774666.1028
000001.SH,20190725,2937.3601,2923.1886,2937.3601,2916.1498,2923.2775,14.0826,0.4817,145684385,175356381.7313
000001.SH,20190724,2923.2775,2907.9275,2936.4522,2907.7865,2899.9446,23.3329,0.8046,155245762,178858104.0117
000001.SH,20190723,2899.9446,2886.9044,2901.3591,2883.0457,2886.974,12.9706,0.4493,129310508,148077349.2865
000001.SH,20190722,2886.974,2925.7882,2927.1601,2879.69,2924.2006,-37.2266,-1.2731,180674960,204289434.2309
000001.SH,20190719,2924.2006,2909.6794,2939.5973,2909.6794,2901.1766,23.024,0.7936,149469553,149071212.0187
000001.SH,20190718,2901.1766,2921.7387,2921.7387,2901.1766,2931.6926,-30.516,-1.0409,149888828,149088843.1091
000001.SH,20190717,2931.6926,2933.0227,2942.0668,2924.4594,2937.6168,-5.9242,-0.2017,149631616,152162962.633
000001.SH,20190716,2937.6168,2938.6411,2944.821,2931.2926,2942.1853,-4.5685,-0.1553,131811751,140766389.0277
000001.SH,20190715,2942.1853,2921.546,2955.0003,2886.6993,2930.5462,11.6391,0.3972,167643397,176533201.2365
000001.SH,20190712,2930.5462,2915.3401,2938.5311,2905.809,2917.7609,12.7853,0.4382,137794759,142918869.5895
000001.SH,20190711,2917.7609,2928.0553,2945.8023,2907.8852,2915.3022,2.4587,0.0843,143692522,152181407.9506
000001.SH,20190710,2915.3022,2935.1855,2936.7519,2908.162,2928.2295,-12.9273,-0.4415,135483538,141236258.614
000001.SH,20190709,2928.2295,2928.8188,2937.7621,2912.8063,2933.3634,-5.1339,-0.175,145110604,154251421.8433
000001.SH,20190708,2933.3634,2997.8067,2997.8067,2918.7157,3011.0588,-77.6954,-2.5803,211541268,205568813.4997
000001.SH,20190705,3011.0588,3004.7383,3014.8474,2990.9247,3005.2488,5.81,0.1933,156755429,163180842.7561
000001.SH,20190704,3005.2488,3015.6785,3024.5023,2991.9079,3015.2633,-10.0145,-0.3321,194415133,202266388.5943
000001.SH,20190703,3015.2633,3031.832,3031.832,3006.3246,3043.9428,-28.6795,-0.9422,212296173,218657994.3902
000001.SH,20190702,3043.9428,3042.58,3048.4839,3033.7809,3044.9028,-0.96,-0.0315,214520624,229566616.5222
000001.SH,20190701,3044.9028,3024.6238,3045.3669,3014.6871,2978.8784,66.0244,2.2164,250840433,266541056.9067
000001.SH,20190628,2978.8784,2992.2426,2992.2426,2961.2225,2996.7926,-17.9142,-0.5978,181431523,183641767.3422
000001.SH,20190627,2996.7926,2982.6125,3011.538,2981.045,2976.2837,20.5089,0.6891,195397049,208618648.0705
000001.SH,20190626,2976.2837,2964.6153,2986.9139,2958.4632,2982.0738,-5.7901,-0.1942,174449533,172516055.2267
000001.SH,20190625,2982.0738,3004.9095,3004.9095,2948.9907,3008.1479,-26.0741,-0.8668,243699244,244315077.4093
000001.SH,20190624,3008.1479,3004.2891,3012.826,2994.4219,3001.9802,6.1677,0.2055,210493894,211237183.0013
000001.SH,20190621,3001.9802,2990.3687,3010.349,2989.2454,2987.1186,14.8616,0.4975,286973835,276662458.5312
000001.SH,20190620,2987.1186,2917.331,2997.3888,2915.0895,2917.8029,69.3157,2.3756,291011537,288296546.3533
000001.SH,20190619,2917.8029,2944.1154,2953.3355,2916.2149,2890.158,27.6449,0.9565,230756973,225567257.9856
000001.SH,20190618,2890.158,2891.0917,2898.3304,2874.3129,2887.6221,2.5359,0.0878,147705320,136935231.6901
000001.SH,20190617,2887.6221,2880.4226,2902.4808,2877.3941,2881.9743,5.6478,0.196,153964960,143141637.3237
000001.SH,20190614,2881.9743,2912.9988,2924.3197,2879.6573,2910.7406,-28.7663,-0.9883,215435796,194303111.838
000001.SH,20190613,2910.7406,2905.2877,2918.4227,2885.9232,2909.3796,1.361,0.0468,212957791,191748206.6945
000001.SH,20190612,2909.3796,2917.2239,2924.7018,2903.8833,2925.7162,-16.3366,-0.5584,240255775,223063953.3273
000001.SH,20190611,2925.7162,2854.0704,2927.4303,2854.0704,2852.1302,73.586,2.58,260525796,254479985.7738
000001.SH,20190610,2852.1302,2833.0145,2861.131,2824.3554,2827.7978,24.3324,0.8605,166585918,162489831.3839
000001.SH,20190606,2827.7978,2862.3327,2862.3327,2822.1853,2861.4181,-33.6203,-1.175,177064411,164850546.6823
000001.SH,20190605,2861.4181,2882.9369,2888.7676,2858.5719,2862.2803,-0.8622,-0.0301,181561047,175200844.2364
000001.SH,20190604,2862.2803,2887.6405,2888.3861,2851.9728,2890.0809,-27.8006,-0.9619,188463541,181118915.5305
000001.SH,20190603,2890.0809,2901.7424,2920.8292,2875.9019,2898.6961,-8.6152,-0.2972,215943554,208073320.3231
000001.SH,20190531,2898.6961,2904.4976,2922.9075,2895.5778,2905.8054,-7.1093,-0.2447,195230580,191280403.6183
000001.SH,20190530,2905.8054,2903.4246,2907.8463,2881.3802,2914.6964,-8.891,-0.305,205758789,197105555.8087
000001.SH,20190529,2914.6964,2894.8297,2934.9768,2890.6645,2909.9106,4.7858,0.1645,198958821,202855039.1527
000001.SH,20190528,2909.9106,2890.2658,2924.0395,2887.0835,2892.3782,17.5324,0.6062,223310557,227253813.69
000001.SH,20190527,2892.3782,2851.2809,2898.129,2833.0363,2852.9948,39.3834,1.3804,196720902,193768714.2518
000001.SH,20190524,2852.9948,2847.8356,2871.8555,2846.0215,2852.5153,0.4795,0.0168,167205490,162689316.1814
000001.SH,20190523,2852.5153,2880.8426,2885.1389,2846.956,2891.7046,-39.1893,-1.3552,197340309,192869487.2639
000001.SH,20190522,2891.7046,2905.5241,2912.3952,2879.6437,2905.9688,-14.2642,-0.4909,200026905,193629366.6189
000001.SH,20190521,2905.9688,2867.7066,2919.2373,2862.4951,2870.6046,35.3642,1.2319,211387022,202777774.0975
000001.SH,20190520,2870.6046,2874.8011,2882.6294,2838.453,2882.2962,-11.6916,-0.4056,209472442,199210776.2305
000001.SH,20190517,2882.2962,2955.7669,2956.7832,2873.7998,2955.711,-73.4148,-2.4838,266301643,247875177.6755
000001.SH,20190516,2955.711,2933.4954,2956.171,2929.0645,2938.6781,17.0329,0.5796,248385701,226203068.8607
000001.SH,20190515,2938.6781,2902.6423,2945.3946,2902.6423,2883.6107,55.0674,1.9097,230519701,226262785.5834
000001.SH,20190514,2883.6107,2872.8336,2909.2041,2872.8336,2903.7131,-20.1024,-0.6923,208345353,201223315.4315
000001.SH,20190513,2903.7131,2905.067,2921.4103,2892.1745,2939.2106,-35.4975,-1.2077,212029882,202624124.9541
000001.SH,20190510,2939.2106,2878.2344,2941.4539,2838.3847,2850.9537,88.2569,3.0957,282306808,274176261.9746
000001.SH,20190509,2850.9537,2871.1968,2888.8596,2845.0374,2893.7567,-42.803,-1.4791,200041133,197446880.7343
000001.SH,20190508,2893.7567,2873.1433,2929.4306,2866.7041,2926.3908,-32.6341,-1.1152,231530519,218892618.3372
000001.SH,20190507,2926.3908,2914.2914,2937.2832,2889.0732,2906.464,19.9268,0.6856,253281769,245444215.231
000001.SH,20190506,2906.464,2984.7273,2986.5399,2876.4688,3078.3389,-171.8749,-5.5834,326972269,314336519.4078
000001.SH,20190430,3078.3389,3052.6223,3088.4074,3052.6223,3062.4985,15.8404,0.5172,222302517,225498129.1851
000001.SH,20190429,3062.4985,3090.6331,3107.7605,3050.0261,3086.3989,-23.9004,-0.7744,292114886,289063278.9216
000001.SH,20190426,3086.3989,3108.1635,3129.2134,3085.8049,3123.8261,-37.4272,-1.1981,280873854,274776402.2682
000001.SH,20190425,3123.8261,3190.5851,3193.7494,3123.0258,3201.6137,-77.7876,-2.4296,325879129,309076083.7346
000001.SH,20190424,3201.6137,3203.5588,3210.6508,3156.607,3198.5938,3.0199,0.0944,274872164,278410852.5234
000001.SH,20190423,3198.5938,3211.8719,3231.5815,3186.7569,3215.0426,-16.4488,-0.5116,328361207,324870183.3518
000001.SH,20190422,3215.0426,3278.4906,3279.4894,3206.878,3270.7973,-55.7547,-1.7046,353217387,359154297.1294
000001.SH,20190419,3270.7973,3250.1452,3274.3347,3226.8124,3250.2012,20.5961,0.6337,315198004,315131920.2446
000001.SH,20190418,3250.2012,3261.0742,3271.3878,3241.8257,3263.1179,-12.9167,-0.3958,325539942,323508178.6287
000001.SH,20190417,3263.1179,3250.1518,3275.3335,3239.8048,3253.5978,9.5201,0.2926,357541796,354509888.1231
000001.SH,20190416,3253.5978,3164.3969,3253.5978,3153.2062,3177.7866,75.8112,2.3857,357918752,360166633.5586
000001.SH,20190415,3177.7866,3233.4583,3253.9763,3177.2698,3188.6256,-10.839,-0.3399,348809785,355666127.6944
000001.SH,20190412,3188.6256,3184.8595,3199.278,3168.0421,3189.9619,-1.3363,-0.0419,289788996,288908971.17
000001.SH,20190411,3189.9619,3241.5474,3254.1259,3185.546,3241.9299,-51.968,-1.603,353031879,360684555.8615
000001.SH,20190410,3241.9299,3224.6454,3264.7778,3204.8785,3239.6639,2.266,0.0699,380134408,395669974.8662
000001.SH,20190409,3239.6639,3240.3938,3251.6458,3215.7048,3244.8103,-5.1464,-0.1586,364169997,380272975.9044
000001.SH,20190408,3244.8103,3271.2722,3288.4531,3210.5151,3246.5714,-1.7611,-0.0542,504518403,506431236.8272
000001.SH,20190404,3246.5714,3233.6886,3254.1401,3216.8545,3216.2952,30.2762,0.9413,469117669,475156382.1274
000001.SH,20190403,3216.2952,3159.1468,3219.2564,3152.3319,3176.8227,39.4725,1.2425,430548635,442622040.9735
000001.SH,20190402,3176.8227,3183.2736,3193.2717,3164.9066,3170.361,6.4617,0.2038,447068981,462662081.7582
000001.SH,20190401,3170.361,3111.6619,3176.6221,3111.6619,3090.758,79.603,2.5755,466124693,480085938.3578
000001.SH,20190329,3090.758,3000.6783,3093.0329,2999.9866,2994.9434,95.8146,3.1992,375082991,386699608.6629
000001.SH,20190328,2994.9434,3009.7988,3025.7789,2991.7789,3022.7196,-27.7762,-0.9189,288106425,289554565.4537
000001.SH,20190327,3022.7196,3012.2573,3022.7623,2987.7717,2997.0954,25.6242,0.855,291390357,295075954.7807
000001.SH,20190326,2997.0954,3057.559,3062.6896,2988.4905,3043.0313,-45.9359,-1.5095,353498021,341444826.6397
000001.SH,20190325,3043.0313,3058.8016,3086.9961,3041.9504,3104.1487,-61.1174,-1.9689,380278762,375375662.7689
000001.SH,20190322,3104.1487,3100.7264,3107.2754,3064.884,3101.455,2.6937,0.0869,364848346,356678334.9907
000001.SH,20190321,3101.455,3094.1247,3125.0192,3086.85,3090.6403,10.8147,0.3499,414251182,403939834.7128
000001.SH,20190320,3090.6403,3084.1704,3102.5203,3053.4519,3090.975,-0.3347,-0.0108,358557505,349295405.5175
000001.SH,20190319,3090.975,3099.8971,3113.4325,3076.3627,3096.4176,-5.4426,-0.1758,350908860,353216791.2974
000001.SH,20190318,3096.4176,3027.8012,3096.4176,3009.5071,3021.7512,74.6664,2.471,397797179,398469604.8462
000001.SH,20190315,3021.7512,3000.8789,3048.1212,2999.4317,2990.685,31.0662,1.0388,341206139,344721502.662
000001.SH,20190314,2990.685,3013.597,3041.1557,2968.8237,3026.9513,-36.2663,-1.1981,373141798,356240351.1627
000001.SH,20190313,3026.9513,3062.3267,3065.2884,3013.9319,3060.3073,-33.356,-1.09,453214625,451247303.6761
000001.SH,20190312,3060.3073,3049.0844,3093.3913,3029.8999,3026.9925,33.3148,1.1006,511173158,487066630.1748
000001.SH,20190311,3026.9925,2969.0802,3028.2543,2963.5834,2969.8614,57.1311,1.9237,426213029,404368420.3437
000001.SH,20190308,2969.8614,3038.3362,3075.0461,2969.5815,3106.4179,-136.5565,-4.3959,577855473,525598246.4044
000001.SH,20190307,3106.4179,3103.6677,3129.9395,3074.9784,3102.0991,4.3188,0.1392,583817065,525725224.7279
000001.SH,20190306,3102.0991,3060.4327,3103.8251,3050.1113,3054.2466,47.8525,1.5668,555006365,485478321.2642
000001.SH,20190305,3054.2466,3019.8797,3054.9617,3009.4476,3027.5755,26.6711,0.8809,424142529,382768537.2165
000001.SH,20190304,3027.5755,3015.9427,3090.7959,3006.9417,2994.005,33.5705,1.1213,525649436,480603655.4615
000001.SH,20190301,2994.005,2954.4021,2994.005,2930.8345,2940.9538,53.0512,1.8039,345786200,307337666.7127
000001.SH,20190228,2940.9538,2950.0548,2965.3037,2930.195,2953.8242,-12.8704,-0.4357,350206602,298763953.0946
000001.SH,20190227,2953.8242,2939.9287,2997.4882,2924.6432,2941.5163,12.3079,0.4184,474976453,411837618.669
000001.SH,20190226,2941.5163,2969.0976,2995.6762,2938.6227,2961.2834,-19.7671,-0.6675,565557967,492396545.2114
000001.SH,20190225,2961.2834,2838.3896,2961.7951,2838.3896,2804.2262,157.0572,5.6007,528658590,465991432.6083
000001.SH,20190222,2804.2262,2749.4615,2804.2262,2736.3324,2751.8012,52.425,1.9051,301481411,264518879.1821
000001.SH,20190221,2751.8012,2759.9383,2794.0131,2744.9762,2761.2189,-9.4177,-0.3411,298649969,253033376.9283
000001.SH,20190220,2761.2189,2761.0588,2767.4109,2739.9783,2755.6459,5.573,0.2022,245972527,205446929.2774
000001.SH,20190219,2755.6459,2759.496,2780.7837,2737.5864,2754.3566,1.2893,0.0468,288046271,247121050.4831
000001.SH,20190218,2754.3566,2699.8171,2754.3566,2699.8171,2682.385,71.9716,2.6831,260436007,224184077.1825
000001.SH,20190215,2682.385,2712.7862,2715.6321,2679.7849,2719.6999,-37.3149,-1.372,196004265,169823260.2719
000001.SH,20190214,2719.6999,2715.5358,2729.455,2707.4865,2721.0683,-1.3684,-0.0503,197037349,170330837.1148
000001.SH,20190213,2721.0683,2674.5198,2727.075,2666.522,2671.8937,49.1746,1.8404,243794010,207125315.8901
000001.SH,20190212,2671.8937,2654.0349,2674.4778,2648.8295,2653.896,17.9977,0.6782,184101179,156741540.43
000001.SH,20190211,2653.896,2613.1742,2654.0964,2613.1742,2618.2323,35.6637,1.3621,154898858,137307189.9593
000001.SH,20190201,2618.2323,2597.7777,2618.4765,2590.5543,2584.5724,33.6599,1.3023,131986850,111522628.2844
000001.SH,20190131,2584.5724,2581.3315,2606.6283,2571.5789,2575.5756,8.9968,0.3493,154303869,126013247.4241
000001.SH,20190130,2575.5756,2584.7459,2598.815,2575.4091,2594.2536,-18.678,-0.72,120502571,101103927.4829
000001.SH,20190129,2594.2536,2592.3549,2601.7358,2559.982,2596.9767,-2.7231,-0.1049,155581112,126749049.3978
000001.SH,20190128,2596.9767,2615.7118,2630.3183,2591.1,2601.7234,-4.7467,-0.1824,146981765,127465636.6906
000001.SH,20190125,2601.7234,2596.2618,2617.0022,2595.6294,2591.6935,10.0299,0.387,159394026,135415167.6584
000001.SH,20190124,2591.6935,2584.6481,2597.2894,2569.7004,2581.0041,10.6894,0.4142,154042046,131575040.3385
000001.SH,20190123,2581.0041,2575.2583,2589.5128,2572.4054,2579.7041,1.3,0.0504,131426798,105101323.5883
000001.SH,20190122,2579.7041,2609.6421,2609.6421,2573.0617,2610.5094,-30.8053,-1.18,152537773,122995435.4472
000001.SH,20190121,2610.5094,2599.0575,2618.9801,2599.0575,2596.0056,14.5038,0.5587,163425115,139915486.18
000001.SH,20190118,2596.0056,2567.7386,2598.8836,2565.9043,2559.637,36.3686,1.4208,190767237,151270430.6481
000001.SH,20190117,2559.637,2573.5755,2582.556,2557.7114,2570.4221,-10.7851,-0.4196,162468134,127546126.672
000001.SH,20190116,2570.4221,2569.0697,2574.2362,2563.0061,2570.3449,0.0772,0.003,149301539,126876314.3883
000001.SH,20190115,2570.3449,2537.3697,2571.5016,2532.4333,2535.7653,34.5796,1.3637,160265530,137374981.2561
000001.SH,20190114,2535.7653,2553.3284,2556.2939,2533.0101,2553.8313,-18.066,-0.7074,144825464,116243416.7865
000001.SH,20190111,2553.8313,2539.5487,2554.7869,2533.3586,2535.0985,18.7328,0.7389,149444100,122375663.4036
000001.SH,20190110,2535.0985,2543.8534,2551.8257,2531.6638,2544.3449,-9.2464,-0.3634,159874326,132692331.4559
000001.SH,20190109,2544.3449,2536.4173,2574.4079,2536.157,2526.4622,17.8827,0.7078,191887930,160812526.9629
000001.SH,20190108,2526.4622,2530.3001,2531.345,2520.1648,2533.0887,-6.6265,-0.2616,158099181,123379039.7969
000001.SH,20190107,2533.0887,2528.6987,2536.9775,2515.5083,2514.8682,18.2205,0.7245,177305010,145513241.6191
000001.SH,20190104,2514.8682,2446.0193,2515.316,2440.9066,2464.3628,50.5054,2.0494,168877667,139298675.0295
000001.SH,20190103,2464.3628,2461.7829,2488.479,2455.9256,2465.291,-0.9282,-0.0377,124397497,106922789.4805
000001.SH,20190102,2465.291,2497.8805,2500.2783,2456.4233,2493.8962,-28.6052,-1.147,109932013,97592571.9641
000001.SH,20181228,2493.8962,2483.6171,2505.1138,2478.325,2483.0864,10.8098,0.4353,119245250,105980853.017
000001.SH,20181227,2483.0864,2527.7167,2532.0022,2483.0864,2498.2939,-15.2075,-0.6087,135406843,112479760.4832
000001.SH,20181226,2498.2939,2501.1199,2513.8264,2492.0758,2504.819,-6.5251,-0.2605,108799629,93989532.5839
000001.SH,20181225,2504.819,2503.9498,2513.9641,2462.8448,2527.0071,-22.1881,-0.878,140670560,114766008.7985
000001.SH,20181224,2527.0071,2506.7372,2529.4395,2500.443,2516.2506,10.7565,0.4275,97339852,85760935.7592
000001.SH,20181221,2516.2506,2526.5535,2527.4214,2498.6937,2536.2675,-20.0169,-0.7892,115671200,101360622.8191
000001.SH,20181220,2536.2675,2544.5054,2554.8586,2516.0193,2549.5634,-13.2959,-0.5215,120566496,103504982.7497
000001.SH,20181219,2549.5634,2578.675,2579.8743,2547.0783,2576.6495,-27.0861,-1.0512,107661797,93713175.0302
000001.SH,20181218,2576.6495,2583.6343,2599.1479,2563.5731,2597.9737,-21.3242,-0.8208,117033370,99306536.4493
000001.SH,20181217,2597.9737,2587.2632,2598.967,2573.8674,2593.7407,4.233,0.1632,117363250,102960848.5383
000001.SH,20181214,2593.7407,2627.2833,2629.1641,2593.7407,2634.0491,-40.3084,-1.5303,145942488,123724985.2081
000001.SH,20181213,2634.0491,2607.144,2645.8367,2599.4586,2602.1526,31.8965,1.2258,150738115,132396107.0171
000001.SH,20181212,2602.1526,2608.1141,2610.0086,2595.075,2594.0881,8.0645,0.3109,103518301,88998195.7616
000001.SH,20181211,2594.0881,2587.0148,2596.1464,2583.1959,2584.5822,9.5059,0.3678,101304364,85404123.3521
000001.SH,20181210,2584.5822,2589.194,2599.7615,2576.2424,2605.8876,-21.3054,-0.8176,113199669,99148142.9727
000001.SH,20181207,2605.8876,2609.3408,2614.5817,2599.2775,2605.1813,0.7063,0.0271,109074993,97727662.6437
000001.SH,20181206,2605.1813,2629.8196,2633.6778,2603.1323,2649.8051,-44.6238,-1.684,141661650,129092979.6881
000001.SH,20181205,2649.8051,2629.8328,2660.3888,2625.9132,2665.9577,-16.1526,-0.6059,154502056,133730209.0262
000001.SH,20181204,2665.9577,2651.5613,2666.0784,2644.8964,2654.7979,11.1598,0.4204,167940558,144143399.9955
000001.SH,20181203,2654.7979,2647.1319,2665.298,2629.1843,2588.1875,66.6104,2.5736,207478955,187831789.1357
000001.SH,20181130,2588.1875,2564.5644,2590.2102,2555.3223,2567.4434,20.7441,0.808,139329021,112219827.151
000001.SH,20181129,2567.4434,2613.7805,2617.5479,2567.4434,2601.7365,-34.2931,-1.3181,157168738,129472448.0384
000001.SH,20181128,2601.7365,2575.4541,2601.9626,2561.5618,2574.6792,27.0573,1.0509,145963473,119578491.7089
000001.SH,20181127,2574.6792,2585.8261,2592.5353,2566.1663,2575.8101,-1.1309,-0.0439,123658436,102226561.3567
000001.SH,20181126,2575.8101,2580.8424,2594.9966,2568.0352,2579.4831,-3.673,-0.1424,134314540,108158092.9858
000001.SH,20181123,2579.4831,2640.6674,2642.0356,2577.3511,2645.4339,-65.9508,-2.493,191474549,149975643.9076
000001.SH,20181122,2645.4339,2655.8964,2658.0011,2634.4827,2651.5053,-6.0714,-0.229,149309063,125570173.7678
000001.SH,20181121,2651.5053,2619.8211,2653.796,2617.7759,2645.8545,5.6508,0.2136,182596447,149375782.3748
000001.SH,20181120,2645.8545,2684.2874,2690.8299,2643.3588,2703.5116,-57.6571,-2.1327,215891309,180870411.7834
000001.SH,20181119,2703.5116,2681.8988,2703.5116,2674.1781,2679.1097,24.4019,0.9108,231662827,196562706.6947
000001.SH,20181116,2679.1097,2669.7799,2695.5689,2657.0341,2668.1704,10.9393,0.41,242198849,204983603.8763
000001.SH,20181115,2668.1704,2632.1379,2668.1704,2631.8875,2632.2425,35.9279,1.3649,207848721,171882491.6355
000001.SH,20181114,2632.2425,2648.3091,2658.3072,2627.9565,2654.8795,-22.637,-0.8527,238449351,176970430.7211
000001.SH,20181113,2654.8795,2600.5004,2666.4853,2597.3477,2630.5195,24.36,0.9261,249282447,189607223.5256
000001.SH,20181112,2630.5195,2593.2004,2631.1696,2590.2106,2598.8715,31.648,1.2178,175031308,142351428.441
000001.SH,20181109,2598.8715,2621.238,2621.238,2598.1609,2635.6322,-36.7607,-1.3948,152446307,121260494.1421
000001.SH,20181108,2635.6322,2660.0873,2662.3688,2632.3012,2641.342,-5.7098,-0.2162,159635487,128668816.7372
000001.SH,20181107,2641.342,2659.8446,2675.6772,2639.2463,2659.3564,-18.0144,-0.6774,173201986,147261808.711
000001.SH,20181106,2659.3564,2660.7193,2660.8627,2635.3207,2665.4306,-6.0742,-0.2279,163669479,138800936.3794
000001.SH,20181105,2665.4306,2665.427,2673.1879,2639.2707,2676.4762,-11.0456,-0.4127,193760100,168588913.4327
000001.SH,20181102,2676.4762,2649.2512,2676.4762,2628.8697,2606.2372,70.239,2.695,225026921,207861568.9708
000001.SH,20181101,2606.2372,2617.0325,2636.7992,2603.6514,2602.7832,3.454,0.1327,200903932,180253805.5828
000001.SH,20181031,2602.7832,2573.0146,2612.9221,2567.0274,2568.0481,34.7351,1.3526,180550348,154894735.2738
000001.SH,20181030,2568.0481,2538.5737,2586.9188,2521.7836,2542.1033,25.9448,1.0206,166682309,152385934.9831
000001.SH,20181029,2542.1033,2593.5908,2595.5365,2529.1883,2598.8468,-56.7435,-2.1834,134241923,122500040.5467
000001.SH,20181026,2598.8468,2610.8982,2626.116,2580.8452,2603.7995,-4.9527,-0.1902,158936119,133415492.7787
000001.SH,20181025,2603.7995,2540.9347,2606.1007,2531.5349,2603.2951,0.5044,0.0194,162032979,137630180.9211
000001.SH,20181024,2603.2951,2579.9715,2640.4017,2577.7725,2594.8255,8.4696,0.3264,160060407,142082168.6529
000001.SH,20181023,2594.8255,2652.6476,2659.8123,2583.2605,2654.8762,-60.0507,-2.2619,178343543,166919412.3018
000001.SH,20181022,2654.8762,2565.6444,2675.4063,2565.6444,2550.4652,104.411,4.0938,211888449,197309812.9932
000001.SH,20181019,2550.4652,2460.0808,2553.3867,2449.197,2486.4186,64.0466,2.5759,147323558,130095922.3208
000001.SH,20181018,2486.4186,2544.911,2544.911,2485.6192,2561.614,-75.1954,-2.9355,125428513,106576761.1284
000001.SH,20181017,2561.614,2574.3127,2582.5485,2517.5728,2546.3296,15.2844,0.6003,129953997,117388355.749
000001.SH,20181016,2546.3296,2567.7643,2597.7152,2536.441,2568.0984,-21.7688,-0.8477,119419144,106792245.4629
000001.SH,20181015,2568.0984,2605.9124,2611.9685,2564.7375,2606.9125,-38.8141,-1.4889,118576197,105214738.2883
000001.SH,20181012,2606.9125,2574.0415,2615.9169,2536.6653,2583.4575,23.455,0.9079,170081635,142803208.852
000001.SH,20181011,2583.4575,2643.074,2661.2859,2560.3164,2725.8367,-142.3792,-5.2233,197150702,170057762.4794
000001.SH,20181010,2725.8367,2723.7242,2743.548,2703.0626,2721.013,4.8237,0.1773,113485736,111312455.2741
000001.SH,20181009,2721.013,2713.7319,2734.3142,2711.1971,2716.5104,4.5026,0.1657,116771899,110292457.7922
000001.SH,20181008,2716.5104,2768.2075,2771.9384,2710.1781,2821.3501,-104.8397,-3.7159,149501388,141531551.8146
000001.SH,20180928,2821.3501,2794.2644,2821.7553,2791.8363,2791.7748,29.5753,1.0594,134290456,125369989.3656
000001.SH,20180927,2791.7748,2805.793,2810.5062,2786.3217,2806.8133,-15.0385,-0.5358,123997696,123447711.5703
000001.SH,20180926,2806.8133,2785.3165,2827.3413,2783.3419,2781.1385,25.6748,0.9232,139567706,145058769.4154
000001.SH,20180925,2781.1385,2775.0663,2790.0321,2771.1595,2797.4848,-16.3463,-0.5843,111983179,108528047.8069
000001.SH,20180921,2797.4848,2733.8742,2797.4851,2722.0319,2729.2438,68.241,2.5004,158016642,148976357.2266
000001.SH,20180920,2729.2438,2732.1697,2743.9645,2724.0835,2730.8503,-1.6065,-0.0588,111387463,104875868.8985
000001.SH,20180919,2730.8503,2694.7992,2746.0796,2690.9942,2699.9501,30.9002,1.1445,141550318,140107010.2657
000001.SH,20180918,2699.9501,2644.2961,2700.1934,2644.2961,2651.7886,48.1615,1.8162,115767993,113031888.6111
000001.SH,20180917,2651.7886,2671.2907,2671.2907,2647.9153,2681.6431,-29.8545,-1.1133,88238888,86962599.2297
000001.SH,20180914,2681.6431,2688.7787,2694.9201,2675.2896,2686.5784,-4.9353,-0.1837,100005008,104992359.9916
000001.SH,20180913,2686.5784,2679.2077,2689.0624,2653.1894,2656.1101,30.4683,1.1471,107335014,112464143.1752
000001.SH,20180912,2656.1101,2659.744,2672.0735,2647.1701,2664.7997,-8.6896,-0.3261,90026758,93448206.178
000001.SH,20180911,2664.7997,2668.4872,2680.5727,2652.7044,2669.4845,-4.6848,-0.1755,99865946,96884582.2064
000001.SH,20180910,2669.4845,2698.0107,2703.4285,2667.3168,2702.3007,-32.8162,-1.2144,103559170,102860716.5926
000001.SH,20180907,2702.3007,2696.6775,2728.5464,2683.7193,2691.5929,10.7078,0.3978,107523293,113840071.276
000001.SH,20180906,2691.5929,2697.5777,2719.4055,2683.7445,2704.3368,-12.7439,-0.4712,99017833,106266080.2048
000001.SH,20180905,2704.3368,2741.3801,2745.4673,2704.3368,2750.5804,-46.2436,-1.6812,105002269,107269446.8771
000001.SH,20180904,2750.5804,2720.6477,2756.6071,2712.376,2720.7344,29.846,1.097,109010307,113708888.0217
000001.SH,20180903,2720.7344,2716.4037,2722.8524,2692.3644,2725.2499,-4.5155,-0.1657,102213011,104817687.9963
000001.SH,20180831,2725.2499,2730.1132,2744.6311,2710.5368,2737.7367,-12.4868,-0.4561,109758742,114813353.9277
000001.SH,20180830,2737.7367,2769.3322,2780.5271,2736.346,2769.2947,-31.558,-1.1396,106060943,106400401.3037
000001.SH,20180829,2769.2947,2774.8646,2778.5393,2762.35,2777.9808,-8.6861,-0.3127,100156929,101220664.8817
000001.SH,20180828,2777.9808,2782.2927,2791.3898,2769.4013,2780.899,-2.9182,-0.1049,118749367,125118576.6743
000001.SH,20180827,2780.899,2736.3185,2780.899,2736.3185,2729.4308,51.4682,1.8857,132762578,141429679.6039
000001.SH,20180824,2729.4308,2717.0812,2748.8243,2705.3237,2724.6244,4.8064,0.1764,100516269,102665800.4792
000001.SH,20180823,2724.6244,2714.867,2736.0101,2700.8042,2714.6082,10.0162,0.369,98446470,107826017.1671
000001.SH,20180822,2714.6082,2731.9576,2731.9576,2709.0615,2733.8264,-19.2182,-0.703,93664640,98463969.9453
000001.SH,20180821,2733.8264,2700.3416,2739.1732,2696.2923,2698.4658,35.3606,1.3104,113586839,122260216.2728
000001.SH,20180820,2698.4658,2673.0662,2698.4658,2653.1119,2668.966,29.4998,1.1053,110784164,114047616.372
000001.SH,20180817,2668.966,2723.8871,2730.3326,2665.5918,2705.1917,-36.2257,-1.3391,112445294,115499397.0426
000001.SH,20180816,2705.1917,2691.426,2732.9489,2672.7407,2723.2576,-18.0659,-0.6634,120277878,117580994.9914
000001.SH,20180815,2723.2576,2777.2493,2777.7032,2721.2404,2780.9646,-57.707,-2.0751,116161787,118707674.074
000001.SH,20180814,2780.9646,2780.7357,2789.4437,2766.5693,2785.872,-4.9074,-0.1762,109571077,112465397.0251
000001.SH,20180813,2785.872,2769.0166,2789.7983,2742.5599,2795.3099,-9.4379,-0.3376,127532241,129460540.3648
000001.SH,20180810,2795.3099,2791.4018,2806.1149,2777.5061,2794.3818,0.9281,0.0332,121532232,123112594.3307
000001.SH,20180809,2794.3818,2729.5787,2801.6592,2726.2153,2744.0696,50.3122,1.8335,151660333,151079880.1769
000001.SH,20180808,2744.0696,2771.1286,2779.9124,2741.067,2779.374,-35.3044,-1.2702,147688715,139969762.8453
000001.SH,20180807,2779.374,2711.7361,2779.374,2696.0391,2705.1565,74.2175,2.7436,149579743,147259486.3593
000001.SH,20180806,2705.1565,2736.5256,2760.4744,2692.3216,2740.4429,-35.2864,-1.2876,129753058,132993799.6715
000001.SH,20180803,2740.4429,2763.3957,2777.6572,2740.4317,2768.0239,-27.581,-0.9964,127006363,129134687.5365
000001.SH,20180802,2768.0239,2815.3438,2815.3438,2726.4825,2824.5337,-56.5098,-2.0007,174179003,169769315.3821
000001.SH,20180801,2824.5337,2882.5061,2897.3997,2823.9293,2876.4009,-51.8672,-1.8032,149514348,151692873.0017
000001.SH,20180731,2876.4009,2866.8985,2884.6799,2854.3197,2869.0495,7.3514,0.2562,118931117,119528767.8785
000001.SH,20180730,2869.0495,2871.9397,2896.0109,2850.296,2873.5938,-4.5443,-0.1581,151652249,145988585.4346
000001.SH,20180727,2873.5938,2879.6901,2889.6936,2864.1098,2882.2254,-8.6316,-0.2995,146371610,132419371.7832
000001.SH,20180726,2882.2254,2905.7941,2915.2974,2875.7006,2903.6467,-21.4213,-0.7377,168428202,157496681.8188
000001.SH,20180725,2903.6467,2911.4529,2912.3134,2894.039,2905.5618,-1.9151,-0.0659,167800207,166412077.0811
000001.SH,20180724,2905.5618,2862.267,2911.4646,2862.267,2859.5424,46.0194,1.6093,229578307,228701875.5367
000001.SH,20180723,2859.5424,2815.2008,2863.5711,2809.6163,2829.2712,30.2712,1.0699,173382797,186996844.7415
000001.SH,20180720,2829.2712,2769.7537,2837.8623,2753.8397,2772.5454,56.7258,2.046,145907688,155661124.2655
000001.SH,20180719,2772.5454,2791.0156,2805.0106,2764.4858,2787.257,-14.7116,-0.5278,114486493,129374568.2748
000001.SH,20180718,2787.257,2801.7774,2818.3953,2786.0404,2798.1259,-10.8689,-0.3884,120961165,138557147.8492
000001.SH,20180717,2798.1259,2806.8853,2806.9194,2774.7624,2814.0418,-15.9159,-0.5656,105409220,124035197.8412
000001.SH,20180716,2814.0418,2827.0823,2837.5092,2804.4929,2831.1837,-17.1419,-0.6055,107767151,129411192.6784
000001.SH,20180713,2831.1837,2831.4284,2835.4627,2818.8484,2837.6586,-6.4749,-0.2282,117689348,146300880.6306
000001.SH,20180712,2837.6586,2771.0408,2844.1932,2771.0408,2777.7711,59.8875,2.156,146980200,170319086.4558
000001.SH,20180711,2777.7711,2780.7043,2794.3596,2752.435,2827.6252,-49.8541,-1.7631,126821149,138318174.3062
000001.SH,20180710,2827.6252,2819.7121,2828.4926,2800.6251,2815.1095,12.5157,0.4446,117062748,132633113.0538
000001.SH,20180709,2815.1095,2752.4466,2815.79,2752.4466,2747.2285,67.881,2.4709,121549309,135654524.8223
000001.SH,20180706,2747.2285,2731.3532,2768.8737,2691.0208,2733.8819,13.3466,0.4882,136294380,148193039.9794
000001.SH,20180705,2733.8819,2755.3394,2777.5227,2727.9399,2759.126,-25.2441,-0.9149,129226112,132993668.1875
000001.SH,20180704,2759.126,2776.6324,2793.179,2754.1552,2786.8878,-27.7618,-0.9962,123262181,131016165.0491
000001.SH,20180703,2786.8878,2774.5701,2786.8878,2722.4485,2775.557,11.3308,0.4082,142498466,161668028.5891
000001.SH,20180702,2775.557,2841.5795,2845.6801,2756.815,2847.4181,-71.8611,-2.5237,137035034,147562760.015
000001.SH,20180629,2847.4181,2789.8111,2848.3721,2782.3811,2786.8966,60.5215,2.1716,125671685,135652377.9317
000001.SH,20180628,2786.8966,2799.9039,2825.9872,2782.4464,2813.1775,-26.2809,-0.9342,118357907,129687431.3618
000001.SH,20180627,2813.1775,2842.3958,2854.2579,2798.7997,2844.5081,-31.3306,-1.1014,129420833,142413494.3583
000001.SH,20180626,2844.5081,2829.9947,2850.24,2803.7851,2859.3364,-14.8283,-0.5186,125918468,138447246.7759
000001.SH,20180625,2859.3364,2903.4495,2908.624,2857.8709,2889.7603,-30.4239,-1.0528,121917687,132350471.5872
000001.SH,20180622,2889.7603,2855.5849,2891.9685,2837.1444,2875.8099,13.9504,0.4851,126143129,127161473.942
000001.SH,20180621,2875.8099,2912.0032,2940.5863,2872.6189,2915.7314,-39.9215,-1.3692,154378332,159713161.8127
000001.SH,20180620,2915.7314,2889.984,2925.5611,2872.1629,2907.8221,7.9093,0.272,144301420,153334278.1217
000001.SH,20180619,2907.8221,2982.6504,2984.9706,2871.3548,3021.9008,-114.0787,-3.7751,230550067,241203641.0688
000001.SH,20180615,3021.9008,3037.4522,3048.7967,3008.7324,3044.1597,-22.2589,-0.7312,144532571,162196016.4216
000001.SH,20180614,3044.1597,3038.0704,3066.0469,3032.4062,3049.7965,-5.6368,-0.1848,115469487,147588826.9699
000001.SH,20180613,3049.7965,3071.4636,3071.4636,3044.1198,3079.8018,-30.0053,-0.9743,119607886,155935263.0918
000001.SH,20180612,3079.8018,3053.0279,3081.4473,3034.1012,3052.7831,27.0187,0.8851,113275096,154469092.2799
000001.SH,20180611,3052.7831,3057.3393,3063.6102,3037.9138,3067.1478,-14.3647,-0.4683,108563786,143037323.838
000001.SH,20180608,3067.1478,3100.6038,3100.6848,3053.2879,3109.4988,-42.351,-1.362,134688220,161178782.8671
000001.SH,20180607,3109.4988,3121.1842,3128.7154,3105.5779,3115.1803,-5.6815,-0.1824,127784970,167174304.078
000001.SH,20180606,3115.1803,3109.1746,3117.5251,3103.5329,3114.2055,0.9748,0.0313,120196135,162879956.6804
000001.SH,20180605,3114.2055,3088.0076,3114.7687,3080.0457,3091.1909,23.0146,0.7445,118735592,164806307.5157
000001.SH,20180604,3091.1909,3083.4265,3098.402,3076.9936,3075.1372,16.0537,0.522,114593902,154671613.2917
000001.SH,20180601,3075.1372,3084.7536,3102.088,3059.7857,3095.4737,-20.3365,-0.657,129872199,166548881.7814
000001.SH,20180531,3095.4737,3061.8291,3098.0764,3054.2685,3041.4434,54.0303,1.7765,140475532,185199037.0435
000001.SH,20180530,3041.4434,3081.1418,3085.397,3041.0002,3120.4605,-79.0171,-2.5322,155115126,191995196.6696
000001.SH,20180529,3120.4605,3129.621,3143.2076,3112.1531,3135.0821,-14.6216,-0.4664,135717800,177826106.4492
000001.SH,20180528,3135.0821,3136.8092,3149.6646,3115.9585,3141.3032,-6.2211,-0.198,128755918,168191258.4105
000001.SH,20180525,3141.3032,3148.41,3156.7261,3131.0675,3154.6506,-13.3474,-0.4231,128610843,166554049.9348
000001.SH,20180524,3154.6506,3167.9391,3173.5309,3152.0692,3168.9642,-14.3136,-0.4517,124085800,160658185.5021
000001.SH,20180523,3168.9642,3205.437,3205.437,3168.9642,3214.3497,-45.3855,-1.412,157807648,199358101.0154
000001.SH,20180522,3214.3497,3211.247,3214.5888,3192.2277,3213.8404,0.5093,0.0158,144292684,185721667.7516
000001.SH,20180521,3213.8404,3206.1756,3219.7398,3203.3362,3193.3034,20.537,0.6431,164459413,202663464.5153
000001.SH,20180518,3193.3034,3151.0818,3193.4531,3144.776,3154.2825,39.0209,1.2371,136516918,168038057.4771
000001.SH,20180517,3154.2825,3170.0064,3172.7664,3148.6213,3169.5652,-15.2827,-0.4822,113995567,150598842.1852
000001.SH,20180516,3169.5652,3180.2259,3191.9481,3166.8113,3192.1183,-22.5531,-0.7065,130524968,174590979.8339
000001.SH,20180515,3192.1183,3180.4245,3192.8069,3164.5181,3174.032,18.0863,0.5698,124549051,162990790.0095
000001.SH,20180514,3174.032,3167.0418,3183.8159,3163.476,3163.2632,10.7688,0.3404,129327353,172410691.0539
000001.SH,20180511,3163.2632,3179.7967,3180.7564,3162.2121,3174.4127,-11.1495,-0.3512,130659749,167364290.3662
000001.SH,20180510,3174.4127,3169.0498,3176.1376,3155.5331,3159.1502,15.2625,0.4831,133000756,165440363.8777
000001.SH,20180509,3159.1502,3160.1382,3165.3733,3145.6574,3161.4976,-2.3474,-0.0742,122637268,153456426.2161
000001.SH,20180508,3161.4976,3135.2957,3169.7014,3134.0621,3136.6448,24.8528,0.7923,146927061,189011647.3802
000001.SH,20180507,3136.6448,3094.8989,3136.8363,3091.6579,3091.0334,45.6114,1.4756,138948186,178243870.0034
000001.SH,20180504,3091.0334,3093.1169,3104.0925,3086.7845,3100.8586,-9.8252,-0.3169,118711265,148436363.3541
000001.SH,20180503,3100.8586,3074.5165,3105.6598,3056.1573,3081.1773,19.6813,0.6388,139985620,173444959.1489
000001.SH,20180502,3081.1773,3087.4086,3097.6039,3064.763,3082.2316,-1.0543,-0.0342,134184566,168246153.0045
000001.SH,20180427,3082.2316,3082.4148,3088.0347,3049.9139,3075.0301,7.2015,0.2342,131225643,179520260.0023
000001.SH,20180426,3075.0301,3119.4962,3121.9334,3067.9286,3117.9739,-42.9438,-1.3773,133972736,163783774.6019
000001.SH,20180425,3117.9739,3112.3978,3122.9082,3107.0008,3128.9271,-10.9532,-0.3501,127311053,161298141.6615
000001.SH,20180424,3128.9271,3069.7455,3136.0395,3069.7455,3068.012,60.9151,1.9855,162274806,195545006.1216
000001.SH,20180423,3068.012,3063.4427,3085.0573,3045.9369,3071.5425,-3.5305,-0.1149,131686340,157854795.1025
000001.SH,20180420,3071.5425,3105.4617,3111.1707,3065.9214,3117.376,-45.8335,-1.4703,155147091,185139069.1485
000001.SH,20180419,3117.376,3094.2738,3127.4389,3090.2867,3091.3987,25.9773,0.8403,160056805,196198984.6832
000001.SH,20180418,3091.3987,3091.9095,3096.889,3041.625,3066.7967,24.602,0.8022,159290503,202238969.9704
000001.SH,20180417,3066.7967,3112.9747,3118.7596,3064.0281,3110.6489,-43.8522,-1.4097,147222846,185428029.2547
000001.SH,20180416,3110.6489,3152.8882,3153.1063,3096.1003,3159.0521,-48.4032,-1.5322,154415695,192233349.2495
000001.SH,20180413,3159.0521,3192.0418,3197.8959,3155.5058,3180.1583,-21.1062,-0.6637,127552310,163651750.6399
000001.SH,20180412,3180.1583,3203.2782,3205.2522,3177.0492,3208.0818,-27.9235,-0.8704,148231313,185040054.5629
000001.SH,20180411,3208.0818,3197.3719,3220.8453,3191.5865,3190.3216,17.7602,0.5567,175867197,211420423.9911
000001.SH,20180410,3190.3216,3144.2568,3190.6492,3139.0807,3138.2936,52.028,1.6578,168201359,206087413.1468
000001.SH,20180409,3138.2936,3125.4415,3146.0926,3110.3025,3131.1114,7.1822,0.2294,139608621,177236920.0787
000001.SH,20180404,3131.1114,3147.0491,3163.3404,3128.8668,3136.6332,-5.5218,-0.176,146976682,193492824.1907
000001.SH,20180403,3136.6332,3130.013,3144.3321,3119.1321,3163.179,-26.5458,-0.8392,152216674,189692715.1786
000001.SH,20180402,3163.179,3169.7787,3192.3403,3159.986,3168.8966,-5.7176,-0.1804,177727777,226253566.3884
000001.SH,20180330,3168.8966,3161.7856,3177.7208,3152.8888,3160.5306,8.366,0.2647,154646596,196006696.9153
000001.SH,20180329,3160.5306,3127.2628,3174.5089,3098.2465,3122.2895,38.2411,1.2248,170312384,210920223.3188
000001.SH,20180328,3122.2895,3130.5711,3165.2126,3117.5336,3166.6488,-44.3593,-1.4008,163500488,208617851.6977
000001.SH,20180327,3166.6488,3164.7976,3172.7777,3143.5695,3133.7218,32.927,1.0507,189073383,227085087.3043
000001.SH,20180326,3133.7218,3117.3192,3134.2759,3091.4575,3152.7608,-19.039,-0.6039,186366350,215910259.0579
000001.SH,20180323,3152.7608,3172.772,3188.2351,3110.6637,3263.4803,-110.7195,-3.3927,275532013,293405066.0322
000001.SH,20180322,3263.4803,3281.265,3288.7967,3242.7619,3280.9521,-17.4718,-0.5325,150432977,184471728.7778
000001.SH,20180321,3280.9521,3299.731,3314.209,3268.8779,3290.6399,-9.6878,-0.2944,168398277,208617686.6746
000001.SH,20180320,3290.6399,3257.2188,3292.5742,3252.4333,3279.2517,11.3882,0.3473,139881081,166979881.3612
000001.SH,20180319,3279.2517,3264.9281,3280.5673,3251.0471,3269.8821,9.3696,0.2865,137954980,169772206.9912
000001.SH,20180316,3269.8821,3290.209,3300.5654,3269.2826,3291.112,-21.2299,-0.6451,141203647,167761534.889
000001.SH,20180315,3291.112,3277.5143,3297.0981,3273.2008,3291.3819,-0.2699,-0.0082,148573606,179516618.0627
000001.SH,20180314,3291.3819,3298.6655,3304.9787,3287.3558,3310.2389,-18.857,-0.5697,157491085,183457630.4349
000001.SH,20180313,3310.2389,3324.1215,3333.8754,3307.3764,3326.6992,-16.4603,-0.4948,177114353,202375116.9543
000001.SH,20180312,3326.6992,3319.2089,3333.5611,3313.5552,3307.1656,19.5336,0.5906,206532436,247894176.2082
000001.SH,20180309,3307.1656,3291.4258,3309.7153,3283.5591,3288.4055,18.7601,0.5705,168424509,202349181.9157
000001.SH,20180308,3288.4055,3268.3468,3289.4974,3261.5524,3271.6683,16.7372,0.5116,149827519,175895391.2166
000001.SH,20180307,3271.6683,3288.8645,3308.4063,3264.7639,3289.6419,-17.9736,-0.5464,168665019,193489335.3581
000001.SH,20180306,3289.6419,3266.4868,3290.2534,3243.654,3256.9263,32.7156,1.0045,195358046,224381789.4818
000001.SH,20180305,3256.9263,3255.8713,3269.3999,3236.7172,3254.5283,2.398,0.0737,144835988,174148634.5035
000001.SH,20180302,3254.5283,3248.4464,3269.9377,3242.2669,3273.7549,-19.2266,-0.5873,150861063,178602991.8652
000001.SH,20180301,3273.7549,3235.0887,3280.1491,3228.5848,3259.408,14.3469,0.4402,159098320,185277781.9886
000001.SH,20180228,3259.408,3264.0585,3277.8324,3239.8438,3292.0679,-32.6599,-0.9921,151043536,180233815.2261
000001.SH,20180227,3292.0679,3328.6719,3328.6719,3284.6293,3329.5737,-37.5058,-1.1264,174219368,204394381.4638
000001.SH,20180226,3329.5737,3307.295,3335.9856,3281.615,3289.0241,40.5496,1.2329,188568602,213333034.8904
000001.SH,20180223,3289.0241,3275.429,3294.1338,3258.4878,3268.5589,20.4652,0.6261,145790368,159502514.787
000001.SH,20180222,3268.5589,3237.5692,3269.9156,3234.1152,3199.1589,69.4,2.1693,138730445,157303882.4511
000001.SH,20180214,3199.1589,3188.2475,3203.4967,3171.3836,3184.9587,14.2002,0.4459,100322827,114552202.9593
000001.SH,20180213,3184.9587,3176.1066,3219.2169,3176.1066,3154.1254,30.8333,0.9776,151527597,172045207.0059
000001.SH,20180212,3154.1254,3128.3709,3168.1258,3113.6054,3129.8508,24.2746,0.7756,153310831,171003182.2303
000001.SH,20180209,3129.8508,3172.8509,3180.11,3062.7426,3262.0504,-132.1996,-4.0527,256389176,272095086.8391
000001.SH,20180208,3262.0504,3281.0458,3307.1623,3225.7117,3309.2598,-47.2094,-1.4266,201262499,222348685.2871
000001.SH,20180207,3309.2598,3412.7441,3425.5377,3304.007,3370.652,-61.3922,-1.8214,260939714,295264429.8852
000001.SH,20180206,3370.652,3418.01,3440.124,3364.2163,3487.497,-116.845,-3.3504,280555477,318818541.7624
000001.SH,20180205,3487.497,3411.6698,3487.7211,3406.2405,3462.0808,25.4162,0.7341,217673754,252198769.276
000001.SH,20180202,3462.0808,3419.2249,3463.1639,3388.8597,3446.9799,15.1009,0.4381,208120551,236278755.6193
000001.SH,20180201,3446.9799,3478.6701,3495.0933,3424.4188,3480.8334,-33.8535,-0.9726,260504707,292882256.282
000001.SH,20180131,3480.8334,3470.5089,3495.4533,3454.7259,3488.009,-7.1756,-0.2057,207253403,242657958.6276
000001.SH,20180130,3488.009,3511.5005,3523.0513,3484.6556,3523.0007,-34.9917,-0.9932,186369975,224681692.5375
000001.SH,20180129,3523.0007,3563.64,3587.0323,3510.2689,3558.1288,-35.1281,-0.9873,236026965,285417004.4405
000001.SH,20180126,3558.1288,3535.4931,3574.9048,3534.1952,3548.307,9.8218,0.2768,222698295,258149514.6071
000001.SH,20180125,3548.307,3555.1677,3571.4805,3528.0349,3559.4653,-11.1583,-0.3135,243413422,287989534.9563
000001.SH,20180124,3559.4653,3553.4787,3569.4891,3527.1119,3546.5048,12.9605,0.3654,252954496,307629217.0629
000001.SH,20180123,3546.5048,3504.3439,3547.2222,3504.3439,3501.3622,45.1426,1.2893,238705904,282091889.3459
000001.SH,20180122,3501.3622,3476.9939,3503.3857,3475.673,3487.864,13.4982,0.387,217487534,261295714.0882
000001.SH,20180119,3487.864,3481.62,3498.4341,3474.2915,3474.754,13.11,0.3773,247536733,294189072.3691
000001.SH,20180118,3474.754,3449.881,3476.546,3448.7885,3444.6713,30.0827,0.8733,220039555,267692640.5358
000001.SH,20180117,3444.6713,3438.5762,3465.2049,3430.5114,3436.594,8.0773,0.235,261045030,316532678.8887
000001.SH,20180116,3436.594,3403.4694,3437.5827,3401.9606,3410.4882,26.1058,0.7655,211475468,266578815.1688
000001.SH,20180115,3410.4882,3428.9508,3442.5008,3402.312,3428.9407,-18.4525,-0.5381,232009283,286362732.9191
000001.SH,20180112,3428.9407,3423.8793,3435.4239,3417.9802,3425.3449,3.5958,0.105,174063404,215961455.7477
000001.SH,20180111,3425.3449,3415.585,3426.4829,3405.639,3421.8343,3.5106,0.1026,173812133,218414134.1294
000001.SH,20180110,3421.8343,3414.1128,3430.2139,3398.8423,3413.8996,7.9347,0.2324,209094997,254515441.261
000001.SH,20180109,3413.8996,3406.1116,3417.2278,3403.5869,3409.4795,4.4201,0.1296,191488551,238249975.0697
000001.SH,20180108,3409.4795,3391.5528,3412.7307,3384.5591,3391.7501,17.7294,0.5227,236165106,286213219.0945
000001.SH,20180105,3391.7501,3386.464,3402.0694,3380.245,3385.7102,6.0399,0.1784,213060681,248187840.5423
000001.SH,20180104,3385.7102,3371.0,3392.8264,3365.2954,3369.1084,16.6018,0.4928,206955288,243090768.6939
000001.SH,20180103,3369.1084,3347.7428,3379.9152,3345.2887,3348.3259,20.7825,0.6207,213836149,258366523.2348
000001.SH,20180102,3348.3259,3314.0307,3349.053,3314.0307,3307.1721,41.1538,1.2444,202278860,227788461.1129
000001.SH,20171229,3307.1721,3295.2461,3308.2249,3292.7699,3296.3847,10.7874,0.3272,141586836,170356755.1293
000001.SH,20171228,3296.3847,3272.2913,3304.0962,3263.7282,3275.7828,20.6019,0.6289,175371670,208019859.6144
000001.SH,20171227,3275.7828,3302.4612,3307.0798,3270.349,3306.1246,-30.3418,-0.9177,162674890,198264675.1557
000001.SH,20171226,3306.1246,3277.8372,3307.2994,3274.3274,3280.461,25.6636,0.7823,142434501,174679263.8362
000001.SH,20171225,3280.461,3296.2106,3312.2998,3270.4407,3297.063,-16.602,-0.5035,146893635,177293589.8835
000001.SH,20171222,3297.063,3297.6852,3307.3276,3293.4415,3300.0593,-2.9963,-0.0908,124047326,152099443.9066
000001.SH,20171221,3300.0593,3281.1179,3309.2233,3267.4042,3287.6057,12.4536,0.3788,142127927,173740095.5815
000001.SH,20171220,3287.6057,3296.7403,3300.2124,3276.1201,3296.5384,-8.9327,-0.271,137745118,167961847.9228
000001.SH,20171219,3296.5384,3266.0191,3296.9398,3266.0191,3267.9224,28.616,0.8757,115140134,150786582.7107
000001.SH,20171218,3267.9224,3268.0335,3280.5438,3254.1775,3266.1371,1.7853,0.0547,120700389,149738224.0536
000001.SH,20171215,3266.1371,3287.5292,3287.5292,3259.3883,3292.4385,-26.3014,-0.7988,130940618,161877917.411
000001.SH,20171214,3292.4385,3302.9322,3309.5295,3282.5732,3303.0373,-10.5988,-0.3209,120544235,151346087.7237
000001.SH,20171213,3303.0373,3278.3968,3304.0101,3273.3248,3280.8136,22.2237,0.6774,111998647,145295312.0408
000001.SH,20171212,3280.8136,3320.3103,3320.3103,3280.3291,3322.1956,-41.382,-1.2456,124604827,160978615.1755
000001.SH,20171211,3322.1956,3290.4881,3322.6736,3288.2949,3289.9924,32.2032,0.9788,131965984,172986431.4469
000001.SH,20171208,3289.9924,3264.4776,3297.1304,3258.7593,3272.0542,17.9382,0.5482,133209314,165761649.7653
000001.SH,20171207,3272.0542,3283.2791,3291.2817,3259.1637,3293.9648,-21.9106,-0.6652,132105900,161764588.9056
000001.SH,20171206,3293.9648,3291.3128,3296.2013,3254.6108,3303.6751,-9.7103,-0.2939,151604452,179174378.9115
000001.SH,20171205,3303.6751,3301.6906,3315.7373,3300.5117,3309.6183,-5.9432,-0.1796,208278862,243489600.0699
000001.SH,20171204,3309.6183,3310.3814,3323.9961,3304.1034,3317.6174,-7.9991,-0.2411,148053288,185025359.645
000001.SH,20171201,3317.6174,3315.1051,3324.5161,3302.4398,3317.1884,0.429,0.0129,139198300,177490257.9728
000001.SH,20171130,3317.1884,3328.6427,3340.9201,3306.2832,3337.862,-20.6736,-0.6194,156595851,192076785.0696
000001.SH,20171129,3337.862,3335.5671,3343.0624,3305.5721,3333.657,4.205,0.1261,183805932,217769438.0923
000001.SH,20171128,3333.657,3311.2322,3333.7998,3300.7808,3322.2298,11.4272,0.344,138247799,167062933.3557
000001.SH,20171127,3322.2298,3346.6567,3347.0506,3315.2642,3353.8207,-31.5909,-0.9419,166439170,205803398.5479
000001.SH,20171124,3353.8207,3340.3842,3360.7459,3328.3339,3351.9182,1.9025,0.0568,159569663,207623884.8889
000001.SH,20171123,3351.9182,3425.0093,3429.4237,3342.3324,3430.4643,-78.5461,-2.2897,215265393,270469023.9755
000001.SH,20171122,3430.4643,3417.3313,3442.1777,3404.2865,3410.4977,19.9666,0.5854,213567093,273674733.4269
000001.SH,20171121,3410.4977,3382.3595,3419.802,3377.5989,3392.3988,18.0989,0.5335,196871803,265303849.8598
000001.SH,20171120,3392.3988,3361.3563,3393.1063,3337.116,3382.9075,9.4913,0.2806,176524683,228308136.7625
000001.SH,20171117,3382.9075,3392.6834,3403.2855,3373.2956,3399.2503,-16.3428,-0.4808,249458153,313750356.0718
000001.SH,20171116,3399.2503,3393.1937,3409.6532,3390.5888,3402.5245,-3.2742,-0.0962,156684332,220862462.9545
000001.SH,20171115,3402.5245,3416.2112,3423.7495,3396.381,3429.5482,-27.0237,-0.788,168792076,239734189.0588
000001.SH,20171114,3429.5482,3446.5453,3450.4949,3419.6919,3447.8358,-18.2876,-0.5304,196472674,267435423.3017
000001.SH,20171113,3447.8358,3435.1839,3449.1638,3435.0849,3432.6731,15.1627,0.4417,205389054,266738129.757
000001.SH,20171110,3432.6731,3423.1846,3438.7924,3414.3286,3427.7946,4.8785,0.1423,189276503,255772109.9986
000001.SH,20171109,3427.7946,3410.6723,3428.7704,3408.6186,3415.4602,12.3344,0.3611,158650426,205433672.2509
000001.SH,20171108,3415.4602,3409.1474,3434.4918,3404.8811,3413.5748,1.8854,0.0552,185436470,242025594.0775
000001.SH,20171107,3413.5748,3389.4721,3415.1482,3387.9459,3388.1742,25.4006,0.7497,190571746,242595949.4007
000001.SH,20171106,3388.1742,3369.685,3389.3826,3356.5337,3371.7441,16.4301,0.4873,154636468,204311225.533
000001.SH,20171103,3371.7441,3377.7356,3380.57,3347.3603,3383.3095,-11.5654,-0.3418,172714790,207437946.2434
000001.SH,20171102,3383.3095,3391.652,3391.652,3372.2131,3395.9125,-12.603,-0.3711,166864267,210014970.6571
000001.SH,20171101,3395.9125,3393.9678,3410.3519,3388.5978,3393.3417,2.5708,0.0758,180566127,231978378.1969
000001.SH,20171031,3393.3417,3380.999,3397.0988,3376.1238,3390.3371,3.0046,0.0886,153498206,199929584.4732
000001.SH,20171030,3390.3371,3413.8679,3419.7315,3357.2762,3416.8124,-26.4753,-0.7749,208349286,257776652.8538
000001.SH,20171027,3416.8124,3404.4978,3421.1026,3402.1141,3407.5671,9.2453,0.2713,170257173,212377187.9762
000001.SH,20171026,3407.5671,3397.519,3414.2415,3391.4549,3396.8975,10.6696,0.3141,183768625,238596126.8218
000001.SH,20171025,3396.8975,3384.8579,3398.3041,3382.0338,3388.2477,8.6498,0.2553,123131222,160060696.6675
000001.SH,20171024,3388.2477,3376.5989,3388.6886,3374.1246,3380.699,7.5487,0.2233,139897511,178552878.8563
000001.SH,20171023,3380.699,3382.28,3385.2853,3374.705,3378.6481,2.0509,0.0607,130846289,164369441.8212
000001.SH,20171020,3378.6481,3363.5138,3379.7652,3360.1001,3370.1721,8.476,0.2515,127172851,155065093.8619
000001.SH,20171019,3370.1721,3374.6444,3378.7359,3359.6284,3381.7937,-11.6216,-0.3437,158476495,187921292.3101
000001.SH,20171018,3381.7937,3373.5281,3383.2323,3371.9249,3372.0407,9.753,0.2892,157228791,194298766.6893
000001.SH,20171017,3372.0407,3373.2342,3382.4072,3365.5646,3378.4704,-6.4297,-0.1903,125381725,162910828.1637
000001.SH,20171016,3378.4704,3393.2055,3400.5113,3374.7687,3390.5233,-12.0529,-0.3555,174330620,221650689.7631
000001.SH,20171013,3390.5233,3384.4883,3395.7484,3383.2392,3386.1,4.4233,0.1306,139954764,181118458.1732
000001.SH,20171012,3386.1,3385.5329,3390.2036,3372.5331,3388.2838,-2.1838,-0.0645,161809380,201667864.0579
000001.SH,20171011,3388.2838,3381.488,3395.7794,3379.1634,3382.9879,5.2959,0.1565,181476704,231154505.9491
000001.SH,20171010,3382.9879,3373.3446,3384.0262,3358.7953,3374.3781,8.6098,0.2552,179423841,231148615.058
000001.SH,20171009,3374.3781,3403.2458,3410.1704,3366.965,3348.9431,25.435,0.7595,191736057,227440593.8745
000001.SH,20170929,3348.9431,3340.3109,3357.0154,3340.3109,3339.6421,9.301,0.2785,144862443,175892822.9519
000001.SH,20170928,3339.6421,3343.8446,3344.6005,3336.1784,3345.2717,-5.6296,-0.1683,149444300,181955627.4065
000001.SH,20170927,3345.2717,3340.8219,3349.6949,3340.2989,3343.5826,1.6891,0.0505,143086945,168981337.6886
000001.SH,20170926,3343.5826,3336.3497,3347.1629,3332.5985,3341.5487,2.0339,0.0609,132628595,159039634.0383
000001.SH,20170925,3341.5487,3344.5886,3350.9612,3334.9438,3352.5294,-10.9807,-0.3275,169621293,202401690.5474
000001.SH,20170922,3352.5294,3347.1569,3356.4514,3334.9846,3357.8123,-5.2829,-0.1573,179234007,206583469.029
000001.SH,20170921,3357.8123,3364.6977,3377.8844,3356.8754,3365.9959,-8.1836,-0.2431,197448695,231946124.4308
000001.SH,20170920,3365.9959,3352.1848,3370.0978,3346.5356,3356.8446,9.1513,0.2726,192196661,225839069.3028
000001.SH,20170919,3356.8446,3365.5315,3370.4009,3344.7054,3362.8587,-6.0141,-0.1788,191129691,220728730.0187
000001.SH,20170918,3362.8587,3352.5134,3371.7486,3352.5134,3353.6192,9.2395,0.2755,190319676,227938635.3954
000001.SH,20170915,3353.6192,3365.1454,3365.5277,3345.3283,3371.4256,-17.8064,-0.5282,219765816,252910687.7982
000001.SH,20170914,3371.4256,3383.47,3391.6435,3361.3335,3384.147,-12.7214,-0.3759,221306487,256744421.2743
000001.SH,20170913,3384.147,3374.7185,3387.1397,3366.5412,3379.488,4.659,0.1379,194550715,230733408.8669
000001.SH,20170912,3379.488,3381.487,3391.0694,3370.8519,3376.4188,3.0692,0.0909,272910319,325024951.9825
000001.SH,20170911,3376.4188,3365.3506,3384.81,3360.0462,3365.2426,11.1762,0.3321,219011019,256888810.5474
000001.SH,20170908,3365.2426,3364.4275,3380.8898,3353.6876,3365.4974,-0.2548,-0.0076,198405184,235160227.3555
000001.SH,20170907,3365.4974,3383.6281,3387.7956,3363.1765,3385.3888,-19.8914,-0.5876,221118685,264037023.512
000001.SH,20170906,3385.3888,3372.4277,3391.0105,3364.7645,3384.317,1.0718,0.0317,229090785,262034653.4911
000001.SH,20170905,3384.317,3377.1968,3390.8233,3371.5706,3379.583,4.734,0.1401,216552946,245596608.2764
000001.SH,20170904,3379.583,3369.7185,3381.4027,3359.1309,3367.1194,12.4636,0.3702,267427849,296348432.2514
000001.SH,20170901,3367.1194,3365.9913,3381.9252,3358.4724,3360.8103,6.3091,0.1877,282497584,313722092.738
000001.SH,20170831,3360.8103,3361.4621,3367.3581,3340.6865,3363.6266,-2.8163,-0.0837,234419781,269133107.7932
000001.SH,20170830,3363.6266,3361.8207,3376.6481,3357.0803,3365.2261,-1.5995,-0.0475,246863312,279640796.6221
000001.SH,20170829,3365.2261,3362.0604,3374.5947,3354.4627,3362.6514,2.5747,0.0766,219504535,268916094.8468
000001.SH,20170828,3362.6514,3336.1264,3375.0339,3336.1264,3331.5221,31.1293,0.9344,257461438,305319883.0948
000001.SH,20170825,3331.5221,3271.4608,3331.9146,3271.4608,3271.5117,60.0104,1.8343,205839482,227141029.3776
000001.SH,20170824,3271.5117,3287.9594,3297.9886,3266.3589,3287.7049,-16.1932,-0.4925,163468937,186245056.5655
000001.SH,20170823,3287.7049,3283.7966,3299.4572,3274.4404,3290.2257,-2.5208,-0.0766,179832208,204330421.446
000001.SH,20170822,3290.2257,3287.6147,3293.476,3274.941,3286.9055,3.3202,0.101,186537991,222927491.4862
000001.SH,20170821,3286.9055,3274.5805,3287.5186,3270.4753,3268.7243,18.1812,0.5562,186122483,209718592.8839
000001.SH,20170818,3268.7243,3253.2434,3275.0763,3248.0833,3268.4298,0.2945,0.009,191122483,218437740.7453
000001.SH,20170817,3268.4298,3253.8455,3269.1389,3251.4593,3246.4512,21.9786,0.677,203622551,228376944.21
000001.SH,20170816,3246.4512,3247.8525,3248.785,3228.8705,3251.2617,-4.8105,-0.148,176852051,200832533.7035
000001.SH,20170815,3251.2617,3235.2298,3263.5892,3235.1013,3237.3602,13.9015,0.4294,182297997,204595858.6157
000001.SH,20170814,3237.3602,3206.0436,3240.0517,3206.0436,3208.5413,28.8189,0.8982,190346796,209096078.7479
000001.SH,20170811,3208.5413,3237.9222,3245.1163,3200.7481,3261.7494,-53.2081,-1.6313,262962995,266998262.3804
000001.SH,20170810,3261.7494,3269.7347,3282.519,3236.1829,3275.573,-13.8236,-0.422,240684622,251854039.6919
000001.SH,20170809,3275.573,3277.8083,3277.9433,3263.8468,3281.8728,-6.2998,-0.192,235597907,237815125.492
000001.SH,20170808,3281.8728,3277.1887,3285.4833,3269.6582,3279.4566,2.4162,0.0737,252043537,255770184.4564
000001.SH,20170807,3279.4566,3257.67,3280.1035,3243.7153,3262.0809,17.3757,0.5327,231173379,231874371.766
000001.SH,20170804,3262.0809,3269.3182,3287.1929,3261.3066,3272.9286,-10.8477,-0.3314,275906340,285634760.3814
000001.SH,20170803,3272.9286,3279.9864,3293.3686,3262.1554,3285.0568,-12.1282,-0.3692,233277004,243549542.7149
000001.SH,20170802,3285.0568,3288.5183,3305.4313,3282.0377,3292.6383,-7.5815,-0.2303,266730628,279352341.7938
000001.SH,20170801,3292.6383,3274.3685,3292.6383,3273.5038,3273.0283,19.61,0.5991,237194594,256419942.2057
000001.SH,20170731,3273.0283,3252.7519,3276.9461,3251.1941,3253.2404,19.7879,0.6083,246039440,253525920.8023
000001.SH,20170728,3253.2404,3240.1728,3256.3706,3232.9634,3249.7814,3.459,0.1064,182226880,198428584.0911
000001.SH,20170727,3249.7814,3243.765,3251.9261,3220.6366,3247.6748,2.1066,0.0649,228485945,242572081.4598
000001.SH,20170726,3247.6748,3244.4608,3264.8483,3228.0389,3243.6894,3.9854,0.1229,213542005,228460518.5169
000001.SH,20170725,3243.6894,3249.1376,3261.6454,3233.1376,3250.5989,-6.9095,-0.2126,205573873,213405498.9751
000001.SH,20170724,3250.5989,3230.898,3261.1046,3230.0705,3237.9817,12.6172,0.3897,233056399,250631194.2632
000001.SH,20170721,3237.9817,3236.5881,3247.7122,3231.9556,3244.8647,-6.883,-0.2121,206003251,221956909.9095
000001.SH,20170720,3244.8647,3227.5056,3246.236,3225.4328,3230.9762,13.8885,0.4299,232108392,245825421.9334
000001.SH,20170719,3230.9762,3181.4015,3232.9408,3179.73,3187.5672,43.409,1.3618,272420726,269771019.5871
000001.SH,20170718,3187.5672,3159.7318,3187.671,3150.1284,3176.4648,11.1024,0.3495,190623060,196452361.5189
000001.SH,20170717,3176.4648,3219.7914,3230.354,3139.5035,3222.4168,-45.952,-1.426,266205274,274653250.0979
000001.SH,20170714,3222.4168,3212.0316,3222.9784,3204.8529,3218.1632,4.2536,0.1322,160126773,174312138.1912
000001.SH,20170713,3218.1632,3192.3615,3219.2683,3190.3393,3197.5439,20.6193,0.6448,195303611,210820896.339
000001.SH,20170712,3197.5439,3201.9292,3215.1962,3177.9346,3203.0375,-5.4936,-0.1715,186900880,201799622.1844
000001.SH,20170711,3203.0375,3201.5169,3226.908,3199.2235,3212.6319,-9.5944,-0.2986,187837262,205493366.2751
000001.SH,20170710,3212.6319,3208.4627,3223.3402,3203.2089,3217.9567,-5.3248,-0.1655,198928010,222828311.7584
000001.SH,20170707,3217.9567,3203.8225,3219.5232,3195.2905,3212.444,5.5127,0.1716,176715416,201938313.2177
000001.SH,20170706,3212.444,3203.8631,3215.95,3188.7733,3207.1342,5.3098,0.1656,175809287,202209616.9665
000001.SH,20170705,3207.1342,3179.2169,3207.3095,3174.7081,3182.8039,24.3303,0.7644,148296483,173554012.0754
000001.SH,20170704,3182.8039,3192.8885,3193.0644,3174.314,3195.9116,-13.1077,-0.4101,141114967,161454562.3933
000001.SH,20170703,3195.9116,3191.9982,3196.2861,3177.0244,3192.4269,3.4847,0.1092,140305717,156575784.3957
000001.SH,20170630,3192.4269,3176.9481,3193.2411,3171.5703,3188.0625,4.3644,0.1369,121464543,143195603.4583
000001.SH,20170629,3188.0625,3174.9811,3188.7741,3174.2835,3173.2014,14.8611,0.4683,128755470,147249798.104
000001.SH,20170628,3173.2014,3183.6334,3193.4397,3170.7859,3191.1969,-17.9955,-0.5639,146516720,162081099.7409
000001.SH,20170627,3191.1969,3183.4198,3193.4613,3172.463,3185.4439,5.753,0.1806,148201198,167523800.3125
000001.SH,20170626,3185.4439,3157.0022,3187.8891,3156.9767,3157.873,27.5709,0.8731,173579211,200419302.2262
000001.SH,20170623,3157.873,3138.4441,3158.0474,3118.0946,3147.4532,10.4198,0.3311,154843648,175568524.1707
000001.SH,20170622,3147.4532,3152.2424,3186.9823,3146.6432,3156.2118,-8.7586,-0.2775,191344006,220438439.5119
000001.SH,20170621,3156.2118,3148.9861,3157.0275,3132.6173,3140.0136,16.1982,0.5159,136688268,167048215.9509
000001.SH,20170620,3140.0136,3148.0187,3150.4646,3134.6106,3144.3739,-4.3603,-0.1387,141191802,162498014.5798
000001.SH,20170619,3144.3739,3122.1578,3146.7703,3121.7787,3123.1662,21.2077,0.679,134891758,151741797.8856
000001.SH,20170616,3123.1662,3126.3728,3134.2511,3117.8567,3132.4863,-9.3201,-0.2975,129652758,149215477.6358
000001.SH,20170615,3132.4863,3125.5865,3137.5854,3117.084,3130.674,1.8123,0.0579,146954245,171124529.3845
000001.SH,20170614,3130.674,3146.748,3149.1731,3125.3546,3153.7429,-23.0689,-0.7315,138347042,160641229.6123
000001.SH,20170613,3153.7429,3134.0089,3155.9895,3131.0431,3139.8766,13.8663,0.4416,128318279,148457870.0142
000001.SH,20170612,3139.8766,3149.5266,3164.9502,3135.314,3158.4004,-18.5238,-0.5865,146729425,169392918.451
000001.SH,20170609,3158.4004,3147.4533,3165.9197,3146.1075,3150.3336,8.0668,0.2561,160136334,181584884.7895
000001.SH,20170608,3150.3336,3136.4705,3153.2635,3132.8278,3140.3249,10.0087,0.3187,152277659,178894298.541
000001.SH,20170607,3140.3249,3101.7608,3140.7743,3098.9508,3102.126,38.1989,1.2314,173229014,194287945.5144
000001.SH,20170606,3102.126,3084.5401,3102.8633,3078.7872,3091.6561,10.4699,0.3387,113439963,127804624.2458
000001.SH,20170605,3091.6561,3102.1095,3105.5056,3084.8301,3105.54,-13.8839,-0.4471,132570300,143429802.0021
000001.SH,20170602,3105.54,3094.2253,3110.3891,3081.8485,3102.6232,2.9168,0.094,142504925,154454347.9951
000001.SH,20170601,3102.6232,3108.4214,3113.5212,3097.6794,3117.1778,-14.5546,-0.4669,163015719,180782624.7771
000001.SH,20170531,3117.1778,3125.3252,3143.2787,3111.5563,3110.0587,7.1191,0.2289,152950430,177913309.9359
000001.SH,20170526,3110.0587,3101.2864,3120.6627,3100.3877,3107.8311,2.2276,0.0717,155923486,171327384.6436
000001.SH,20170525,3107.8311,3055.3425,3114.6578,3052.8309,3064.0759,43.7552,1.428,191391841,201910125.0325
000001.SH,20170524,3064.0759,3047.5681,3064.8127,3022.3026,3061.947,2.1289,0.0695,139813353,152669201.5988
000001.SH,20170523,3061.947,3069.3935,3084.2352,3050.8423,3075.6756,-13.7286,-0.4464,178310599,195073653.6755
000001.SH,20170522,3075.6756,3087.1705,3103.9375,3063.1529,3090.6309,-14.9553,-0.4839,153683730,170340982.6498
000001.SH,20170519,3090.6309,3086.7054,3095.4826,3081.278,3090.139,0.4919,0.0159,129635230,150164226.2179
000001.SH,20170518,3090.139,3082.3288,3103.4413,3077.9631,3104.4415,-14.3025,-0.4607,148620035,168149514.123
000001.SH,20170517,3104.4415,3107.802,3119.5816,3101.2953,3112.9642,-8.5227,-0.2738,168674158,194560594.1001
000001.SH,20170516,3112.9642,3082.8717,3113.5116,3060.5344,3090.2289,22.7353,0.7357,173775564,193292104.5574
000001.SH,20170515,3090.2289,3085.9319,3098.9125,3085.9319,3083.5132,6.7157,0.2178,135660728,158269607.703
000001.SH,20170512,3083.5132,3054.1123,3090.4914,3051.8713,3061.5003,22.0129,0.719,159684099,175107245.7515
000001.SH,20170511,3061.5003,3036.7891,3063.5637,3016.5305,3052.785,8.7153,0.2855,191341901,197604070.1418
000001.SH,20170510,3052.785,3078.1728,3090.8191,3051.5896,3080.5269,-27.7419,-0.9006,160794452,181624151.6915
000001.SH,20170509,3080.5269,3064.8484,3084.2077,3056.558,3078.6129,1.914,0.0622,135066674,152795901.6078
000001.SH,20170508,3078.6129,3090.0652,3093.4516,3067.6943,3103.0378,-24.4249,-0.7871,180526904,198171689.4226
000001.SH,20170505,3103.0378,3114.7735,3117.6141,3092.0918,3127.3687,-24.3309,-0.778,176213641,200273908.1696
000001.SH,20170504,3127.3687,3127.1058,3143.8179,3111.3912,3135.346,-7.9773,-0.2544,177967485,200170851.5678
000001.SH,20170503,3135.346,3138.3068,3148.2857,3123.7509,3143.7121,-8.3661,-0.2661,163763924,190236600.6901
000001.SH,20170502,3143.7121,3147.2275,3154.7812,3136.5391,3154.6584,-10.9463,-0.347,154222962,176389916.6883
000001.SH,20170428,3154.6584,3144.0219,3154.7266,3136.5781,3152.1869,2.4715,0.0784,162889899,183195769.8055
000001.SH,20170427,3152.1869,3131.3496,3155.0033,3097.3334,3140.8471,11.3398,0.361,211793073,235748319.3546
000001.SH,20170426,3140.8471,3132.9181,3152.9534,3131.418,3134.5674,6.2797,0.2003,169878107,197112873.0172
000001.SH,20170425,3134.5674,3123.8943,3145.2672,3117.4488,3129.5312,5.0362,0.1609,153418307,174129249.6186
000001.SH,20170424,3129.5312,3164.2479,3164.2479,3111.2145,3173.1512,-43.62,-1.3747,186277434,197845253.5732
000001.SH,20170421,3173.1512,3170.2899,3180.7944,3158.6286,3172.1003,1.0509,0.0331,164761740,184131440.6999
000001.SH,20170420,3172.1003,3165.665,3178.1826,3148.1844,3170.6867,1.4136,0.0446,190873985,220098232.7487
000001.SH,20170419,3170.6867,3184.666,3189.4368,3147.0655,3196.7133,-26.0266,-0.8142,213238075,225806056.521
000001.SH,20170418,3196.7133,3215.3963,3225.0546,3196.4884,3222.1673,-25.454,-0.79,188661353,211866767.6681
000001.SH,20170417,3222.1673,3229.9491,3229.9491,3199.9121,3246.0668,-23.8995,-0.7363,212737189,227214681.3887
000001.SH,20170414,3246.0668,3276.1381,3276.7112,3238.8959,3275.9603,-29.8935,-0.9125,214508558,224106679.4683
000001.SH,20170413,3275.9603,3265.2181,3281.1369,3261.4901,3273.8301,2.1302,0.0651,207346875,223287214.7095
000001.SH,20170412,3273.8301,3283.8369,3284.9338,3262.2773,3288.9657,-15.1356,-0.4602,269381790,311505523.7949
000001.SH,20170411,3288.9657,3266.2219,3290.3887,3244.4047,3269.3926,19.5731,0.5987,281281248,326622406.9002
000001.SH,20170410,3269.3926,3285.4594,3285.4594,3265.0121,3286.616,-17.2234,-0.524,232694616,279415195.3857
000001.SH,20170407,3286.616,3280.6239,3295.187,3275.0507,3281.0047,5.6113,0.171,236108942,266738322.876
000001.SH,20170406,3281.0047,3272.1926,3286.6739,3265.7645,3270.3054,10.6993,0.3272,245287999,262335587.5854
000001.SH,20170405,3270.3054,3235.6603,3270.6453,3233.2367,3222.5142,47.7912,1.483,248320202,273201155.6744
000001.SH,20170331,3222.5142,3206.2529,3226.2483,3205.5365,3210.2369,12.2773,0.3824,196442922,214036159.9621
000001.SH,20170330,3210.2369,3235.1369,3240.0174,3195.8524,3241.3144,-31.0775,-0.9588,247135479,265694871.6433
000001.SH,20170329,3241.3144,3252.8653,3262.0976,3233.2795,3252.9479,-11.6335,-0.3576,216105575,245371852.6201
000001.SH,20170328,3252.9479,3265.6344,3265.6344,3246.0861,3266.9552,-14.0073,-0.4288,161710013,203452481.7716
000001.SH,20170327,3266.9552,3268.924,3283.2393,3262.1184,3269.4451,-2.4899,-0.0762,201852675,249185540.3411
000001.SH,20170324,3269.4451,3247.3495,3275.2066,3241.1233,3248.5495,20.8956,0.6432,219777914,267094164.3157
000001.SH,20170323,3248.5495,3245.8078,3262.0914,3221.9344,3245.2198,3.3297,0.1026,193029144,258246691.0
000001.SH,20170322,3245.2198,3246.2233,3255.7779,3229.1283,3261.6108,-16.391,-0.5025,189731649,244545459.0408
000001.SH,20170321,3261.6108,3250.2473,3262.2209,3246.6959,3250.8082,10.8026,0.3323,162719306,219121269.7816
000001.SH,20170320,3250.8082,3241.1101,3251.1271,3228.1177,3237.4471,13.3611,0.4127,170548430,213951759.5016
000001.SH,20170317,3237.4471,3271.8665,3274.1903,3232.2806,3268.9354,-31.4883,-0.9633,200583223,262184046.4753
000001.SH,20170316,3268.9354,3247.1628,3269.77,3247.1628,3241.7597,27.1757,0.8383,189416002,244508344.4653
000001.SH,20170315,3241.7597,3235.403,3243.713,3227.7377,3239.3278,2.4319,0.0751,144055682,185727250.3639
000001.SH,20170314,3239.3278,3235.2515,3246.3285,3231.5209,3237.0244,2.3034,0.0712,146946022,191535126.6909
000001.SH,20170313,3237.0244,3209.4492,3237.1212,3193.1565,3212.7601,24.2643,0.7552,163673760,206919741.9043
000001.SH,20170310,3212.7601,3213.7294,3222.3189,3208.4472,3216.7457,-3.9856,-0.1239,136672743,173663170.2346
000001.SH,20170309,3216.7457,3233.7007,3233.8749,3205.2794,3240.6646,-23.9189,-0.7381,167371108,199217646.8113
000001.SH,20170308,3240.6646,3240.5323,3245.3043,3230.6083,3242.4063,-1.7417,-0.0537,160731388,198225782.5713
000001.SH,20170307,3242.4063,3233.0939,3242.6591,3226.8219,3233.8657,8.5406,0.2641,164064235,209931208.3642
000001.SH,20170306,3233.8657,3217.3345,3234.6626,3215.067,3218.3118,15.5539,0.4833,156092158,193769172.3958
000001.SH,20170303,3218.3118,3219.2019,3221.1553,3206.6127,3230.0281,-11.7163,-0.3627,157082368,192707923.0112
000001.SH,20170302,3230.0281,3250.5183,3256.8074,3228.6647,3246.9335,-16.9054,-0.5207,181215076,223043958.7665
000001.SH,20170301,3246.9335,3240.0726,3259.9781,3237.8714,3241.7331,5.2004,0.1604,190677550,225940967.9418
000001.SH,20170228,3241.7331,3225.9689,3242.679,3225.9689,3228.6602,13.0729,0.4049,151244318,186019288.81
000001.SH,20170227,3228.6602,3249.1945,3251.6543,3224.0884,3253.4327,-24.7725,-0.7614,182581071,211395715.8562
000001.SH,20170224,3253.4327,3246.8603,3253.9556,3233.5348,3251.375,2.0577,0.0633,186406362,213839036.8669
000001.SH,20170223,3251.375,3258.8319,3264.0819,3236.3549,3261.2184,-9.8434,-0.3018,209179800,236822582.2761
000001.SH,20170222,3261.2184,3252.6898,3261.3808,3243.8398,3253.3257,7.8927,0.2426,207453776,234815325.8238
000001.SH,20170221,3253.3257,3242.2226,3254.3355,3239.8775,3239.9613,13.3644,0.4125,211673066,233551176.0497
000001.SH,20170220,3239.9613,3198.9633,3241.458,3198.9633,3202.0756,37.8857,1.1832,232152096,250276131.8145
000001.SH,20170217,3202.0756,3227.7073,3238.3959,3199.4248,3229.6184,-27.5428,-0.8528,226228177,248572751.5924
000001.SH,20170216,3229.6184,3210.3567,3230.2754,3207.7852,3212.9857,16.6327,0.5177,216955942,226587611.9945
000001.SH,20170215,3212.9857,3215.4639,3235.9977,3206.5606,3217.928,-4.9423,-0.1536,241507706,257965244.4605
000001.SH,20170214,3217.928,3216.137,3219.4047,3205.2853,3216.8394,1.0886,0.0338,188798088,204253821.8541
000001.SH,20170213,3216.8394,3198.9946,3219.4072,3198.9946,3196.699,20.1404,0.63,220191508,236158766.8196
000001.SH,20170210,3196.699,3183.0069,3205.049,3182.8021,3183.1794,13.5196,0.4247,239348913,245772163.9195
000001.SH,20170209,3183.1794,3164.6875,3186.838,3162.5744,3166.9818,16.1976,0.5115,191640327,209723158.6406
000001.SH,20170208,3166.9818,3148.086,3167.4465,3132.0333,3153.0878,13.894,0.4406,144920187,170854126.2564
000001.SH,20170207,3153.0878,3154.4046,3159.544,3140.0356,3156.9838,-3.896,-0.1234,128337442,152559086.1182
000001.SH,20170206,3156.9838,3143.0931,3158.8433,3135.3869,3140.17,16.8138,0.5354,127198283,150067694.7207
000001.SH,20170203,3140.17,3160.0816,3162.6771,3136.013,3159.166,-18.996,-0.6013,92224736,108023659.8894
000001.SH,20170126,3159.166,3149.2167,3163.1041,3148.9083,3149.5547,9.6113,0.3052,113876772,125013193.9424
000001.SH,20170125,3149.5547,3137.6462,3151.4723,3133.1911,3142.5533,7.0014,0.2228,112073827,126765829.9922
000001.SH,20170124,3142.5533,3134.5921,3149.5312,3131.2181,3136.7748,5.7785,0.1842,125973881,134553852.1771
000001.SH,20170123,3136.7748,3125.4209,3145.8411,3125.4209,3123.1389,13.6359,0.4366,132660392,148145735.8771
000001.SH,20170120,3123.1389,3095.8185,3125.6599,3095.2147,3101.2992,21.8397,0.7042,122366777,141471811.3509
000001.SH,20170119,3101.2992,3104.9715,3115.7778,3094.0055,3113.0123,-11.7131,-0.3763,123851420,139280461.4674
000001.SH,20170118,3113.0123,3104.7664,3123.7203,3098.5864,3108.7746,4.2377,0.1363,131780128,144546719.2777
000001.SH,20170117,3108.7746,3087.0295,3108.9072,3072.3384,3103.428,5.3466,0.1723,136157861,154757554.7354
000001.SH,20170116,3103.428,3104.4924,3105.1423,3044.2912,3112.7644,-9.3364,-0.2999,257885996,262826041.8009
000001.SH,20170113,3112.7644,3116.0827,3130.5146,3102.1628,3119.2886,-6.5242,-0.2092,156274214,174438553.9988
000001.SH,20170112,3119.2886,3133.6015,3144.9699,3115.9787,3136.7535,-17.4649,-0.5568,148889240,161922296.4717
000001.SH,20170111,3136.7535,3156.6856,3167.0288,3136.2667,3161.6713,-24.9178,-0.7881,178362221,189186459.3619
000001.SH,20170110,3161.6713,3167.5701,3174.5781,3157.3322,3171.2362,-9.5649,-0.3016,179759216,194963216.5804
000001.SH,20170109,3171.2362,3148.5317,3173.136,3147.7351,3154.321,16.9152,0.5363,171714075,192110579.3179
000001.SH,20170106,3154.321,3163.7761,3172.0347,3153.0253,3165.4109,-11.0899,-0.3503,183708966,207296038.4444
000001.SH,20170105,3165.4109,3157.9063,3168.5021,3154.281,3158.794,6.6169,0.2095,174727645,199692026.7333
000001.SH,20170104,3158.794,3133.7873,3160.1029,3130.1145,3135.9208,22.8732,0.7294,167860850,195914292.6481
000001.SH,20170103,3135.9208,3105.3085,3136.4558,3105.3085,3103.6373,32.2835,1.0402,141567187,159887139.4718
000001.SH,20161230,3103.6373,3097.3454,3108.8393,3089.9894,3096.0968,7.5405,0.2435,133267130,151732781.7527
000001.SH,20161229,3096.0968,3095.8447,3111.7994,3087.344,3102.2357,-6.1389,-0.1979,132623292,149919182.8005
000001.SH,20161228,3102.2357,3113.7671,3118.7818,3094.5488,3114.664,-12.4283,-0.399,135727087,154329653.0469
000001.SH,20161227,3114.664,3117.3868,3127.8828,3113.7451,3122.569,-7.905,-0.2532,141528939,162193908.5407
000001.SH,20161226,3122.569,3095.5787,3122.8812,3068.415,3110.1544,12.4146,0.3992,152571881,170555610.8879
000001.SH,20161223,3110.1544,3134.9292,3138.404,3103.7476,3139.558,-29.4036,-0.9366,166176769,189281177.4972
000001.SH,20161222,3139.558,3132.1558,3143.1685,3126.8872,3137.4297,2.1283,0.0678,167804990,185981556.911
000001.SH,20161221,3137.4297,3107.2396,3140.2512,3107.2396,3102.8759,34.5538,1.1136,186706607,204247805.1735
000001.SH,20161220,3102.8759,3115.8984,3117.0145,3084.7997,3118.0846,-15.2087,-0.4878,157426759,171611881.1086
000001.SH,20161219,3118.0846,3120.6963,3125.284,3110.0817,3122.9815,-4.8969,-0.1568,154169716,174500240.6507
000001.SH,20161216,3122.9815,3111.5145,3128.8735,3106.3464,3117.677,5.3045,0.1701,164988699,189844752.8555
000001.SH,20161215,3117.677,3125.7568,3138.7793,3100.9128,3140.5308,-22.8538,-0.7277,189990626,212863239.2536
000001.SH,20161214,3140.5308,3149.3774,3170.0208,3136.348,3155.0374,-14.5066,-0.4598,201358887,219206160.2382
000001.SH,20161213,3155.0374,3138.9881,3162.496,3118.7121,3152.9704,2.067,0.0656,185164495,203175456.9168
000001.SH,20161212,3152.9704,3233.6661,3245.0946,3149.8955,3232.8834,-79.913,-2.4719,274708461,294260138.539
000001.SH,20161209,3232.8834,3209.3395,3244.8013,3207.0433,3215.3658,17.5176,0.5448,204023956,226387156.3181
000001.SH,20161208,3215.3658,3225.5499,3228.122,3211.4712,3222.2415,-6.8757,-0.2134,170710173,197802065.1889
000001.SH,20161207,3222.2415,3198.4748,3222.428,3189.485,3199.6473,22.5942,0.7061,169072847,189443846.6032
000001.SH,20161206,3199.6473,3202.0293,3215.3114,3196.5248,3204.7092,-5.0619,-0.158,157572693,177170154.4059
000001.SH,20161205,3204.7092,3203.7844,3219.5181,3194.8785,3243.8432,-39.134,-1.2064,223010394,238598033.0194
000001.SH,20161202,3243.8432,3270.1205,3279.7137,3235.277,3273.3093,-29.4661,-0.9002,259567205,281559095.5565
000001.SH,20161201,3273.3093,3257.0268,3279.6707,3256.2555,3250.0344,23.2749,0.7161,237759864,261553934.531
000001.SH,20161130,3250.0344,3272.1422,3277.2694,3239.5206,3282.9238,-32.8894,-1.0018,243576053,262808738.1806
000001.SH,20161129,3282.9238,3269.2339,3301.2133,3263.3973,3276.9996,5.9242,0.1808,320836287,348149349.6698
000001.SH,20161128,3276.9996,3270.0471,3288.3372,3267.6736,3261.9378,15.0618,0.4617,281551253,300460150.8935
000001.SH,20161125,3261.9378,3241.2433,3262.4379,3209.5979,3241.7359,20.2019,0.6232,233921601,259117040.3998
000001.SH,20161124,3241.7359,3237.428,3257.8574,3232.869,3241.1366,0.5993,0.0185,232324527,267224712.392
000001.SH,20161123,3241.1366,3247.9448,3262.8788,3231.5863,3248.3517,-7.2151,-0.2221,249959592,277942467.7171
000001.SH,20161122,3248.3517,3220.9825,3249.6765,3220.9825,3218.1477,30.204,0.9386,261631547,292484830.6397
000001.SH,20161121,3218.1477,3188.4964,3229.7568,3188.2799,3192.8559,25.2918,0.7921,230652844,263177808.1312
000001.SH,20161118,3192.8559,3207.1933,3212.394,3187.4963,3208.4525,-15.5966,-0.4861,209826639,235352062.3083
000001.SH,20161117,3208.4525,3198.4985,3211.0527,3187.2056,3205.0572,3.3953,0.1059,214206240,226775851.1803
000001.SH,20161116,3205.0572,3208.4973,3210.8927,3195.4105,3206.9858,-1.9286,-0.0601,221766993,244854511.188
000001.SH,20161115,3206.9858,3209.9546,3214.292,3195.0353,3210.371,-3.3852,-0.1054,240886350,267003870.8592
000001.SH,20161114,3210.371,3187.7093,3221.4584,3186.7956,3196.0436,14.3274,0.4483,329608313,346974628.5165
000001.SH,20161111,3196.0436,3169.4007,3202.7401,3166.0696,3171.282,24.7616,0.7808,310854579,343773951.2742
000001.SH,20161110,3171.282,3148.544,3172.3085,3148.544,3128.3702,42.9118,1.3717,244192602,285992810.5234
000001.SH,20161109,3128.3702,3146.0775,3146.9497,3096.9466,3147.8875,-19.5173,-0.62,241114958,277229392.7345
000001.SH,20161108,3147.8875,3140.9435,3156.8812,3134.9547,3133.3326,14.5549,0.4645,190846979,221585117.1902
000001.SH,20161107,3133.3326,3124.892,3139.2017,3117.0961,3125.3167,8.0159,0.2565,179418490,210602324.385
000001.SH,20161104,3125.3167,3126.3489,3141.3337,3119.5354,3128.9356,-3.6189,-0.1157,197683197,239043257.281
000001.SH,20161103,3128.9356,3096.765,3140.9298,3094.1025,3102.7326,26.203,0.8445,222986260,265820360.415
000001.SH,20161102,3102.7326,3115.7291,3118.9773,3099.8196,3122.4356,-19.703,-0.631,182722067,221676542.0646
000001.SH,20161101,3122.4356,3101.6639,3122.6147,3097.0423,3100.492,21.9436,0.7077,160232032,195831592.2647
000001.SH,20161031,3100.492,3097.1881,3102.3015,3081.0722,3104.2703,-3.7783,-0.1217,151506764,178427745.4435
000001.SH,20161028,3104.2703,3111.7035,3128.6427,3101.2371,3112.3498,-8.0795,-0.2596,181774123,212593009.8546
000001.SH,20161027,3112.3498,3112.6028,3114.7587,3100.3918,3116.3119,-3.9621,-0.1271,158008789,182237125.269
000001.SH,20161026,3116.3119,3129.8382,3129.8382,3110.3874,3131.9385,-15.6266,-0.4989,191663263,215767706.3688
000001.SH,20161025,3131.9385,3127.9684,3132.5046,3121.0499,3128.2467,3.6918,0.118,203380898,220861464.0753
000001.SH,20161024,3128.2467,3092.0466,3137.0335,3090.7864,3090.9412,37.3055,1.2069,240522349,250354393.5683
000001.SH,20161021,3090.9412,3081.3891,3101.8486,3069.2669,3084.4577,6.4835,0.2102,187388072,201953662.3952
000001.SH,20161020,3084.4577,3084.9076,3089.682,3076.2949,3084.7189,-0.2612,-0.0085,160691364,177674542.7097
000001.SH,20161019,3084.7189,3085.749,3096.2228,3076.7705,3083.8751,0.8438,0.0274,182470143,197481136.3622
000001.SH,20161018,3083.8751,3037.4036,3084.1867,3037.4036,3041.1663,42.7088,1.4044,182042460,196036127.9659
000001.SH,20161017,3041.1663,3064.691,3068.812,3033.7532,3063.8086,-22.6423,-0.739,163733265,180594077.0508
000001.SH,20161014,3063.8086,3056.9927,3064.7895,3043.1841,3061.3458,2.4628,0.0804,155373705,163792994.6432
000001.SH,20161013,3061.3458,3057.9724,3064.9989,3052.6403,3058.4981,2.8477,0.0931,154756725,166335869.0751
000001.SH,20161012,3058.4981,3057.3163,3060.5142,3048.8881,3065.2497,-6.7516,-0.2203,142493577,159982961.3605
000001.SH,20161011,3065.2497,3051.6216,3066.104,3048.0175,3048.1428,17.1069,0.5612,167273496,183787648.3495
000001.SH,20161010,3048.1428,3020.4566,3048.2358,3014.6198,3004.703,43.4398,1.4457,160051104,175521792.5798
000001.SH,20160930,3004.703,2994.2507,3009.1953,2993.0617,2998.4827,6.2203,0.2074,101333562,112794538.4783
000001.SH,20160929,2998.4827,2992.1683,3009.1984,2991.9088,2987.8576,10.6251,0.3556,113213919,122728570.07
000001.SH,20160928,2987.8576,3000.6954,3000.6954,2984.3206,2998.1723,-10.3147,-0.344,104625697,116437377.4882
000001.SH,20160927,2998.1723,2974.593,2998.2333,2969.1321,2980.4295,17.7428,0.5953,121701450,133372708.3939
000001.SH,20160926,2980.4295,3028.2428,3028.2428,2980.1169,3033.8956,-53.4661,-1.7623,144330286,162257246.4187
000001.SH,20160923,3033.8956,3044.7858,3046.8047,3032.8023,3042.3132,-8.4176,-0.2767,125590976,147377736.3324
000001.SH,20160922,3042.3132,3038.422,3054.4351,3035.0703,3025.8736,16.4396,0.5433,139309554,159031064.1316
000001.SH,20160921,3025.8736,3021.5762,3032.4503,3017.5408,3022.9995,2.8741,0.0951,115721213,134133726.4025
000001.SH,20160920,3022.9995,3027.1717,3027.8165,3015.8804,3026.0513,-3.0518,-0.1009,118924117,139662303.1581
000001.SH,20160919,3026.0513,3005.3228,3026.6512,3005.3228,3002.8486,23.2027,0.7727,119225027,133168828.0761
000001.SH,20160914,3002.8486,3008.9044,3017.9447,2995.4156,3023.5095,-20.6609,-0.6833,133413401,148148969.9086
000001.SH,20160913,3023.5095,3025.0345,3029.7208,3008.7405,3021.9771,1.5324,0.0507,135387580,152791306.0183
000001.SH,20160912,3021.9771,3037.5073,3040.9522,2999.9288,3078.8548,-56.8777,-1.8474,206012086,221846569.0084
000001.SH,20160909,3078.8548,3095.4269,3101.7922,3078.2183,3095.9543,-17.0995,-0.5523,160692924,182056232.5197
000001.SH,20160908,3095.9543,3089.9529,3096.7832,3083.9015,3091.9281,4.0262,0.1302,145883771,165944472.7338
000001.SH,20160907,3091.9281,3091.3287,3105.6775,3087.8794,3090.7127,1.2154,0.0393,186956763,207162121.4739
000001.SH,20160906,3090.7127,3071.0554,3095.5092,3053.1868,3072.0953,18.6174,0.606,172908524,193057729.1078
000001.SH,20160905,3072.0953,3070.707,3085.4853,3065.329,3067.352,4.7433,0.1546,144963317,161243675.2968
000001.SH,20160902,3067.352,3057.4945,3072.5258,3050.4924,3063.3054,4.0466,0.1321,150446920,170592139.8653
000001.SH,20160901,3063.3054,3083.9606,3088.7043,3062.8763,3085.491,-22.1856,-0.719,155191093,177093295.2798
000001.SH,20160831,3085.491,3072.9164,3087.6977,3063.3963,3074.6768,10.8142,0.3517,141368609,168986117.6783
000001.SH,20160830,3074.6768,3071.4404,3082.9879,3065.9713,3070.0273,4.6495,0.1514,140434811,163878823.0435
000001.SH,20160829,3070.0273,3068.4602,3074.9433,3058.7853,3070.3088,-0.2815,-0.0092,144500007,166397346.2218
000001.SH,20160826,3070.3088,3069.8504,3087.6522,3063.894,3068.3294,1.9794,0.0645,149663901,176309498.242
000001.SH,20160825,3068.3294,3073.4441,3073.4441,3041.5053,3085.8804,-17.551,-0.5688,174032980,200859751.3511
000001.SH,20160824,3085.8804,3092.0197,3097.1483,3079.5478,3089.7055,-3.8251,-0.1238,145707440,168362528.4881
000001.SH,20160823,3089.7055,3081.5717,3101.1095,3073.5292,3084.8051,4.9004,0.1589,161368965,179183487.6746
000001.SH,20160822,3084.8051,3107.3812,3112.7395,3083.5932,3108.102,-23.2969,-0.7496,185387927,207638874.518
000001.SH,20160819,3108.102,3100.3912,3113.3438,3082.771,3104.1138,3.9882,0.1285,194347453,212050971.1113
000001.SH,20160818,3104.1138,3107.7527,3125.5812,3093.3171,3109.5549,-5.4411,-0.175,229359081,256969677.0168
000001.SH,20160817,3109.5549,3106.9911,3114.2545,3090.2811,3110.0369,-0.482,-0.0155,213839637,243405250.6117
000001.SH,20160816,3110.0369,3130.5333,3140.4408,3102.0653,3125.1952,-15.1583,-0.485,278328934,308544861.1784
000001.SH,20160815,3125.1952,3056.4835,3137.4763,3053.8705,3050.6674,74.5278,2.443,297616506,327991129.2679
000001.SH,20160812,3050.6674,3000.2731,3051.0541,2999.039,3002.6376,48.0298,1.5996,168173657,179304885.1623
000001.SH,20160811,3002.6376,3013.6776,3038.0478,3001.1681,3018.7459,-16.1083,-0.5336,161879481,179861525.6276
000001.SH,20160810,3018.7459,3023.4724,3033.1964,3017.0903,3025.6805,-6.9346,-0.2292,164675165,184525184.7226
000001.SH,20160809,3025.6805,3001.3063,3025.9108,2998.6766,3004.2767,21.4038,0.7124,169995446,187716865.3444
000001.SH,20160808,3004.2767,2972.6248,3004.7182,2959.0477,2976.6962,27.5805,0.9265,155729833,172089654.2594
000001.SH,20160805,2976.6962,2978.7776,2991.6767,2971.5638,2982.4261,-5.7299,-0.1921,141857101,161795980.4054
000001.SH,20160804,2982.4261,2976.4096,2982.8601,2958.9332,2978.4608,3.9653,0.1331,133933301,153307963.5067
000001.SH,20160803,2978.4608,2963.2145,2981.1555,2956.7856,2971.2787,7.1821,0.2417,141141332,159088262.5249
000001.SH,20160802,2971.2787,2950.0796,2971.2787,2946.6365,2953.3854,17.8933,0.6059,115468900,129266872.7108
000001.SH,20160801,2953.3854,2971.9491,2972.8751,2931.9633,2979.3388,-25.9534,-0.8711,147407763,162372674.3228
000001.SH,20160729,2979.3388,2992.5355,3000.0546,2972.9166,2994.3234,-14.9846,-0.5004,150101534,170198566.5521
000001.SH,20160728,2994.3234,2980.5012,3003.3631,2968.182,2991.9991,2.3243,0.0777,190564950,217626998.7632
000001.SH,20160727,2991.9991,3050.3675,3057.4237,2939.2273,3050.1661,-58.167,-1.907,280160915,316811388.9074
000001.SH,20160726,3050.1661,3014.0397,3050.6145,3013.8021,3015.8278,34.3383,1.1386,156694506,185474467.7049
000001.SH,20160725,3015.8278,3008.0937,3027.1228,3003.2921,3012.8157,3.0121,0.1,144206582,175422000.8187
000001.SH,20160722,3012.8157,3038.1182,3039.27,3007.4567,3039.0091,-26.1934,-0.8619,162010181,197517350.3596
000001.SH,20160721,3039.0091,3027.6042,3053.3336,3027.3676,3027.8995,11.1096,0.3669,163767370,200278455.5462
000001.SH,20160720,3027.8995,3034.7139,3042.997,3022.6309,3036.5979,-8.6984,-0.2865,138242815,171472917.2205
000001.SH,20160719,3036.5979,3040.2257,3043.5999,3014.2889,3043.5643,-6.9664,-0.2289,155361466,187206723.2136
000001.SH,20160718,3043.5643,3047.6373,3058.3214,3031.6388,3054.296,-10.7317,-0.3514,177496562,206667709.2652
000001.SH,20160715,3054.296,3056.6817,3062.6832,3044.5375,3054.0182,0.2778,0.0091,172866398,202840549.5799
000001.SH,20160714,3054.0182,3054.9748,3057.0458,3036.5234,3060.6893,-6.6711,-0.218,180194804,208939031.3096
000001.SH,20160713,3060.6893,3049.5128,3069.0469,3048.1991,3049.381,11.3083,0.3708,253659384,279350871.8913
000001.SH,20160712,3049.381,2992.5195,3049.6814,2984.4205,2994.9167,54.4643,1.8186,259486295,288656744.0571
000001.SH,20160711,2994.9167,2993.7489,3022.9439,2990.9071,2988.0939,6.8228,0.2283,224338224,271916499.9038
000001.SH,20160708,2988.0939,3000.3263,3001.5506,2983.881,3016.8467,-28.7528,-0.9531,168986859,209672668.1285
000001.SH,20160707,3016.8467,3009.3533,3024.1087,2994.6426,3017.2924,-0.4457,-0.0148,222681667,270197134.2379
000001.SH,20160706,3017.2924,2998.5207,3017.6523,2984.8278,3006.3919,10.9005,0.3626,212370920,246497840.9506
000001.SH,20160705,3006.3919,2991.7524,3010.275,2990.6416,2988.604,17.7879,0.5952,235204450,270418011.6289
000001.SH,20160704,2988.604,2924.293,2992.4978,2922.5196,2932.4758,56.1282,1.914,222017132,253150365.2023
000001.SH,20160701,2932.4758,2931.8016,2944.9894,2925.8101,2929.6057,2.8701,0.098,141246227,173006184.7935
000001.SH,20160630,2929.6057,2931.4805,2938.1374,2922.3124,2931.5923,-1.9866,-0.0678,154464930,187459798.1004
000001.SH,20160629,2931.5923,2918.5337,2933.9974,2915.0618,2912.5574,19.0349,0.6535,193215586,223406351.2752
000001.SH,20160628,2912.5574,2885.0112,2913.5817,2878.8243,2895.7033,16.8541,0.582,173871047,211079306.3427
000001.SH,20160627,2895.7033,2840.5585,2895.731,2840.2765,2854.2864,41.4169,1.451,156697472,189854731.207
000001.SH,20160624,2854.2864,2883.759,2899.5689,2807.5976,2891.9602,-37.6738,-1.3027,190842609,214913449.6823
000001.SH,20160623,2891.9602,2902.3979,2904.1115,2878.661,2905.5495,-13.5893,-0.4677,136137375,163680266.6907
000001.SH,20160622,2905.5495,2872.7337,2905.978,2869.5133,2878.5575,26.992,0.9377,130590424,156339384.1416
000001.SH,20160621,2878.5575,2898.3837,2919.302,2869.1759,2888.8091,-10.2516,-0.3549,164359089,198201921.4862
000001.SH,20160620,2888.8091,2887.6358,2891.6583,2864.0199,2885.105,3.7041,0.1284,136571051,163734439.5698
000001.SH,20160617,2885.105,2873.0089,2900.2993,2872.1845,2872.8166,12.2884,0.4277,171472517,195432492.2271
000001.SH,20160616,2872.8166,2878.4023,2887.7426,2865.3878,2887.2101,-14.3935,-0.4985,173882767,201957154.9662
000001.SH,20160615,2887.2101,2814.6931,2894.2639,2811.7808,2842.1886,45.0215,1.584,166671069,197199330.8479
000001.SH,20160614,2842.1886,2824.2285,2843.4558,2822.0609,2833.0707,9.1179,0.3218,119755274,138531751.7007
000001.SH,20160613,2833.0707,2897.2731,2911.1582,2832.5072,2927.159,-94.0883,-3.2143,169255434,198547765.4947
000001.SH,20160608,2927.159,2932.3761,2937.9863,2908.3666,2936.0449,-8.8859,-0.3026,143046071,177377309.4817
000001.SH,20160607,2936.0449,2936.2821,2938.444,2923.502,2934.0979,1.947,0.0664,132987867,163605603.3178
000001.SH,20160606,2934.0979,2940.9943,2945.9416,2922.2833,2938.682,-4.5841,-0.156,141993742,172426791.3962
000001.SH,20160603,2938.682,2929.7881,2945.5193,2915.185,2925.2293,13.4527,0.4599,172021023,211302476.5058
000001.SH,20160602,2925.2293,2911.2193,2925.6702,2906.5242,2913.5077,11.7216,0.4023,159716916,185084899.734
000001.SH,20160601,2913.5077,2917.1541,2929.0759,2909.5121,2916.616,-3.1083,-0.1066,188386421,219868045.3956
000001.SH,20160531,2916.616,2822.5927,2917.1351,2822.5927,2822.4509,94.1651,3.3363,215260341,236528504.7789
000001.SH,20160530,2822.4509,2814.6507,2830.9697,2794.6608,2821.046,1.4049,0.0498,106319589,115587479.3456
000001.SH,20160527,2821.046,2817.9684,2832.7994,2809.7992,2822.4429,-1.3969,-0.0495,109845823,123858864.6089
000001.SH,20160526,2822.4429,2813.5431,2827.0916,2780.7634,2815.0863,7.3566,0.2613,114766797,127105183.3297
000001.SH,20160525,2815.0863,2835.0293,2843.165,2807.7488,2821.6663,-6.58,-0.2332,103527265,117767628.7296
000001.SH,20160524,2821.6663,2839.6823,2839.695,2807.1878,2843.645,-21.9787,-0.7729,111452445,121096058.8128
000001.SH,20160523,2843.645,2826.3123,2848.0713,2826.2562,2825.4831,18.1619,0.6428,120470455,139950365.055
000001.SH,20160520,2825.4831,2792.8883,2825.9517,2785.0795,2806.9061,18.577,0.6618,108700899,123794592.2807
000001.SH,20160519,2806.9061,2802.3147,2829.4023,2801.5475,2807.5141,-0.608,-0.0217,111595071,124151052.1797
000001.SH,20160518,2807.5141,2828.178,2828.2552,2781.4165,2843.6841,-36.17,-1.2719,140487826,149396820.8775
000001.SH,20160517,2843.6841,2850.9264,2860.3205,2832.4592,2850.8617,-7.1776,-0.2518,123369064,140000997.8648
000001.SH,20160516,2850.8617,2816.7754,2851.229,2804.9907,2827.1087,23.753,0.8402,114653592,126844299.0535
000001.SH,20160513,2827.1087,2828.4615,2850.0929,2814.1146,2835.8618,-8.7531,-0.3087,114319710,123692646.9421
000001.SH,20160512,2835.8618,2812.1083,2839.2763,2781.2362,2837.0372,-1.1754,-0.0414,136337655,140838630.9363
000001.SH,20160511,2837.0372,2843.5448,2857.2539,2818.6989,2832.5912,4.446,0.157,135795466,146022521.9062
000001.SH,20160510,2832.5912,2822.3273,2845.2376,2820.1642,2832.1125,0.4787,0.0169,120829310,128535266.0997
000001.SH,20160509,2832.1125,2896.1623,2896.1623,2821.8261,2913.2476,-81.1351,-2.785,180378330,188705685.6616
000001.SH,20160506,2913.2476,2998.4022,3003.5904,2913.0361,2997.8416,-84.594,-2.8218,206796498,234077433.966
000001.SH,20160505,2997.8416,2987.0224,2999.1181,2977.1998,2991.2721,6.5695,0.2196,144831383,163113776.353
000001.SH,20160504,2991.2721,2983.0266,3004.4184,2978.3295,2992.6432,-1.3711,-0.0458,165407106,189046374.9111
000001.SH,20160503,2992.6432,2940.3923,2993.5346,2929.8148,2938.3235,54.3197,1.8487,168703643,195816604.8129
000001.SH,20160429,2938.3235,2935.3756,2950.5761,2930.3565,2945.5886,-7.2651,-0.2466,109310628,128502732.169
000001.SH,20160428,2945.5886,2955.7421,2959.5123,2916.3744,2953.6709,-8.0823,-0.2736,138663274,154614698.9782
000001.SH,20160427,2953.6709,2967.1902,2976.0221,2949.4322,2964.6997,-11.0288,-0.372,130867640,150286301.521
000001.SH,20160426,2964.6997,2944.7156,2965.4291,2933.9707,2946.6704,18.0293,0.6119,117711604,134292458.7128
000001.SH,20160425,2946.6704,2949.9727,2954.0921,2917.0202,2959.24,-12.5696,-0.4248,125856243,140638756.29
000001.SH,20160422,2959.24,2933.0349,2960.2089,2926.7759,2952.8911,6.3489,0.215,137211668,148800430.8448
000001.SH,20160421,2952.8911,2954.3703,2990.6729,2943.464,2972.5837,-19.6926,-0.6625,189406849,206477126.88
000001.SH,20160420,2972.5837,3050.3805,3055.689,2905.0485,3042.8232,-70.2395,-2.3084,283144219,311154870.3543
000001.SH,20160419,3042.8232,3047.1326,3054.5032,3024.8951,3033.6604,9.1628,0.302,156533200,180948014.276
000001.SH,20160418,3033.6604,3058.4629,3058.4629,3022.9701,3078.1166,-44.4562,-1.4443,183304512,208613086.2911
000001.SH,20160415,3078.1166,3085.0263,3089.9509,3066.8721,3082.3615,-4.2449,-0.1377,189613051,224141313.3734
000001.SH,20160414,3082.3615,3080.09,3086.6975,3056.9886,3066.6381,15.7234,0.5127,208237830,235056056.2738
000001.SH,20160413,3066.6381,3041.3584,3097.1648,3041.3584,3023.6464,42.9917,1.4218,310003246,331420683.2241
000001.SH,20160412,3023.6464,3031.3013,3036.8249,3001.3151,3033.957,-10.3106,-0.3398,182718668,207079807.8619
000001.SH,20160411,3033.957,3006.909,3048.9766,3006.909,2984.9582,48.9988,1.6415,220018324,252328393.4817
000001.SH,20160408,2984.9582,2988.2,2996.1706,2960.46,3008.42,-23.4618,-0.7799,187904633,207337095.111
000001.SH,20160407,3008.42,3058.3388,3062.3579,3007.0603,3050.592,-42.172,-1.3824,220919506,243961813.6912
000001.SH,20160406,3050.592,3039.7449,3059.7937,3029.0049,3053.0654,-2.4734,-0.081,232262051,254914554.2804
000001.SH,20160405,3053.0654,3000.9382,3057.3297,2993.1476,3009.5298,43.5356,1.4466,256730344,276654687.0853
000001.SH,20160401,3009.5298,2997.0883,3009.6729,2956.247,3003.9152,5.6146,0.1869,206545866,217520534.0199
000001.SH,20160331,3003.9152,3009.3672,3023.4086,2992.9155,3000.6449,3.2703,0.109,220413445,252219758.2719
000001.SH,20160330,3000.6449,2941.2177,3001.1055,2941.2177,2919.8318,80.8131,2.7677,210371451,234410621.0239
000001.SH,20160329,2919.8318,2956.7052,2962.2029,2905.2513,2957.82,-37.9882,-1.2843,182965345,201625833.1786
000001.SH,20160328,2957.82,2988.0104,3008.1675,2948.5259,2979.4343,-21.6143,-0.7254,202021241,232323731.4007
000001.SH,20160325,2979.4343,2956.1997,2981.4077,2952.1057,2960.9704,18.4639,0.6236,175074344,200818437.4558
000001.SH,20160324,2960.9704,2986.801,2998.1537,2960.5366,3009.9604,-48.99,-1.6276,237006403,274795125.5966
000001.SH,20160323,3009.9604,2991.1685,3012.5596,2980.8554,2999.3628,10.5976,0.3533,216977462,256328163.094
000001.SH,20160322,2999.3628,3001.63,3019.1008,2988.4256,3018.8017,-19.4389,-0.6439,270377322,311025315.9817
000001.SH,20160321,3018.8017,2978.4554,3028.3215,2973.7575,2955.1498,63.6519,2.1539,352400438,380823080.4124
000001.SH,20160318,2955.1498,2915.5177,2971.5508,2908.7416,2904.8319,50.3179,1.7322,313332735,328241161.4959
000001.SH,20160317,2904.8319,2875.4108,2921.0002,2857.1913,2870.43,34.4019,1.1985,200290213,213843633.1298
000001.SH,20160316,2870.43,2858.7085,2881.5293,2854.1919,2864.3684,6.0616,0.2116,186492535,190193858.282
000001.SH,20160315,2864.3684,2853.9776,2865.787,2819.7949,2859.499,4.8694,0.1703,163386667,170219522.4032
000001.SH,20160314,2859.499,2830.0836,2889.8164,2823.0282,2810.3074,49.1916,1.7504,194816030,202793146.7864
000001.SH,20160311,2810.3074,2781.6004,2815.6074,2772.5512,2804.7255,5.5819,0.199,127247554,128450313.7709
000001.SH,20160310,2804.7255,2847.567,2863.1763,2803.4764,2862.556,-57.8305,-2.0202,138979461,141812410.338
000001.SH,20160309,2862.556,2839.4112,2863.0147,2811.7175,2901.387,-38.831,-1.3384,183355383,177072557.8831
000001.SH,20160308,2901.387,2895.6664,2902.6212,2802.5628,2897.3395,4.0475,0.1397,233482661,220513953.7259
000001.SH,20160307,2897.3395,2886.6403,2911.8386,2871.3462,2874.1468,23.1927,0.8069,217466836,208559323.3638
000001.SH,20160304,2874.1468,2848.5384,2880.3719,2808.8493,2859.7582,14.3886,0.5031,312495169,294982112.7981
000001.SH,20160303,2859.7582,2847.3305,2878.445,2840.8741,2849.6811,10.0771,0.3536,287478210,279971936.0751
000001.SH,20160302,2849.6811,2733.767,2852.7001,2732.5388,2733.17,116.5111,4.2629,270961783,259318766.5467
000001.SH,20160301,2733.17,2688.3799,2747.5621,2668.7574,2687.9788,45.1912,1.6812,187207443,182185538.1356
000001.SH,20160229,2687.9788,2754.8137,2755.8898,2638.9631,2767.2097,-79.2309,-2.8632,207410709,194640196.3945
000001.SH,20160226,2767.2097,2760.0575,2784.7525,2715.8743,2741.2454,25.9643,0.9472,191110472,190068987.7597
000001.SH,20160225,2741.2454,2922.2372,2922.2372,2729.8506,2928.896,-187.6506,-6.4069,270284416,271767143.332
000001.SH,20160224,2928.896,2889.8846,2929.8712,2872.2741,2903.3313,25.5647,0.8805,213410384,227851643.5897
000001.SH,20160223,2903.3313,2925.7082,2928.048,2872.2816,2927.175,-23.8437,-0.8146,199740663,211548952.1723
000001.SH,20160222,2927.175,2888.5984,2933.9638,2880.3474,2860.0208,67.1542,2.348,232176042,238682816.5348
000001.SH,20160219,2860.0208,2854.904,2872.7236,2840.4876,2862.8927,-2.8719,-0.1003,163391413,178424845.383
000001.SH,20160218,2862.8927,2881.7769,2893.2148,2857.6989,2867.3379,-4.4452,-0.155,219203873,230775052.843
000001.SH,20160217,2867.3379,2829.7636,2868.701,2824.3556,2836.5705,30.7674,1.0847,216909925,225964250.0828
000001.SH,20160216,2836.5705,2758.579,2840.6224,2758.579,2746.1958,90.3747,3.2909,195961614,198969133.3968
000001.SH,20160215,2746.1958,2684.9614,2760.359,2682.09,2763.492,-17.2962,-0.6259,129263932,129321056.01
000001.SH,20160205,2763.492,2783.0761,2790.061,2762.1597,2781.0227,-17.5307,-0.6304,141186284,145553630.9162
000001.SH,20160204,2781.0227,2751.4317,2793.2981,2751.3135,2739.2469,41.7758,1.5251,170382018,175347388.3829
000001.SH,20160203,2739.2469,2719.5737,2746.072,2696.8835,2749.5703,-10.3234,-0.3755,148397217,146627121.739
000001.SH,20160202,2749.5703,2687.9817,2755.1591,2687.9817,2688.8536,60.7167,2.2581,158078211,158936802.6585
000001.SH,20160201,2688.8536,2730.9844,2735.2551,2655.6234,2737.5996,-48.746,-1.7806,156383744,152830741.5536
000001.SH,20160129,2737.5996,2652.8544,2755.3665,2649.7905,2655.6609,81.9387,3.0854,186673106,180006812.6122
000001.SH,20160128,2655.6609,2711.1582,2740.5358,2647.4931,2735.5578,-79.8969,-2.9207,171120280,167357413.39
000001.SH,20160127,2735.5578,2756.082,2768.7719,2638.3016,2749.7854,-14.2276,-0.5174,215722046,207426675.0041
000001.SH,20160126,2749.7854,2907.7177,2911.9907,2743.8393,2938.5149,-188.7295,-6.4226,210836054,212608150.6502
000001.SH,20160125,2938.5149,2934.0781,2955.7826,2911.8286,2916.5624,21.9525,0.7527,153039057,164023396.4606
000001.SH,20160122,2916.5624,2911.1123,2931.3587,2851.7325,2880.4816,36.0808,1.2526,159810734,170062245.3799
000001.SH,20160121,2880.4816,2934.3912,2998.7904,2880.0848,2976.6938,-96.2122,-3.2322,191675668,203634572.9447
000001.SH,20160120,2976.6938,2993.0138,3016.2827,2951.9219,3007.7393,-31.0455,-1.0322,216505474,234562924.5794
000001.SH,20160119,3007.7393,2914.4078,3012.0684,2906.4038,2913.8367,93.9026,3.2226,205279703,222674800.3514
000001.SH,20160118,2913.8367,2847.5389,2945.4496,2844.7042,2900.9698,12.8669,0.4435,164699694,173619962.6526
000001.SH,20160115,2900.9698,2988.0483,3001.7081,2883.8679,3007.6489,-106.6791,-3.5469,198721697,206603969.2469
000001.SH,20160114,3007.6489,2874.0489,3012.2926,2867.5532,2949.5968,58.0521,1.9681,212905644,218013656.6553
000001.SH,20160113,2949.5968,3041.1072,3059.0149,2949.2904,3022.8611,-73.2643,-2.4237,194282106,208376044.6231
000001.SH,20160112,3022.8611,3026.1594,3047.6635,2978.4631,3016.7038,6.1573,0.2041,207659622,224135432.0948
000001.SH,20160111,3016.7038,3131.8533,3166.2153,3016.6967,3186.412,-169.7082,-5.326,271643691,286379628.1425
000001.SH,20160108,3186.412,3194.6254,3235.451,3056.8776,3125.0015,61.4105,1.9651,286440822,324167135.4473
000001.SH,20160107,3125.0015,3309.657,3309.657,3115.8853,3361.8404,-236.8389,-7.0449,70569123,79981988.6536
000001.SH,20160106,3361.8404,3291.1947,3362.9739,3288.933,3287.7105,74.1299,2.2548,238886670,285243223.3906
000001.SH,20160105,3287.7105,3196.651,3328.1385,3189.6048,3296.2582,-8.5477,-0.2593,266882083,328417226.0807
000001.SH,20160104,3296.2582,3536.5885,3538.6894,3295.7409,3539.1819,-242.9237,-6.8638,184418423,240929155.2154
000001.SH,20151231,3539.1819,3570.4671,3580.6023,3538.3527,3572.8762,-33.6943,-0.9431,176963659,254031073.8282
000001.SH,20151230,3572.8762,3566.7308,3573.6838,3538.1123,3563.7356,9.1406,0.2565,187889609,267787665.2689
000001.SH,20151229,3563.7356,3528.3953,3564.1706,3515.52,3533.7788,29.9568,0.8477,182551923,250938907.2689
000001.SH,20151228,3533.7788,3635.7691,3641.5875,3533.7788,3627.9135,-94.1347,-2.5947,269983278,369042819.4088
000001.SH,20151225,3627.9135,3614.0541,3635.2557,3601.7382,3612.4851,15.4284,0.4271,198451111,274660042.6045
000001.SH,20151224,3612.4851,3631.3129,3640.2207,3572.2773,3636.0892,-23.6041,-0.6492,227785225,315421252.1466
000001.SH,20151223,3636.0892,3653.2817,3684.5674,3633.0253,3651.7672,-15.678,-0.4293,298201801,419902925.8733
000001.SH,20151222,3651.7672,3645.9896,3652.6348,3616.8697,3642.4717,9.2955,0.2552,261178763,360846042.3559
000001.SH,20151221,3642.4717,3568.5807,3651.0561,3565.7512,3578.964,63.5077,1.7745,299849280,398316970.7206
000001.SH,20151218,3578.964,3574.9404,3614.6976,3568.1605,3579.9989,-1.0349,-0.0289,273707904,365385805.9915
000001.SH,20151217,3579.9989,3533.6283,3583.4081,3533.6283,3516.1867,63.8122,1.8148,283856476,381439613.2856
000001.SH,20151216,3516.1867,3522.0908,3538.6893,3506.2909,3510.3537,5.833,0.1662,193482310,265288652.7045
000001.SH,20151215,3510.3537,3518.1259,3529.9613,3496.854,3520.6682,-10.3145,-0.293,200471341,276274949.122
000001.SH,20151214,3520.6682,3403.5065,3521.7794,3399.2803,3434.5813,86.0869,2.5065,215374620,279213529.5028
000001.SH,20151211,3434.5813,3441.5973,3455.5484,3410.9238,3455.4951,-20.9138,-0.6052,182908878,245076424.3791
000001.SH,20151210,3455.4951,3469.8059,3503.6535,3446.273,3472.4394,-16.9443,-0.488,200427517,279499705.6698
000001.SH,20151209,3472.4394,3462.5827,3495.7017,3454.8794,3470.0698,2.3696,0.0683,195698845,267854865.1157
000001.SH,20151208,3470.0698,3518.6484,3518.6484,3466.7896,3536.9272,-66.8574,-1.8903,224367310,297821727.2989
000001.SH,20151207,3536.9272,3529.8063,3543.9454,3506.6248,3524.992,11.9352,0.3386,208302579,280561587.9757
000001.SH,20151204,3524.992,3558.1489,3568.9701,3510.4119,3584.8237,-59.8317,-1.669,251736411,319766835.7146
000001.SH,20151203,3584.8237,3525.7274,3591.73,3517.2303,3536.9051,47.9186,1.3548,281111255,338859090.6335
000001.SH,20151202,3536.9051,3450.278,3538.8465,3427.6613,3456.3085,80.5966,2.3319,301491480,369183037.7022
000001.SH,20151201,3456.3085,3442.4412,3483.4139,3417.545,3445.4048,10.9037,0.3165,252390755,330256746.8074
000001.SH,20151130,3445.4048,3433.8551,3470.3708,3327.8115,3436.303,9.1018,0.2649,304197903,387503652.7741
000001.SH,20151127,3436.303,3616.5441,3621.8965,3412.4272,3635.5521,-199.2491,-5.4806,354287525,464311247.6763
000001.SH,20151126,3635.5521,3659.5742,3668.3764,3629.8648,3647.93,-12.3779,-0.3393,306761582,426247412.2736
000001.SH,20151125,3647.93,3614.0681,3648.3667,3607.5178,3616.1125,31.8175,0.8799,273024857,380802940.0055
000001.SH,20151124,3616.1125,3602.887,3616.4841,3563.104,3610.3195,5.793,0.1605,248810524,327758498.3212
000001.SH,20151123,3610.3195,3630.8665,3654.7543,3598.8708,3630.4995,-20.18,-0.5558,315997474,414148234.2841
000001.SH,20151120,3630.4995,3620.7909,3640.5292,3607.9152,3617.0618,13.4377,0.3715,310801972,413910905.7455
000001.SH,20151119,3617.0618,3573.7756,3618.2133,3561.0438,3568.4676,48.5942,1.3618,247915576,328442613.1689
000001.SH,20151118,3568.4676,3605.0606,3617.0688,3558.6968,3604.7951,-36.3275,-1.0078,297580734,392338754.8023
000001.SH,20151117,3604.7951,3629.9765,3678.2725,3598.0682,3606.9574,-2.1623,-0.0599,383575468,521520359.6213
000001.SH,20151116,3606.9574,3522.4608,3607.6117,3519.4211,3580.8388,26.1186,0.7294,276187057,369421833.7782
000001.SH,20151113,3580.8388,3600.7639,3632.5562,3564.8093,3632.9016,-52.0628,-1.4331,345870933,468668655.5542
000001.SH,20151112,3632.9016,3656.8171,3659.3146,3603.2284,3650.2494,-17.3478,-0.4752,361717600,482832626.4445
000001.SH,20151111,3650.2494,3635.0036,3654.8773,3605.6209,3640.4853,9.7641,0.2682,360972651,467822205.4578
000001.SH,20151110,3640.4853,3617.396,3669.5325,3607.8909,3646.8811,-6.3958,-0.1754,429746576,560055120.1323
000001.SH,20151109,3646.8811,3588.4983,3673.7595,3588.4983,3590.0324,56.8487,1.5835,503016682,636184062.1789
000001.SH,20151106,3590.0324,3514.4356,3596.3821,3508.827,3522.8185,67.2139,1.908,429167033,543282200.8927
000001.SH,20151105,3522.8185,3459.2151,3585.6571,3455.5251,3459.6396,63.1789,1.8262,553254947,678674611.4981
000001.SH,20151104,3459.6396,3325.6187,3459.6459,3325.6187,3316.6954,142.9442,4.3098,339078730,426104385.8456
000001.SH,20151103,3316.6954,3330.3163,3346.2749,3302.1835,3325.0846,-8.3892,-0.2523,192897428,244360566.3828
000001.SH,20151102,3325.0846,3337.5782,3391.0641,3322.3117,3382.5612,-57.4766,-1.6992,230951129,286019328.0645
000001.SH,20151030,3382.5612,3380.2838,3417.2013,3346.5907,3387.3154,-4.7542,-0.1404,243595118,307266773.4451
000001.SH,20151029,3387.3154,3387.7743,3411.7144,3362.5094,3375.1961,12.1193,0.3591,235676026,294508414.2299
000001.SH,20151028,3375.1961,3417.0106,3439.7582,3367.2311,3434.336,-59.1399,-1.722,293523284,361656185.7641
000001.SH,20151027,3434.336,3409.1366,3441.5651,3332.6157,3429.5809,4.7551,0.1386,328172768,408887226.4137
000001.SH,20151026,3429.5809,3448.6487,3457.517,3402.0,3412.4338,17.1471,0.5025,365560853,453942506.4162
000001.SH,20151023,3412.4338,3377.5483,3422.0223,3360.2179,3368.7388,43.695,1.2971,347372854,425263086.3248
000001.SH,20151022,3368.7388,3292.2908,3373.776,3282.993,3320.6761,48.0627,1.4474,323739341,375452024.6641
000001.SH,20151021,3320.6761,3428.5608,3447.2577,3265.4359,3425.3303,-104.6542,-3.0553,458455428,518509230.4038
000001.SH,20151020,3425.3303,3377.5467,3425.5155,3357.8608,3386.7003,38.63,1.1406,318973758,383582515.358
000001.SH,20151019,3386.7003,3401.6272,3423.4021,3355.5661,3391.3516,-4.6513,-0.1372,378112183,453303626.9018
000001.SH,20151016,3391.3516,3358.2972,3393.0178,3334.8539,3338.073,53.2786,1.5961,395460575,459447813.3083
000001.SH,20151015,3338.073,3255.0315,3338.2966,3254.3923,3262.4414,75.6316,2.3183,316283851,362565554.1337
000001.SH,20151014,3262.4414,3280.0198,3307.3154,3256.2531,3293.2301,-30.7887,-0.9349,295077739,330277519.3982
000001.SH,20151013,3293.2301,3262.1559,3298.6259,3253.2486,3287.6624,5.5677,0.1694,297153133,334806099.3048
000001.SH,20151012,3287.6624,3193.5397,3318.7139,3188.4066,3183.1516,104.5108,3.2832,386294715,435541019.1817
000001.SH,20151009,3183.1516,3146.6438,3192.7165,3137.7881,3143.3573,39.7943,1.266,234851445,256379112.1409
000001.SH,20151008,3143.3573,3156.0747,3172.2814,3133.1266,3052.7814,90.5759,2.967,234276050,258830338.6551
000001.SH,20150930,3052.7814,3052.8408,3073.2998,3039.7418,3038.1368,14.6446,0.482,146642449,156569197.5403
000001.SH,20150929,3038.1368,3055.2176,3068.2976,3021.157,3100.7559,-62.6191,-2.0195,163222673,169686597.1616
000001.SH,20150928,3100.7559,3085.5674,3103.0685,3042.3103,3092.347,8.4089,0.2719,156727530,166422394.7978
000001.SH,20150925,3092.347,3130.8513,3149.9481,3062.9952,3142.6869,-50.3399,-1.6018,236263871,248971120.664
000001.SH,20150924,3142.6869,3126.4906,3151.1646,3109.6911,3115.8881,26.7988,0.8601,212887723,231369054.7667
000001.SH,20150923,3115.8881,3137.723,3164.0406,3104.7439,3185.6187,-69.7306,-2.1889,236322670,257560036.0322
000001.SH,20150922,3185.6187,3161.3179,3213.4755,3152.4805,3156.5399,29.0788,0.9212,274786154,305071324.4996
000001.SH,20150921,3156.5399,3072.0942,3159.8825,3060.8557,3097.9172,58.6227,1.8923,239897354,259796673.5839
000001.SH,20150918,3097.9172,3100.2796,3122.0478,3070.3355,3086.0611,11.8561,0.3842,209175398,218442429.9925
000001.SH,20150917,3086.0611,3131.9823,3204.7019,3085.3142,3152.2632,-66.2021,-2.1001,317602892,337393270.9775
000001.SH,20150916,3152.2632,2998.0358,3182.9343,2983.5352,3005.1722,147.091,4.8946,277524524,281992256.9644
000001.SH,20150915,3005.1722,3043.8047,3081.7028,2983.9203,3114.798,-109.6258,-3.5195,249194445,243904590.4225
000001.SH,20150914,3114.798,3221.1654,3229.4818,3049.2298,3200.2337,-85.4357,-2.6697,346631158,373576802.4069
000001.SH,20150911,3200.2337,3189.4788,3223.7622,3163.4489,3197.8932,2.3405,0.0732,224557822,252769467.1779
000001.SH,20150910,3197.8932,3190.553,3243.2808,3178.9042,3243.0889,-45.1957,-1.3936,273261759,299581090.5231
000001.SH,20150909,3243.0889,3182.5524,3256.7433,3165.6955,3170.4522,72.6367,2.2911,375327978,412991428.2673
000001.SH,20150908,3170.4522,3054.444,3174.7094,3011.117,3080.4201,90.0321,2.9227,255415465,263910382.0524
000001.SH,20150907,3080.4201,3149.3796,3217.5787,3066.3039,3160.167,-79.7469,-2.5235,296468114,302689722.3362
000001.SH,20150902,3160.167,3027.6782,3194.4847,3019.0866,3166.6239,-6.4569,-0.2039,438170153,423262356.0867
000001.SH,20150901,3166.6239,3157.8318,3180.3312,3053.7377,3205.9855,-39.3616,-1.2278,432432468,420411621.7576
000001.SH,20150831,3205.9855,3203.559,3207.8621,3109.1627,3232.3495,-26.364,-0.8156,397431382,431068601.2091
000001.SH,20150828,3232.3495,3125.2635,3235.8385,3102.9451,3083.5912,148.7583,4.8242,443136928,474631023.3313
000001.SH,20150827,3083.5912,2978.0296,3085.4222,2906.4901,2927.288,156.3032,5.3395,400308398,404289306.1028
000001.SH,20150826,2927.288,2980.7941,3092.0406,2850.7135,2964.9674,-37.6794,-1.2708,466699663,461788981.3896
000001.SH,20150825,2964.9674,3004.1261,3123.0339,2947.944,3209.905,-244.9376,-7.6307,352325110,358735780.1164
000001.SH,20150824,3209.905,3373.4776,3388.3638,3191.879,3507.744,-297.839,-8.4909,334671792,358818882.6767
000001.SH,20150821,3507.744,3609.9587,3652.8368,3490.5401,3664.2907,-156.5467,-4.2722,369920479,450616485.1832
000001.SH,20150820,3664.2907,3754.5667,3788.0054,3663.6067,3794.1094,-129.8187,-3.4216,390063057,501194992.6279
000001.SH,20150819,3794.1094,3646.8032,3811.427,3558.3827,3748.1639,45.9455,1.2258,475396239,599513277.2579
000001.SH,20150818,3748.1639,3999.1336,4006.3372,3743.3939,3993.6677,-245.5038,-6.1473,543770822,722467247.365
000001.SH,20150817,3993.6677,3947.8444,3994.5371,3907.3991,3965.3349,28.3328,0.7145,460432060,626327680.2988
000001.SH,20150814,3965.3349,3976.4054,4000.6843,3939.835,3954.5561,10.7788,0.2726,467988217,647466472.5588
000001.SH,20150813,3954.5561,3869.9108,3955.7894,3838.159,3886.3198,68.2363,1.7558,430073303,578685519.5611
000001.SH,20150812,3886.3198,3881.2275,3937.7723,3871.1358,3927.9083,-41.5885,-1.0588,442688278,597050259.2928
000001.SH,20150811,3927.9083,3928.8075,3970.3367,3891.179,3928.4154,-0.5071,-0.0129,538923460,712289933.1542
000001.SH,20150810,3928.4154,3786.0326,3943.6236,3775.8535,3744.2045,184.2109,4.9199,497304319,652622008.945
000001.SH,20150807,3744.2045,3692.6143,3756.7398,3686.2996,3661.5392,82.6653,2.2577,340757184,445485029.431
000001.SH,20150806,3661.5392,3625.5035,3710.5699,3614.7419,3694.5733,-33.0341,-0.8941,274074663,357515147.167
000001.SH,20150805,3694.5733,3745.6459,3782.3522,3676.39,3756.5449,-61.9716,-1.6497,366422979,483850277.393
000001.SH,20150804,3756.5449,3621.8549,3757.0292,3601.2892,3622.9051,133.6398,3.6887,362901666,464036242.967
000001.SH,20150803,3622.9051,3614.99,3648.943,3549.4962,3663.7256,-40.8205,-1.1142,363968731,445991593.475
000001.SH,20150731,3663.7256,3655.6668,3729.5123,3620.1653,3705.7656,-42.04,-1.1344,350955745,460472253.774
000001.SH,20150730,3705.7656,3773.7884,3844.374,3685.9555,3789.168,-83.4024,-2.2011,457943228,615977923.152
000001.SH,20150729,3789.168,3689.8249,3792.0722,3612.0641,3663.0024,126.1656,3.4443,434352085,557491964.594
000001.SH,20150728,3663.0024,3573.1428,3762.5256,3537.3576,3725.5582,-62.5558,-1.6791,563330042,685057523.948
000001.SH,20150727,3725.5582,3985.5702,4051.1588,3720.4441,4070.908,-345.3498,-8.4834,556003247,721298088.691
000001.SH,20150724,4070.908,4124.7549,4184.4487,4044.8311,4123.9234,-53.0154,-1.2856,627424860,843022070.389
000001.SH,20150723,4123.9234,4022.2677,4132.6119,4019.0382,4026.045,97.8784,2.4311,563585966,743531874.268
000001.SH,20150722,4026.045,3996.4268,4042.3381,3960.8636,4017.6748,8.3702,0.2083,520732225,678831919.275
000001.SH,20150721,4017.6748,3939.8978,4041.8194,3912.8013,3992.1096,25.5652,0.6404,504288028,646416846.829
000001.SH,20150720,3992.1096,3948.4208,4021.3255,3927.1214,3957.3516,34.758,0.8783,539106714,688255569.389
000001.SH,20150717,3957.3516,3831.4205,3994.4767,3814.1467,3823.1755,134.1761,3.5095,481726268,593066980.721
000001.SH,20150716,3823.1755,3758.5045,3877.5141,3688.4415,3805.7033,17.4722,0.4591,492256200,569858938.11
000001.SH,20150715,3805.7033,3874.9681,3914.2732,3741.2503,3924.4871,-118.7838,-3.0267,601301324,700536523.044
000001.SH,20150714,3924.4871,3958.3729,4035.4345,3855.56,3970.3878,-45.9007,-1.1561,670558799,830074682.766
000001.SH,20150713,3970.3878,3918.9895,4030.1947,3858.6368,3877.8034,92.5844,2.3875,643489007,782430543.34
000001.SH,20150710,3877.8034,3707.4577,3959.2196,3677.4345,3709.3304,168.473,4.5419,586364255,680434151.219
000001.SH,20150709,3709.3304,3432.4536,3748.4785,3373.5396,3507.1923,202.1381,5.7635,656914612,673310983.764
000001.SH,20150708,3507.1923,3467.3986,3599.2532,3421.5252,3727.1248,-219.9325,-5.9009,680356922,700248338.565
000001.SH,20150707,3727.1248,3654.7775,3750.5696,3585.3989,3775.9122,-48.7874,-1.2921,698818688,776072544.948
000001.SH,20150706,3775.9122,3975.2142,3975.2142,3653.0371,3686.9153,88.9969,2.4139,831139286,943420425.904
000001.SH,20150703,3686.9153,3793.7121,3927.1275,3629.5556,3912.7668,-225.8515,-5.7722,548163111,648054100.385
000001.SH,20150702,3912.7668,4058.6241,4080.3873,3795.2532,4053.6997,-140.9329,-3.4766,586015612,736006857.593
000001.SH,20150701,4053.6997,4214.1499,4317.0527,4043.3667,4277.2219,-223.5222,-5.2259,598769427,838070926.187
000001.SH,20150630,4277.2219,4006.7537,4279.969,3847.8799,4053.0304,224.1915,5.5315,709176633,941524659.857
000001.SH,20150629,4053.0304,4289.7713,4297.4747,3875.0499,4192.8734,-139.843,-3.3353,673786349,904271395.04
000001.SH,20150626,4192.8734,4399.933,4456.8958,4139.5304,4527.7789,-334.9055,-7.3967,565217874,787835743.033
000001.SH,20150625,4527.7789,4711.7632,4720.7005,4483.5477,4690.1497,-162.3708,-3.462,572797533,865379730.764
000001.SH,20150624,4690.1497,4604.5792,4691.7676,4552.1285,4576.4922,113.6575,2.4835,543003709,815062691.654
000001.SH,20150623,4576.4922,4471.613,4577.9394,4264.7724,4478.3643,98.1279,2.1912,473526128,693617191.338
000001.SH,20150619,4478.3643,4689.9286,4744.0812,4476.5008,4785.356,-306.9917,-6.4152,452689626,685458198.736
000001.SH,20150618,4785.356,4942.5198,4966.7668,4780.8731,4967.8983,-182.5423,-3.6744,507440899,785845075.22
000001.SH,20150617,4967.8983,4890.5511,4983.658,4767.216,4887.432,80.4663,1.6464,537101168,830266749.716
000001.SH,20150616,4887.432,5004.4118,5029.6836,4842.0999,5062.9929,-175.5609,-3.4675,550801407,895420555.855
000001.SH,20150615,5062.9929,5174.4182,5176.7945,5048.7419,5166.35,-103.3571,-2.0006,637803984,1064987693.351
000001.SH,20150612,5166.35,5143.3431,5178.191,5103.4007,5121.5925,44.7575,0.8739,625627854,1060164606.81
000001.SH,20150611,5121.5925,5101.4398,5122.4566,5050.7646,5106.0359,15.5566,0.3047,563990522,974665767.598
000001.SH,20150610,5106.0359,5049.1965,5164.1622,5001.4894,5113.5337,-7.4978,-0.1466,596969001,1005432283.129
000001.SH,20150609,5113.5337,5145.9781,5147.4537,5042.9627,5131.8809,-18.3472,-0.3575,729893818,1150808588.6398
000001.SH,20150608,5131.8809,5045.6942,5146.949,4997.4813,5023.096,108.7849,2.1657,855035085,1309924508.0262
000001.SH,20150605,5023.096,5016.088,5051.626,4898.068,4947.102,75.994,1.5361,772240812,1232300667.1296
000001.SH,20150604,4947.102,4912.945,4947.965,4647.407,4909.978,37.124,0.7561,674952402,1052270232.9972
000001.SH,20150603,4909.978,4924.381,4942.065,4822.442,4910.527,-0.549,-0.0112,611453839,1010179934.6305
000001.SH,20150602,4910.527,4844.704,4911.574,4797.552,4828.738,81.789,1.6938,623748099,998745749.729
000001.SH,20150601,4828.738,4633.098,4829.502,4615.231,4611.744,216.994,4.7052,593389035,934455504.512
000001.SH,20150529,4611.744,4603.465,4698.193,4431.563,4620.266,-8.522,-0.1844,611262409,955365592.128
000001.SH,20150528,4620.266,4943.742,4986.503,4614.241,4941.714,-321.448,-6.5048,782964592,1247926031.2935
000001.SH,20150527,4941.714,4932.846,4958.156,4857.056,4910.897,30.817,0.6275,681165379,1116261779.7742
000001.SH,20150526,4910.897,4854.85,4911.685,4779.075,4813.798,97.099,2.0171,704892829,1138509334.979
000001.SH,20150525,4813.798,4660.075,4814.672,4656.825,4657.596,156.202,3.3537,682461391,1079295626.0266
000001.SH,20150522,4657.596,4584.984,4658.273,4562.989,4529.422,128.174,2.8298,655591287,1007173224.9279
000001.SH,20150521,4529.422,4456.435,4530.478,4438.258,4446.288,83.134,1.8697,464996520,729080613.491
000001.SH,20150520,4446.288,4434.979,4520.538,4432.279,4417.552,28.736,0.6505,514106223,806080531.967
000001.SH,20150519,4417.552,4285.777,4418.403,4285.777,4283.491,134.061,3.1297,436735224,693812586.577
000001.SH,20150518,4283.491,4277.895,4324.826,4260.509,4308.691,-25.2,-0.5849,380057452,594559493.076
000001.SH,20150515,4308.691,4366.822,4366.822,4278.553,4378.311,-69.62,-1.5901,439706198,665965618.548
000001.SH,20150514,4378.311,4372.816,4397.745,4329.042,4375.76,2.551,0.0583,449077935,669882275.551
000001.SH,20150513,4375.76,4402.378,4415.629,4342.481,4401.219,-25.459,-0.5785,510490475,780754937.529
000001.SH,20150512,4401.219,4342.37,4402.309,4317.975,4333.584,67.635,1.5607,521866408,793463723.357
000001.SH,20150511,4333.584,4231.271,4334.877,4187.82,4205.917,127.667,3.0354,488750515,715246611.473
000001.SH,20150508,4205.917,4152.984,4206.86,4099.042,4112.214,93.703,2.2787,397428094,559648658.845
000001.SH,20150507,4112.214,4197.896,4213.764,4108.009,4229.266,-117.052,-2.7677,394566653,540206291.394
000001.SH,20150506,4229.266,4311.641,4376.353,4187.368,4298.706,-69.44,-1.6154,481732993,716536206.667
000001.SH,20150505,4298.706,4479.848,4488.865,4282.237,4480.464,-181.758,-4.0567,572858596,805566079.218
000001.SH,20150504,4480.464,4441.343,4487.57,4387.426,4441.655,38.809,0.8738,494173398,717540809.442
000001.SH,20150430,4441.655,4483.013,4507.344,4441.054,4476.62,-34.965,-0.7811,526727975,774349211.674
000001.SH,20150429,4476.62,4446.119,4499.945,4398.639,4476.215,0.405,0.009,519834202,752401785.94
000001.SH,20150428,4476.215,4527.635,4572.391,4432.904,4527.396,-51.181,-1.1305,767676416,1061172125.696
000001.SH,20150427,4527.396,4441.929,4529.735,4441.929,4393.686,133.71,3.0432,671088521,975242093.76
000001.SH,20150424,4393.686,4355.951,4416.376,4318.119,4414.508,-20.822,-0.4717,628554996,916872935.533
000001.SH,20150423,4414.508,4414.485,4444.41,4358.844,4398.494,16.014,0.3641,667344661,963024929.251
000001.SH,20150422,4398.494,4304.597,4400.193,4297.951,4293.623,104.871,2.4425,680305086,976876960.434
000001.SH,20150421,4293.623,4212.185,4294.375,4188.569,4217.077,76.546,1.8151,634470627,862447782.633
000001.SH,20150420,4217.077,4301.352,4356.001,4190.681,4287.296,-70.219,-1.6378,857132807,1147600605.184
000001.SH,20150417,4287.296,4254.723,4317.223,4238.91,4194.823,92.473,2.2045,701706205,915633037.83
000001.SH,20150416,4194.823,4055.916,4195.305,4031.244,4084.163,110.66,2.7095,551242956,712082436.676
000001.SH,20150415,4084.163,4135.648,4175.494,4069.007,4135.565,-51.402,-1.2429,613005812,773125881.558
000001.SH,20150414,4135.565,4125.782,4168.346,4091.257,4121.715,13.85,0.336,610683541,814645192.545
000001.SH,20150413,4121.715,4072.723,4128.072,4057.293,4034.31,87.405,2.1665,589814227,781667346.039
000001.SH,20150410,4034.31,3947.492,4040.348,3929.319,3957.534,76.776,1.94,484283619,668504175.93
000001.SH,20150409,3957.534,4006.13,4016.396,3900.027,3994.811,-37.277,-0.9331,585176825,816710896.323
000001.SH,20150408,3994.811,3976.532,4000.22,3903.648,3961.378,33.433,0.844,618085419,839159306.737
000001.SH,20150407,3961.378,3899.42,3961.666,3891.728,3863.929,97.449,2.522,570447535,746424002.04
000001.SH,20150403,3863.929,3803.383,3864.405,3792.211,3825.784,38.145,0.9971,473033311,635651328.025
000001.SH,20150402,3825.784,3827.689,3835.451,3775.894,3810.294,15.49,0.4065,479299673,632028908.257
000001.SH,20150401,3810.294,3748.34,3817.082,3742.213,3747.899,62.395,1.6648,447458319,592418305.846
000001.SH,20150331,3747.899,3822.987,3835.567,3737.043,3786.568,-38.669,-1.0212,561676037,721294947.424
000001.SH,20150330,3786.568,3710.612,3795.935,3710.612,3691.096,95.472,2.5865,564702353,692125351.313
000001.SH,20150327,3691.096,3686.134,3710.477,3656.831,3682.095,9.001,0.2445,408945165,509298462.95
000001.SH,20150326,3682.095,3641.942,3707.318,3615.011,3660.727,21.368,0.5837,488647203,619515611.668
000001.SH,20150325,3660.727,3680.953,3693.151,3634.559,3691.41,-30.683,-0.8312,521886348,645498915.766
000001.SH,20150324,3691.41,3692.569,3715.873,3600.698,3687.728,3.682,0.0998,639554669,754884734.76
000001.SH,20150323,3687.728,3640.104,3688.249,3635.485,3617.318,70.41,1.9465,536062832,661574620.089
000001.SH,20150320,3617.318,3587.084,3632.338,3569.38,3582.271,35.047,0.9783,516661669,651771976.728
000001.SH,20150319,3582.271,3576.019,3600.684,3546.844,3577.301,4.97,0.1389,537346614,612249692.064
000001.SH,20150318,3577.301,3510.501,3577.662,3503.853,3502.847,74.454,2.1255,545217144,617366988.734
000001.SH,20150317,3502.847,3469.603,3504.123,3459.694,3449.305,53.542,1.5523,520939506,601500660.539
000001.SH,20150316,3449.305,3391.158,3449.305,3377.087,3372.911,76.394,2.2649,399132430,479355307.996
000001.SH,20150313,3372.911,3359.488,3391.255,3352.15,3349.323,23.588,0.7043,328410154,374041421.892
000001.SH,20150312,3349.323,3314.813,3360.054,3300.488,3290.9,58.423,1.7753,357295105,407192390.375
000001.SH,20150311,3290.9,3289.594,3325.054,3278.471,3286.068,4.832,0.147,282985535,327573066.473
000001.SH,20150310,3286.068,3289.085,3309.915,3277.095,3302.408,-16.34,-0.4948,285817576,329955974.292
000001.SH,20150309,3302.408,3224.314,3307.702,3198.37,3241.187,61.221,1.8888,321495440,359927522.111
000001.SH,20150306,3241.187,3248.036,3266.933,3234.533,3248.476,-7.289,-0.2244,282915791,328344152.93
000001.SH,20150305,3248.476,3264.085,3266.638,3221.666,3279.533,-31.057,-0.947,320663585,373579996.448
000001.SH,20150304,3279.533,3264.182,3286.588,3250.484,3263.052,16.481,0.5051,293639522,346789769.32
000001.SH,20150303,3263.052,3317.695,3317.695,3260.429,3336.285,-73.233,-2.195,382044619,441593480.102
000001.SH,20150302,3336.285,3332.721,3336.76,3298.669,3310.303,25.982,0.7849,346445671,410259559.474
000001.SH,20150227,3310.303,3296.831,3324.546,3291.007,3298.359,11.944,0.3621,299163717,335019568.776
000001.SH,20150226,3298.359,3222.151,3300.616,3202.188,3228.843,69.516,2.153,301263875,334347476.047
000001.SH,20150225,3228.843,3256.479,3257.223,3215.552,3246.906,-18.063,-0.5563,233348094,265143351.568
000001.SH,20150217,3246.906,3230.884,3255.725,3230.772,3222.363,24.543,0.7616,228332624,263340054.08
000001.SH,20150216,3222.363,3206.137,3228.846,3195.884,3203.827,18.536,0.5786,223797429,265950695.641
000001.SH,20150213,3203.827,3186.808,3237.159,3182.794,3173.416,30.411,0.9583,261290436,293017678.939
000001.SH,20150212,3173.416,3157.959,3181.766,3134.244,3157.704,15.712,0.4976,194592309,229691579.784
000001.SH,20150211,3157.704,3145.765,3166.421,3139.052,3141.593,16.111,0.5128,172840094,210862549.367
000001.SH,20150210,3141.593,3090.49,3142.099,3084.253,3095.124,46.469,1.5014,193817139,225084911.951
000001.SH,20150209,3095.124,3063.51,3119.034,3049.111,3075.907,19.217,0.6248,206108383,240719679.061
000001.SH,20150206,3075.907,3120.09,3129.539,3052.939,3136.531,-60.624,-1.9328,246749666,266502786.486
000001.SH,20150205,3136.531,3251.212,3251.212,3135.819,3174.126,-37.595,-1.1844,306139305,348266954.936
000001.SH,20150204,3174.126,3212.822,3238.982,3171.144,3204.907,-30.781,-0.9604,249098086,290155154.574
000001.SH,20150203,3204.907,3156.086,3207.935,3129.732,3128.3,76.607,2.4488,248192164,283355954.757
000001.SH,20150202,3128.3,3148.136,3175.134,3122.572,3210.363,-82.063,-2.5562,250861629,266849961.763
000001.SH,20150130,3210.363,3273.747,3288.503,3210.308,3262.305,-51.942,-1.5922,258312548,284265652.114
000001.SH,20150129,3262.305,3258.997,3286.786,3234.241,3305.738,-43.433,-1.3139,274658613,296424499.722
000001.SH,20150128,3305.738,3325.722,3354.802,3294.655,3352.96,-47.222,-1.4084,301927095,341564300.104
000001.SH,20150127,3352.96,3389.853,3390.216,3290.219,3383.182,-30.222,-0.8933,374517551,418298870.196
000001.SH,20150126,3383.182,3347.257,3384.798,3321.315,3351.764,31.418,0.9374,317541007,358427470.856
000001.SH,20150123,3351.764,3357.096,3406.786,3328.293,3343.344,8.42,0.2518,366249240,420979534.063
000001.SH,20150122,3343.344,3327.319,3352.384,3293.978,3323.611,19.733,0.5937,353382961,407874066.619
000001.SH,20150121,3323.611,3189.085,3337.004,3178.343,3173.052,150.559,4.7449,410956024,473758667.167
000001.SH,20150120,3173.052,3114.56,3190.245,3100.477,3116.351,56.701,1.8195,357080811,416295210.514
000001.SH,20150119,3116.351,3189.727,3262.207,3095.066,3376.495,-260.144,-7.7046,401098789,409885991.967
000001.SH,20150116,3376.495,3343.603,3400.318,3340.49,3336.455,40.04,1.2001,339876753,392253901.947
000001.SH,20150115,3336.455,3224.07,3337.084,3207.545,3222.437,114.018,3.5383,282546240,330610537.916
000001.SH,20150114,3222.437,3242.337,3268.483,3193.978,3235.301,-12.864,-0.3976,240190747,267204528.501
000001.SH,20150113,3235.301,3223.542,3259.386,3214.412,3229.316,5.985,0.1853,230725754,273588773.806
000001.SH,20150112,3229.316,3258.213,3275.185,3191.582,3285.412,-56.096,-1.7074,322064679,366273059.514
000001.SH,20150109,3285.412,3276.965,3404.834,3267.509,3293.456,-8.044,-0.2442,410240872,458648012.598
000001.SH,20150108,3293.456,3371.957,3381.566,3285.095,3373.954,-80.498,-2.3859,371131170,399230297.448
000001.SH,20150107,3373.954,3326.649,3374.896,3312.211,3351.446,22.508,0.6716,391918880,436416698.934
000001.SH,20150106,3351.446,3330.799,3394.224,3303.184,3350.519,0.927,0.0277,501661695,532398463.844
000001.SH,20150105,3350.519,3258.627,3369.281,3253.883,3234.677,115.842,3.5813,531352391,549760106.398
